method,source_method,subject,seed,fold,protocol,run_id,accuracy,macro_precision_19,macro_recall_19,macro_f1_19,background_f1,action_macro_f1,map_at_0.3,map_at_0.4,map_at_0.5,map_at_0.6,map_at_0.7,avg_map
VIDEO_ONLY,VIDEO_ONLY,sbj_0,41,1,fixed_epoch_loso_v2,7ba5f1f6f49f4bf78ea8948308d21846,0.5983533202076249,0.5978301317129929,0.5537994129755834,0.5527224338876233,0.5469223007063572,0.5530446635088047,0.574074074074074,0.574074074074074,0.5462962962962963,0.5462962962962963,0.3888888888888889,0.5259259259259259
VIDEO_ONLY,VIDEO_ONLY,sbj_1,41,2,fixed_epoch_loso_v2,7333bdcc083245eab9a6e8d8b6dc191a,0.5860640979474253,0.466613169369483,0.4406396918853427,0.4138055278619813,0.8110338835794961,0.391737285877675,0.3773148148148148,0.35879629629629634,0.3402777777777778,0.2847222222222222,0.2847222222222222,0.3291666666666667
VIDEO_ONLY,VIDEO_ONLY,sbj_2,41,3,fixed_epoch_loso_v2,837a439e9f574bdbb0a12a30e18b7e57,0.6923940499579007,0.6653932748797723,0.5915924219023875,0.565294829729778,0.7989113032340698,0.5523161367573173,0.537037037037037,0.537037037037037,0.4722222222222222,0.4513888888888889,0.4513888888888889,0.4898148148148148
VIDEO_ONLY,VIDEO_ONLY,sbj_3,41,4,fixed_epoch_loso_v2,4d6e6fd85b534c64847e22d1fcd2eaca,0.7073141486810551,0.4274335660121753,0.36107572418758876,0.34101377645624825,0.8418180107273925,0.31319131899674024,0.31856939356939357,0.31856939356939357,0.31856939356939357,0.3148508898508899,0.3148508898508899,0.3170819920819921
VIDEO_ONLY,VIDEO_ONLY,sbj_4,41,5,fixed_epoch_loso_v2,66a83e97799f4da2a1fad8812295e175,0.6281147155618242,0.5551052032299374,0.6239169803728393,0.5296983515932837,0.7833040764579676,0.5156091446563568,0.5914351851851851,0.5844907407407407,0.5844907407407407,0.5844907407407407,0.55054012345679,0.5790895061728395
VIDEO_ONLY,VIDEO_ONLY,sbj_5,41,6,fixed_epoch_loso_v2,f69c718cb35a46a2a97ca4e15c34c62d,0.6876017678529891,0.6705315345909192,0.6150231840996888,0.5911027159733305,0.7767295597484277,0.5807901135413807,0.6175925925925926,0.5574074074074075,0.4277777777777778,0.4277777777777778,0.31666666666666665,0.46944444444444444
VIDEO_ONLY,VIDEO_ONLY,sbj_6,41,7,fixed_epoch_loso_v2,cbd40e02f42843e0be3e468fca505323,0.6967032967032967,0.5711166747516947,0.6320516828556734,0.5827737904568421,0.8588021778584392,0.5674388800456422,0.6342592592592592,0.6342592592592592,0.5416666666666666,0.5138888888888888,0.3888888888888889,0.5425925925925925
VIDEO_ONLY,VIDEO_ONLY,sbj_7,41,8,fixed_epoch_loso_v2,92605167ce9046389e56a6c2c8dc9103,0.6996844319775596,0.6299714754329996,0.6466764068735316,0.6184262691743994,0.7643911833939653,0.6103171072733125,0.7160493827160493,0.6296296296296295,0.5277777777777778,0.5277777777777778,0.5277777777777778,0.5858024691358024
VIDEO_ONLY,VIDEO_ONLY,sbj_8,41,9,fixed_epoch_loso_v2,d6545e4d38454cba81310242c56f0485,0.7409783480352847,0.7182310431881314,0.674443112788392,0.6723003127869518,0.7747644875820725,0.6666078586316674,0.7962962962962963,0.7407407407407407,0.6296296296296295,0.6296296296296295,0.574074074074074,0.6740740740740739
VIDEO_ONLY,VIDEO_ONLY,sbj_9,41,10,fixed_epoch_loso_v2,4d4e88cd5b674a0598c4a6b391371a82,0.6856812933025405,0.6633938808502575,0.6351935216343979,0.622906385232199,0.633216647218981,0.6223335928996,0.574074074074074,0.574074074074074,0.5185185185185185,0.5185185185185185,0.5185185185185185,0.5407407407407407
VIDEO_ONLY,VIDEO_ONLY,sbj_10,41,11,fixed_epoch_loso_v2,8590bbf0f7ce46ceb996b78d6f98a9d3,0.669929718875502,0.5644527682954824,0.7591593032278215,0.6220545464979426,0.6987396666214934,0.6177942620466341,0.6561728395061728,0.6450617283950617,0.6450617283950617,0.5895061728395061,0.5895061728395061,0.6250617283950618
VIDEO_ONLY,VIDEO_ONLY,sbj_11,41,12,fixed_epoch_loso_v2,8d9986149d284d2c8086d56ddb3e72a3,0.8622242233228276,0.8857597367360669,0.8386572643640546,0.8393445264673293,0.8377703826955075,0.839431978899097,0.8611111111111112,0.8611111111111112,0.8611111111111112,0.8055555555555556,0.787037037037037,0.8351851851851853
VIDEO_ONLY,VIDEO_ONLY,sbj_12,41,13,fixed_epoch_loso_v2,65d9256a498e42ed90d6bcc25ff67adc,0.8438360354848577,0.7831263124389884,0.8175646120353554,0.7790925220018022,0.9092136348295646,0.7718635712891487,0.6944444444444443,0.6018518518518517,0.6018518518518517,0.574074074074074,0.5462962962962963,0.6037037037037036
VIDEO_ONLY,VIDEO_ONLY,sbj_13,41,14,fixed_epoch_loso_v2,4ecdf404bdaf4595bea3531cc74edb48,0.8574302237867739,0.773045935564181,0.7726047612903951,0.748909548442128,0.9443018193994865,0.7380544222778302,0.7287037037037036,0.7287037037037036,0.6592592592592592,0.6018518518518519,0.5771604938271605,0.6591358024691358
VIDEO_ONLY,VIDEO_ONLY,sbj_14,41,15,fixed_epoch_loso_v2,e739881a76ab488ca1c0e1b9d3de9fb9,0.7753125,0.7123062100013713,0.6770234371198719,0.6491440549087595,0.8936860899204675,0.6355583862969979,0.7037037037037037,0.6851851851851851,0.6296296296296295,0.5462962962962963,0.5462962962962963,0.6222222222222221
VIDEO_ONLY,VIDEO_ONLY,sbj_15,41,16,fixed_epoch_loso_v2,078ebcadd4254660bd9f5fc5a3ddddfb,0.7961183704842429,0.7730012710054216,0.747595252550088,0.7344818562407176,0.8341926729986432,0.7289423664208328,0.75,0.75,0.6944444444444444,0.6388888888888888,0.6111111111111112,0.6888888888888889
VIDEO_ONLY,VIDEO_ONLY,sbj_16,41,17,fixed_epoch_loso_v2,841ea7ae2f4244d8942c184e083f4c77,0.8177543459675121,0.6387818908131693,0.6776168165871904,0.6426985735018461,0.9372251099560176,0.6263359881432811,0.7222222222222222,0.7222222222222222,0.7222222222222222,0.6666666666666666,0.6111111111111112,0.6888888888888889
VIDEO_ONLY,VIDEO_ONLY,sbj_17,41,18,fixed_epoch_loso_v2,8546b42cab3b4f0cbc6e089b33db6952,0.8807443365695793,0.8585616018266912,0.8528103706198337,0.8381060235366964,0.9205408408964623,0.8335263114611539,0.8611111111111112,0.8611111111111112,0.8611111111111112,0.824074074074074,0.7962962962962963,0.8407407407407408
VIDEO_ONLY,VIDEO_ONLY,sbj_0,47,1,fixed_epoch_loso_v2,9d610f50255d4549b7d42b7ed1f43063,0.5045641668158224,0.41119669017278526,0.4287997873096669,0.3908179616932751,0.5936739659367397,0.3795481836797493,0.4259259259259259,0.39814814814814814,0.35185185185185186,0.32407407407407407,0.25,0.35
VIDEO_ONLY,VIDEO_ONLY,sbj_1,47,2,fixed_epoch_loso_v2,cc183918a0694f8f8e1c9488950fbcdc,0.6827511703276917,0.5313400030629195,0.5412607404995546,0.5182907222050592,0.8373151308304891,0.5005671439480909,0.5416666666666666,0.5185185185185185,0.5185185185185185,0.5185185185185185,0.5185185185185185,0.5231481481481481
VIDEO_ONLY,VIDEO_ONLY,sbj_2,47,3,fixed_epoch_loso_v2,560f0ee7cff24c8182967b06552627d7,0.6727476845355038,0.6337757338432232,0.5264262697589723,0.5062882744959093,0.786837079477009,0.49070222977473715,0.48148148148148145,0.44166666666666665,0.4212962962962963,0.4074074074074074,0.4074074074074074,0.4318518518518518
VIDEO_ONLY,VIDEO_ONLY,sbj_3,47,4,fixed_epoch_loso_v2,986df59b1dd4401188075209ee31d77b,0.679136690647482,0.4300495889358147,0.3485291716556001,0.3553440313786657,0.8143394150545521,0.3298442878411165,0.35493827160493824,0.345679012345679,0.3179012345679012,0.2623456790123457,0.20679012345679013,0.2975308641975309
VIDEO_ONLY,VIDEO_ONLY,sbj_4,47,5,fixed_epoch_loso_v2,8455b79f2744452a8fecb48e43b3e78e,0.7564645039962389,0.6760522294857767,0.7204865029714579,0.6765571552033366,0.832366108439728,0.6679011022457593,0.7592592592592592,0.7592592592592592,0.7453703703703703,0.7453703703703703,0.7453703703703703,0.7509259259259259
VIDEO_ONLY,VIDEO_ONLY,sbj_5,47,6,fixed_epoch_loso_v2,96d623fe836c465fb34bf043eab63011,0.7669225401256106,0.760612305189062,0.7253473017315205,0.712355108953103,0.8137404580152672,0.7067225895607605,0.7101851851851851,0.6916666666666667,0.6777777777777777,0.6777777777777777,0.6037037037037036,0.6722222222222222
VIDEO_ONLY,VIDEO_ONLY,sbj_6,47,7,fixed_epoch_loso_v2,2cc02f534f6343edbceba2d069b820e7,0.7190809190809191,0.6825902146630609,0.6375292402871969,0.6062645890804423,0.8212751899570532,0.5943195556984084,0.5972222222222222,0.5925925925925927,0.5,0.5,0.3888888888888889,0.5157407407407407
VIDEO_ONLY,VIDEO_ONLY,sbj_7,47,8,fixed_epoch_loso_v2,2070a15be3a444e8b6ba8ce40bdb09b3,0.6830294530154277,0.5974495322330091,0.6007662123703861,0.5881653186569301,0.7358712715855573,0.5799594323831175,0.6388888888888888,0.6388888888888888,0.5509259259259259,0.43981481481481477,0.38425925925925924,0.5305555555555556
VIDEO_ONLY,VIDEO_ONLY,sbj_8,47,9,fixed_epoch_loso_v2,b0de76f6ef254359b7420627ea84581e,0.6970729751403368,0.5571210686042711,0.6117536632842278,0.5606184362045451,0.7647385984427141,0.5492784271913135,0.5925925925925926,0.5925925925925926,0.5925925925925926,0.5925925925925926,0.537037037037037,0.5814814814814815
VIDEO_ONLY,VIDEO_ONLY,sbj_9,47,10,fixed_epoch_loso_v2,24c03725b24a4972b567c9bd322096ca,0.6598152424942263,0.6576703966668158,0.6076029710421661,0.5743746263115972,0.6582174979558463,0.5697166889980277,0.5185185185185185,0.5185185185185185,0.5185185185185185,0.4907407407407407,0.4351851851851852,0.4962962962962962
VIDEO_ONLY,VIDEO_ONLY,sbj_10,47,11,fixed_epoch_loso_v2,4e7f138f0521471ba2b1e081a927abc4,0.6986696787148594,0.6356299244548447,0.7261910462178918,0.6454519019749889,0.7489806320081549,0.6397003058620352,0.6861111111111111,0.6861111111111111,0.6583333333333333,0.5972222222222222,0.5694444444444444,0.6394444444444444
VIDEO_ONLY,VIDEO_ONLY,sbj_11,47,12,fixed_epoch_loso_v2,322efa9cb5a64a4d80fe3b62b17dd5d6,0.8581719945970284,0.8216022297072494,0.8431097702827465,0.8184896379476463,0.8680774425934263,0.8157347599117696,0.8611111111111112,0.8611111111111112,0.8055555555555556,0.8055555555555556,0.787037037037037,0.8240740740740741
VIDEO_ONLY,VIDEO_ONLY,sbj_12,47,13,fixed_epoch_loso_v2,3748ef7f90174d3c97ef47de85a45e88,0.8387886203732028,0.8149937725744628,0.757939886903527,0.7138964753477225,0.9248871695680206,0.7021747701132615,0.6574074074074073,0.6574074074074073,0.6388888888888888,0.6203703703703703,0.6203703703703703,0.6388888888888888
VIDEO_ONLY,VIDEO_ONLY,sbj_13,47,14,fixed_epoch_loso_v2,084db997743f4cc69ec60d74e550ca22,0.9077193864722153,0.8168249328967909,0.8676586631943736,0.8330977180192293,0.9612194575207352,0.8259798436024789,0.7638888888888888,0.7638888888888888,0.7222222222222222,0.7222222222222222,0.6527777777777778,0.725
VIDEO_ONLY,VIDEO_ONLY,sbj_14,47,15,fixed_epoch_loso_v2,cc97335cf84c45ec82b88dedf786e5fb,0.78890625,0.6886147316588261,0.7534563096011674,0.7046887103304339,0.8822098679638638,0.6948264237952433,0.6851851851851851,0.6851851851851851,0.6851851851851851,0.6851851851851851,0.6666666666666666,0.6814814814814814
VIDEO_ONLY,VIDEO_ONLY,sbj_15,47,16,fixed_epoch_loso_v2,6c99d9dd48dd47e9af71c5baa17a641f,0.7872790161414297,0.7217059656358019,0.7386849670988912,0.7261476106262341,0.7880476069891111,0.7227087219394076,0.7222222222222222,0.7222222222222222,0.7222222222222222,0.6944444444444444,0.6944444444444444,0.711111111111111
VIDEO_ONLY,VIDEO_ONLY,sbj_16,47,17,fixed_epoch_loso_v2,80a76d78307f4ac69fa81687a37d3690,0.8392704474209176,0.7342739625542953,0.7153660015512744,0.6833380723683045,0.9574641018694121,0.6681088485071318,0.7592592592592592,0.7037037037037037,0.6481481481481481,0.6481481481481481,0.6481481481481481,0.6814814814814814
VIDEO_ONLY,VIDEO_ONLY,sbj_17,47,18,fixed_epoch_loso_v2,38064d1edd8341e6a7e2ec8ab6542da3,0.815695792880259,0.7897247217687623,0.7363621847818823,0.7353596226860019,0.8644739107973136,0.7281866066798179,0.8287037037037037,0.7731481481481481,0.7175925925925926,0.699074074074074,0.6435185185185185,0.7324074074074074
VIDEO_ONLY,VIDEO_ONLY,sbj_0,53,1,fixed_epoch_loso_v2,26aec29c0267454d96b06df3937fce71,0.5974583855378557,0.6281388782556302,0.5282859088867553,0.518221248481849,0.6469857054070851,0.5110676675415582,0.45370370370370366,0.45370370370370366,0.45370370370370366,0.45370370370370366,0.39814814814814814,0.44259259259259254
VIDEO_ONLY,VIDEO_ONLY,sbj_1,53,2,fixed_epoch_loso_v2,8f94cad335c7435f9187372b636a72d0,0.6883327331652863,0.6433723006408615,0.6009422162936616,0.5643776974574014,0.8767908309455588,0.5470214122636148,0.5212962962962964,0.4657407407407408,0.4657407407407408,0.44722222222222224,0.44722222222222224,0.46944444444444444
VIDEO_ONLY,VIDEO_ONLY,sbj_2,53,3,fixed_epoch_loso_v2,174caf7cc4ae4f5fa5d6762f870d9d83,0.7486668537749088,0.7893505565913085,0.6794021629326779,0.6842729345485433,0.8265290161113719,0.676369818906164,0.7314814814814814,0.7314814814814814,0.6898148148148148,0.662037037037037,0.625,0.687962962962963
VIDEO_ONLY,VIDEO_ONLY,sbj_3,53,4,fixed_epoch_loso_v2,5a901986f7914f96a203054d5ffe2197,0.6404076738609112,0.36980811426306104,0.2978759176852209,0.30897863814317494,0.7679548261866949,0.2834799610296461,0.28395061728395066,0.2654320987654321,0.23148148148148145,0.20370370370370372,0.17592592592592593,0.23209876543209873
VIDEO_ONLY,VIDEO_ONLY,sbj_4,53,5,fixed_epoch_loso_v2,e3465dedf4314e83b6b2c6b5598c7e28,0.7810687979940448,0.7548594411552815,0.7338440167009667,0.6852285960843479,0.8900418410041842,0.6738500824776904,0.7611111111111111,0.7472222222222222,0.7472222222222222,0.7472222222222222,0.7472222222222222,0.75
VIDEO_ONLY,VIDEO_ONLY,sbj_5,53,6,fixed_epoch_loso_v2,8fbb4b77aeab48eea556fd7818272996,0.7217957664573157,0.6639770225007227,0.6928692800974933,0.6524281970964062,0.8016032064128257,0.6441406965788272,0.6731481481481482,0.6546296296296297,0.6361111111111111,0.5666666666666667,0.4555555555555555,0.5972222222222223
VIDEO_ONLY,VIDEO_ONLY,sbj_6,53,7,fixed_epoch_loso_v2,46bfe86843724abba5295df8f6824ac7,0.7160839160839161,0.5938974263086,0.6464675776182108,0.6046953504410164,0.848698099929627,0.5911396421360936,0.7129629629629629,0.5925925925925927,0.5,0.4166666666666667,0.3888888888888889,0.5222222222222223
VIDEO_ONLY,VIDEO_ONLY,sbj_7,53,8,fixed_epoch_loso_v2,442ce350b29445f2989d3f6cf8c6bb04,0.7570126227208976,0.773107840967549,0.7549403912209444,0.7347701670276136,0.754601226993865,0.733668441473933,0.8302469135802469,0.7561728395061729,0.6944444444444444,0.6944444444444444,0.6944444444444444,0.7339506172839506
VIDEO_ONLY,VIDEO_ONLY,sbj_8,53,9,fixed_epoch_loso_v2,dfa4fc3b54594b9ab3194bb345fb87e2,0.8710906174819567,0.874756528763268,0.83911790882597,0.8294277806359718,0.8756861478850501,0.8268578713443563,0.8611111111111112,0.8611111111111112,0.8611111111111112,0.8611111111111112,0.8611111111111112,0.861111111111111
VIDEO_ONLY,VIDEO_ONLY,sbj_9,53,10,fixed_epoch_loso_v2,81b8bf802540440a91bba2f0b3f46844,0.551270207852194,0.5311589448225014,0.4790565252161256,0.4426983470402922,0.52832674571805,0.4379412137804168,0.4074074074074074,0.4074074074074074,0.4074074074074074,0.3796296296296296,0.3796296296296296,0.39629629629629626
VIDEO_ONLY,VIDEO_ONLY,sbj_10,53,11,fixed_epoch_loso_v2,b152fbf3a4894602b872047991a0689f,0.7033132530120482,0.6138405156913429,0.6799251951952245,0.6008716547955194,0.7588206863218946,0.5920967085996096,0.6689814814814814,0.6064814814814814,0.5509259259259259,0.5509259259259259,0.5231481481481481,0.5800925925925926
VIDEO_ONLY,VIDEO_ONLY,sbj_11,53,12,fixed_epoch_loso_v2,0e47c838298848d78969a7efd0976baf,0.8156235929761368,0.7350400724625361,0.7771982388290665,0.7455594552398893,0.8986942818550203,0.737051964872382,0.787037037037037,0.787037037037037,0.787037037037037,0.787037037037037,0.7314814814814814,0.7759259259259259
VIDEO_ONLY,VIDEO_ONLY,sbj_12,53,13,fixed_epoch_loso_v2,6bcf1193813940018fe35dcba99653a6,0.8487304986234322,0.7398110117113618,0.8450535423635733,0.7769896266795316,0.8979094076655052,0.7702718610691998,0.7175925925925924,0.699074074074074,0.6851851851851851,0.6851851851851851,0.6851851851851851,0.6944444444444444
VIDEO_ONLY,VIDEO_ONLY,sbj_13,53,14,fixed_epoch_loso_v2,d27382f0d85945de95943815cbec1de4,0.9181543877294444,0.8442738836957384,0.8914684286482162,0.8566517344968707,0.9565704051936422,0.851100697235939,0.7685185185185185,0.7685185185185185,0.75,0.7052469135802469,0.6844135802469136,0.7353395061728396
VIDEO_ONLY,VIDEO_ONLY,sbj_14,53,15,fixed_epoch_loso_v2,46b85c2b3d9047bf9c1bb41d37e746ce,0.75421875,0.7761745634586382,0.6267998126792974,0.6305516107061311,0.8541187298665439,0.6181312151972193,0.6977513227513227,0.5787037037037037,0.5601851851851851,0.5138888888888888,0.5138888888888888,0.5728835978835979
VIDEO_ONLY,VIDEO_ONLY,sbj_15,53,16,fixed_epoch_loso_v2,82886a4156054bd88f7d09d4414d8fba,0.8608762490392006,0.825056590730977,0.8239897992421747,0.8057446891209447,0.8729983434566538,0.802008374991183,0.75,0.75,0.75,0.7222222222222222,0.7222222222222222,0.7388888888888889
VIDEO_ONLY,VIDEO_ONLY,sbj_16,53,17,fixed_epoch_loso_v2,897834fb25f14381a7f3c9af7ae80877,0.8481048731832431,0.7184053884064361,0.7300080784739031,0.6852204902237439,0.9455273698264353,0.6707589969124833,0.7361111111111112,0.6805555555555556,0.6805555555555556,0.6805555555555556,0.6111111111111112,0.6777777777777778
VIDEO_ONLY,VIDEO_ONLY,sbj_17,53,18,fixed_epoch_loso_v2,05963cbe954647fba43336d53fd4252f,0.8854368932038835,0.8764015113562201,0.8529519000683512,0.8426586683405161,0.9021368288741246,0.8393543260886489,0.8796296296296295,0.8796296296296295,0.8796296296296295,0.824074074074074,0.824074074074074,0.8574074074074073
EARLY_CONCAT,EARLY_CONCAT,sbj_0,41,1,fixed_epoch_loso_v2,363129484cba446c9c056032fb0e4bcd,0.7261499910506533,0.7813099469354892,0.6528617747347082,0.6490770575123254,0.6960690316395014,0.6464663922830378,0.6944444444444444,0.6944444444444444,0.5833333333333334,0.5277777777777778,0.4351851851851852,0.587037037037037
EARLY_CONCAT,EARLY_CONCAT,sbj_1,41,2,fixed_epoch_loso_v2,e3801d70e0e04600985459a39898f18e,0.795462729564278,0.8330869964293544,0.7882528932280585,0.7559345168146304,0.8509485094850948,0.7506559616662712,0.7731481481481481,0.7361111111111112,0.6558641975308642,0.6558641975308642,0.625,0.6891975308641975
EARLY_CONCAT,EARLY_CONCAT,sbj_2,41,3,fixed_epoch_loso_v2,32f0a93aad584483aa0f37201ea3bf2b,0.5221723266909908,0.4231501557766921,0.46515270812498555,0.38772459945593984,0.6488636363636363,0.37321687518329005,0.3453703703703704,0.31018518518518523,0.2685185185185185,0.2546296296296296,0.2546296296296296,0.2866666666666667
EARLY_CONCAT,EARLY_CONCAT,sbj_3,41,4,fixed_epoch_loso_v2,f6d21750209a4ea79542f36d26402a94,0.7661870503597122,0.666065992267893,0.6226727515776277,0.5785699508326301,0.8663565235779235,0.562581807902336,0.6331128747795415,0.6084215167548501,0.5899029982363316,0.5634479717813051,0.5493386243386245,0.5888447971781307
EARLY_CONCAT,EARLY_CONCAT,sbj_4,41,5,fixed_epoch_loso_v2,6cc6758c62bc4e6381070747420a13a3,0.7411064096536593,0.686747736503918,0.7391210306909359,0.7082409574907551,0.7793442622950819,0.7042907738905148,0.8179012345679013,0.8179012345679013,0.7098765432098766,0.6450617283950617,0.5895061728395061,0.7160493827160493
EARLY_CONCAT,EARLY_CONCAT,sbj_5,41,6,fixed_epoch_loso_v2,8e4ec20b92604a24bb5982f27d9aad5a,0.6017678529890672,0.41251382110730045,0.49207590603544643,0.43735977502570345,0.7215579091219679,0.4215709897981332,0.4555555555555555,0.4555555555555555,0.4444444444444444,0.4444444444444444,0.4444444444444444,0.4488888888888889
EARLY_CONCAT,EARLY_CONCAT,sbj_6,41,7,fixed_epoch_loso_v2,d12207f2b27f4f139b85e9a0bed434e0,0.7806193806193806,0.7269825204332943,0.736622523104511,0.6911362950086504,0.8560228082679971,0.6819759331609089,0.6712962962962963,0.6574074074074073,0.5925925925925927,0.5925925925925927,0.5925925925925927,0.6212962962962962
EARLY_CONCAT,EARLY_CONCAT,sbj_7,41,8,fixed_epoch_loso_v2,dbb9457a4cb7484c96ac41dd2fbf4e38,0.7906732117812062,0.8074470464139354,0.754499594359781,0.7572401486207001,0.7821702299314239,0.7558551441034376,0.8111111111111111,0.8055555555555556,0.5925925925925926,0.5648148148148148,0.5648148148148148,0.6677777777777778
EARLY_CONCAT,EARLY_CONCAT,sbj_8,41,9,fixed_epoch_loso_v2,05126e86d7454f8bbdcc4ba9453560bb,0.8518444266238974,0.8782965730044395,0.8248623974202759,0.8339637718575121,0.8511438420557819,0.8330093235131638,0.8703703703703703,0.8703703703703703,0.8148148148148148,0.7592592592592592,0.6759259259259259,0.798148148148148
EARLY_CONCAT,EARLY_CONCAT,sbj_9,41,10,fixed_epoch_loso_v2,9de0402a415147ab9f53428d6779e8c6,0.3325635103926097,0.1604354123660072,0.23442224343940307,0.15582070991301444,0.6519427402862986,0.12825837489227643,0.125,0.125,0.125,0.125,0.125,0.125
EARLY_CONCAT,EARLY_CONCAT,sbj_10,41,11,fixed_epoch_loso_v2,8cdb0901283744958e7161705130c605,0.5328815261044176,0.45789332956338297,0.578243167433992,0.45297104828716184,0.623236876545005,0.4435118356061706,0.47777777777777775,0.44999999999999996,0.4222222222222222,0.39814814814814814,0.3703703703703704,0.42370370370370364
EARLY_CONCAT,EARLY_CONCAT,sbj_11,41,12,fixed_epoch_loso_v2,243612fd431d4cc18305c54f8f9673e3,0.9594777127420081,0.9727797962833314,0.9725944473887234,0.971432724111471,0.9123661148977604,0.9747142024011216,0.9814814814814815,0.9814814814814815,0.9629629629629629,0.9629629629629629,0.9629629629629629,0.9703703703703704
EARLY_CONCAT,EARLY_CONCAT,sbj_12,41,13,fixed_epoch_loso_v2,dffc509b2f674139ad329cc43c571458,0.8294585500152952,0.817857972011887,0.8136929004226637,0.7711244305353556,0.8717424629535002,0.7655345398454587,0.6962962962962963,0.6777777777777778,0.6777777777777778,0.638888888888889,0.638888888888889,0.665925925925926
EARLY_CONCAT,EARLY_CONCAT,sbj_13,41,14,fixed_epoch_loso_v2,fefbde8de347478b9f2ac35d10808a4e,0.9005531807895398,0.7812084254573847,0.8774988784982579,0.8155305978562419,0.9548666514702531,0.8077897059887968,0.7962962962962963,0.7962962962962963,0.7962962962962963,0.7962962962962963,0.7685185185185185,0.7907407407407407
EARLY_CONCAT,EARLY_CONCAT,sbj_14,41,15,fixed_epoch_loso_v2,36e48b35562f4d808499c4268cfcc342,0.8046875,0.7370849880985876,0.8169479595930392,0.7300590922507643,0.8728334245575625,0.7221271849003865,0.8179012345679012,0.8179012345679012,0.79320987654321,0.7654320987654322,0.7407407407407408,0.7870370370370371
EARLY_CONCAT,EARLY_CONCAT,sbj_15,41,16,fixed_epoch_loso_v2,d497048567134e00a9d2e6db694f00ed,0.9227517294388932,0.8969477565346243,0.9032960694548199,0.8969119460109882,0.9289649173673529,0.895131225380079,0.8888888888888888,0.8888888888888888,0.8888888888888888,0.8611111111111112,0.8055555555555556,0.8666666666666666
EARLY_CONCAT,EARLY_CONCAT,sbj_16,41,17,fixed_epoch_loso_v2,d8d77bf9df6b4b969a93c67954c12afe,0.9616699914505558,0.9484286637349764,0.9700318373068564,0.9572370306563882,0.9669076751946607,0.9566997726264841,0.9722222222222222,0.9722222222222222,0.9722222222222222,0.9722222222222222,0.9722222222222222,0.9722222222222221
EARLY_CONCAT,EARLY_CONCAT,sbj_17,41,18,fixed_epoch_loso_v2,09fae1acd15f4d768e2f3ee756ac8e04,0.8763754045307444,0.8084652716075947,0.8291614683534828,0.7944368938924846,0.9427782888684453,0.786195705282709,0.824074074074074,0.824074074074074,0.824074074074074,0.824074074074074,0.8055555555555556,0.8203703703703702
EARLY_CONCAT,EARLY_CONCAT,sbj_0,47,1,fixed_epoch_loso_v2,bdcab2ec3e1a4c3c9cd28d3c3b1c6995,0.6579559692142474,0.7161807132833886,0.5904808116890914,0.5905874515534146,0.6999343401181878,0.5845126244109271,0.6388888888888888,0.6388888888888888,0.6203703703703703,0.5185185185185185,0.3703703703703704,0.5574074074074074
EARLY_CONCAT,EARLY_CONCAT,sbj_1,47,2,fixed_epoch_loso_v2,ac87243ee1c547e79748c61523488197,0.8779258192293842,0.9027582658181879,0.8918900837311453,0.8760057514191901,0.8692725860730003,0.8763798161606452,0.9444444444444444,0.8888888888888888,0.8055555555555556,0.787037037037037,0.787037037037037,0.8425925925925926
EARLY_CONCAT,EARLY_CONCAT,sbj_2,47,3,fixed_epoch_loso_v2,2a0832d1007148c8a359d59da3408f07,0.680465899522874,0.5012238598279098,0.557718239639743,0.49716448066554425,0.7769279796048438,0.48162206405780533,0.5385802469135803,0.5385802469135803,0.4969135802469135,0.4660493827160494,0.4660493827160494,0.5012345679012346
EARLY_CONCAT,EARLY_CONCAT,sbj_3,47,4,fixed_epoch_loso_v2,c4b30dd25e1548bea91c50c987f24ff2,0.7008393285371702,0.5575008824893889,0.478341398382516,0.473747317974304,0.814251875246743,0.4548303981258352,0.473941798941799,0.40727513227513223,0.398015873015873,0.3729717813051147,0.3228174603174603,0.3950044091710759
EARLY_CONCAT,EARLY_CONCAT,sbj_4,47,5,fixed_epoch_loso_v2,370f6da20958448c8157ef62eb14b3ac,0.7641435511675286,0.7711583416956908,0.7358329862007786,0.7454290431120466,0.7908372827804108,0.7429063631304709,0.8503086419753086,0.8179012345679013,0.7376543209876544,0.6728395061728395,0.5270061728395061,0.7211419753086419
EARLY_CONCAT,EARLY_CONCAT,sbj_5,47,6,fixed_epoch_loso_v2,2c323bb6e8214f28b635d09317138586,0.5491974877878576,0.3992612309461014,0.4331385389493403,0.385550928347435,0.6701231367465975,0.3697413612141482,0.4101851851851852,0.35370370370370374,0.35370370370370374,0.35370370370370374,0.29814814814814816,0.353888888888889
EARLY_CONCAT,EARLY_CONCAT,sbj_6,47,7,fixed_epoch_loso_v2,b09f3717181e47f2a3ade08d35603f38,0.7846153846153846,0.7157416381572429,0.7479472184420468,0.7244225045420462,0.7843791722296395,0.7210915785594021,0.7361111111111112,0.7361111111111112,0.7083333333333334,0.7083333333333334,0.7083333333333334,0.7194444444444446
EARLY_CONCAT,EARLY_CONCAT,sbj_7,47,8,fixed_epoch_loso_v2,9059ca06bbc8491ebdb47598d3f09f9a,0.7636746143057503,0.7484306476732063,0.6981812972675183,0.7015137122041832,0.7845760377729687,0.696899138561473,0.7870370370370371,0.7870370370370371,0.6574074074074073,0.5462962962962963,0.5185185185185185,0.6592592592592592
EARLY_CONCAT,EARLY_CONCAT,sbj_8,47,9,fixed_epoch_loso_v2,65257708a06b458a8e0c4f97e677e77f,0.8763031275060145,0.8835945514396614,0.8550133030500917,0.856333152816851,0.8764991896272285,0.8552128174384966,0.9166666666666666,0.8611111111111112,0.8055555555555556,0.75,0.75,0.8166666666666667
EARLY_CONCAT,EARLY_CONCAT,sbj_9,47,10,fixed_epoch_loso_v2,2d4487f63a6b4de984949f4856fd2ad7,0.3392609699769053,0.18947897361317634,0.23852182306134348,0.18777383933906253,0.5025477707006369,0.17028639870786394,0.19444444444444445,0.19444444444444445,0.19444444444444445,0.08333333333333333,0.08333333333333333,0.15000000000000002
EARLY_CONCAT,EARLY_CONCAT,sbj_10,47,11,fixed_epoch_loso_v2,51dad480eab64b3e9dd3fa5c7b416c65,0.5411646586345381,0.43063504692088056,0.5903517423862402,0.4668322877055521,0.625624910727039,0.45801047531546946,0.5333333333333333,0.5333333333333333,0.5333333333333333,0.5185185185185185,0.48148148148148145,0.52
EARLY_CONCAT,EARLY_CONCAT,sbj_11,47,12,fixed_epoch_loso_v2,99f270b8fb1f4d118e01f6bb57366bde,0.8919405673120216,0.9702809191776732,0.8695947227622484,0.8979079826591313,0.8249496981891348,0.9019612206852423,0.9444444444444444,0.9444444444444444,0.8888888888888888,0.8888888888888888,0.7777777777777778,0.888888888888889
EARLY_CONCAT,EARLY_CONCAT,sbj_12,47,13,fixed_epoch_loso_v2,bafed9c09c4046baae3d64ebca795b21,0.9149587029672682,0.8853435934412217,0.8647405402716626,0.8666435812000911,0.9446740858505565,0.8623085531639542,0.7777777777777777,0.7777777777777777,0.7777777777777777,0.7499999999999999,0.7499999999999999,0.7666666666666666
EARLY_CONCAT,EARLY_CONCAT,sbj_13,47,14,fixed_epoch_loso_v2,45468fc2150e4472ad5711430be8156f,0.9256977621322605,0.8956636187701248,0.9610590462517589,0.9197166628437267,0.9359107122310436,0.9188169934333202,0.8703703703703703,0.8518518518518517,0.8518518518518517,0.7916666666666667,0.7484567901234569,0.8228395061728395
EARLY_CONCAT,EARLY_CONCAT,sbj_14,47,15,fixed_epoch_loso_v2,f56a6f55a6444ed896da9db7c81a41be,0.89984375,0.8838259633398643,0.9287967798280017,0.8948253449419538,0.912550183278059,0.893840631701059,0.9722222222222222,0.9722222222222222,0.9722222222222222,0.9166666666666666,0.898148148148148,0.9462962962962962
EARLY_CONCAT,EARLY_CONCAT,sbj_15,47,16,fixed_epoch_loso_v2,6cbc751d2bb94e43b5109ad2ee326356,0.8712528823981552,0.8154887740510687,0.8561989816907714,0.8263669530828197,0.914843287995269,0.8214516011432392,0.8055555555555556,0.8055555555555556,0.8055555555555556,0.7777777777777778,0.7777777777777778,0.7944444444444445
EARLY_CONCAT,EARLY_CONCAT,sbj_16,47,17,fixed_epoch_loso_v2,b2bd8ac07017457abc09d90c8eb44fd8,0.9524080934739242,0.9524385486600991,0.9555830283971938,0.951317452001438,0.9563294637921503,0.9510390069019539,0.9722222222222222,0.9722222222222222,0.9722222222222222,0.9166666666666666,0.9166666666666666,0.95
EARLY_CONCAT,EARLY_CONCAT,sbj_17,47,18,fixed_epoch_loso_v2,34822143a26847ac8fa033f140a99b9e,0.9122977346278317,0.9116309974377611,0.9065009278747319,0.89127624856033,0.9396176414915768,0.8885906156197051,0.9537037037037036,0.898148148148148,0.8796296296296295,0.8796296296296295,0.8796296296296295,0.8981481481481481
EARLY_CONCAT,EARLY_CONCAT,sbj_0,53,1,fixed_epoch_loso_v2,a04805bd94e0457391fb2a2a3ae0c1df,0.7202434222301772,0.7109891274475407,0.6688425903763634,0.6531773055756853,0.7214309373964889,0.6493854371411962,0.662037037037037,0.6435185185185185,0.6157407407407407,0.5416666666666665,0.449074074074074,0.5824074074074074
EARLY_CONCAT,EARLY_CONCAT,sbj_1,53,2,fixed_epoch_loso_v2,f1b86c79e1ee470db1924c15e2b3f5ed,0.8021245948865683,0.7878985230729544,0.7272615421619738,0.7048834366931478,0.8586829153972346,0.6963390212095875,0.6932098765432099,0.6746913580246914,0.6746913580246914,0.6746913580246914,0.6191358024691358,0.6672839506172841
EARLY_CONCAT,EARLY_CONCAT,sbj_2,53,3,fixed_epoch_loso_v2,e4d9dc39f9344a14993c6959aa62ffac,0.7530171204041538,0.5521760963154642,0.6362013573988693,0.5870117895083691,0.802674545171824,0.5750305253048438,0.6296296296296295,0.5833333333333334,0.5648148148148148,0.5648148148148148,0.5648148148148148,0.5814814814814815
EARLY_CONCAT,EARLY_CONCAT,sbj_3,53,4,fixed_epoch_loso_v2,fd3ed95ac59b4f1d976071a2f7d959df,0.761990407673861,0.5915489215433786,0.4912860174428393,0.49530122525567183,0.8538361022960612,0.4753826209756502,0.5251322751322751,0.4973544973544974,0.4801587301587301,0.4351851851851852,0.4351851851851852,0.4746031746031746
EARLY_CONCAT,EARLY_CONCAT,sbj_4,53,5,fixed_epoch_loso_v2,0c53ff42bd5742ba895376fa58a7f2a1,0.7396959724181162,0.7171671444588095,0.7069869369424057,0.7032079202487398,0.7755038275269489,0.699191480955506,0.7623456790123456,0.7345679012345678,0.6419753086419753,0.5895061728395061,0.5432098765432098,0.6543209876543209
EARLY_CONCAT,EARLY_CONCAT,sbj_5,53,6,fixed_epoch_loso_v2,398e324c96d342c3821aa0e8a2bb4dcc,0.5847871598046057,0.38570269070375135,0.45341596858136507,0.4048910642708605,0.6965995378012545,0.3886850379636164,0.4225925925925926,0.37925925925925924,0.37925925925925924,0.37925925925925924,0.32370370370370366,0.37681481481481477
EARLY_CONCAT,EARLY_CONCAT,sbj_6,53,7,fixed_epoch_loso_v2,753dff43ce014daf93c62a7eff2ce3eb,0.8517482517482518,0.8688855515085683,0.8219414651103394,0.8161140480073406,0.8591208030460367,0.813724783838524,0.8333333333333334,0.75,0.7222222222222222,0.7222222222222222,0.7222222222222222,0.7500000000000001
EARLY_CONCAT,EARLY_CONCAT,sbj_7,53,8,fixed_epoch_loso_v2,2f59fdec89df41928b51f47cf99fc64c,0.8110098176718092,0.7778767241712748,0.7753113912564199,0.7706725656240785,0.8003210917118202,0.7690254252858706,0.8240740740740741,0.8240740740740741,0.7777777777777778,0.6527777777777778,0.6388888888888888,0.7435185185185185
EARLY_CONCAT,EARLY_CONCAT,sbj_8,53,9,fixed_epoch_loso_v2,6a9de500862f4dde9112c52aefab0366,0.8875300721732157,0.9485775111885699,0.8710984119342426,0.8842542177489116,0.8505303760848602,0.8861277645080256,0.9166666666666666,0.9166666666666666,0.8611111111111112,0.8611111111111112,0.8333333333333334,0.8777777777777779
EARLY_CONCAT,EARLY_CONCAT,sbj_9,53,10,fixed_epoch_loso_v2,103e97a49f4447f49caa2bf070a263da,0.3096997690531178,0.12514654500289182,0.202913092733452,0.13800655992530297,0.4564174894217207,0.12031706384216867,0.1388888888888889,0.1388888888888889,0.1388888888888889,0.1388888888888889,0.1388888888888889,0.1388888888888889
EARLY_CONCAT,EARLY_CONCAT,sbj_10,53,11,fixed_epoch_loso_v2,8df6ab415e364859be57a4393d9a58b8,0.620105421686747,0.6251366086546333,0.6841577025455869,0.5940460329574466,0.6714324993126203,0.5897467848266036,0.6444444444444444,0.6444444444444444,0.5888888888888889,0.5425925925925925,0.487037037037037,0.5814814814814814
EARLY_CONCAT,EARLY_CONCAT,sbj_11,53,12,fixed_epoch_loso_v2,d3a2fb429c47490e8e0846e35aca4162,0.9002701485817199,0.9210976284903779,0.8804625647086658,0.8915348847584464,0.8294478527607362,0.8949841643138748,0.9074074074074073,0.9074074074074073,0.9074074074074073,0.8518518518518519,0.8518518518518519,0.8851851851851851
EARLY_CONCAT,EARLY_CONCAT,sbj_12,53,13,fixed_epoch_loso_v2,7a26d79c5f434cc59d0c5410ced0a84f,0.8886509635974305,0.893781401786679,0.9329195922479762,0.9028754658144396,0.8853314772925004,0.9038501318434362,0.8518518518518517,0.8518518518518517,0.8518518518518517,0.8148148148148148,0.787037037037037,0.8314814814814815
EARLY_CONCAT,EARLY_CONCAT,sbj_13,53,14,fixed_epoch_loso_v2,2444c8a710914fecbfce4136335722a9,0.9317324616545134,0.8958311573804455,0.9572802377884895,0.9154990888332893,0.9511355815554026,0.9135192836820608,0.8703703703703703,0.8703703703703703,0.8703703703703703,0.8425925925925926,0.8040123456790123,0.8515432098765432
EARLY_CONCAT,EARLY_CONCAT,sbj_14,53,15,fixed_epoch_loso_v2,ddaf18e1b7f44464a9536f1ea2a501b1,0.86703125,0.8366674434705201,0.908153149795633,0.858034107092378,0.8797423049391553,0.8568280961008905,0.8904320987654322,0.8904320987654322,0.8904320987654322,0.8904320987654322,0.8487654320987654,0.8820987654320988
EARLY_CONCAT,EARLY_CONCAT,sbj_15,53,16,fixed_epoch_loso_v2,6357f4991dae4646ad733f6737e344af,0.8524212144504227,0.8491542496779664,0.7934986838981087,0.8045202954822869,0.8309750450218678,0.8030505871745324,0.8055555555555556,0.8055555555555556,0.8055555555555556,0.75,0.6388888888888888,0.7611111111111112
EARLY_CONCAT,EARLY_CONCAT,sbj_16,53,17,fixed_epoch_loso_v2,9ab9ed521f194daba11d5630b2208096,0.9210601310914791,0.8822810308433581,0.8895978508095123,0.8756219387358165,0.9480750787779147,0.8715967642890333,0.9166666666666666,0.8888888888888888,0.8641975308641975,0.7808641975308642,0.7808641975308642,0.8462962962962962
EARLY_CONCAT,EARLY_CONCAT,sbj_17,53,18,fixed_epoch_loso_v2,0bf6d505a3ad40579bf3109434948e2b,0.9590614886731391,0.9648620457436677,0.9635665162541012,0.9629781316201808,0.9528776308437326,0.9635392705522057,0.9722222222222222,0.9722222222222222,0.9722222222222222,0.9722222222222222,0.9722222222222222,0.9722222222222221
FIXED_WINDOW_ATTENTION,FIXED_WINDOW_ATTENTION,sbj_0,41,1,fixed_epoch_loso_v2,7a7179211aa1420db8c08df5fc66a92f,0.7299087166636835,0.7619849879087067,0.6620211044077766,0.6784016122465435,0.6942572986846327,0.6775207407777608,0.6111111111111112,0.5694444444444444,0.5231481481481481,0.5231481481481481,0.38425925925925924,0.5222222222222223
FIXED_WINDOW_ATTENTION,FIXED_WINDOW_ATTENTION,sbj_1,41,2,fixed_epoch_loso_v2,3aba68120e9a415c936e7a9ac41f8a10,0.8078862081382787,0.7625752015932474,0.785313841542592,0.7582023581240587,0.8461157842652153,0.7533182788939944,0.7638888888888888,0.7453703703703703,0.7037037037037037,0.6527777777777779,0.5694444444444444,0.687037037037037
FIXED_WINDOW_ATTENTION,FIXED_WINDOW_ATTENTION,sbj_2,41,3,fixed_epoch_loso_v2,462d17cfece24af3805cb3fa37dc43ac,0.5418186921133876,0.3805842001881953,0.4159390457281698,0.37106248717224904,0.7027310924369747,0.352636453546431,0.37037037037037035,0.35185185185185186,0.35185185185185186,0.35185185185185186,0.35185185185185186,0.3555555555555555
FIXED_WINDOW_ATTENTION,FIXED_WINDOW_ATTENTION,sbj_3,41,4,fixed_epoch_loso_v2,56b2011cdf884623bfe192356f559337,0.742326139088729,0.7224119028451905,0.5068045958888832,0.5418056919966704,0.8230376219228983,0.5261816958896577,0.5194003527336861,0.5194003527336861,0.5008818342151675,0.4817019400352734,0.42923280423280424,0.4901234567901235
FIXED_WINDOW_ATTENTION,FIXED_WINDOW_ATTENTION,sbj_4,41,5,fixed_epoch_loso_v2,2c8b7d262e764fa78dafd1f354947988,0.7252781695658987,0.7397983344422415,0.7802821229430196,0.73895256805022,0.7430097951914515,0.7387271665423739,0.8379629629629629,0.824074074074074,0.6944444444444443,0.6481481481481481,0.5925925925925926,0.7194444444444443
FIXED_WINDOW_ATTENTION,FIXED_WINDOW_ATTENTION,sbj_5,41,6,fixed_epoch_loso_v2,a0b84a3def0c4fccb1df4b6522bc51aa,0.6515468713654339,0.568300828429949,0.5732823480163012,0.5355656296728528,0.7382501807664498,0.5243053768343197,0.5842592592592593,0.5657407407407408,0.5657407407407408,0.5101851851851852,0.5101851851851852,0.5472222222222223
FIXED_WINDOW_ATTENTION,FIXED_WINDOW_ATTENTION,sbj_6,41,7,fixed_epoch_loso_v2,ac4a9e2e478441ac8f0d37edf9f49987,0.7836163836163836,0.7208235711275057,0.7470186984934996,0.7023770774523858,0.8477869737315581,0.6942987498813207,0.7083333333333334,0.7083333333333334,0.6527777777777778,0.5555555555555556,0.5555555555555556,0.6361111111111111
FIXED_WINDOW_ATTENTION,FIXED_WINDOW_ATTENTION,sbj_7,41,8,fixed_epoch_loso_v2,63f9dec3ef774028b5539cdfab55923f,0.8192496493688639,0.8172616012900503,0.7993807687636382,0.7837654232372593,0.8134031413612566,0.7821188833414817,0.8240740740740741,0.8101851851851852,0.7777777777777778,0.75,0.6944444444444444,0.7712962962962964
FIXED_WINDOW_ATTENTION,FIXED_WINDOW_ATTENTION,sbj_8,41,9,fixed_epoch_loso_v2,122aa9c91774475d9176e14a8aa6d7bc,0.8496391339214114,0.8122368232360234,0.8163077966353344,0.8014174390504791,0.8792489478795726,0.7970934663377517,0.824074074074074,0.824074074074074,0.7870370370370371,0.7870370370370371,0.6759259259259259,0.7796296296296297
FIXED_WINDOW_ATTENTION,FIXED_WINDOW_ATTENTION,sbj_9,41,10,fixed_epoch_loso_v2,4146e73ccd4c4c91b16a1f0ca47ecff7,0.38244803695150115,0.19229611471739863,0.29295159489675354,0.2168088938558674,0.6081288343558282,0.19506889716142517,0.20833333333333334,0.20833333333333334,0.20833333333333334,0.20833333333333334,0.20833333333333334,0.20833333333333334
FIXED_WINDOW_ATTENTION,FIXED_WINDOW_ATTENTION,sbj_10,41,11,fixed_epoch_loso_v2,0b1aec094ceb4ae9873fc5bf571a73b5,0.5776857429718876,0.43928000061378303,0.589596322582674,0.47524365105203575,0.6529434902320703,0.46537143776425605,0.5339506172839505,0.5,0.4722222222222222,0.4722222222222222,0.4722222222222222,0.4901234567901235
FIXED_WINDOW_ATTENTION,FIXED_WINDOW_ATTENTION,sbj_11,41,12,fixed_epoch_loso_v2,08935a3fc6054522a1e531df2f09d52c,0.9335884736605132,0.9697668973829178,0.9311912591097254,0.9394951224628088,0.8739946380697051,0.9431340382624257,0.9444444444444444,0.9444444444444444,0.9444444444444444,0.9444444444444444,0.9444444444444444,0.9444444444444444
FIXED_WINDOW_ATTENTION,FIXED_WINDOW_ATTENTION,sbj_12,41,13,fixed_epoch_loso_v2,479bb9d749964415b82f05071fba25df,0.8758029978586723,0.8500899391356572,0.8636927605832184,0.8387358651280371,0.8960184271141823,0.8355535005732513,0.7962962962962963,0.7962962962962963,0.7777777777777777,0.7592592592592592,0.7592592592592592,0.7777777777777777
FIXED_WINDOW_ATTENTION,FIXED_WINDOW_ATTENTION,sbj_13,41,14,fixed_epoch_loso_v2,42887c7d5e2f4cc780a0e2a8e82807c6,0.9474478249937138,0.9146605378799464,0.9776844904436107,0.9423122748890319,0.9544780376497433,0.9416363991801036,0.8703703703703703,0.8703703703703703,0.8703703703703703,0.8703703703703703,0.8518518518518517,0.8666666666666666
FIXED_WINDOW_ATTENTION,FIXED_WINDOW_ATTENTION,sbj_14,41,15,fixed_epoch_loso_v2,95963ae136ec43409aa63457381f439a,0.90265625,0.8974979636887478,0.953103554054142,0.9167689232935962,0.8974902792506186,0.9178399590737616,0.9814814814814814,0.9814814814814814,0.9814814814814814,0.9814814814814814,0.9320987654320988,0.9716049382716049
FIXED_WINDOW_ATTENTION,FIXED_WINDOW_ATTENTION,sbj_15,41,16,fixed_epoch_loso_v2,7244c6797c0a4621a334de9b1c2ae28d,0.9014219830899308,0.8808233506878002,0.8725414244779127,0.8602932870777577,0.9408335762168464,0.8558188265700304,0.8796296296296295,0.8796296296296295,0.824074074074074,0.7407407407407407,0.7407407407407407,0.8129629629629628
FIXED_WINDOW_ATTENTION,FIXED_WINDOW_ATTENTION,sbj_16,41,17,fixed_epoch_loso_v2,4511e61224364d4a96be40500dc147ce,0.9383015104018239,0.9489403529655961,0.8939303077853724,0.8999880918029652,0.9633916554508748,0.8964656716003037,0.9444444444444444,0.8888888888888888,0.8611111111111112,0.8055555555555556,0.8055555555555556,0.861111111111111
FIXED_WINDOW_ATTENTION,FIXED_WINDOW_ATTENTION,sbj_17,41,18,fixed_epoch_loso_v2,3720b5d3b9264290b59298fff896a4a0,0.9067961165048544,0.8700381468147984,0.8885322235704961,0.8690572417494625,0.9301810121906169,0.865661476724954,0.898148148148148,0.8425925925925926,0.8148148148148149,0.8148148148148149,0.7901234567901235,0.8320987654320987
FIXED_WINDOW_ATTENTION,FIXED_WINDOW_ATTENTION,sbj_0,47,1,fixed_epoch_loso_v2,4b1ef59840a34f5d91523963c542363d,0.6815822444961518,0.6391198294206117,0.6051255594943216,0.5953245011291436,0.6630920464700626,0.5915596374990926,0.6597222222222222,0.5763888888888888,0.5486111111111112,0.5300925925925926,0.4574074074074074,0.5544444444444444
FIXED_WINDOW_ATTENTION,FIXED_WINDOW_ATTENTION,sbj_1,47,2,fixed_epoch_loso_v2,d74f7e97610b4357a0f92b30e8243a97,0.8165286280158445,0.849022077288629,0.7914835715287613,0.7693347764032591,0.848142924306535,0.7649565459641882,0.75,0.75,0.7222222222222222,0.7037037037037037,0.6481481481481481,0.7148148148148149
FIXED_WINDOW_ATTENTION,FIXED_WINDOW_ATTENTION,sbj_2,47,3,fixed_epoch_loso_v2,ac689b60fb4c4531ab1a2e79c8747a00,0.6982879595846198,0.5636551048540546,0.5491614440877328,0.5232748771125653,0.7836204291326685,0.5088112353336707,0.5222222222222221,0.5222222222222221,0.5037037037037037,0.48055555555555546,0.48055555555555546,0.5018518518518518
FIXED_WINDOW_ATTENTION,FIXED_WINDOW_ATTENTION,sbj_3,47,4,fixed_epoch_loso_v2,7111608e83e640808475706807bab468,0.8175059952038369,0.7558055210105415,0.6408418836079237,0.6557076349045357,0.8847761194029851,0.6429816079879551,0.6994708994708995,0.6716931216931217,0.6578042328042328,0.6392857142857142,0.6085978835978837,0.6553703703703704
FIXED_WINDOW_ATTENTION,FIXED_WINDOW_ATTENTION,sbj_4,47,5,fixed_epoch_loso_v2,f01dcace68d2486db82f952cabc4ce2b,0.7376586741889986,0.7629341785004052,0.7318507596183895,0.7336103291759694,0.7589974293059126,0.7321999347243059,0.8074074074074074,0.7716049382716048,0.632716049382716,0.632716049382716,0.5679012345679012,0.682469135802469
FIXED_WINDOW_ATTENTION,FIXED_WINDOW_ATTENTION,sbj_5,47,6,fixed_epoch_loso_v2,9a4ec533bc33469895f9abe967497bd4,0.5787392416841126,0.474983582795654,0.42252808582601126,0.3979526015167749,0.6404214028278348,0.3844821125550493,0.41944444444444445,0.3638888888888889,0.35,0.35,0.3314814814814815,0.362962962962963
FIXED_WINDOW_ATTENTION,FIXED_WINDOW_ATTENTION,sbj_6,47,7,fixed_epoch_loso_v2,9f7ea43b6c964c99bd5bc916fcfdc029,0.8001998001998002,0.7910279811991124,0.7541961214016312,0.7306846944431666,0.8329395882551468,0.7250038670091677,0.6944444444444444,0.6944444444444444,0.6666666666666666,0.6666666666666666,0.6666666666666666,0.6777777777777777
FIXED_WINDOW_ATTENTION,FIXED_WINDOW_ATTENTION,sbj_7,47,8,fixed_epoch_loso_v2,920c0f5a638b4080a12451b151efa7d9,0.8451963534361852,0.8693515170117885,0.8377756870818386,0.8468591943971459,0.8248252488879475,0.8480833024809902,0.9197530864197532,0.9074074074074073,0.8333333333333334,0.6944444444444444,0.6388888888888888,0.7987654320987654
FIXED_WINDOW_ATTENTION,FIXED_WINDOW_ATTENTION,sbj_8,47,9,fixed_epoch_loso_v2,9b5a6c3159bb4043b2435fbe4f4a3af3,0.8935445068163592,0.9720813566474586,0.8694253844249819,0.9064413874755016,0.8397318708104814,0.9101474717346694,0.9166666666666666,0.9166666666666666,0.7638888888888888,0.7638888888888888,0.6111111111111112,0.7944444444444445
FIXED_WINDOW_ATTENTION,FIXED_WINDOW_ATTENTION,sbj_9,47,10,fixed_epoch_loso_v2,305594b2c2b84e3faf6cbf2225a9741c,0.36789838337182446,0.18588417258261278,0.2634694744841671,0.1957829635176564,0.4576414297776527,0.1812352709476566,0.18055555555555555,0.125,0.125,0.125,0.125,0.13611111111111113
FIXED_WINDOW_ATTENTION,FIXED_WINDOW_ATTENTION,sbj_10,47,11,fixed_epoch_loso_v2,c8e2991db7ce4d56ac59118a596a6d4a,0.5558483935742972,0.3841418801248283,0.5669312260995214,0.4297913594217269,0.6719598829920602,0.4163375525567084,0.49444444444444446,0.4666666666666667,0.4388888888888889,0.4388888888888889,0.4236111111111111,0.45249999999999996
FIXED_WINDOW_ATTENTION,FIXED_WINDOW_ATTENTION,sbj_11,47,12,fixed_epoch_loso_v2,1a2aead65a754cc69ce857122483aa1b,0.9403421882035119,0.9804347420882078,0.9340319511827282,0.9492238872475258,0.8825875055383252,0.9529259084535925,1.0,0.9444444444444444,0.9444444444444444,0.9444444444444444,0.9444444444444444,0.9555555555555555
FIXED_WINDOW_ATTENTION,FIXED_WINDOW_ATTENTION,sbj_12,47,13,fixed_epoch_loso_v2,da7001c467a8480a9acf80954b8d4c05,0.9333129397369226,0.9641811129586172,0.9129417859637752,0.9275417642634793,0.9310780904204868,0.927345301699201,0.8333333333333333,0.8333333333333333,0.8333333333333333,0.8333333333333333,0.8333333333333333,0.8333333333333333
FIXED_WINDOW_ATTENTION,FIXED_WINDOW_ATTENTION,sbj_13,47,14,fixed_epoch_loso_v2,0a9b2d22aaae4c79a2a1d066919f5be2,0.9327382449082223,0.9118054816166942,0.9278664472467557,0.9037201970713158,0.9579549276824756,0.9007071564818069,0.8425925925925926,0.8425925925925926,0.7731481481481481,0.7546296296296295,0.736111111111111,0.7898148148148147
FIXED_WINDOW_ATTENTION,FIXED_WINDOW_ATTENTION,sbj_14,47,15,fixed_epoch_loso_v2,f457d54e28b94c028d642bc2ead92058,0.9196875,0.9067220954272583,0.9470008581354442,0.919795001233085,0.9254712087151997,0.9194796563729677,1.0,1.0,0.9444444444444444,0.9444444444444444,0.8989197530864198,0.9575617283950619
FIXED_WINDOW_ATTENTION,FIXED_WINDOW_ATTENTION,sbj_15,47,16,fixed_epoch_loso_v2,5c487453e28842d9996235d38bb23a92,0.8259031514219831,0.7698037925204317,0.798431647949727,0.7763469163389892,0.859892442683272,0.7717054982087513,0.75,0.75,0.75,0.7222222222222222,0.7222222222222222,0.7388888888888889
FIXED_WINDOW_ATTENTION,FIXED_WINDOW_ATTENTION,sbj_16,47,17,fixed_epoch_loso_v2,e11c5fc5b9a64d0c94b8447f4e98f8a9,0.9264747791393559,0.9412302966208101,0.8986047418085469,0.89713012180063,0.9407618273010709,0.8947061381617166,0.9074074074074073,0.9074074074074073,0.9074074074074073,0.7962962962962963,0.7962962962962963,0.8629629629629629
FIXED_WINDOW_ATTENTION,FIXED_WINDOW_ATTENTION,sbj_17,47,18,fixed_epoch_loso_v2,09380e6ad1704b949a498a96247ef900,0.8770226537216829,0.9058358978383625,0.8600291601701612,0.8614229874074822,0.8951820522250827,0.8595474838065045,0.9351851851851851,0.9351851851851851,0.7546296296296295,0.7361111111111112,0.6728395061728395,0.8067901234567902
FIXED_WINDOW_ATTENTION,FIXED_WINDOW_ATTENTION,sbj_0,53,1,fixed_epoch_loso_v2,1185be42812d4ba9b3d7e75a9ff2fa74,0.7367102201539287,0.7753660531425058,0.6829595600640928,0.6747122141880485,0.712491738268341,0.6726133517391434,0.712962962962963,0.6666666666666666,0.6435185185185185,0.6435185185185185,0.5462962962962963,0.6425925925925926
FIXED_WINDOW_ATTENTION,FIXED_WINDOW_ATTENTION,sbj_1,53,2,fixed_epoch_loso_v2,00a928d3fc6741ef91ca6b0f7742a2b5,0.821750090025207,0.7847134680324879,0.797729213039231,0.7676513221700549,0.8417540514775977,0.7635345038751915,0.7407407407407407,0.7407407407407407,0.6851851851851851,0.6666666666666665,0.5401234567901235,0.6746913580246913
FIXED_WINDOW_ATTENTION,FIXED_WINDOW_ATTENTION,sbj_2,53,3,fixed_epoch_loso_v2,89d83ae6504448f287b65404c933b06d,0.5481335952848723,0.5432805891655059,0.4597862709197679,0.44160421012000417,0.6064209274673008,0.43244772582293217,0.48148148148148145,0.4583333333333333,0.4212962962962963,0.40740740740740744,0.35185185185185186,0.42407407407407405
FIXED_WINDOW_ATTENTION,FIXED_WINDOW_ATTENTION,sbj_3,53,4,fixed_epoch_loso_v2,4868b9fe55334a04a458e3d589774292,0.8075539568345323,0.844915291253434,0.6372081773524293,0.6808988039805588,0.8615021163500345,0.670865286626699,0.6741622574955908,0.6417548500881834,0.6209215167548501,0.5584215167548501,0.5226190476190475,0.6035758377425043
FIXED_WINDOW_ATTENTION,FIXED_WINDOW_ATTENTION,sbj_4,53,5,fixed_epoch_loso_v2,c0a16f4198044bb78415964b1ac01b00,0.7744867575615108,0.7961043258650751,0.7308435771540192,0.7450353333227491,0.8046718918088213,0.741722191184634,0.824074074074074,0.7916666666666665,0.736111111111111,0.6527777777777778,0.5648148148148148,0.7138888888888888
FIXED_WINDOW_ATTENTION,FIXED_WINDOW_ATTENTION,sbj_5,53,6,fixed_epoch_loso_v2,4041c98ea7c04e54a3564668aee16dc3,0.6396836473598512,0.5411295732350236,0.5353990286104167,0.5135871255271397,0.7088772845953003,0.5027376722455752,0.549074074074074,0.5296296296296297,0.5296296296296297,0.4185185185185185,0.4185185185185185,0.4890740740740741
FIXED_WINDOW_ATTENTION,FIXED_WINDOW_ATTENTION,sbj_6,53,7,fixed_epoch_loso_v2,e850c8b1f11c437eaf032476081bc9b6,0.8103896103896104,0.7254980281247254,0.7743244031863736,0.7400267063519481,0.8426812585499316,0.7343236756742823,0.7222222222222222,0.7222222222222222,0.6944444444444444,0.6944444444444444,0.6944444444444444,0.7055555555555555
FIXED_WINDOW_ATTENTION,FIXED_WINDOW_ATTENTION,sbj_7,53,8,fixed_epoch_loso_v2,ab0968a96d8645e38daccc3e65c56f60,0.8131136044880786,0.7906579902046316,0.7636907081297294,0.7681079531238466,0.8149920255183413,0.7655032824352636,0.8179012345679012,0.8055555555555556,0.7592592592592592,0.6759259259259259,0.6759259259259259,0.7469135802469136
FIXED_WINDOW_ATTENTION,FIXED_WINDOW_ATTENTION,sbj_8,53,9,fixed_epoch_loso_v2,4ce1259f38f54398a388826bdb627dd9,0.785485164394547,0.7806391953409948,0.7255600157257642,0.731119224417574,0.7598784194528876,0.7295214913600566,0.6944444444444444,0.6666666666666666,0.6111111111111112,0.6111111111111112,0.6111111111111112,0.638888888888889
FIXED_WINDOW_ATTENTION,FIXED_WINDOW_ATTENTION,sbj_9,53,10,fixed_epoch_loso_v2,e9ae5c275e77459caa40b00491b6e496,0.3110854503464203,0.14960762706941894,0.20250181220881952,0.15057058128780693,0.43832599118942733,0.1345841696266058,0.19444444444444445,0.1388888888888889,0.1388888888888889,0.08333333333333333,0.08333333333333333,0.1277777777777778
FIXED_WINDOW_ATTENTION,FIXED_WINDOW_ATTENTION,sbj_10,53,11,fixed_epoch_loso_v2,790979c2fb784628b9814ac7a9b8a451,0.6326556224899599,0.5769765063973696,0.7089685404945483,0.5992495274078701,0.6622336816392997,0.5957504077283462,0.6052469135802468,0.6052469135802468,0.6052469135802468,0.6052469135802468,0.5941358024691358,0.6030246913580246
FIXED_WINDOW_ATTENTION,FIXED_WINDOW_ATTENTION,sbj_11,53,12,fixed_epoch_loso_v2,43159af9500d44bca2f1e885a710fd72,0.8986942818550203,0.924162195333066,0.8815193679360573,0.8927023263695646,0.8170731707317073,0.8969039461272234,0.9444444444444444,0.8888888888888888,0.8888888888888888,0.8888888888888888,0.8888888888888888,0.9
FIXED_WINDOW_ATTENTION,FIXED_WINDOW_ATTENTION,sbj_12,53,13,fixed_epoch_loso_v2,d68d208cd86742d1842eda545480b93a,0.9155705108595901,0.8877614231233132,0.8861115812872584,0.8753145358847121,0.9397668393782384,0.8717338523572941,0.7703703703703704,0.7703703703703704,0.7592592592592592,0.7592592592592592,0.7314814814814815,0.758148148148148
FIXED_WINDOW_ATTENTION,FIXED_WINDOW_ATTENTION,sbj_13,53,14,fixed_epoch_loso_v2,02892cb4962544478f02d86453218d8c,0.9469449333668595,0.9195278658740645,0.9771943099664784,0.9431709501515123,0.9524894610914891,0.9426532550992914,0.8703703703703703,0.8703703703703703,0.8564814814814814,0.8425925925925926,0.7932098765432098,0.8466049382716049
FIXED_WINDOW_ATTENTION,FIXED_WINDOW_ATTENTION,sbj_14,53,15,fixed_epoch_loso_v2,4279ad3ef4f34ed891a2ddb51660cc56,0.91765625,0.9097511987676854,0.9487787027629112,0.9220803979198278,0.9207285342584562,0.9221555014565708,1.0,1.0,1.0,1.0,0.8742283950617283,0.9748456790123458
FIXED_WINDOW_ATTENTION,FIXED_WINDOW_ATTENTION,sbj_15,53,16,fixed_epoch_loso_v2,95c6b4a58ecf424cb21035119964a7e1,0.9373558800922367,0.9119568300868552,0.9219134592510522,0.9140278042944285,0.9362816409659587,0.9127914800348991,0.8888888888888888,0.8888888888888888,0.8888888888888888,0.8611111111111112,0.8611111111111112,0.8777777777777779
FIXED_WINDOW_ATTENTION,FIXED_WINDOW_ATTENTION,sbj_16,53,17,fixed_epoch_loso_v2,aa97ce881166487982a0f1808135f847,0.9499857509261898,0.9501938123735494,0.9388345572042087,0.9361896785995005,0.9611743723418851,0.934801640058257,0.9722222222222222,0.9722222222222222,0.9166666666666666,0.9166666666666666,0.9166666666666666,0.9388888888888889
FIXED_WINDOW_ATTENTION,FIXED_WINDOW_ATTENTION,sbj_17,53,18,fixed_epoch_loso_v2,9cf411b4a86140a3b7c5aa286bbe09c5,0.9373786407766991,0.9453695891334528,0.9496640997495274,0.9415799241144479,0.9334593572778828,0.9420310667164793,0.9722222222222222,0.9537037037037037,0.9351851851851851,0.9351851851851851,0.8703703703703703,0.9333333333333333
FINAL_MODEL,FINAL_MODEL,sbj_0,41,1,fixed_epoch_loso_v2,9588d6efb13e4f9a86b5d52a2d4debe5,0.684267048505459,0.6426921436055214,0.5905684763300443,0.5795579232223187,0.7307822553335591,0.571156571438361,0.5796296296296295,0.5703703703703703,0.524074074074074,0.49629629629629624,0.38518518518518524,0.5111111111111111
FINAL_MODEL,FINAL_MODEL,sbj_1,41,2,fixed_epoch_loso_v2,cd4d3f91e467435a8d1654d88f46c56b,0.7960028808066258,0.7832974266301026,0.7833078548609108,0.7522739080897247,0.8332071662881655,0.7477776159675892,0.6805555555555555,0.662037037037037,0.662037037037037,0.662037037037037,0.5925925925925927,0.6518518518518519
FINAL_MODEL,FINAL_MODEL,sbj_2,41,3,fixed_epoch_loso_v2,dc4ce0857d574fd2986149857119e691,0.6723266909907382,0.5836809591062321,0.6142128905310881,0.5576923434036899,0.7515991471215352,0.546919743197143,0.5833333333333334,0.5509259259259259,0.4722222222222222,0.4722222222222222,0.4722222222222222,0.5101851851851852
FINAL_MODEL,FINAL_MODEL,sbj_3,41,4,fixed_epoch_loso_v2,dbd27302be2848f5b9339574c6fd8d6f,0.7587529976019185,0.6621043841182589,0.5531376815389546,0.5514399837084435,0.8451171875,0.5351245834978015,0.5473041068279163,0.5195263290501386,0.5102670697908793,0.46141975308641975,0.39111552028218693,0.4859265558075082
FINAL_MODEL,FINAL_MODEL,sbj_4,41,5,fixed_epoch_loso_v2,ec29c921d31243ea97fb410f8c0f14df,0.7020843128036358,0.7475215054340548,0.7879768520470781,0.7399648752340515,0.734598083317035,0.7402630303405524,0.8425925925925926,0.787037037037037,0.7314814814814814,0.6203703703703703,0.6018518518518517,0.7166666666666666
FINAL_MODEL,FINAL_MODEL,sbj_5,41,6,fixed_epoch_loso_v2,8bd7c411b1dd4f55877474c99e1cd1ee,0.7462200511746918,0.7073977755377917,0.7037815406667516,0.6781657885856601,0.7765254566653712,0.6727013625812317,0.7388888888888889,0.7203703703703703,0.5814814814814815,0.5814814814814815,0.4425925925925926,0.6129629629629629
FINAL_MODEL,FINAL_MODEL,sbj_6,41,7,fixed_epoch_loso_v2,63c902686c9a46cc8bf1cb10912b0ac6,0.9006993006993007,0.8790621356010432,0.898394340428783,0.8805770893128532,0.8953532300717794,0.8797561926040238,0.8472222222222222,0.8472222222222222,0.8194444444444444,0.8194444444444444,0.8194444444444444,0.8305555555555555
FINAL_MODEL,FINAL_MODEL,sbj_7,41,8,fixed_epoch_loso_v2,dcb0d6f14bea40079ae750280eb742b2,0.7824333800841514,0.7822749719439615,0.7499920434903702,0.7376688112811349,0.7908713692946058,0.7347131136137198,0.8225308641975309,0.7962962962962963,0.6666666666666666,0.6666666666666666,0.6388888888888888,0.7182098765432098
FINAL_MODEL,FINAL_MODEL,sbj_8,41,9,fixed_epoch_loso_v2,7894bf5f18d9495d96b50ad96f170c55,0.820168404170008,0.7622327049800145,0.7787574061906586,0.7552758537264979,0.8539682539682539,0.7497929426019558,0.8055555555555556,0.8055555555555556,0.8055555555555556,0.75,0.6944444444444444,0.7722222222222224
FINAL_MODEL,FINAL_MODEL,sbj_9,41,10,fixed_epoch_loso_v2,b046c00cf7c14b9f83ce031d86f74313,0.42886836027713626,0.2532612971823498,0.34726948728027146,0.2659942922303208,0.6324927656056222,0.24563326593169293,0.3055555555555556,0.25,0.25,0.2361111111111111,0.18055555555555555,0.24444444444444446
FINAL_MODEL,FINAL_MODEL,sbj_10,41,11,fixed_epoch_loso_v2,bddb8767f2a84970a57c24d60304f43e,0.5909889558232931,0.49527936524335353,0.6374590091522819,0.5220502436812146,0.6723875432525952,0.5136981714828045,0.5555555555555556,0.5555555555555556,0.5277777777777778,0.5,0.4861111111111111,0.525
FINAL_MODEL,FINAL_MODEL,sbj_11,41,12,fixed_epoch_loso_v2,aa55e58f458041dbb93719f5c6d91f28,0.9252588923908149,0.963492771328179,0.9250797032374479,0.9342378952653274,0.8690909090909091,0.9378571722750172,1.0,1.0,0.9444444444444444,0.9444444444444444,0.8888888888888888,0.9555555555555557
FINAL_MODEL,FINAL_MODEL,sbj_12,41,13,fixed_epoch_loso_v2,f9e4e6a7ae584146b6917d49d954ba6b,0.9233710614866931,0.9116532628176406,0.9608206941115952,0.9317857684906388,0.9145780051150895,0.932741755344836,0.8333333333333333,0.7962962962962963,0.7962962962962963,0.7962962962962963,0.7962962962962963,0.8037037037037036
FINAL_MODEL,FINAL_MODEL,sbj_13,41,14,fixed_epoch_loso_v2,ad8f662b850f4f8cbb57ea267dc1105e,0.935378425949208,0.8744688093364507,0.9175715845330473,0.8878470050832197,0.963720094350219,0.8836318334572753,0.7980599647266314,0.7980599647266314,0.7980599647266314,0.7980599647266314,0.7980599647266314,0.7980599647266314
FINAL_MODEL,FINAL_MODEL,sbj_14,41,15,fixed_epoch_loso_v2,eb21401dfd51420196ffdaf10e92855e,0.88203125,0.8937715050617691,0.9633755098055827,0.915066357217905,0.8618986647155661,0.9180201179124795,0.949074074074074,0.949074074074074,0.949074074074074,0.949074074074074,0.9243827160493827,0.9441358024691358
FINAL_MODEL,FINAL_MODEL,sbj_15,41,16,fixed_epoch_loso_v2,365b7c9eb9804c67b596890086961c53,0.8856648731744812,0.8543729948668614,0.8618273421051245,0.8405438813507322,0.9176748303334317,0.8362588286294712,0.8055555555555556,0.8055555555555556,0.8055555555555556,0.7777777777777778,0.7777777777777778,0.7944444444444445
FINAL_MODEL,FINAL_MODEL,sbj_16,41,17,fixed_epoch_loso_v2,24cf5536ae05433599451e0fd1b0700b,0.9438586491878028,0.9383006760138851,0.9726396126452074,0.9496284886289059,0.944578313253012,0.9499090539275667,0.9722222222222222,0.9722222222222222,0.9722222222222222,0.9722222222222222,0.9722222222222222,0.9722222222222221
FINAL_MODEL,FINAL_MODEL,sbj_17,41,18,fixed_epoch_loso_v2,b06cbe0a334642a397d44b92d812fc91,0.9355987055016182,0.9273423924375439,0.9758769414988503,0.9476559103941996,0.9223224794036877,0.9490633232270059,0.9675925925925924,0.9675925925925924,0.9398148148148149,0.9398148148148149,0.9212962962962964,0.9472222222222223
FINAL_MODEL,FINAL_MODEL,sbj_0,47,1,fixed_epoch_loso_v2,fede37473e02455cbeb3dea9021e97c0,0.7035976373724718,0.6863054902533037,0.6422209210199932,0.6206940911276458,0.746026139173437,0.6137311995695462,0.7222222222222222,0.6666666666666666,0.5555555555555556,0.5277777777777778,0.4537037037037038,0.5851851851851853
FINAL_MODEL,FINAL_MODEL,sbj_1,47,2,fixed_epoch_loso_v2,6162b613e85f4595a4119f58c27f6289,0.8955707598127476,0.9370322188955414,0.8826521615059162,0.8984129778100202,0.8951869044710481,0.8985922041066297,0.8842592592592592,0.8842592592592592,0.8564814814814814,0.8564814814814814,0.8009259259259259,0.8564814814814815
FINAL_MODEL,FINAL_MODEL,sbj_2,47,3,fixed_epoch_loso_v2,d334521c3bbf4dbf8f4ff53fe10d95b2,0.6738703339882122,0.5120371416449113,0.6039064600311276,0.5197908681293469,0.7949659150498165,0.5045033655226542,0.5474537037037037,0.5243055555555556,0.5243055555555556,0.4861111111111111,0.4629629629629629,0.5090277777777777
FINAL_MODEL,FINAL_MODEL,sbj_3,47,4,fixed_epoch_loso_v2,83e2fbb850f34812abb54e1b2886cd8d,0.7657074340527578,0.7032147744885849,0.5899133638757527,0.604645706997449,0.8422372227579557,0.5914461783440876,0.6171186067019401,0.6067019400352733,0.5928130511463845,0.560405643738977,0.5246913580246912,0.5803461199294533
FINAL_MODEL,FINAL_MODEL,sbj_4,47,5,fixed_epoch_loso_v2,b9df492072ff4c10bed51beb787e9ebc,0.7420467011440213,0.7522851068940257,0.7396974038674898,0.7058074791283845,0.7959009393680615,0.7008022868928468,0.824074074074074,0.7685185185185185,0.75,0.675925925925926,0.5925925925925927,0.7222222222222222
FINAL_MODEL,FINAL_MODEL,sbj_5,47,6,fixed_epoch_loso_v2,7150202797f34f0782a5bb8fb54dc452,0.6938822982088858,0.6417865956930845,0.5935459646229579,0.5945564589920714,0.7180833606826387,0.5876938533425955,0.6481481481481481,0.5925925925925926,0.5185185185185186,0.462962962962963,0.462962962962963,0.537037037037037
FINAL_MODEL,FINAL_MODEL,sbj_6,47,7,fixed_epoch_loso_v2,1f5b23e79c8242219b1880b6f4150afb,0.8691308691308691,0.8761121111707503,0.8465971909017482,0.8430472331477867,0.8638928067700987,0.8418891457243249,0.875,0.8194444444444444,0.75,0.75,0.7222222222222222,0.7833333333333334
FINAL_MODEL,FINAL_MODEL,sbj_7,47,8,fixed_epoch_loso_v2,c40b758b524341e4815ec8f078bfbc12,0.8010168302945302,0.7475690257744678,0.7512505661376481,0.7410265795827096,0.8203140934121966,0.7366217177032935,0.7824074074074074,0.7824074074074074,0.7361111111111112,0.6944444444444444,0.6388888888888888,0.7268518518518519
FINAL_MODEL,FINAL_MODEL,sbj_8,47,9,fixed_epoch_loso_v2,b3b539901c7a4a3ebf8d513caebf08cd,0.9135926222935045,0.966350104672225,0.9049105477115469,0.9285936702464811,0.8665811417575369,0.9320388107180891,0.9722222222222222,0.9722222222222222,0.9305555555555556,0.9305555555555556,0.8888888888888888,0.9388888888888889
FINAL_MODEL,FINAL_MODEL,sbj_9,47,10,fixed_epoch_loso_v2,6e5654bf5e3344ea81e18fa37f9ed318,0.4228637413394919,0.28572606789813315,0.34157934991221045,0.2662467149799977,0.6071861122325394,0.24730563735485647,0.2037037037037037,0.2037037037037037,0.2037037037037037,0.19444444444444445,0.19444444444444445,0.19999999999999998
FINAL_MODEL,FINAL_MODEL,sbj_10,47,11,fixed_epoch_loso_v2,28f496de6dd84a498bc0488703f4c267,0.5086596385542169,0.45974385171257137,0.5261787915198756,0.42155305009931743,0.6295344187375036,0.4099985296194182,0.44135802469135804,0.44135802469135804,0.4074074074074074,0.4074074074074074,0.4074074074074074,0.42098765432098767
FINAL_MODEL,FINAL_MODEL,sbj_11,47,12,fixed_epoch_loso_v2,cfabb8ef73334772aa5508085bc858ae,0.9092751013057181,0.9290628722093729,0.8891822086535996,0.90323150704205,0.8351738241308794,0.9070124894260039,0.925925925925926,0.925925925925926,0.925925925925926,0.8703703703703703,0.8703703703703703,0.9037037037037038
FINAL_MODEL,FINAL_MODEL,sbj_12,47,13,fixed_epoch_loso_v2,0c02efe24c4f4611924839b5496b2d8a,0.906087488528602,0.961490694148516,0.8630222192283827,0.8886641832752938,0.9076379283848164,0.8876100863247649,0.824074074074074,0.7685185185185185,0.7685185185185185,0.7407407407407407,0.7407407407407407,0.7685185185185185
FINAL_MODEL,FINAL_MODEL,sbj_13,47,14,fixed_epoch_loso_v2,a02f4a785fdc4f88bb2d3db6fa528a24,0.8975358310284134,0.8483228147934438,0.9766471687728306,0.8991903033902808,0.9070354780517138,0.8987544603535346,0.8518518518518517,0.8518518518518517,0.8379629629629629,0.7885802469135802,0.7746913580246912,0.8209876543209876
FINAL_MODEL,FINAL_MODEL,sbj_14,47,15,fixed_epoch_loso_v2,e89773ac01f3458dad88e617d66b61db,0.87078125,0.8734496804636488,0.9626791650701946,0.9039589911991083,0.85133370639806,0.9068826181324999,0.9537037037037037,0.9537037037037037,0.9537037037037037,0.9537037037037037,0.9020061728395061,0.9433641975308642
FINAL_MODEL,FINAL_MODEL,sbj_15,47,16,fixed_epoch_loso_v2,f883fd04bc7b42ffa62a0259cc61b5e7,0.8280169100691775,0.7429543493580046,0.7914439165469923,0.753196415799945,0.8826501965188096,0.7460045390933413,0.75,0.75,0.75,0.6666666666666666,0.6666666666666666,0.7166666666666666
FINAL_MODEL,FINAL_MODEL,sbj_16,47,17,fixed_epoch_loso_v2,f0f778ecbaf940dd9fcef3947d3e07a5,0.9363066400683956,0.9193919727351573,0.9298436893442051,0.9176830790537028,0.9557349665924276,0.9155690853015516,0.9537037037037036,0.9537037037037036,0.9537037037037036,0.898148148148148,0.898148148148148,0.9314814814814814
FINAL_MODEL,FINAL_MODEL,sbj_17,47,18,fixed_epoch_loso_v2,870a02239825466f813d2dc4d1e7d1d1,0.9135922330097087,0.9226804841378184,0.9051685348114821,0.9016475526668993,0.9215105516475379,0.9005440527235307,0.9259259259259258,0.8703703703703703,0.787037037037037,0.7685185185185185,0.7499999999999999,0.8203703703703702
FINAL_MODEL,FINAL_MODEL,sbj_0,53,1,fixed_epoch_loso_v2,6809e5b8e45f400687f09a0d127ab541,0.6774655450152139,0.732615094119539,0.5992816259743914,0.5968059975248604,0.6654411764705882,0.5929929320278755,0.632716049382716,0.5910493827160493,0.47067901234567905,0.47067901234567905,0.41512345679012347,0.5160493827160494
FINAL_MODEL,FINAL_MODEL,sbj_1,53,2,fixed_epoch_loso_v2,f34fa8af838a4aafbf6754f04e2e33e8,0.9051134317608931,0.9327482498186237,0.8975131637946727,0.900125406270685,0.892191435768262,0.9005661824097086,0.9305555555555556,0.8749999999999999,0.8472222222222221,0.8287037037037037,0.7361111111111112,0.8435185185185186
FINAL_MODEL,FINAL_MODEL,sbj_2,53,3,fixed_epoch_loso_v2,78a97496735c4485bc3249bcf1e62e64,0.6435587987650856,0.49766579164958064,0.537089389021324,0.48014842855224604,0.7736462093862816,0.46384299628368847,0.5046296296296295,0.4722222222222222,0.4722222222222222,0.43981481481481477,0.40856481481481477,0.45949074074074076
FINAL_MODEL,FINAL_MODEL,sbj_3,53,4,fixed_epoch_loso_v2,ab023cbdfc9446e892e8674928715e2b,0.7684652278177458,0.70119819379747,0.5319203882742732,0.5702220588470303,0.8521241050119331,0.5545608340600912,0.5778218694885361,0.5454144620811288,0.5083774250440917,0.4559082892416225,0.32958553791887124,0.4834215167548502
FINAL_MODEL,FINAL_MODEL,sbj_4,53,5,fixed_epoch_loso_v2,b06d47a9c9bd458eaafea15b7ced8b15,0.8061432377370318,0.8446939484515937,0.7751584420551633,0.7692875845414636,0.8537100178600422,0.7645974493570982,0.8410493827160495,0.7669753086419753,0.7422839506172839,0.6867283950617283,0.6388888888888888,0.7351851851851852
FINAL_MODEL,FINAL_MODEL,sbj_5,53,6,fixed_epoch_loso_v2,1c8519c8b2c7499b8a5dfd95f7a87534,0.6955105838567108,0.641794757646281,0.6262310666540345,0.6110591655712148,0.7653508771929824,0.6024874038144499,0.5620370370370371,0.5435185185185185,0.5435185185185185,0.5435185185185185,0.48796296296296293,0.5361111111111111
FINAL_MODEL,FINAL_MODEL,sbj_6,53,7,fixed_epoch_loso_v2,b16c24894b0047a3a0b18dca393e7f23,0.8741258741258742,0.8622427635068468,0.8631885570765695,0.8376765473181278,0.8994434137291281,0.8342450547397389,0.7777777777777778,0.7777777777777778,0.7152777777777778,0.7013888888888888,0.7013888888888888,0.7347222222222223
FINAL_MODEL,FINAL_MODEL,sbj_7,53,8,fixed_epoch_loso_v2,c7ab9d1c9567494e98a16bb5406cfad6,0.8288920056100981,0.8308293202280547,0.8101663257004731,0.8048890579570455,0.8264006791171478,0.8036939678925953,0.8981481481481483,0.8796296296296297,0.8611111111111112,0.7222222222222222,0.6944444444444444,0.8111111111111112
FINAL_MODEL,FINAL_MODEL,sbj_8,53,9,fixed_epoch_loso_v2,7cddc98945854d92b0d1fac1b13dc4f3,0.9081796311146753,0.8934164591674725,0.8998091010836677,0.8907629556415443,0.9114954221770092,0.8896111519451296,0.8888888888888888,0.8888888888888888,0.8888888888888888,0.8888888888888888,0.8888888888888888,0.888888888888889
FINAL_MODEL,FINAL_MODEL,sbj_9,53,10,fixed_epoch_loso_v2,ce631c313ef146119f309f05da23d03b,0.43787528868360276,0.3014400050630529,0.35033829827282337,0.2884084974746776,0.5761613251710479,0.2724222292693237,0.375,0.3194444444444444,0.2638888888888889,0.20833333333333334,0.20833333333333334,0.27499999999999997
FINAL_MODEL,FINAL_MODEL,sbj_10,53,11,fixed_epoch_loso_v2,7f136c75eb33466dba3c17e51bc249b7,0.6551204819277109,0.6109797479649428,0.6919165423709309,0.6072480141753509,0.7189267394449559,0.6010436405492617,0.6574074074074073,0.6296296296296295,0.5185185185185185,0.5185185185185185,0.5185185185185185,0.5685185185185185
FINAL_MODEL,FINAL_MODEL,sbj_11,53,12,fixed_epoch_loso_v2,1f3da0bd36e34ec3b9f1ea5764427111,0.9531742458352094,0.9778714759596765,0.95230292055684,0.963716898933011,0.9083371718102257,0.9667935504398325,1.0,1.0,1.0,0.9444444444444444,0.9444444444444444,0.9777777777777779
FINAL_MODEL,FINAL_MODEL,sbj_12,53,13,fixed_epoch_loso_v2,82a2cd98bbe949709a2535e78d2e324b,0.9305598042214744,0.9389268653588301,0.9377212567364499,0.9330242575056322,0.9255737704918032,0.933438173450845,0.861111111111111,0.861111111111111,0.8148148148148147,0.8148148148148147,0.7962962962962963,0.8296296296296294
FINAL_MODEL,FINAL_MODEL,sbj_13,53,14,fixed_epoch_loso_v2,bd6bd6e404bc4cf3be1883f7656d294b,0.928086497359819,0.9000017874290079,0.9677848064601834,0.9250174793193084,0.9382516188714154,0.9242822493441913,0.8564814814814814,0.8564814814814814,0.8564814814814814,0.8564814814814814,0.8179012345679012,0.8487654320987653
FINAL_MODEL,FINAL_MODEL,sbj_14,53,15,fixed_epoch_loso_v2,6071acd2fda04e688e1b7689913dc1aa,0.89125,0.8921248349955588,0.8998183954752427,0.8783273647683169,0.9096818337324667,0.8765854498258641,0.9388888888888888,0.9388888888888888,0.9018518518518519,0.9018518518518519,0.8694444444444444,0.9101851851851851
FINAL_MODEL,FINAL_MODEL,sbj_15,53,16,fixed_epoch_loso_v2,308d35307dc94ac7ba6f56c47679530a,0.9104534973097618,0.8793720944241371,0.9159886748562333,0.8948159781348612,0.8921865536038764,0.8949620572754715,0.8703703703703703,0.8703703703703703,0.8703703703703703,0.8425925925925926,0.8425925925925926,0.8592592592592592
FINAL_MODEL,FINAL_MODEL,sbj_16,53,17,fixed_epoch_loso_v2,d8e80472648c476a8fed68a0f817fb24,0.932601880877743,0.9365895377445208,0.8872693360501611,0.8857640928721613,0.9695817490494296,0.8811075564178688,0.898148148148148,0.898148148148148,0.898148148148148,0.8425925925925926,0.8425925925925926,0.875925925925926
FINAL_MODEL,FINAL_MODEL,sbj_17,53,18,fixed_epoch_loso_v2,c1d1400df77045d893bc3c62db149bdd,0.93042071197411,0.9236130647865824,0.9462115581002972,0.923922903586732,0.9367185997307175,0.9232120315787328,0.9259259259259258,0.9259259259259258,0.8981481481481483,0.8395061728395062,0.8395061728395062,0.8858024691358025
SIGNAL_ADAPTIVE_DWA,SIGNAL_ADAPTIVE_DWA,sbj_0,41,1,signal_adaptive_loso_v3_candidate,fb8d5f6c0ea84ffcb52a6440b1196730,0.7331304814748524,0.764739808592357,0.6655931928842411,0.6606170353941463,0.7586206896551724,0.6551723879352004,0.7222222222222222,0.6666666666666666,0.5787037037037037,0.5787037037037037,0.5046296296296295,0.6101851851851852
PARENT_NO_PROBE,SIGNAL_ADAPTIVE_DWA,sbj_0,41,1,signal_adaptive_loso_v3_candidate,fb8d5f6c0ea84ffcb52a6440b1196730,0.7279398603901915,0.7649798992033316,0.6581541914645092,0.6553212186217224,0.7501749475157453,0.6500515670164989,0.6574074074074073,0.6574074074074073,0.5833333333333333,0.5833333333333333,0.48148148148148145,0.5925925925925924
ROUND0,SIGNAL_ADAPTIVE_DWA,sbj_0,41,1,signal_adaptive_loso_v3_candidate,fb8d5f6c0ea84ffcb52a6440b1196730,0.6989439770896725,0.7098223189187921,0.6224129090139643,0.610141715460035,0.7290540540540541,0.603535474427034,0.6666666666666666,0.5694444444444444,0.5324074074074073,0.5046296296296295,0.3935185185185185,0.5333333333333333
SIGNAL_ADAPTIVE_DWA,SIGNAL_ADAPTIVE_DWA,sbj_1,41,2,signal_adaptive_loso_v3_candidate,9270f45a8c904294bfda4c7328e70385,0.8601008282319049,0.8562719789367869,0.8361274643004694,0.8270698058818348,0.8578278590266123,0.8253610251515693,0.8194444444444444,0.7638888888888888,0.7638888888888888,0.7361111111111112,0.7175925925925926,0.7601851851851852
PARENT_NO_PROBE,SIGNAL_ADAPTIVE_DWA,sbj_1,41,2,signal_adaptive_loso_v3_candidate,9270f45a8c904294bfda4c7328e70385,0.8586604249189773,0.8587514530171112,0.83303638326931,0.8267418077816167,0.8531302070935491,0.8252757855976204,0.8194444444444444,0.7638888888888888,0.7638888888888888,0.7361111111111112,0.7175925925925926,0.7601851851851852
ROUND0,SIGNAL_ADAPTIVE_DWA,sbj_1,41,2,signal_adaptive_loso_v3_candidate,9270f45a8c904294bfda4c7328e70385,0.8602808786460209,0.8575194272764878,0.8356503061622459,0.8277445931326145,0.8574162679425837,0.8260961667542828,0.8148148148148148,0.7592592592592592,0.7592592592592592,0.7314814814814814,0.712962962962963,0.7555555555555555
SIGNAL_ADAPTIVE_DWA,SIGNAL_ADAPTIVE_DWA,sbj_2,41,3,signal_adaptive_loso_v3_candidate,00bc2f48cb1b49088319c6401dbf5ae0,0.7426326129666012,0.5925959063416585,0.6568164506840479,0.6115780618013554,0.7956671590349581,0.601350889732822,0.6120370370370369,0.6120370370370369,0.5842592592592593,0.5472222222222222,0.5333333333333333,0.5777777777777777
PARENT_NO_PROBE,SIGNAL_ADAPTIVE_DWA,sbj_2,41,3,signal_adaptive_loso_v3_candidate,00bc2f48cb1b49088319c6401dbf5ae0,0.7402469828795959,0.595174776841001,0.6461547076636855,0.607325840290446,0.7916733903501695,0.5970843097315724,0.5833333333333334,0.574074074074074,0.5324074074074074,0.5092592592592592,0.5092592592592592,0.5416666666666666
ROUND0,SIGNAL_ADAPTIVE_DWA,sbj_2,41,3,signal_adaptive_loso_v3_candidate,00bc2f48cb1b49088319c6401dbf5ae0,0.753578445130508,0.5976601209048198,0.6549457483541451,0.6156538165837837,0.8078960038517092,0.604973695068899,0.6330246913580246,0.6330246913580246,0.6330246913580246,0.6006172839506172,0.5867283950617284,0.6172839506172838
SIGNAL_ADAPTIVE_DWA,SIGNAL_ADAPTIVE_DWA,sbj_3,41,4,signal_adaptive_loso_v3_candidate,1cfc18b03b9a43ac924d1fd505bf691a,0.7768585131894484,0.719559498230185,0.6020202870447211,0.6195203562041351,0.8560287942411517,0.606380998535412,0.6770282186948854,0.6191578483245149,0.5821208112874781,0.5265652557319223,0.43694885361552027,0.5683641975308642
PARENT_NO_PROBE,SIGNAL_ADAPTIVE_DWA,sbj_3,41,4,signal_adaptive_loso_v3_candidate,1cfc18b03b9a43ac924d1fd505bf691a,0.7684652278177458,0.7255234323098165,0.586996569328513,0.6104960991370203,0.8451874567217331,0.597457690382314,0.6492504409171076,0.6098985890652557,0.5404541446208113,0.5149911816578483,0.4343033509700176,0.5497795414462081
ROUND0,SIGNAL_ADAPTIVE_DWA,sbj_3,41,4,signal_adaptive_loso_v3_candidate,1cfc18b03b9a43ac924d1fd505bf691a,0.7657074340527578,0.6655573685441883,0.565997775805779,0.5833242786555507,0.8423727157236393,0.5689326988184347,0.6285273368606702,0.6076940035273368,0.5769400352733686,0.484347442680776,0.4473104056437389,0.5489638447971782
SIGNAL_ADAPTIVE_DWA,SIGNAL_ADAPTIVE_DWA,sbj_4,41,5,signal_adaptive_loso_v3_candidate,45125909427b418c93c89f7e702acc8c,0.6086820247610093,0.6438096042363184,0.7487465178740798,0.66714765166915,0.5959095801937567,0.6711053223066719,0.8040123456790123,0.8040123456790123,0.7361111111111112,0.5694444444444444,0.5162037037037037,0.6859567901234567
PARENT_NO_PROBE,SIGNAL_ADAPTIVE_DWA,sbj_4,41,5,signal_adaptive_loso_v3_candidate,45125909427b418c93c89f7e702acc8c,0.609308885754584,0.6443885995386133,0.7478240444268225,0.667223944640975,0.5976814083297552,0.6710874188804872,0.8040123456790123,0.8040123456790123,0.7361111111111112,0.625,0.5138888888888888,0.6966049382716049
ROUND0,SIGNAL_ADAPTIVE_DWA,sbj_4,41,5,signal_adaptive_loso_v3_candidate,45125909427b418c93c89f7e702acc8c,0.6143237737031814,0.7016936591970138,0.7513217382953251,0.6815232683650734,0.6037494674051981,0.6858440350850664,0.8040123456790123,0.8040123456790123,0.7361111111111112,0.5185185185185186,0.49768518518518523,0.6720679012345678
SIGNAL_ADAPTIVE_DWA,SIGNAL_ADAPTIVE_DWA,sbj_5,41,6,signal_adaptive_loso_v3_candidate,ed755e0ed30f47d29aec5de02586f8c6,0.7313328681088626,0.6650411326055705,0.7050483845313199,0.6620882739652804,0.7612055641421948,0.6565817578443407,0.7222222222222222,0.7037037037037037,0.7037037037037037,0.6481481481481483,0.6012345679012346,0.6758024691358026
PARENT_NO_PROBE,SIGNAL_ADAPTIVE_DWA,sbj_5,41,6,signal_adaptive_loso_v3_candidate,ed755e0ed30f47d29aec5de02586f8c6,0.7285415212840195,0.6676755147791834,0.6999091665818331,0.6606345506748719,0.7440811724915445,0.6559986272406123,0.6925925925925926,0.6462962962962963,0.6462962962962963,0.5907407407407407,0.5796296296296296,0.6311111111111111
ROUND0,SIGNAL_ADAPTIVE_DWA,sbj_5,41,6,signal_adaptive_loso_v3_candidate,ed755e0ed30f47d29aec5de02586f8c6,0.7159804605722261,0.6771196210502668,0.6681599039636438,0.6361438053999202,0.7446422084998183,0.6301161163388147,0.6666666666666666,0.6481481481481483,0.6481481481481483,0.575925925925926,0.575925925925926,0.622962962962963
SIGNAL_ADAPTIVE_DWA,SIGNAL_ADAPTIVE_DWA,sbj_6,41,7,signal_adaptive_loso_v3_candidate,f1b73f2076644bae8698fdbe22da0416,0.8791208791208791,0.8503865554893405,0.8717132887495002,0.8496543119345921,0.8976972442431106,0.8469852601396743,0.8194444444444444,0.8194444444444444,0.7916666666666666,0.7916666666666666,0.7916666666666666,0.8027777777777777
PARENT_NO_PROBE,SIGNAL_ADAPTIVE_DWA,sbj_6,41,7,signal_adaptive_loso_v3_candidate,f1b73f2076644bae8698fdbe22da0416,0.8773226773226773,0.8498379344812178,0.8698872651861381,0.8484583292913408,0.8941619585687383,0.8459192387759299,0.8194444444444444,0.8194444444444444,0.7916666666666666,0.7916666666666666,0.7916666666666666,0.8027777777777777
ROUND0,SIGNAL_ADAPTIVE_DWA,sbj_6,41,7,signal_adaptive_loso_v3_candidate,f1b73f2076644bae8698fdbe22da0416,0.8809190809190809,0.8509830058453849,0.8738012610490316,0.8513607751783119,0.9009826152683296,0.8486040062844221,0.8194444444444444,0.8194444444444444,0.7916666666666666,0.7916666666666666,0.7916666666666666,0.8027777777777777
SIGNAL_ADAPTIVE_DWA,SIGNAL_ADAPTIVE_DWA,sbj_7,41,8,signal_adaptive_loso_v3_candidate,fed88beedc6d4cb5a1fa98e330f69107,0.7740182328190743,0.6857512415818787,0.7324941706529311,0.6979106881607475,0.8007495315427857,0.6921974190839676,0.7685185185185186,0.7592592592592592,0.6944444444444444,0.6388888888888888,0.6388888888888888,0.7
PARENT_NO_PROBE,SIGNAL_ADAPTIVE_DWA,sbj_7,41,8,signal_adaptive_loso_v3_candidate,fed88beedc6d4cb5a1fa98e330f69107,0.7729663394109397,0.6874202960166927,0.7294286473801236,0.6966664209445298,0.7995023844080448,0.6909533118632233,0.787037037037037,0.7685185185185186,0.6666666666666666,0.6388888888888888,0.6388888888888888,0.7
ROUND0,SIGNAL_ADAPTIVE_DWA,sbj_7,41,8,signal_adaptive_loso_v3_candidate,fed88beedc6d4cb5a1fa98e330f69107,0.7936535764375876,0.7920705872126506,0.7640410490954618,0.7460394514722032,0.8136672325976231,0.742282352520791,0.8302469135802469,0.8148148148148148,0.6666666666666666,0.6388888888888888,0.6388888888888888,0.7179012345679012
SIGNAL_ADAPTIVE_DWA,SIGNAL_ADAPTIVE_DWA,sbj_8,41,9,signal_adaptive_loso_v3_candidate,79d12bc4f0604e4881b1bf4d63e964ef,0.9161988773055333,0.9691864829998341,0.9026109428708183,0.9270175582076743,0.8780177890724269,0.929739767604077,0.9722222222222222,0.9722222222222222,0.9166666666666666,0.9166666666666666,0.8333333333333334,0.9222222222222222
PARENT_NO_PROBE,SIGNAL_ADAPTIVE_DWA,sbj_8,41,9,signal_adaptive_loso_v3_candidate,79d12bc4f0604e4881b1bf4d63e964ef,0.9127906976744186,0.9684090207887468,0.9008221685750248,0.9254021461447047,0.8702822708531557,0.9284643614386796,0.9722222222222222,0.9722222222222222,0.9722222222222222,0.9166666666666666,0.8148148148148148,0.9296296296296296
ROUND0,SIGNAL_ADAPTIVE_DWA,sbj_8,41,9,signal_adaptive_loso_v3_candidate,79d12bc4f0604e4881b1bf4d63e964ef,0.9147955092221332,0.9631802555212932,0.9034696926904567,0.9238211926479548,0.8803858520900322,0.926234267123395,0.9722222222222222,0.9722222222222222,0.9722222222222222,0.9166666666666666,0.8333333333333334,0.9333333333333332
SIGNAL_ADAPTIVE_DWA,SIGNAL_ADAPTIVE_DWA,sbj_9,41,10,signal_adaptive_loso_v3_candidate,dbb56374e68343838c5e3eefd01ec7e3,0.4387990762124711,0.24096719794824414,0.3691539617052522,0.26092057944464087,0.7270916334661355,0.23502218755455784,0.3055555555555556,0.25,0.17592592592592593,0.17592592592592593,0.17592592592592593,0.2166666666666667
PARENT_NO_PROBE,SIGNAL_ADAPTIVE_DWA,sbj_9,41,10,signal_adaptive_loso_v3_candidate,dbb56374e68343838c5e3eefd01ec7e3,0.4415704387990762,0.2411618043340439,0.3688641826284603,0.26150967406730435,0.7083926031294452,0.23668284467496323,0.3055555555555556,0.25,0.17592592592592593,0.17592592592592593,0.17592592592592593,0.2166666666666667
ROUND0,SIGNAL_ADAPTIVE_DWA,sbj_9,41,10,signal_adaptive_loso_v3_candidate,dbb56374e68343838c5e3eefd01ec7e3,0.4122401847575058,0.23203562931907554,0.3337071601754504,0.24019117226787304,0.7078228086710651,0.21421163691214012,0.2037037037037037,0.17592592592592593,0.17592592592592593,0.17592592592592593,0.17592592592592593,0.1814814814814815
SIGNAL_ADAPTIVE_DWA,SIGNAL_ADAPTIVE_DWA,sbj_10,41,11,signal_adaptive_loso_v3_candidate,cc1def8ec0cc4222894590b210e67335,0.679718875502008,0.5714472840950023,0.7502763621804797,0.6263374933474912,0.7132811463446995,0.6215072904032019,0.6111111111111112,0.6111111111111112,0.5555555555555556,0.5555555555555556,0.5555555555555556,0.5777777777777778
PARENT_NO_PROBE,SIGNAL_ADAPTIVE_DWA,sbj_10,41,11,signal_adaptive_loso_v3_candidate,cc1def8ec0cc4222894590b210e67335,0.6790913654618473,0.5727991368403627,0.7464500089380394,0.6257452426933253,0.7134734893560757,0.6208714512120613,0.6388888888888888,0.6388888888888888,0.5833333333333334,0.5833333333333334,0.5833333333333334,0.6055555555555556
ROUND0,SIGNAL_ADAPTIVE_DWA,sbj_10,41,11,signal_adaptive_loso_v3_candidate,cc1def8ec0cc4222894590b210e67335,0.6753263052208835,0.5723148455344643,0.7464118032448068,0.6245731967851466,0.7082724737750631,0.6199232369523735,0.6666666666666666,0.6666666666666666,0.6111111111111112,0.6111111111111112,0.6111111111111112,0.6333333333333333
SIGNAL_ADAPTIVE_DWA,SIGNAL_ADAPTIVE_DWA,sbj_11,41,12,signal_adaptive_loso_v3_candidate,6cc087d5d35e472baebbb78b8138ab20,0.9113012156686178,0.9154739850073752,0.8988171620155976,0.9009043519688547,0.8464163822525598,0.9039314613975377,0.9398148148148149,0.9398148148148149,0.8842592592592592,0.8842592592592592,0.8842592592592592,0.9064814814814814
PARENT_NO_PROBE,SIGNAL_ADAPTIVE_DWA,sbj_11,41,12,signal_adaptive_loso_v3_candidate,6cc087d5d35e472baebbb78b8138ab20,0.9083746060333183,0.9121296968672795,0.8964777298007292,0.8979692826432741,0.8449014567266495,0.9009174951941977,0.9398148148148149,0.9398148148148149,0.8842592592592592,0.8842592592592592,0.8842592592592592,0.9064814814814814
ROUND0,SIGNAL_ADAPTIVE_DWA,sbj_11,41,12,signal_adaptive_loso_v3_candidate,6cc087d5d35e472baebbb78b8138ab20,0.8872129671319225,0.8562507464542449,0.8714453784171559,0.8617123295739912,0.8119057461761058,0.8644793619849849,0.8842592592592592,0.8842592592592592,0.8842592592592592,0.8842592592592592,0.8703703703703703,0.8814814814814815
SIGNAL_ADAPTIVE_DWA,SIGNAL_ADAPTIVE_DWA,sbj_12,41,13,signal_adaptive_loso_v3_candidate,07caa79b9a344d75a90c5d5bdc4f7644,0.9126644233710615,0.9180788666007718,0.8836660914111499,0.871530530475527,0.9431427166967066,0.8675520756854616,0.7777777777777777,0.7592592592592592,0.7592592592592592,0.7314814814814814,0.7129629629629629,0.748148148148148
PARENT_NO_PROBE,SIGNAL_ADAPTIVE_DWA,sbj_12,41,13,signal_adaptive_loso_v3_candidate,07caa79b9a344d75a90c5d5bdc4f7644,0.9129703273172224,0.9195123066351496,0.8829993217843332,0.8717317139120733,0.943081452404318,0.867767839551393,0.7777777777777777,0.7592592592592592,0.7592592592592592,0.7314814814814814,0.7129629629629629,0.748148148148148
ROUND0,SIGNAL_ADAPTIVE_DWA,sbj_12,41,13,signal_adaptive_loso_v3_candidate,07caa79b9a344d75a90c5d5bdc4f7644,0.9362190272254513,0.9393489346911864,0.9304762394677847,0.9292832814370131,0.9411956876837635,0.9286214810899716,0.8796296296296295,0.8518518518518517,0.8518518518518517,0.7685185185185186,0.7685185185185186,0.8240740740740741
SIGNAL_ADAPTIVE_DWA,SIGNAL_ADAPTIVE_DWA,sbj_13,41,14,signal_adaptive_loso_v3_candidate,2c8d62a2881947b797fea2d5c6a0034c,0.9627860196127734,0.9352675731631429,0.9880803652280904,0.9591339569844458,0.9669608508712378,0.9586991295462907,0.8888888888888888,0.8888888888888888,0.8703703703703703,0.8703703703703703,0.8703703703703703,0.8777777777777777
PARENT_NO_PROBE,SIGNAL_ADAPTIVE_DWA,sbj_13,41,14,signal_adaptive_loso_v3_candidate,2c8d62a2881947b797fea2d5c6a0034c,0.9587628865979382,0.9307215535091428,0.9876604734382025,0.9558118457213013,0.9630975360508687,0.9554070851474366,0.8888888888888888,0.8703703703703703,0.8703703703703703,0.8703703703703703,0.8703703703703703,0.874074074074074
ROUND0,SIGNAL_ADAPTIVE_DWA,sbj_13,41,14,signal_adaptive_loso_v3_candidate,2c8d62a2881947b797fea2d5c6a0034c,0.9590143324113654,0.9323757949672514,0.9863411264527429,0.9560463871576299,0.9633745322598934,0.9556392679852819,0.8888888888888888,0.8888888888888888,0.8703703703703703,0.8703703703703703,0.8333333333333333,0.8703703703703702
SIGNAL_ADAPTIVE_DWA,SIGNAL_ADAPTIVE_DWA,sbj_14,41,15,signal_adaptive_loso_v3_candidate,6a96469db5504824b2bcb05f805d376e,0.9090625,0.9013550829465665,0.9569767379448296,0.9210747843389173,0.9040225829216655,0.922022128862098,0.9953703703703702,0.9768518518518517,0.9521604938271603,0.9521604938271603,0.9058641975308641,0.9564814814814813
PARENT_NO_PROBE,SIGNAL_ADAPTIVE_DWA,sbj_14,41,15,signal_adaptive_loso_v3_candidate,6a96469db5504824b2bcb05f805d376e,0.9084375,0.9006806737656692,0.9553384150470521,0.9202138002182076,0.9031349066572737,0.9211626276382595,0.9953703703703702,0.9768518518518517,0.9521604938271603,0.9521604938271603,0.9023919753086419,0.9557870370370368
ROUND0,SIGNAL_ADAPTIVE_DWA,sbj_14,41,15,signal_adaptive_loso_v3_candidate,6a96469db5504824b2bcb05f805d376e,0.9109375,0.9047701875275711,0.9561771915494145,0.9235743208150498,0.9044697633654689,0.9246356851178041,0.9953703703703702,0.9953703703703702,0.970679012345679,0.9521604938271603,0.9023919753086419,0.9631944444444442
SIGNAL_ADAPTIVE_DWA,SIGNAL_ADAPTIVE_DWA,sbj_15,41,16,signal_adaptive_loso_v3_candidate,9b54a0c6344b41c7a30187da956e2d5a,0.9050730207532667,0.8839838293922495,0.8981600010527895,0.8834085017175569,0.8992890995260664,0.8825262462837509,0.8796296296296295,0.8796296296296295,0.8796296296296295,0.8518518518518517,0.7962962962962963,0.8574074074074073
PARENT_NO_PROBE,SIGNAL_ADAPTIVE_DWA,sbj_15,41,16,signal_adaptive_loso_v3_candidate,9b54a0c6344b41c7a30187da956e2d5a,0.9012298232129131,0.8823038489526268,0.8936597005526321,0.8798396552229439,0.8932153392330383,0.8790965616668275,0.8796296296296295,0.8796296296296295,0.8796296296296295,0.8518518518518517,0.7962962962962963,0.8574074074074073
ROUND0,SIGNAL_ADAPTIVE_DWA,sbj_15,41,16,signal_adaptive_loso_v3_candidate,9b54a0c6344b41c7a30187da956e2d5a,0.9075710991544965,0.8911693539456614,0.8955304784460484,0.8855885312748806,0.9013426736719206,0.8847133011417116,0.8888888888888888,0.8888888888888888,0.8333333333333334,0.8055555555555556,0.8055555555555556,0.8444444444444444
SIGNAL_ADAPTIVE_DWA,SIGNAL_ADAPTIVE_DWA,sbj_16,41,17,signal_adaptive_loso_v3_candidate,9b667494a2654a44b4f5fe40d10b2863,0.9308919920205186,0.9295405981584051,0.9678380479823446,0.9407439190800868,0.9352290679304898,0.9410502996995089,0.9537037037037036,0.9537037037037036,0.9537037037037036,0.898148148148148,0.898148148148148,0.9314814814814814
PARENT_NO_PROBE,SIGNAL_ADAPTIVE_DWA,sbj_16,41,17,signal_adaptive_loso_v3_candidate,9b667494a2654a44b4f5fe40d10b2863,0.9291821031632944,0.9354188917085541,0.9633129666943386,0.9414041372926447,0.9295694325634445,0.9420616208887114,0.9537037037037036,0.9537037037037036,0.9537037037037036,0.898148148148148,0.898148148148148,0.9314814814814814
ROUND0,SIGNAL_ADAPTIVE_DWA,sbj_16,41,17,signal_adaptive_loso_v3_candidate,9b667494a2654a44b4f5fe40d10b2863,0.91479053861499,0.9281689003443061,0.958294237226721,0.9327262577511051,0.9170520231213873,0.9335970485638673,0.9629629629629629,0.9629629629629629,0.9629629629629629,0.8518518518518517,0.8148148148148149,0.9111111111111111
SIGNAL_ADAPTIVE_DWA,SIGNAL_ADAPTIVE_DWA,sbj_17,41,18,signal_adaptive_loso_v3_candidate,76a78bbc87da4bd2b5f9132c49585b34,0.874757281553398,0.8226816929595813,0.8850788228373908,0.8279241835877488,0.913370253164557,0.8231771797223706,0.8611111111111112,0.8611111111111112,0.8333333333333334,0.8148148148148149,0.7962962962962963,0.8333333333333334
PARENT_NO_PROBE,SIGNAL_ADAPTIVE_DWA,sbj_17,41,18,signal_adaptive_loso_v3_candidate,76a78bbc87da4bd2b5f9132c49585b34,0.8733009708737864,0.8226932854561452,0.8824873520265742,0.8262376613899775,0.9099862123301162,0.8215849641155253,0.8611111111111112,0.8611111111111112,0.8148148148148149,0.8148148148148149,0.7962962962962963,0.8296296296296297
ROUND0,SIGNAL_ADAPTIVE_DWA,sbj_17,41,18,signal_adaptive_loso_v3_candidate,76a78bbc87da4bd2b5f9132c49585b34,0.8781553398058253,0.8251069027304748,0.8883854432080137,0.8365291638242689,0.9116663387763132,0.8323548763269331,0.8611111111111112,0.8611111111111112,0.8333333333333334,0.8333333333333334,0.8148148148148148,0.8407407407407408
SIGNAL_ADAPTIVE_DWA,SIGNAL_ADAPTIVE_DWA,sbj_0,47,1,signal_adaptive_loso_v3_candidate,9ea7722814854b78bd25a8c264024b9e,0.740468945766959,0.71549226068821,0.6814696927663956,0.6656246820404711,0.7613636363636364,0.6603058512447396,0.6944444444444444,0.6944444444444444,0.5555555555555556,0.5277777777777778,0.4722222222222222,0.5888888888888889
PARENT_NO_PROBE,SIGNAL_ADAPTIVE_DWA,sbj_0,47,1,signal_adaptive_loso_v3_candidate,9ea7722814854b78bd25a8c264024b9e,0.7347413638804368,0.7165521897837308,0.6735814018003214,0.6602865790013559,0.7384615384615385,0.6559435256980124,0.6944444444444444,0.6666666666666666,0.5277777777777778,0.5277777777777778,0.4722222222222222,0.5777777777777777
ROUND0,SIGNAL_ADAPTIVE_DWA,sbj_0,47,1,signal_adaptive_loso_v3_candidate,9ea7722814854b78bd25a8c264024b9e,0.7231072131734383,0.7079671640267188,0.6583337444544791,0.6454977748795317,0.7385976855003403,0.6403255576228202,0.6388888888888888,0.6388888888888888,0.537037037037037,0.537037037037037,0.48148148148148145,0.5666666666666667
SIGNAL_ADAPTIVE_DWA,SIGNAL_ADAPTIVE_DWA,sbj_1,47,2,signal_adaptive_loso_v3_candidate,1960b767971e4a139724a0bcd855dd15,0.8249909974792942,0.867804373340504,0.7925373765419108,0.7929154600665096,0.8593607305936073,0.7892240561483375,0.7688271604938272,0.7503086419753086,0.7503086419753086,0.7503086419753086,0.7132716049382717,0.7466049382716049
PARENT_NO_PROBE,SIGNAL_ADAPTIVE_DWA,sbj_1,47,2,signal_adaptive_loso_v3_candidate,1960b767971e4a139724a0bcd855dd15,0.8185091825711199,0.8663088756704166,0.7820742080378307,0.786542879022288,0.8519187358916479,0.7829108869739902,0.7441358024691358,0.7441358024691358,0.7441358024691358,0.7441358024691358,0.7070987654320988,0.7367283950617284
ROUND0,SIGNAL_ADAPTIVE_DWA,sbj_1,47,2,signal_adaptive_loso_v3_candidate,1960b767971e4a139724a0bcd855dd15,0.8282319049333814,0.8695754696493703,0.793295474587718,0.7984553980658363,0.8570780399274047,0.7951985846290825,0.7824074074074074,0.749074074074074,0.749074074074074,0.749074074074074,0.7212962962962963,0.7501851851851852
SIGNAL_ADAPTIVE_DWA,SIGNAL_ADAPTIVE_DWA,sbj_2,47,3,signal_adaptive_loso_v3_candidate,15b7087c94954cb18505d12db6ab942f,0.6710637103564412,0.5866928543940672,0.6040365958449666,0.5590935641456852,0.75,0.5484876510426678,0.5805555555555555,0.5574074074074074,0.5388888888888889,0.5157407407407407,0.4972222222222222,0.537962962962963
PARENT_NO_PROBE,SIGNAL_ADAPTIVE_DWA,sbj_2,47,3,signal_adaptive_loso_v3_candidate,15b7087c94954cb18505d12db6ab942f,0.6669941060903732,0.5861272489533554,0.5977166844245102,0.5554593260699964,0.7457983193277311,0.5448849375556778,0.5910493827160495,0.566358024691358,0.5478395061728395,0.5061728395061729,0.5,0.542283950617284
ROUND0,SIGNAL_ADAPTIVE_DWA,sbj_2,47,3,signal_adaptive_loso_v3_candidate,15b7087c94954cb18505d12db6ab942f,0.7040415380297502,0.5843608995815032,0.6203664232613693,0.5869243243138899,0.7623451692815855,0.5771787218156845,0.6157407407407407,0.5879629629629629,0.5879629629629629,0.5648148148148149,0.5277777777777778,0.5768518518518518
SIGNAL_ADAPTIVE_DWA,SIGNAL_ADAPTIVE_DWA,sbj_3,47,4,signal_adaptive_loso_v3_candidate,7c987e986ee144168793288047bac5f9,0.6841726618705036,0.5536873711418968,0.35662746921073324,0.3807232793088926,0.7951871184641246,0.3576975104669353,0.35052910052910047,0.33201058201058203,0.32275132275132273,0.287037037037037,0.23888888888888893,0.30624338624338626
PARENT_NO_PROBE,SIGNAL_ADAPTIVE_DWA,sbj_3,47,4,signal_adaptive_loso_v3_candidate,7c987e986ee144168793288047bac5f9,0.6780575539568345,0.5239081005552739,0.3384614603584463,0.37148909571830313,0.783378155634597,0.3486063701673979,0.35978835978835977,0.33201058201058203,0.33201058201058203,0.28518518518518515,0.23148148148148145,0.3080952380952381
ROUND0,SIGNAL_ADAPTIVE_DWA,sbj_3,47,4,signal_adaptive_loso_v3_candidate,7c987e986ee144168793288047bac5f9,0.7007194244604317,0.5502590727832944,0.3756414205864885,0.4128814478493969,0.7989790529836296,0.3914315808974951,0.39880952380952384,0.3584656084656085,0.30423280423280424,0.30423280423280424,0.2666666666666667,0.3264814814814815
SIGNAL_ADAPTIVE_DWA,SIGNAL_ADAPTIVE_DWA,sbj_4,47,5,signal_adaptive_loso_v3_candidate,081d3665c87e4c508bef5ace6be22fa2,0.7694718696129134,0.7794164387741428,0.7420012196515616,0.7456422841434234,0.8003139717425432,0.7426049681656945,0.8194444444444443,0.8194444444444443,0.7175925925925926,0.662037037037037,0.6435185185185185,0.7324074074074074
PARENT_NO_PROBE,SIGNAL_ADAPTIVE_DWA,sbj_4,47,5,signal_adaptive_loso_v3_candidate,081d3665c87e4c508bef5ace6be22fa2,0.767277856135402,0.7876193421871035,0.7292701672591441,0.7403266064540915,0.7993803253292022,0.737045844294363,0.8009259259259259,0.8009259259259259,0.7175925925925926,0.662037037037037,0.6435185185185185,0.7250000000000001
ROUND0,SIGNAL_ADAPTIVE_DWA,sbj_4,47,5,signal_adaptive_loso_v3_candidate,081d3665c87e4c508bef5ace6be22fa2,0.7674345713837957,0.7928798454609709,0.7315849698412189,0.7424732719031834,0.7921918229326775,0.7397111301793227,0.8287037037037037,0.8101851851851852,0.7268518518518519,0.662037037037037,0.6296296296296295,0.7314814814814815
SIGNAL_ADAPTIVE_DWA,SIGNAL_ADAPTIVE_DWA,sbj_5,47,6,signal_adaptive_loso_v3_candidate,281fde18d3b24e42af2ec93ac27fa212,0.6264247499418469,0.649670836255156,0.5148249891353973,0.5207168707044886,0.6488413547237076,0.5135988438145319,0.5055555555555555,0.44999999999999996,0.37592592592592594,0.37592592592592594,0.37592592592592594,0.4166666666666667
PARENT_NO_PROBE,SIGNAL_ADAPTIVE_DWA,sbj_5,47,6,signal_adaptive_loso_v3_candidate,281fde18d3b24e42af2ec93ac27fa212,0.6201442195859502,0.6552095813238461,0.5056443534960436,0.5115447766379547,0.6354651162790698,0.5046603133245594,0.5055555555555555,0.44999999999999996,0.37592592592592594,0.37592592592592594,0.37592592592592594,0.4166666666666667
ROUND0,SIGNAL_ADAPTIVE_DWA,sbj_5,47,6,signal_adaptive_loso_v3_candidate,281fde18d3b24e42af2ec93ac27fa212,0.6078157711095603,0.6921275228555468,0.4852925085987754,0.5019083592928071,0.6309148264984227,0.4947413333369396,0.44999999999999996,0.39444444444444443,0.37592592592592594,0.37592592592592594,0.37592592592592594,0.3944444444444445
SIGNAL_ADAPTIVE_DWA,SIGNAL_ADAPTIVE_DWA,sbj_6,47,7,signal_adaptive_loso_v3_candidate,cea242ec32ef4461ac6261aaf5776d2c,0.8413586413586414,0.8160580987400106,0.8046584541219499,0.7897680863254046,0.8549828178694158,0.7861450456840706,0.7777777777777778,0.7222222222222222,0.6944444444444444,0.6944444444444444,0.6736111111111112,0.7125000000000001
PARENT_NO_PROBE,SIGNAL_ADAPTIVE_DWA,sbj_6,47,7,signal_adaptive_loso_v3_candidate,cea242ec32ef4461ac6261aaf5776d2c,0.8379620379620379,0.8156097959609501,0.8000464961125818,0.787273755184312,0.8489601091033072,0.7838467355221456,0.7777777777777778,0.7222222222222222,0.6944444444444444,0.6944444444444444,0.6736111111111112,0.7125000000000001
ROUND0,SIGNAL_ADAPTIVE_DWA,sbj_6,47,7,signal_adaptive_loso_v3_candidate,cea242ec32ef4461ac6261aaf5776d2c,0.8427572427572427,0.816593918238014,0.8077805060652598,0.7941760271355953,0.8567493112947658,0.7906997335711969,0.7777777777777778,0.7222222222222222,0.6944444444444444,0.6944444444444444,0.6944444444444444,0.7166666666666668
SIGNAL_ADAPTIVE_DWA,SIGNAL_ADAPTIVE_DWA,sbj_7,47,8,signal_adaptive_loso_v3_candidate,2c1b01dc524d45d3aca741e7cb72b498,0.8059256661991585,0.8043017348274283,0.7608057333207545,0.757281383507815,0.8087761674718197,0.7544205621764815,0.7962962962962963,0.7962962962962963,0.75,0.6944444444444444,0.6388888888888888,0.7351851851851852
PARENT_NO_PROBE,SIGNAL_ADAPTIVE_DWA,sbj_7,47,8,signal_adaptive_loso_v3_candidate,2c1b01dc524d45d3aca741e7cb72b498,0.8068022440392707,0.8031595813659896,0.7611981132787194,0.7581151427432788,0.8094855305466238,0.7552612323097596,0.7962962962962963,0.7962962962962963,0.75,0.6944444444444444,0.6388888888888888,0.7351851851851852
ROUND0,SIGNAL_ADAPTIVE_DWA,sbj_7,47,8,signal_adaptive_loso_v3_candidate,2c1b01dc524d45d3aca741e7cb72b498,0.8071528751753155,0.8019611910529448,0.7641107739935146,0.7598470937675043,0.8085449415558242,0.7571416577792642,0.8055555555555556,0.7962962962962963,0.75,0.6944444444444444,0.6944444444444444,0.7481481481481482
SIGNAL_ADAPTIVE_DWA,SIGNAL_ADAPTIVE_DWA,sbj_8,47,9,signal_adaptive_loso_v3_candidate,42ed48bdcb8a46e288b14a3f8be1ef19,0.8869286287089013,0.8892180256719072,0.8728260918825815,0.8710615714024234,0.8802886192194163,0.8705489576348125,0.8888888888888888,0.8888888888888888,0.8888888888888888,0.8333333333333334,0.8055555555555556,0.861111111111111
PARENT_NO_PROBE,SIGNAL_ADAPTIVE_DWA,sbj_8,47,9,signal_adaptive_loso_v3_candidate,42ed48bdcb8a46e288b14a3f8be1ef19,0.8833199679230153,0.886705087621149,0.8702911245844769,0.8683797419888237,0.8740983606557376,0.868062040951773,0.9166666666666666,0.9166666666666666,0.9166666666666666,0.8611111111111112,0.8333333333333334,0.888888888888889
ROUND0,SIGNAL_ADAPTIVE_DWA,sbj_8,47,9,signal_adaptive_loso_v3_candidate,42ed48bdcb8a46e288b14a3f8be1ef19,0.8652766639935846,0.8272070866267661,0.8475297424278824,0.8307177668528978,0.85336770866903,0.8294594367520015,0.8611111111111112,0.8611111111111112,0.8611111111111112,0.8611111111111112,0.8333333333333334,0.8555555555555555
SIGNAL_ADAPTIVE_DWA,SIGNAL_ADAPTIVE_DWA,sbj_9,47,10,signal_adaptive_loso_v3_candidate,3620ee5b8276442aa87ec0f098bfccab,0.4630484988452656,0.3708679986668695,0.3873280250769392,0.3313431006079116,0.6259351620947631,0.31497687496975324,0.4351851851851852,0.2685185185185185,0.24074074074074073,0.18518518518518517,0.16666666666666666,0.25925925925925924
PARENT_NO_PROBE,SIGNAL_ADAPTIVE_DWA,sbj_9,47,10,signal_adaptive_loso_v3_candidate,3620ee5b8276442aa87ec0f098bfccab,0.45727482678983833,0.37697577606420696,0.38004349400037823,0.32568392326289625,0.6130081300813008,0.3097214673285404,0.4351851851851852,0.2685185185185185,0.24074074074074073,0.18518518518518517,0.16666666666666666,0.25925925925925924
ROUND0,SIGNAL_ADAPTIVE_DWA,sbj_9,47,10,signal_adaptive_loso_v3_candidate,3620ee5b8276442aa87ec0f098bfccab,0.4535796766743649,0.385325259399566,0.3746279091478239,0.3202690091906904,0.6091127098321343,0.3042221369328324,0.35648148148148145,0.3009259259259259,0.2175925925925926,0.2175925925925926,0.1388888888888889,0.2462962962962963
SIGNAL_ADAPTIVE_DWA,SIGNAL_ADAPTIVE_DWA,sbj_10,47,11,signal_adaptive_loso_v3_candidate,b24c6137c6444eccb7e5ba40221dcf07,0.6414407630522089,0.5782045412889694,0.6605390435209951,0.5551317050611724,0.7218717139852786,0.5458683712320553,0.5787037037037037,0.5787037037037037,0.5787037037037037,0.4444444444444444,0.4444444444444444,0.525
PARENT_NO_PROBE,SIGNAL_ADAPTIVE_DWA,sbj_10,47,11,signal_adaptive_loso_v3_candidate,b24c6137c6444eccb7e5ba40221dcf07,0.6404367469879518,0.5248477623576933,0.6568878324875599,0.5519614254404016,0.71835030018272,0.5427175990658283,0.6064814814814814,0.6064814814814814,0.6064814814814814,0.5277777777777778,0.5277777777777778,0.575
ROUND0,SIGNAL_ADAPTIVE_DWA,sbj_10,47,11,signal_adaptive_loso_v3_candidate,b24c6137c6444eccb7e5ba40221dcf07,0.6447038152610441,0.5321926935010726,0.6584625261920477,0.552095364017245,0.721422083819904,0.5426883240282083,0.5972222222222222,0.5416666666666666,0.5416666666666666,0.5138888888888888,0.5138888888888888,0.5416666666666666
SIGNAL_ADAPTIVE_DWA,SIGNAL_ADAPTIVE_DWA,sbj_11,47,12,signal_adaptive_loso_v3_candidate,e697852ba09f490c808d36a5350e20e7,0.9403421882035119,0.9816086408882756,0.9325043370110995,0.9510706762136774,0.8833113166006165,0.9548350850810697,1.0,1.0,1.0,0.9444444444444444,0.8888888888888888,0.9666666666666668
PARENT_NO_PROBE,SIGNAL_ADAPTIVE_DWA,sbj_11,47,12,signal_adaptive_loso_v3_candidate,e697852ba09f490c808d36a5350e20e7,0.9378658262044124,0.9787950488331654,0.9317406879313684,0.949425166988172,0.8779840848806366,0.9533941159941463,1.0,1.0,1.0,0.9444444444444444,0.8333333333333334,0.9555555555555555
ROUND0,SIGNAL_ADAPTIVE_DWA,sbj_11,47,12,signal_adaptive_loso_v3_candidate,e697852ba09f490c808d36a5350e20e7,0.9360648356596127,0.9784255993617146,0.9289216261650934,0.9485479081833479,0.8751099384344767,0.9526277953916185,0.9814814814814815,0.9814814814814815,0.9814814814814815,0.9814814814814815,0.8703703703703703,0.9592592592592594
SIGNAL_ADAPTIVE_DWA,SIGNAL_ADAPTIVE_DWA,sbj_12,47,13,signal_adaptive_loso_v3_candidate,4a94b3ebf66d4ee3afee5c1d84da9b34,0.9076170082594065,0.9414184259541772,0.9153412176027403,0.9172923037321249,0.9011132940406025,0.9181911376038762,0.8796296296296295,0.8518518518518517,0.8333333333333333,0.8333333333333333,0.8148148148148147,0.8425925925925926
PARENT_NO_PROBE,SIGNAL_ADAPTIVE_DWA,sbj_12,47,13,signal_adaptive_loso_v3_candidate,4a94b3ebf66d4ee3afee5c1d84da9b34,0.9092994799632915,0.9399783337161209,0.920379183335646,0.9198794395279428,0.9024510610297747,0.920847682777841,0.8796296296296295,0.8796296296296295,0.861111111111111,0.861111111111111,0.8425925925925924,0.8648148148148147
ROUND0,SIGNAL_ADAPTIVE_DWA,sbj_12,47,13,signal_adaptive_loso_v3_candidate,4a94b3ebf66d4ee3afee5c1d84da9b34,0.9063933924747629,0.9231674239336883,0.9189108338281595,0.9037429550672997,0.9115487316421896,0.9033093008131393,0.861111111111111,0.861111111111111,0.8425925925925924,0.8148148148148147,0.8148148148148147,0.8388888888888888
SIGNAL_ADAPTIVE_DWA,SIGNAL_ADAPTIVE_DWA,sbj_13,47,14,signal_adaptive_loso_v3_candidate,ea4a083fe73c44a5866b095517f530bc,0.9422931858184561,0.9179340972938697,0.9564850207263724,0.9316628374250131,0.9546739007573188,0.9303844450176629,0.8611111111111112,0.8611111111111112,0.8055555555555556,0.7916666666666666,0.7422839506172839,0.8123456790123456
PARENT_NO_PROBE,SIGNAL_ADAPTIVE_DWA,sbj_13,47,14,signal_adaptive_loso_v3_candidate,ea4a083fe73c44a5866b095517f530bc,0.9392758360573297,0.9143798583104044,0.9540189818484945,0.9284162927984049,0.951917637741826,0.9271106625237704,0.8611111111111112,0.8611111111111112,0.8055555555555556,0.7916666666666666,0.7422839506172839,0.8123456790123456
ROUND0,SIGNAL_ADAPTIVE_DWA,sbj_13,47,14,signal_adaptive_loso_v3_candidate,ea4a083fe73c44a5866b095517f530bc,0.9443047523258737,0.9233267037679987,0.9569377968566103,0.9345538364949704,0.9559039133867148,0.9333677211120958,0.8611111111111112,0.8611111111111112,0.7916666666666666,0.7731481481481481,0.7191358024691358,0.8012345679012347
SIGNAL_ADAPTIVE_DWA,SIGNAL_ADAPTIVE_DWA,sbj_14,47,15,signal_adaptive_loso_v3_candidate,f80f941501a243ca98a9eb717dd207da,0.87609375,0.8639860457124816,0.9276528993394119,0.8792610272369996,0.8865942028985507,0.8788536285891357,0.949074074074074,0.949074074074074,0.9351851851851851,0.8055555555555556,0.7291666666666666,0.8736111111111111
PARENT_NO_PROBE,SIGNAL_ADAPTIVE_DWA,sbj_14,47,15,signal_adaptive_loso_v3_candidate,f80f941501a243ca98a9eb717dd207da,0.87765625,0.8683255424129869,0.9242490781199734,0.8804316608847527,0.8883695847564264,0.8799906651141042,0.949074074074074,0.949074074074074,0.9351851851851851,0.8055555555555556,0.7291666666666666,0.8736111111111111
ROUND0,SIGNAL_ADAPTIVE_DWA,sbj_14,47,15,signal_adaptive_loso_v3_candidate,f80f941501a243ca98a9eb717dd207da,0.87265625,0.8612247832772525,0.9163441299274685,0.8709693375272928,0.8865311994245639,0.870104789644111,0.9432098765432099,0.9432098765432099,0.8876543209876543,0.8320987654320988,0.7583333333333333,0.8729012345679014
SIGNAL_ADAPTIVE_DWA,SIGNAL_ADAPTIVE_DWA,sbj_15,47,16,signal_adaptive_loso_v3_candidate,5f5fe568b3864f8c9d31069232b2f822,0.8933512682551883,0.8803001016856443,0.8657243390594832,0.8505793306662467,0.9143845488613433,0.8470345963220747,0.8333333333333334,0.8333333333333334,0.8333333333333334,0.8055555555555556,0.8055555555555556,0.8222222222222222
PARENT_NO_PROBE,SIGNAL_ADAPTIVE_DWA,sbj_15,47,16,signal_adaptive_loso_v3_candidate,5f5fe568b3864f8c9d31069232b2f822,0.8898923904688701,0.8785316338325441,0.8627670329199505,0.8480760099455948,0.9085155350978136,0.8447182585482493,0.8333333333333334,0.8333333333333334,0.8333333333333334,0.8055555555555556,0.8055555555555556,0.8222222222222222
ROUND0,SIGNAL_ADAPTIVE_DWA,sbj_15,47,16,signal_adaptive_loso_v3_candidate,5f5fe568b3864f8c9d31069232b2f822,0.8579938508839354,0.8586300599853608,0.8239119847567844,0.806757057469071,0.9027303754266212,0.8014252064714293,0.8333333333333334,0.7777777777777778,0.7777777777777778,0.75,0.6666666666666666,0.7611111111111111
SIGNAL_ADAPTIVE_DWA,SIGNAL_ADAPTIVE_DWA,sbj_16,47,17,signal_adaptive_loso_v3_candidate,64fb468b741747b996681aeda871ff7e,0.97606155599886,0.9826959750953245,0.9667939047839179,0.9740758857923832,0.9775601795185639,0.9738823139187066,0.9722222222222222,0.9722222222222222,0.9722222222222222,0.9722222222222222,0.9722222222222222,0.9722222222222221
PARENT_NO_PROBE,SIGNAL_ADAPTIVE_DWA,sbj_16,47,17,signal_adaptive_loso_v3_candidate,64fb468b741747b996681aeda871ff7e,0.9740666856654318,0.9813908017578808,0.9638455809980864,0.9718626208262342,0.9756760429406169,0.9716507640421018,0.9722222222222222,0.9722222222222222,0.9722222222222222,0.9722222222222222,0.9722222222222222,0.9722222222222221
ROUND0,SIGNAL_ADAPTIVE_DWA,sbj_16,47,17,signal_adaptive_loso_v3_candidate,64fb468b741747b996681aeda871ff7e,0.9539754915930464,0.9587661871580193,0.9424307251387448,0.9475102207992844,0.9610141766630316,0.9467600010290762,0.9722222222222222,0.9722222222222222,0.9444444444444444,0.8888888888888888,0.7777777777777778,0.9111111111111111
SIGNAL_ADAPTIVE_DWA,SIGNAL_ADAPTIVE_DWA,sbj_17,47,18,signal_adaptive_loso_v3_candidate,85194ceb04ce4fa4aed85714a3b9e814,0.8805825242718447,0.901352861980235,0.8704357210464057,0.8550735360908955,0.8954891405234825,0.8528282247335296,0.8842592592592592,0.8148148148148148,0.7870370370370371,0.7870370370370371,0.7623456790123457,0.8070987654320987
PARENT_NO_PROBE,SIGNAL_ADAPTIVE_DWA,sbj_17,47,18,signal_adaptive_loso_v3_candidate,85194ceb04ce4fa4aed85714a3b9e814,0.8771844660194175,0.8987792774738746,0.8681660064261704,0.8531839914741897,0.8908280727812848,0.8510926536237954,0.8703703703703703,0.7870370370370371,0.7870370370370371,0.7870370370370371,0.7623456790123457,0.7987654320987655
ROUND0,SIGNAL_ADAPTIVE_DWA,sbj_17,47,18,signal_adaptive_loso_v3_candidate,85194ceb04ce4fa4aed85714a3b9e814,0.8810679611650486,0.9001805530863864,0.8700722590813197,0.8533102473976073,0.8993862748744653,0.8507504680933375,0.8703703703703703,0.8148148148148148,0.7870370370370371,0.7870370370370371,0.7685185185185185,0.8055555555555556
SIGNAL_ADAPTIVE_DWA,SIGNAL_ADAPTIVE_DWA,sbj_0,53,1,signal_adaptive_loso_v3_candidate,10a44e35380645d3a5e4754066b7d89e,0.795596921424736,0.8240995835427306,0.7577677804417945,0.7600118079877577,0.7740767559739319,0.7592304219885259,0.787037037037037,0.787037037037037,0.7407407407407407,0.7129629629629629,0.6574074074074073,0.737037037037037
PARENT_NO_PROBE,SIGNAL_ADAPTIVE_DWA,sbj_0,53,1,signal_adaptive_loso_v3_candidate,10a44e35380645d3a5e4754066b7d89e,0.7911222480758905,0.824787580561864,0.7494578629005659,0.7551823661270577,0.7666547915924474,0.7545450091567583,0.787037037037037,0.787037037037037,0.7407407407407407,0.7129629629629629,0.6388888888888888,0.7333333333333333
ROUND0,SIGNAL_ADAPTIVE_DWA,sbj_0,53,1,signal_adaptive_loso_v3_candidate,10a44e35380645d3a5e4754066b7d89e,0.7773402541614463,0.859971843559345,0.7283609550538103,0.7337915262176985,0.7722701149425287,0.7316538268440967,0.7546296296296295,0.7546296296296295,0.7268518518518517,0.6805555555555556,0.6064814814814814,0.7046296296296295
SIGNAL_ADAPTIVE_DWA,SIGNAL_ADAPTIVE_DWA,sbj_1,53,2,signal_adaptive_loso_v3_candidate,085fc5f3397e4bedbffcff1097313698,0.8404753330932662,0.8777973309277818,0.8048875127139841,0.8229025837414824,0.8484571428571429,0.8214828860128347,0.8398148148148148,0.8398148148148148,0.7657407407407407,0.6694444444444444,0.6509259259259259,0.7531481481481481
PARENT_NO_PROBE,SIGNAL_ADAPTIVE_DWA,sbj_1,53,2,signal_adaptive_loso_v3_candidate,085fc5f3397e4bedbffcff1097313698,0.8365142239827151,0.8787250935531905,0.7985446660134944,0.8194114144302278,0.8432971014492754,0.8180844318180585,0.8425925925925926,0.8425925925925926,0.7685185185185185,0.6712962962962963,0.6527777777777778,0.7555555555555555
ROUND0,SIGNAL_ADAPTIVE_DWA,sbj_1,53,2,signal_adaptive_loso_v3_candidate,085fc5f3397e4bedbffcff1097313698,0.8438962909614692,0.8822689287257001,0.8091269393912708,0.8277770157324754,0.8498519024834814,0.8265506331351973,0.8333333333333334,0.8333333333333334,0.7777777777777778,0.7530864197530864,0.6651234567901235,0.7725308641975308
SIGNAL_ADAPTIVE_DWA,SIGNAL_ADAPTIVE_DWA,sbj_2,53,3,signal_adaptive_loso_v3_candidate,10b5d63683b243bca2a1d785e4696708,0.5804097670502386,0.42344926355281104,0.4468956531125126,0.3923423299198266,0.7597334268677657,0.3719317134227189,0.3851851851851852,0.3712962962962963,0.3712962962962963,0.2949074074074074,0.2949074074074074,0.3435185185185185
PARENT_NO_PROBE,SIGNAL_ADAPTIVE_DWA,sbj_2,53,3,signal_adaptive_loso_v3_candidate,10b5d63683b243bca2a1d785e4696708,0.5767611563289363,0.42352048766924694,0.4451863952950128,0.39136113887091234,0.7504369101712688,0.3714124849097814,0.37222222222222223,0.37222222222222223,0.37222222222222223,0.29583333333333334,0.29583333333333334,0.3416666666666667
ROUND0,SIGNAL_ADAPTIVE_DWA,sbj_2,53,3,signal_adaptive_loso_v3_candidate,10b5d63683b243bca2a1d785e4696708,0.6190008419870895,0.42273295781140874,0.4915788151175991,0.42939000560637625,0.7644353602452734,0.41077637479310425,0.44722222222222224,0.44722222222222224,0.42870370370370364,0.42870370370370364,0.39475308641975304,0.429320987654321
SIGNAL_ADAPTIVE_DWA,SIGNAL_ADAPTIVE_DWA,sbj_3,53,4,signal_adaptive_loso_v3_candidate,6d268160e9f44b708a0661aadc651403,0.8106714628297362,0.7917518931475298,0.6016895393641915,0.656924245740587,0.8614969135802469,0.6455590975272726,0.6600529100529101,0.6600529100529101,0.5952380952380953,0.5628306878306879,0.466931216931217,0.5890211640211641
PARENT_NO_PROBE,SIGNAL_ADAPTIVE_DWA,sbj_3,53,4,signal_adaptive_loso_v3_candidate,6d268160e9f44b708a0661aadc651403,0.8075539568345323,0.8065288891071193,0.5901329128697907,0.6534278564245003,0.8553987027851965,0.642207253848906,0.6785714285714285,0.6137566137566137,0.6137566137566137,0.5548941798941799,0.38822751322751325,0.5698412698412698
ROUND0,SIGNAL_ADAPTIVE_DWA,sbj_3,53,4,signal_adaptive_loso_v3_candidate,6d268160e9f44b708a0661aadc651403,0.8085131894484412,0.8359899436301758,0.6388093835104242,0.690490639419313,0.8540015847860539,0.6814066980100496,0.7439153439153439,0.7439153439153439,0.655952380952381,0.6124338624338624,0.42989417989417983,0.6372222222222221
SIGNAL_ADAPTIVE_DWA,SIGNAL_ADAPTIVE_DWA,sbj_4,53,5,signal_adaptive_loso_v3_candidate,a5916598881c47398f1f69a88099e880,0.7995611973044977,0.7877291436395859,0.7798675186076318,0.7685560088951788,0.8443860801050558,0.7643432271612968,0.8595679012345678,0.8348765432098765,0.816358024691358,0.7052469135802468,0.6126543209876543,0.7657407407407406
PARENT_NO_PROBE,SIGNAL_ADAPTIVE_DWA,sbj_4,53,5,signal_adaptive_loso_v3_candidate,a5916598881c47398f1f69a88099e880,0.7983074753173484,0.7923303512161199,0.7732021417461826,0.7668162496280596,0.8440456769983686,0.7625257258852647,0.8595679012345678,0.8348765432098765,0.816358024691358,0.7052469135802468,0.6080246913580246,0.7648148148148147
ROUND0,SIGNAL_ADAPTIVE_DWA,sbj_4,53,5,signal_adaptive_loso_v3_candidate,a5916598881c47398f1f69a88099e880,0.8033223632659457,0.8025848498208041,0.7836049208918631,0.780081042008725,0.8348919703321509,0.7770359904352013,0.8595679012345678,0.8348765432098765,0.816358024691358,0.7052469135802468,0.6080246913580246,0.7648148148148147
SIGNAL_ADAPTIVE_DWA,SIGNAL_ADAPTIVE_DWA,sbj_5,53,6,signal_adaptive_loso_v3_candidate,0668223e5e5f4d9689bb769917855acf,0.7385438474063736,0.6986273537021571,0.6727767755582607,0.6611748644588369,0.7956667911841614,0.6537030907518744,0.6518518518518519,0.6333333333333333,0.5777777777777777,0.5222222222222221,0.5222222222222221,0.5814814814814815
PARENT_NO_PROBE,SIGNAL_ADAPTIVE_DWA,sbj_5,53,6,signal_adaptive_loso_v3_candidate,0668223e5e5f4d9689bb769917855acf,0.7345894394045127,0.6989467685648204,0.6671014696050355,0.6581261308207424,0.7884828349944629,0.6508840916999802,0.6490740740740741,0.6296296296296295,0.574074074074074,0.5185185185185185,0.5185185185185185,0.5779629629629629
ROUND0,SIGNAL_ADAPTIVE_DWA,sbj_5,53,6,signal_adaptive_loso_v3_candidate,0668223e5e5f4d9689bb769917855acf,0.7338916026983019,0.6993656368621771,0.6637081751872869,0.6482299359214888,0.7804522246535376,0.6408842532141529,0.6490740740740741,0.6296296296296295,0.6111111111111112,0.5555555555555556,0.5555555555555556,0.6001851851851852
SIGNAL_ADAPTIVE_DWA,SIGNAL_ADAPTIVE_DWA,sbj_6,53,7,signal_adaptive_loso_v3_candidate,1700f9f399634b7181e9ea9a0585b00d,0.8431568431568431,0.7730504279878552,0.8198648328263353,0.7821024475533637,0.906576980568012,0.7751871957192165,0.7638888888888888,0.7638888888888888,0.7222222222222222,0.7222222222222222,0.7222222222222222,0.7388888888888889
PARENT_NO_PROBE,SIGNAL_ADAPTIVE_DWA,sbj_6,53,7,signal_adaptive_loso_v3_candidate,1700f9f399634b7181e9ea9a0585b00d,0.8405594405594405,0.7720403224048822,0.8161855878111607,0.779811703283041,0.9019316493313522,0.7730272618359125,0.7638888888888888,0.7638888888888888,0.7222222222222222,0.7222222222222222,0.7222222222222222,0.7388888888888889
ROUND0,SIGNAL_ADAPTIVE_DWA,sbj_6,53,7,signal_adaptive_loso_v3_candidate,1700f9f399634b7181e9ea9a0585b00d,0.8425574425574426,0.7733032667236815,0.8184910228276133,0.781390871425951,0.9064480059634737,0.7744432528405331,0.7777777777777778,0.7777777777777778,0.75,0.75,0.75,0.7611111111111111
SIGNAL_ADAPTIVE_DWA,SIGNAL_ADAPTIVE_DWA,sbj_7,53,8,signal_adaptive_loso_v3_candidate,e2bf5441994e4c01a5db6f9d66d7ad64,0.8176718092566619,0.8222402069693151,0.7942834557756782,0.798198811706373,0.8010653554599467,0.7980395592756189,0.8981481481481483,0.8240740740740741,0.7962962962962963,0.7222222222222222,0.6203703703703703,0.7722222222222223
PARENT_NO_PROBE,SIGNAL_ADAPTIVE_DWA,sbj_7,53,8,signal_adaptive_loso_v3_candidate,e2bf5441994e4c01a5db6f9d66d7ad64,0.8169705469845723,0.8230477346575477,0.7932634911866376,0.7979243072256293,0.7998362668849774,0.7978180872445545,0.8981481481481483,0.8240740740740741,0.7777777777777778,0.7222222222222222,0.6203703703703703,0.7685185185185185
ROUND0,SIGNAL_ADAPTIVE_DWA,sbj_7,53,8,signal_adaptive_loso_v3_candidate,e2bf5441994e4c01a5db6f9d66d7ad64,0.8299438990182328,0.8695256026673388,0.8185940883088109,0.8304023951707902,0.8081188533165934,0.8316403697182456,0.8919753086419754,0.8240740740740741,0.75,0.7222222222222222,0.6388888888888888,0.7654320987654322
SIGNAL_ADAPTIVE_DWA,SIGNAL_ADAPTIVE_DWA,sbj_8,53,9,signal_adaptive_loso_v3_candidate,10b5dc262121490685664924a6c5af0b,0.8991579791499599,0.8944786235763257,0.8836503961429139,0.8797616657857494,0.8995342648037259,0.8786631880625284,0.9166666666666666,0.9166666666666666,0.9166666666666666,0.8055555555555556,0.8055555555555556,0.8722222222222221
PARENT_NO_PROBE,SIGNAL_ADAPTIVE_DWA,sbj_8,53,9,signal_adaptive_loso_v3_candidate,10b5dc262121490685664924a6c5af0b,0.8975541299117883,0.8954916681172687,0.880362583840245,0.8784398656090965,0.8957095709570957,0.8774804375342077,0.9166666666666666,0.9166666666666666,0.9166666666666666,0.8055555555555556,0.8055555555555556,0.8722222222222221
ROUND0,SIGNAL_ADAPTIVE_DWA,sbj_8,53,9,signal_adaptive_loso_v3_candidate,10b5dc262121490685664924a6c5af0b,0.8979550922213312,0.8923087206254369,0.8846530269691886,0.8808214761135829,0.8962987662554185,0.8799616266612585,0.8888888888888888,0.8888888888888888,0.8888888888888888,0.8333333333333334,0.8333333333333334,0.8666666666666666
SIGNAL_ADAPTIVE_DWA,SIGNAL_ADAPTIVE_DWA,sbj_9,53,10,signal_adaptive_loso_v3_candidate,2e0b002e58064ac68e750387fbfc4e3a,0.41478060046189374,0.30710857317365986,0.3158920240749639,0.27686390678925843,0.5224541429475016,0.26322000478046714,0.2638888888888889,0.2361111111111111,0.18055555555555555,0.18055555555555555,0.125,0.19722222222222224
PARENT_NO_PROBE,SIGNAL_ADAPTIVE_DWA,sbj_9,53,10,signal_adaptive_loso_v3_candidate,2e0b002e58064ac68e750387fbfc4e3a,0.4096997690531178,0.3100064130349659,0.30832510216818715,0.27302549914039576,0.5104166666666666,0.25983710094449175,0.2777777777777778,0.25,0.19444444444444445,0.19444444444444445,0.1388888888888889,0.2111111111111111
ROUND0,SIGNAL_ADAPTIVE_DWA,sbj_9,53,10,signal_adaptive_loso_v3_candidate,2e0b002e58064ac68e750387fbfc4e3a,0.40808314087759817,0.338911290394403,0.3077940679315427,0.27007646711613803,0.5138932251014674,0.2565310916725086,0.2222222222222222,0.19444444444444445,0.19444444444444445,0.19444444444444445,0.1388888888888889,0.18888888888888888
SIGNAL_ADAPTIVE_DWA,SIGNAL_ADAPTIVE_DWA,sbj_10,53,11,signal_adaptive_loso_v3_candidate,2e2469302315436f8506827a0b8bd38a,0.6204819277108434,0.5874756107158224,0.698100744833393,0.5988128981549039,0.6498302783435166,0.5959785992555365,0.6237654320987654,0.5682098765432099,0.5126543209876543,0.5126543209876543,0.5126543209876543,0.5459876543209876
PARENT_NO_PROBE,SIGNAL_ADAPTIVE_DWA,sbj_10,53,11,signal_adaptive_loso_v3_candidate,2e2469302315436f8506827a0b8bd38a,0.6236194779116466,0.5903926882775207,0.6957366857105423,0.5998169276259936,0.6548935022917228,0.596757117922342,0.6330246913580246,0.5774691358024691,0.5219135802469136,0.5219135802469136,0.5219135802469136,0.5552469135802469
ROUND0,SIGNAL_ADAPTIVE_DWA,sbj_10,53,11,signal_adaptive_loso_v3_candidate,2e2469302315436f8506827a0b8bd38a,0.6306475903614458,0.5887241946603009,0.6936215795479974,0.5955618502789084,0.6648037258815702,0.5917150794120939,0.6052469135802468,0.6052469135802468,0.5496913580246914,0.4941358024691358,0.4941358024691358,0.5496913580246913
SIGNAL_ADAPTIVE_DWA,SIGNAL_ADAPTIVE_DWA,sbj_11,53,12,signal_adaptive_loso_v3_candidate,81112f4a140b4cf38d3110ef1abe8736,0.9313372354795137,0.9841037661369578,0.9186817935707174,0.9420078409393272,0.8697137975224263,0.9460241766847106,1.0,1.0,0.9444444444444444,0.8888888888888888,0.8888888888888888,0.9444444444444444
PARENT_NO_PROBE,SIGNAL_ADAPTIVE_DWA,sbj_11,53,12,signal_adaptive_loso_v3_candidate,81112f4a140b4cf38d3110ef1abe8736,0.930211616389014,0.9842197390095896,0.9171242336245665,0.9414734282511867,0.8679727427597955,0.9455567996673752,1.0,1.0,0.9444444444444444,0.8888888888888888,0.8888888888888888,0.9444444444444444
ROUND0,SIGNAL_ADAPTIVE_DWA,sbj_11,53,12,signal_adaptive_loso_v3_candidate,81112f4a140b4cf38d3110ef1abe8736,0.9180549302116164,0.9825628978272765,0.9024662218288575,0.9211500553769589,0.8484596169858452,0.9251884130653542,0.9444444444444444,0.9444444444444444,0.9444444444444444,0.8888888888888888,0.8888888888888888,0.9222222222222222
SIGNAL_ADAPTIVE_DWA,SIGNAL_ADAPTIVE_DWA,sbj_12,53,13,signal_adaptive_loso_v3_candidate,905b1b17e7f046cba778c4d68ed09a69,0.8579076170082595,0.8693907810022465,0.7828580190794991,0.7834784052765923,0.8947288006111536,0.7772978277580056,0.7037037037037037,0.7037037037037037,0.7037037037037037,0.611111111111111,0.611111111111111,0.6666666666666667
PARENT_NO_PROBE,SIGNAL_ADAPTIVE_DWA,sbj_12,53,13,signal_adaptive_loso_v3_candidate,905b1b17e7f046cba778c4d68ed09a69,0.8565310492505354,0.8713302946279223,0.7784899763917708,0.7811080663777753,0.8927756653992396,0.7749043108765828,0.6975308641975309,0.6975308641975309,0.6975308641975309,0.6049382716049382,0.6049382716049382,0.6604938271604939
ROUND0,SIGNAL_ADAPTIVE_DWA,sbj_12,53,13,signal_adaptive_loso_v3_candidate,905b1b17e7f046cba778c4d68ed09a69,0.8597430406852249,0.8693099452065688,0.7942815714087086,0.7970630414381705,0.8895714943941023,0.7919236829406188,0.7345679012345678,0.7345679012345678,0.7160493827160495,0.6419753086419753,0.6234567901234568,0.6901234567901235
SIGNAL_ADAPTIVE_DWA,SIGNAL_ADAPTIVE_DWA,sbj_13,53,14,signal_adaptive_loso_v3_candidate,3f0a97116c1a4f2cb101acc7214457f0,0.9288408348001006,0.9089429856808227,0.9728064588764083,0.9311386110114858,0.9372249247162381,0.9308004824723329,0.8675925925925925,0.8675925925925925,0.8675925925925925,0.8675925925925925,0.8425925925925926,0.8625925925925925
PARENT_NO_PROBE,SIGNAL_ADAPTIVE_DWA,sbj_13,53,14,signal_adaptive_loso_v3_candidate,3f0a97116c1a4f2cb101acc7214457f0,0.925194870505406,0.906827790568568,0.9691938666532733,0.9278548030030059,0.9338277900104299,0.9275229703914825,0.8657407407407407,0.8657407407407407,0.8657407407407407,0.8657407407407407,0.8333333333333333,0.8592592592592592
ROUND0,SIGNAL_ADAPTIVE_DWA,sbj_13,53,14,signal_adaptive_loso_v3_candidate,3f0a97116c1a4f2cb101acc7214457f0,0.9191601709831532,0.9003827207548789,0.9684513733940138,0.9234915442455902,0.9277726001863933,0.9232537078044345,0.8657407407407407,0.8657407407407407,0.8657407407407407,0.8194444444444443,0.8194444444444443,0.8472222222222221
SIGNAL_ADAPTIVE_DWA,SIGNAL_ADAPTIVE_DWA,sbj_14,53,15,signal_adaptive_loso_v3_candidate,7cd74520c4324c41ab73a470a6eb6495,0.83921875,0.768456345437666,0.821864322686929,0.7664942934081157,0.9068541300527241,0.7586965247056374,0.8703703703703703,0.8148148148148148,0.8148148148148148,0.8148148148148148,0.7898148148148147,0.8209259259259258
PARENT_NO_PROBE,SIGNAL_ADAPTIVE_DWA,sbj_14,53,15,signal_adaptive_loso_v3_candidate,7cd74520c4324c41ab73a470a6eb6495,0.83703125,0.7676034251456264,0.8188161336491641,0.7642679482373542,0.9043691875767679,0.7564845460518312,0.8616402116402117,0.8060846560846561,0.8060846560846561,0.8060846560846561,0.7595679012345679,0.8078924162257495
ROUND0,SIGNAL_ADAPTIVE_DWA,sbj_14,53,15,signal_adaptive_loso_v3_candidate,7cd74520c4324c41ab73a470a6eb6495,0.8490625,0.8254196485649276,0.8391691457692322,0.7976605253779343,0.9047452896022331,0.7917113718099177,0.8664021164021164,0.8664021164021164,0.8664021164021164,0.8664021164021164,0.7613536155202821,0.8453924162257496
SIGNAL_ADAPTIVE_DWA,SIGNAL_ADAPTIVE_DWA,sbj_15,53,16,signal_adaptive_loso_v3_candidate,081f3fa3fec14973b738b53ab6ac4265,0.8812451960030746,0.8390012322503916,0.8462073678313571,0.83601753447361,0.8892552899148117,0.8330598813935433,0.8148148148148148,0.8148148148148148,0.8148148148148148,0.787037037037037,0.7314814814814814,0.7925925925925925
PARENT_NO_PROBE,SIGNAL_ADAPTIVE_DWA,sbj_15,53,16,signal_adaptive_loso_v3_candidate,081f3fa3fec14973b738b53ab6ac4265,0.8800922367409685,0.8371356263284553,0.8458867832219087,0.8351371727941843,0.8866886688668867,0.8322732007901453,0.8333333333333334,0.8333333333333334,0.8333333333333334,0.8055555555555556,0.75,0.8111111111111111
ROUND0,SIGNAL_ADAPTIVE_DWA,sbj_15,53,16,signal_adaptive_loso_v3_candidate,081f3fa3fec14973b738b53ab6ac4265,0.8750960799385088,0.8386685579650668,0.8392908934166716,0.8294121511144937,0.8933002481389578,0.8258628123909123,0.8333333333333334,0.8333333333333334,0.7777777777777778,0.75,0.75,0.788888888888889
SIGNAL_ADAPTIVE_DWA,SIGNAL_ADAPTIVE_DWA,sbj_16,53,17,signal_adaptive_loso_v3_candidate,efd0d28ac8cf47b8a9bc8381cf90287b,0.9442861214021089,0.9421826609480133,0.9678210059897834,0.9493072845496835,0.945054945054945,0.9495435256327246,0.9537037037037037,0.9537037037037037,0.9537037037037037,0.9537037037037037,0.9537037037037037,0.9537037037037038
PARENT_NO_PROBE,SIGNAL_ADAPTIVE_DWA,sbj_16,53,17,signal_adaptive_loso_v3_candidate,efd0d28ac8cf47b8a9bc8381cf90287b,0.9400113992590482,0.9395813523705538,0.9651220472162095,0.9458567265840913,0.9405786873676782,0.9461499509850031,0.9722222222222222,0.9722222222222222,0.9722222222222222,0.9722222222222222,0.9722222222222222,0.9722222222222221
ROUND0,SIGNAL_ADAPTIVE_DWA,sbj_16,53,17,signal_adaptive_loso_v3_candidate,efd0d28ac8cf47b8a9bc8381cf90287b,0.9420062695924765,0.9421863806060736,0.9681209105726047,0.9491385276154406,0.9425222426210987,0.9495060990040152,0.9722222222222222,0.9722222222222222,0.9722222222222222,0.9722222222222222,0.9722222222222222,0.9722222222222221
SIGNAL_ADAPTIVE_DWA,SIGNAL_ADAPTIVE_DWA,sbj_17,53,18,signal_adaptive_loso_v3_candidate,9bcdda8fab144a3cab122011ea9de5ac,0.9537216828478965,0.9426652923934459,0.981182063883539,0.9601390642521384,0.9454194792671167,0.9609568189735285,0.9675925925925924,0.9537037037037036,0.925925925925926,0.9012345679012347,0.9012345679012347,0.9299382716049382
PARENT_NO_PROBE,SIGNAL_ADAPTIVE_DWA,sbj_17,53,18,signal_adaptive_loso_v3_candidate,9bcdda8fab144a3cab122011ea9de5ac,0.9564724919093851,0.9494876928741846,0.9768311841897671,0.9617461314763179,0.9492366412213741,0.9624411031571481,0.9537037037037036,0.9537037037037036,0.925925925925926,0.9074074074074076,0.9074074074074076,0.9296296296296296
ROUND0,SIGNAL_ADAPTIVE_DWA,sbj_17,53,18,signal_adaptive_loso_v3_candidate,9bcdda8fab144a3cab122011ea9de5ac,0.959546925566343,0.9528349657332166,0.9790438206782358,0.9646978345649512,0.9529075309818875,0.965352851430677,0.9537037037037036,0.9537037037037036,0.925925925925926,0.925925925925926,0.9074074074074076,0.9333333333333333
NO_SENSOR_RESIZE,NO_SENSOR_RESIZE,sbj_0,41,1,signal_adaptive_loso_v3_candidate,e43a2d8aff6e4b3190e9400f42b468fc,0.7172006443529623,0.7346803546891069,0.657326259530477,0.6548900410696179,0.7072042300066094,0.651983697239785,0.6666666666666666,0.6666666666666666,0.5787037037037037,0.5462962962962963,0.4351851851851852,0.5787037037037036
NO_SENSOR_RESIZE,NO_SENSOR_RESIZE,sbj_2,41,3,signal_adaptive_loso_v3_candidate,19bd18fcb7754713b27963807af3029f,0.6690990738142015,0.5504384302115642,0.6068780933866023,0.545294953972177,0.7492917847025495,0.5339617967093785,0.5509259259259259,0.5509259259259259,0.5277777777777778,0.5277777777777778,0.5092592592592592,0.5333333333333333
NO_SENSOR_RESIZE,NO_SENSOR_RESIZE,sbj_4,41,5,signal_adaptive_loso_v3_candidate,8221f70156c745fbb69c34b9daa3e11b,0.6799874627801286,0.7591573592139158,0.8032909402432094,0.7556119641073378,0.6909465020576132,0.7592044897767669,0.870679012345679,0.870679012345679,0.870679012345679,0.8027777777777778,0.6546296296296297,0.8138888888888889
NO_SENSOR_RESIZE,NO_SENSOR_RESIZE,sbj_6,41,7,signal_adaptive_loso_v3_candidate,957496550f474531bfa4bdf215b01746,0.8533466533466534,0.7910725036625753,0.8445521006217027,0.8031190218980182,0.8920585967617579,0.7981779344055882,0.8101851851851851,0.7916666666666666,0.7361111111111112,0.7361111111111112,0.6805555555555556,0.750925925925926
NO_SENSOR_RESIZE,NO_SENSOR_RESIZE,sbj_8,41,9,signal_adaptive_loso_v3_candidate,7b3ceb36fa474a81a2d6c81137f5fdf5,0.9310344827586207,0.9644135201662867,0.9312899221076704,0.943364826032782,0.8912679826028772,0.9462590951122212,0.9722222222222222,0.9722222222222222,0.9722222222222222,0.9166666666666666,0.8611111111111112,0.9388888888888889
NO_SENSOR_RESIZE,NO_SENSOR_RESIZE,sbj_10,41,11,signal_adaptive_loso_v3_candidate,a957467d280744da8c4c5ec903f390f8,0.5908634538152611,0.511715492787801,0.6573394019179123,0.5439792135951995,0.6483223360943423,0.5381823734563582,0.6111111111111112,0.5555555555555556,0.5555555555555556,0.5555555555555556,0.5324074074074074,0.562037037037037
NO_SENSOR_RESIZE,NO_SENSOR_RESIZE,sbj_12,41,13,signal_adaptive_loso_v3_candidate,8bbf122b8ef64083b311e883b09153a5,0.9198531661058428,0.9162946081002522,0.9275904272679935,0.9108824867438367,0.9290128611992651,0.9098752437185351,0.8333333333333333,0.8333333333333333,0.8148148148148148,0.787037037037037,0.7685185185185186,0.8074074074074072
NO_SENSOR_RESIZE,NO_SENSOR_RESIZE,sbj_14,41,15,signal_adaptive_loso_v3_candidate,2b9c25ccf9484be7972ebd8ffd940118,0.86828125,0.8800469472808681,0.9341524763073061,0.8805999901715136,0.8691503028078547,0.881236083913939,0.9555555555555555,0.9555555555555555,0.9555555555555555,0.9370370370370371,0.8601851851851852,0.9327777777777777
NO_SENSOR_RESIZE,NO_SENSOR_RESIZE,sbj_16,41,17,signal_adaptive_loso_v3_candidate,3b8e7fc74a7349db8a4a9096fa488499,0.9556853804502707,0.9436083714986844,0.9747739259274439,0.9557937270620049,0.9568022440392707,0.9557376983410458,0.9722222222222222,0.9722222222222222,0.9722222222222222,0.9722222222222222,0.9722222222222222,0.9722222222222221
NO_SENSOR_RESIZE,NO_SENSOR_RESIZE,sbj_0,47,1,signal_adaptive_loso_v3_candidate,3bbce33de66a472eaa8a624a247e23b1,0.65527116520494,0.610728637394599,0.5755155185690931,0.547685869093943,0.7275251648733079,0.5376947971062005,0.5462962962962963,0.5462962962962963,0.4861111111111111,0.4722222222222222,0.4166666666666667,0.4935185185185185
NO_SENSOR_RESIZE,NO_SENSOR_RESIZE,sbj_2,47,3,signal_adaptive_loso_v3_candidate,c3779daa9cbe4da6913bc14810371420,0.7197586303676677,0.594048766423078,0.6430130162781276,0.5785346642333864,0.7708435708435708,0.5678508360883762,0.5864197530864197,0.5478395061728395,0.5478395061728395,0.5246913580246914,0.5246913580246914,0.5462962962962963
NO_SENSOR_RESIZE,NO_SENSOR_RESIZE,sbj_4,47,5,signal_adaptive_loso_v3_candidate,c5ec1e1157ab4ef48e41b78d5e217c8d,0.745494436608682,0.7594297734317814,0.6969131826971907,0.6859739884537708,0.8183284930622782,0.6786209604199649,0.7546296296296295,0.7546296296296295,0.6898148148148148,0.5601851851851852,0.5601851851851852,0.6638888888888889
NO_SENSOR_RESIZE,NO_SENSOR_RESIZE,sbj_6,47,7,signal_adaptive_loso_v3_candidate,282c66440e5d414298bcef13cad96989,0.8233766233766234,0.8033043159176682,0.790484778772982,0.770934396947231,0.8697524219590959,0.765444506668794,0.7685185185185185,0.7407407407407407,0.7129629629629629,0.7129629629629629,0.7129629629629629,0.7296296296296295
NO_SENSOR_RESIZE,NO_SENSOR_RESIZE,sbj_8,47,9,signal_adaptive_loso_v3_candidate,ddd55cda24f84e5180e357cbd12d8b97,0.8787089013632718,0.8919713780760645,0.8585110210023563,0.862235853050641,0.8705428846771603,0.861774351293612,0.8888888888888888,0.8333333333333334,0.8333333333333334,0.8333333333333334,0.8333333333333334,0.8444444444444444
NO_SENSOR_RESIZE,NO_SENSOR_RESIZE,sbj_10,47,11,signal_adaptive_loso_v3_candidate,5bf585de216b450f90a6b2d741b115b6,0.5914909638554217,0.5351607191281618,0.6624840383627619,0.5591782616809361,0.6431644691186675,0.5545123612677288,0.5941358024691358,0.5601851851851851,0.47685185185185186,0.47685185185185186,0.47685185185185186,0.5169753086419753
NO_SENSOR_RESIZE,NO_SENSOR_RESIZE,sbj_12,47,13,signal_adaptive_loso_v3_candidate,7fdf9959d1a94a91a3737a1e806775cd,0.9212297338635669,0.9403506085323002,0.882655844521021,0.8884746601642665,0.9422066549912435,0.8854895493405456,0.7777777777777777,0.7777777777777777,0.7777777777777777,0.7777777777777777,0.7777777777777777,0.7777777777777777
NO_SENSOR_RESIZE,NO_SENSOR_RESIZE,sbj_14,47,15,signal_adaptive_loso_v3_candidate,a5bfe3aad6cd4412b39330233b21b379,0.8590625,0.8620742521662276,0.926927301487186,0.8712866862983443,0.8615611192930781,0.8718269955764146,0.9351851851851851,0.8796296296296295,0.8796296296296295,0.8796296296296295,0.8549382716049383,0.8858024691358024
NO_SENSOR_RESIZE,NO_SENSOR_RESIZE,sbj_16,47,17,signal_adaptive_loso_v3_candidate,af218856bbdc48e88fd9dbb0bf26e894,0.9165004274722143,0.9139362947519786,0.9178935005910265,0.8935602162768981,0.9477272727272728,0.8905509353629883,0.9722222222222222,0.9166666666666666,0.9166666666666666,0.8611111111111112,0.8611111111111112,0.9055555555555556
NO_SENSOR_RESIZE,NO_SENSOR_RESIZE,sbj_0,53,1,signal_adaptive_loso_v3_candidate,55a061031e2f4ea6a11b7e84557a80b5,0.6935743690710579,0.7109748349898837,0.596664329935584,0.6000181594876084,0.6475409836065574,0.5973780025921112,0.6296296296296297,0.5740740740740741,0.5138888888888888,0.4583333333333333,0.3657407407407407,0.5083333333333334
NO_SENSOR_RESIZE,NO_SENSOR_RESIZE,sbj_2,53,3,signal_adaptive_loso_v3_candidate,d53f0d753da5463583d5e7a2f4301882,0.7288801571709234,0.574763522385829,0.5340689486073595,0.5388391624038273,0.7959641255605381,0.5245544422284545,0.5879629629629629,0.5509259259259259,0.48148148148148145,0.46064814814814814,0.4421296296296296,0.5046296296296295
NO_SENSOR_RESIZE,NO_SENSOR_RESIZE,sbj_4,53,5,signal_adaptive_loso_v3_candidate,d35b8d78649e4e14842fdd7547a770e4,0.8348221281930732,0.8674968738375339,0.8095322370179862,0.8161399703327428,0.86003861003861,0.8137011570157502,0.8657407407407407,0.8101851851851851,0.8101851851851851,0.7114197530864197,0.6805555555555556,0.7756172839506172
NO_SENSOR_RESIZE,NO_SENSOR_RESIZE,sbj_6,53,7,signal_adaptive_loso_v3_candidate,2661105e2479422985460d70c4b71671,0.8205794205794206,0.8108798413695835,0.7761763392090314,0.7753524251309529,0.8321928967090257,0.7721946211543933,0.7638888888888888,0.6805555555555556,0.5486111111111112,0.5486111111111112,0.5486111111111112,0.6180555555555556
NO_SENSOR_RESIZE,NO_SENSOR_RESIZE,sbj_8,53,9,signal_adaptive_loso_v3_candidate,a0cc44fa16994be7938edd16553f500b,0.8722935044105854,0.8998473604222152,0.8420007342701178,0.8592199704467592,0.8634252090430474,0.8589863460802989,0.8888888888888888,0.8888888888888888,0.8333333333333334,0.8333333333333334,0.8333333333333334,0.8555555555555555
NO_SENSOR_RESIZE,NO_SENSOR_RESIZE,sbj_10,53,11,signal_adaptive_loso_v3_candidate,45dbde74622b4106ad50ae7998b75083,0.6409387550200804,0.6236558278452677,0.7037875516688122,0.6192014135426752,0.6952045516120292,0.6149790169832667,0.6851851851851851,0.6851851851851851,0.574074074074074,0.5185185185185185,0.5185185185185185,0.5962962962962963
NO_SENSOR_RESIZE,NO_SENSOR_RESIZE,sbj_12,53,13,signal_adaptive_loso_v3_candidate,2050f39c3cfd4766828fdb8812d7e07a,0.9186295503211992,0.9423960086544365,0.9167408824020283,0.9162166131416583,0.913915857605178,0.9163444328936848,0.8425925925925924,0.8425925925925924,0.8148148148148147,0.8148148148148147,0.8148148148148147,0.8259259259259257
NO_SENSOR_RESIZE,NO_SENSOR_RESIZE,sbj_14,53,15,signal_adaptive_loso_v3_candidate,950e1616d8684fa39ca06d34da90306e,0.88515625,0.84548252010189,0.9206246648095283,0.8705551165618826,0.901067615658363,0.8688599777231892,0.9328703703703702,0.9328703703703702,0.9328703703703702,0.9328703703703702,0.9004629629629629,0.9263888888888887
NO_SENSOR_RESIZE,NO_SENSOR_RESIZE,sbj_16,53,17,signal_adaptive_loso_v3_candidate,6a86fe63b0ec4e1e9a56c37965ec189c,0.9247648902821317,0.8551408458658425,0.9002209122328939,0.8687974663622707,0.9655845060610283,0.8634204086012287,0.898148148148148,0.898148148148148,0.8796296296296295,0.824074074074074,0.824074074074074,0.8648148148148147
NO_CONTRACTION,NO_CONTRACTION,sbj_0,41,1,signal_adaptive_loso_v3_candidate,4b5202bb970b452a86264eaf2f675a77,0.680329335958475,0.6369284311564705,0.6067959021938781,0.579961248761075,0.7299532542250989,0.5716283595686291,0.6296296296296295,0.6296296296296295,0.5493827160493826,0.5216049382716048,0.4104938271604938,0.548148148148148
NO_CONTRACTION,NO_CONTRACTION,sbj_2,41,3,signal_adaptive_loso_v3_candidate,9fd15aa811314aa5923c9a70a4a22afd,0.617316867808027,0.5423463605699055,0.5382995534576853,0.5107928908179761,0.7128051993676445,0.4995699847874389,0.5081018518518517,0.4756944444444444,0.4513888888888889,0.41898148148148145,0.3634259259259259,0.44351851851851853
NO_CONTRACTION,NO_CONTRACTION,sbj_4,41,5,signal_adaptive_loso_v3_candidate,d1717ea564b54bf285d40fb6c986935c,0.7136812411847673,0.7120555400960101,0.7124120750898442,0.6648204467560659,0.7904546246298554,0.657840770207522,0.753395061728395,0.6978395061728394,0.6422839506172839,0.5219135802469136,0.4524691358024691,0.6135802469135803
NO_CONTRACTION,NO_CONTRACTION,sbj_6,41,7,signal_adaptive_loso_v3_candidate,176605717f53490ca673d16de263a4e0,0.8063936063936064,0.7179457270237224,0.7753562811913972,0.723567831803924,0.8926251432938479,0.7141757589433726,0.7361111111111112,0.6805555555555556,0.6527777777777778,0.6527777777777778,0.6527777777777778,0.675
NO_CONTRACTION,NO_CONTRACTION,sbj_8,41,9,signal_adaptive_loso_v3_candidate,3bab91893f124524bfabf26df717b01b,0.9003608660785886,0.8854351433750675,0.8957818889220622,0.8839976520455957,0.8961038961038961,0.8833250829312457,0.8888888888888888,0.8888888888888888,0.8888888888888888,0.8888888888888888,0.8888888888888888,0.888888888888889
NO_CONTRACTION,NO_CONTRACTION,sbj_10,41,11,signal_adaptive_loso_v3_candidate,4a18b2ba8e084e9d841c00bbe5ca4d01,0.5823293172690763,0.5345873829975248,0.6832552142293117,0.5668595931632786,0.6192129629629629,0.5639510726188517,0.5385802469135803,0.5385802469135803,0.5385802469135803,0.4830246913580247,0.4830246913580247,0.516358024691358
NO_CONTRACTION,NO_CONTRACTION,sbj_12,41,13,signal_adaptive_loso_v3_candidate,9452989ac6624ade96eec09e0d8ef85c,0.8849801162434996,0.9006662840577977,0.9226678411348629,0.8924311149655403,0.8836488812392427,0.8929190168392235,0.8425925925925926,0.8148148148148148,0.8148148148148148,0.7870370370370371,0.7685185185185186,0.8055555555555557
NO_CONTRACTION,NO_CONTRACTION,sbj_14,41,15,signal_adaptive_loso_v3_candidate,685567257579457cb999710cae33f7b7,0.88421875,0.8819906108245404,0.936652840328143,0.8910439700541322,0.8872557806058433,0.8912544250234815,0.9953703703703702,0.9953703703703702,0.9151234567901234,0.9151234567901234,0.882716049382716,0.9407407407407407
NO_CONTRACTION,NO_CONTRACTION,sbj_16,41,17,signal_adaptive_loso_v3_candidate,1e30742d08e94965b388a5905090047f,0.9249073810202337,0.9158067103445054,0.98371098286579,0.9411355167249991,0.9232796486090776,0.9421275093981057,0.9722222222222222,0.9722222222222222,0.9722222222222222,0.9305555555555556,0.9305555555555556,0.9555555555555555
NO_CONTRACTION,NO_CONTRACTION,sbj_0,47,1,signal_adaptive_loso_v3_candidate,157c6f47ed98436cbaae8bc810f91195,0.7386790764274208,0.7620886192489572,0.6751035660153054,0.6779370939948909,0.7029009669889963,0.6765502121618849,0.7685185185185185,0.7037037037037037,0.6296296296296295,0.6018518518518519,0.4444444444444444,0.6296296296296298
NO_CONTRACTION,NO_CONTRACTION,sbj_2,47,3,signal_adaptive_loso_v3_candidate,9c9da23bc36740019ca8ddb6d870ba1a,0.653101319113107,0.5024964918735046,0.4786762335826693,0.46100604041493637,0.7480082620241959,0.44506147254775524,0.4524691358024691,0.4524691358024691,0.4524691358024691,0.4316358024691358,0.41064814814814815,0.43993827160493826
NO_CONTRACTION,NO_CONTRACTION,sbj_4,47,5,signal_adaptive_loso_v3_candidate,0f97a68f744a41d88294d5a237257efc,0.7769942015358094,0.8012006249076382,0.7886834518926702,0.7648628828102062,0.818212824010914,0.7618989971879446,0.8472222222222221,0.8472222222222221,0.8194444444444443,0.7453703703703703,0.6157407407407407,0.7749999999999998
NO_CONTRACTION,NO_CONTRACTION,sbj_6,47,7,signal_adaptive_loso_v3_candidate,1445924d52b24d79b80b490d1c736661,0.8277722277722278,0.8460859080023486,0.7971251130902173,0.7864303121784507,0.8582510578279267,0.7824402707534799,0.7916666666666666,0.7638888888888888,0.6805555555555556,0.6805555555555556,0.6805555555555556,0.7194444444444443
NO_CONTRACTION,NO_CONTRACTION,sbj_8,47,9,signal_adaptive_loso_v3_candidate,ec51d5653f2b49b29380a8d70aff34c4,0.8666800320769847,0.8306813686389933,0.8405373084799672,0.826240213894431,0.8801828272935031,0.8232434020389271,0.8611111111111112,0.8611111111111112,0.8611111111111112,0.8611111111111112,0.8611111111111112,0.861111111111111
NO_CONTRACTION,NO_CONTRACTION,sbj_10,47,11,signal_adaptive_loso_v3_candidate,314096af69f34542a82237dc2108a9f5,0.5747991967871486,0.5372014931128497,0.5966391078124191,0.5111610753893576,0.6545262602269728,0.503196342898379,0.5416666666666666,0.4722222222222222,0.4722222222222222,0.4166666666666667,0.3888888888888889,0.45833333333333337
NO_CONTRACTION,NO_CONTRACTION,sbj_12,47,13,signal_adaptive_loso_v3_candidate,51c1061dda084a7cb5526abf7152ae81,0.9288773325175895,0.9611701667282119,0.9092539302936493,0.9215650085207033,0.9265286775161953,0.9212892491320649,0.861111111111111,0.861111111111111,0.8055555555555555,0.7592592592592591,0.7592592592592591,0.8092592592592591
NO_CONTRACTION,NO_CONTRACTION,sbj_14,47,15,signal_adaptive_loso_v3_candidate,15250940a2b541f3a7212e4cade13a09,0.845,0.8735472213053657,0.9213163203248133,0.8734550024563789,0.8414974855652821,0.8752304200614398,0.9367283950617283,0.9367283950617283,0.8533950617283951,0.8533950617283951,0.7974537037037037,0.8755401234567902
NO_CONTRACTION,NO_CONTRACTION,sbj_16,47,17,signal_adaptive_loso_v3_candidate,f25b56a71fc14ca69b29e405d4df3915,0.9465659732117412,0.9582567422038478,0.9464257770174923,0.9468136758225986,0.9487885462555066,0.9467039607985481,0.9722222222222222,0.9722222222222222,0.947530864197531,0.947530864197531,0.8919753086419754,0.9462962962962964
NO_CONTRACTION,NO_CONTRACTION,sbj_0,53,1,signal_adaptive_loso_v3_candidate,d387ee4be8314211a66c846cf5a97a1c,0.769643816001432,0.7804668809672006,0.7173961339420508,0.7124424691096549,0.7477414871438499,0.7104814125521997,0.787037037037037,0.7407407407407407,0.7037037037037037,0.6759259259259259,0.6203703703703703,0.7055555555555555
NO_CONTRACTION,NO_CONTRACTION,sbj_2,53,3,signal_adaptive_loso_v3_candidate,9cce61242c3e410fb2a4dea8f3d13f79,0.46660117878192536,0.2971337938920797,0.3738531559847621,0.28885622852002346,0.6359717868338558,0.2695720308359217,0.29259259259259257,0.29259259259259257,0.28148148148148144,0.26666666666666666,0.25925925925925924,0.2785185185185185
NO_CONTRACTION,NO_CONTRACTION,sbj_4,53,5,signal_adaptive_loso_v3_candidate,579bfe2ead5c45b681d66ea80562196d,0.765397273154678,0.776342766105437,0.7973075583601469,0.7617487325615065,0.8003499562554681,0.7596042201340643,0.8348765432098765,0.8348765432098765,0.7793209876543209,0.6496913580246912,0.6311728395061729,0.7459876543209876
NO_CONTRACTION,NO_CONTRACTION,sbj_6,53,7,signal_adaptive_loso_v3_candidate,6a855619ed55488db99cafb9cd0af3c4,0.8693306693306694,0.8617024914900429,0.8630581612710856,0.8492288654028067,0.8550777014817492,0.8489039300650876,0.8333333333333334,0.8333333333333334,0.7569444444444444,0.7152777777777778,0.6597222222222222,0.7597222222222222
NO_CONTRACTION,NO_CONTRACTION,sbj_8,53,9,signal_adaptive_loso_v3_candidate,11ba959557284f78852b0f29ab27def6,0.9059743384121892,0.8974274433308501,0.8933938693279578,0.8883772167492716,0.9097593582887701,0.8871893199970773,0.8888888888888888,0.8888888888888888,0.8888888888888888,0.8333333333333334,0.8333333333333334,0.8666666666666666
NO_CONTRACTION,NO_CONTRACTION,sbj_10,53,11,signal_adaptive_loso_v3_candidate,2b1c3b5d31eb443b971f1f57398cd4cf,0.6512299196787149,0.551341629393313,0.7175421987829218,0.598906744213193,0.6905398182789952,0.593816017876204,0.6203703703703703,0.6203703703703703,0.5648148148148148,0.5648148148148148,0.537037037037037,0.5814814814814815
NO_CONTRACTION,NO_CONTRACTION,sbj_12,53,13,signal_adaptive_loso_v3_candidate,25f62617943d4f969fb7ce1b45ceb103,0.8869684918935454,0.911988593477814,0.9053419692260699,0.8915749338068861,0.8776692600562821,0.8923474712374753,0.8148148148148148,0.8148148148148148,0.8148148148148148,0.7407407407407407,0.7037037037037037,0.7777777777777778
NO_CONTRACTION,NO_CONTRACTION,sbj_14,53,15,signal_adaptive_loso_v3_candidate,4c45b7bd2b8d4122bac7a0475d9206fd,0.87859375,0.8993251491251583,0.9341179209858975,0.9004562210508426,0.872435325602141,0.9020129374646593,0.9953703703703702,0.9953703703703702,0.9398148148148147,0.9398148148148147,0.8765432098765431,0.9493827160493826
NO_CONTRACTION,NO_CONTRACTION,sbj_16,53,17,signal_adaptive_loso_v3_candidate,339711f3cb984e1da77d6ac1f5920f41,0.9065260758050727,0.8902638365225082,0.8977087572376024,0.8709254167436048,0.941957350656687,0.866979198192878,0.9074074074074073,0.9074074074074073,0.9074074074074073,0.9074074074074073,0.7962962962962963,0.8851851851851851
