time_seconds,track,label
0.5,GT,18
1.0,GT,0
1.5,GT,0
2.0,GT,0
2.5,GT,0
3.0,GT,0
3.5,GT,0
4.0,GT,0
4.5,GT,0
5.0,GT,0
5.5,GT,0
6.0,GT,0
6.5,GT,0
7.0,GT,0
7.5,GT,0
8.0,GT,0
8.5,GT,0
9.0,GT,0
9.5,GT,0
10.0,GT,0
10.5,GT,0
11.0,GT,0
11.5,GT,0
12.0,GT,0
12.5,GT,0
13.0,GT,0
13.5,GT,0
14.0,GT,0
14.5,GT,0
15.0,GT,0
15.5,GT,0
16.0,GT,0
16.5,GT,0
17.0,GT,0
17.5,GT,0
18.0,GT,0
18.5,GT,0
19.0,GT,0
19.5,GT,0
20.0,GT,0
20.5,GT,0
21.0,GT,0
21.5,GT,0
22.0,GT,0
22.5,GT,0
23.0,GT,0
23.5,GT,0
24.0,GT,0
24.5,GT,0
25.0,GT,0
25.5,GT,0
26.0,GT,0
26.5,GT,0
27.0,GT,0
27.5,GT,0
28.0,GT,0
28.5,GT,0
29.0,GT,0
29.5,GT,0
30.0,GT,0
30.5,GT,0
31.0,GT,0
31.5,GT,0
32.0,GT,0
32.5,GT,0
33.0,GT,0
33.5,GT,0
34.0,GT,0
34.5,GT,0
35.0,GT,0
35.5,GT,0
36.0,GT,0
36.5,GT,0
37.0,GT,0
37.5,GT,0
38.0,GT,0
38.5,GT,0
39.0,GT,0
39.5,GT,0
40.0,GT,0
40.5,GT,0
41.0,GT,0
41.5,GT,0
42.0,GT,0
42.5,GT,0
43.0,GT,0
43.5,GT,0
44.0,GT,0
44.5,GT,0
45.0,GT,0
45.5,GT,0
46.0,GT,0
46.5,GT,0
47.0,GT,0
47.5,GT,0
48.0,GT,0
48.5,GT,0
49.0,GT,0
49.5,GT,0
50.0,GT,0
50.5,GT,0
51.0,GT,0
51.5,GT,0
52.0,GT,0
52.5,GT,0
53.0,GT,0
53.5,GT,0
54.0,GT,0
54.5,GT,0
55.0,GT,0
55.5,GT,0
56.0,GT,0
56.5,GT,0
57.0,GT,0
57.5,GT,0
58.0,GT,0
58.5,GT,0
59.0,GT,0
59.5,GT,0
60.0,GT,0
60.5,GT,0
61.0,GT,0
61.5,GT,0
62.0,GT,0
62.5,GT,0
63.0,GT,0
63.5,GT,0
64.0,GT,0
64.5,GT,0
65.0,GT,0
65.5,GT,0
66.0,GT,0
66.5,GT,0
67.0,GT,0
67.5,GT,0
68.0,GT,0
68.5,GT,0
69.0,GT,0
69.5,GT,0
70.0,GT,0
70.5,GT,0
71.0,GT,0
71.5,GT,0
72.0,GT,0
72.5,GT,0
73.0,GT,0
73.5,GT,0
74.0,GT,0
74.5,GT,0
75.0,GT,0
75.5,GT,0
76.0,GT,0
76.5,GT,0
77.0,GT,0
77.5,GT,0
78.0,GT,0
78.5,GT,0
79.0,GT,0
79.5,GT,0
80.0,GT,0
80.5,GT,0
81.0,GT,0
81.5,GT,0
82.0,GT,0
82.5,GT,0
83.0,GT,0
83.5,GT,0
84.0,GT,0
84.5,GT,0
85.0,GT,0
85.5,GT,0
86.0,GT,0
86.5,GT,0
87.0,GT,0
87.5,GT,0
88.0,GT,0
88.5,GT,0
89.0,GT,0
89.5,GT,0
90.0,GT,0
90.5,GT,0
91.0,GT,0
91.5,GT,0
92.0,GT,0
92.5,GT,0
93.0,GT,0
93.5,GT,0
94.0,GT,0
94.5,GT,0
95.0,GT,0
95.5,GT,0
96.0,GT,0
96.5,GT,0
97.0,GT,0
97.5,GT,0
98.0,GT,0
98.5,GT,0
99.0,GT,0
99.5,GT,0
100.0,GT,0
100.5,GT,0
101.0,GT,0
101.5,GT,0
102.0,GT,0
102.5,GT,18
103.0,GT,18
103.5,GT,18
104.0,GT,18
104.5,GT,18
105.0,GT,18
105.5,GT,18
106.0,GT,18
106.5,GT,18
107.0,GT,18
107.5,GT,1
108.0,GT,1
108.5,GT,1
109.0,GT,1
109.5,GT,1
110.0,GT,1
110.5,GT,1
111.0,GT,1
111.5,GT,1
112.0,GT,1
112.5,GT,1
113.0,GT,1
113.5,GT,1
114.0,GT,1
114.5,GT,1
115.0,GT,1
115.5,GT,1
116.0,GT,1
116.5,GT,1
117.0,GT,1
117.5,GT,1
118.0,GT,1
118.5,GT,1
119.0,GT,1
119.5,GT,1
120.0,GT,1
120.5,GT,1
121.0,GT,1
121.5,GT,1
122.0,GT,1
122.5,GT,1
123.0,GT,1
123.5,GT,1
124.0,GT,1
124.5,GT,1
125.0,GT,1
125.5,GT,1
126.0,GT,1
126.5,GT,1
127.0,GT,1
127.5,GT,1
128.0,GT,1
128.5,GT,1
129.0,GT,1
129.5,GT,1
130.0,GT,1
130.5,GT,1
131.0,GT,1
131.5,GT,1
132.0,GT,1
132.5,GT,1
133.0,GT,1
133.5,GT,1
134.0,GT,1
134.5,GT,1
135.0,GT,1
135.5,GT,1
136.0,GT,1
136.5,GT,1
137.0,GT,1
137.5,GT,1
138.0,GT,1
138.5,GT,1
139.0,GT,1
139.5,GT,1
140.0,GT,1
140.5,GT,1
141.0,GT,1
141.5,GT,1
142.0,GT,1
142.5,GT,1
143.0,GT,1
143.5,GT,1
144.0,GT,1
144.5,GT,1
145.0,GT,1
145.5,GT,1
146.0,GT,1
146.5,GT,1
147.0,GT,1
147.5,GT,1
148.0,GT,1
148.5,GT,1
149.0,GT,1
149.5,GT,1
150.0,GT,1
150.5,GT,1
151.0,GT,1
151.5,GT,1
152.0,GT,1
152.5,GT,1
153.0,GT,1
153.5,GT,1
154.0,GT,1
154.5,GT,1
155.0,GT,1
155.5,GT,1
156.0,GT,1
156.5,GT,1
157.0,GT,1
157.5,GT,1
158.0,GT,1
158.5,GT,1
159.0,GT,1
159.5,GT,1
160.0,GT,1
160.5,GT,1
161.0,GT,1
161.5,GT,1
162.0,GT,1
162.5,GT,1
163.0,GT,1
163.5,GT,1
164.0,GT,1
164.5,GT,1
165.0,GT,1
165.5,GT,1
166.0,GT,1
166.5,GT,1
167.0,GT,1
167.5,GT,1
168.0,GT,1
168.5,GT,1
169.0,GT,1
169.5,GT,1
170.0,GT,1
170.5,GT,1
171.0,GT,1
171.5,GT,1
172.0,GT,1
172.5,GT,1
173.0,GT,1
173.5,GT,1
174.0,GT,1
174.5,GT,1
175.0,GT,1
175.5,GT,1
176.0,GT,1
176.5,GT,1
177.0,GT,1
177.5,GT,1
178.0,GT,1
178.5,GT,1
179.0,GT,1
179.5,GT,1
180.0,GT,1
180.5,GT,1
181.0,GT,1
181.5,GT,1
182.0,GT,1
182.5,GT,1
183.0,GT,1
183.5,GT,1
184.0,GT,1
184.5,GT,1
185.0,GT,1
185.5,GT,1
186.0,GT,1
186.5,GT,1
187.0,GT,1
187.5,GT,1
188.0,GT,1
188.5,GT,1
189.0,GT,1
189.5,GT,1
190.0,GT,1
190.5,GT,1
191.0,GT,1
191.5,GT,1
192.0,GT,1
192.5,GT,1
193.0,GT,1
193.5,GT,1
194.0,GT,1
194.5,GT,1
195.0,GT,1
195.5,GT,1
196.0,GT,1
196.5,GT,1
197.0,GT,1
197.5,GT,1
198.0,GT,1
198.5,GT,1
199.0,GT,1
199.5,GT,1
200.0,GT,1
200.5,GT,18
201.0,GT,18
201.5,GT,18
202.0,GT,18
202.5,GT,18
203.0,GT,18
203.5,GT,18
204.0,GT,18
204.5,GT,18
205.0,GT,18
205.5,GT,18
206.0,GT,18
206.5,GT,18
207.0,GT,18
207.5,GT,18
208.0,GT,18
208.5,GT,18
209.0,GT,18
209.5,GT,18
210.0,GT,18
210.5,GT,18
211.0,GT,2
211.5,GT,2
212.0,GT,2
212.5,GT,2
213.0,GT,2
213.5,GT,2
214.0,GT,2
214.5,GT,2
215.0,GT,2
215.5,GT,2
216.0,GT,2
216.5,GT,2
217.0,GT,2
217.5,GT,2
218.0,GT,2
218.5,GT,2
219.0,GT,2
219.5,GT,2
220.0,GT,2
220.5,GT,2
221.0,GT,2
221.5,GT,2
222.0,GT,2
222.5,GT,2
223.0,GT,2
223.5,GT,2
224.0,GT,2
224.5,GT,2
225.0,GT,2
225.5,GT,2
226.0,GT,2
226.5,GT,2
227.0,GT,2
227.5,GT,2
228.0,GT,2
228.5,GT,2
229.0,GT,2
229.5,GT,2
230.0,GT,2
230.5,GT,2
231.0,GT,2
231.5,GT,2
232.0,GT,2
232.5,GT,2
233.0,GT,2
233.5,GT,2
234.0,GT,2
234.5,GT,2
235.0,GT,2
235.5,GT,2
236.0,GT,2
236.5,GT,2
237.0,GT,2
237.5,GT,2
238.0,GT,2
238.5,GT,2
239.0,GT,2
239.5,GT,2
240.0,GT,2
240.5,GT,2
241.0,GT,2
241.5,GT,2
242.0,GT,2
242.5,GT,2
243.0,GT,2
243.5,GT,2
244.0,GT,2
244.5,GT,2
245.0,GT,2
245.5,GT,2
246.0,GT,2
246.5,GT,2
247.0,GT,2
247.5,GT,2
248.0,GT,2
248.5,GT,2
249.0,GT,2
249.5,GT,2
250.0,GT,2
250.5,GT,2
251.0,GT,2
251.5,GT,2
252.0,GT,2
252.5,GT,2
253.0,GT,2
253.5,GT,2
254.0,GT,2
254.5,GT,2
255.0,GT,2
255.5,GT,2
256.0,GT,2
256.5,GT,2
257.0,GT,2
257.5,GT,2
258.0,GT,2
258.5,GT,2
259.0,GT,2
259.5,GT,2
260.0,GT,2
260.5,GT,2
261.0,GT,2
261.5,GT,2
262.0,GT,2
262.5,GT,2
263.0,GT,2
263.5,GT,2
264.0,GT,2
264.5,GT,2
265.0,GT,2
265.5,GT,2
266.0,GT,2
266.5,GT,2
267.0,GT,2
267.5,GT,2
268.0,GT,2
268.5,GT,2
269.0,GT,2
269.5,GT,2
270.0,GT,2
270.5,GT,2
271.0,GT,2
271.5,GT,2
272.0,GT,2
272.5,GT,2
273.0,GT,2
273.5,GT,2
274.0,GT,2
274.5,GT,2
275.0,GT,2
275.5,GT,2
276.0,GT,2
276.5,GT,2
277.0,GT,2
277.5,GT,2
278.0,GT,2
278.5,GT,2
279.0,GT,2
279.5,GT,2
280.0,GT,2
280.5,GT,2
281.0,GT,2
281.5,GT,2
282.0,GT,2
282.5,GT,2
283.0,GT,2
283.5,GT,2
284.0,GT,2
284.5,GT,2
285.0,GT,2
285.5,GT,2
286.0,GT,2
286.5,GT,2
287.0,GT,2
287.5,GT,2
288.0,GT,2
288.5,GT,2
289.0,GT,2
289.5,GT,2
290.0,GT,2
290.5,GT,2
291.0,GT,2
291.5,GT,2
292.0,GT,2
292.5,GT,2
293.0,GT,2
293.5,GT,2
294.0,GT,2
294.5,GT,2
295.0,GT,2
295.5,GT,2
296.0,GT,2
296.5,GT,2
297.0,GT,2
297.5,GT,2
298.0,GT,2
298.5,GT,2
299.0,GT,2
299.5,GT,2
300.0,GT,2
300.5,GT,2
301.0,GT,2
301.5,GT,2
302.0,GT,2
302.5,GT,2
303.0,GT,2
303.5,GT,18
304.0,GT,18
304.5,GT,18
305.0,GT,18
305.5,GT,18
306.0,GT,18
306.5,GT,18
307.0,GT,18
307.5,GT,18
308.0,GT,18
308.5,GT,18
309.0,GT,18
309.5,GT,18
310.0,GT,18
310.5,GT,18
311.0,GT,18
311.5,GT,18
312.0,GT,18
312.5,GT,18
313.0,GT,18
313.5,GT,18
314.0,GT,18
314.5,GT,18
315.0,GT,18
315.5,GT,18
316.0,GT,18
316.5,GT,18
317.0,GT,18
317.5,GT,18
318.0,GT,18
318.5,GT,18
319.0,GT,18
319.5,GT,18
320.0,GT,18
320.5,GT,18
321.0,GT,18
321.5,GT,18
322.0,GT,18
322.5,GT,18
323.0,GT,18
323.5,GT,18
324.0,GT,18
324.5,GT,18
325.0,GT,18
325.5,GT,18
326.0,GT,18
326.5,GT,18
327.0,GT,18
327.5,GT,18
328.0,GT,18
328.5,GT,18
329.0,GT,18
329.5,GT,18
330.0,GT,18
330.5,GT,18
331.0,GT,18
331.5,GT,18
332.0,GT,18
332.5,GT,18
333.0,GT,18
333.5,GT,18
334.0,GT,18
334.5,GT,18
335.0,GT,18
335.5,GT,18
336.0,GT,18
336.5,GT,18
337.0,GT,18
337.5,GT,18
338.0,GT,18
338.5,GT,18
339.0,GT,18
339.5,GT,18
340.0,GT,18
340.5,GT,18
341.0,GT,18
341.5,GT,18
342.0,GT,18
342.5,GT,18
343.0,GT,18
343.5,GT,18
344.0,GT,18
344.5,GT,18
345.0,GT,18
345.5,GT,18
346.0,GT,18
346.5,GT,18
347.0,GT,18
347.5,GT,18
348.0,GT,18
348.5,GT,18
349.0,GT,18
349.5,GT,18
350.0,GT,18
350.5,GT,18
351.0,GT,18
351.5,GT,18
352.0,GT,18
352.5,GT,18
353.0,GT,18
353.5,GT,18
354.0,GT,18
354.5,GT,18
355.0,GT,18
355.5,GT,18
356.0,GT,18
356.5,GT,18
357.0,GT,18
357.5,GT,18
358.0,GT,18
358.5,GT,18
359.0,GT,18
359.5,GT,18
360.0,GT,18
360.5,GT,18
361.0,GT,18
361.5,GT,18
362.0,GT,10
362.5,GT,10
363.0,GT,10
363.5,GT,10
364.0,GT,10
364.5,GT,10
365.0,GT,10
365.5,GT,10
366.0,GT,10
366.5,GT,10
367.0,GT,10
367.5,GT,10
368.0,GT,10
368.5,GT,10
369.0,GT,10
369.5,GT,10
370.0,GT,10
370.5,GT,10
371.0,GT,10
371.5,GT,10
372.0,GT,10
372.5,GT,10
373.0,GT,10
373.5,GT,10
374.0,GT,10
374.5,GT,10
375.0,GT,10
375.5,GT,10
376.0,GT,10
376.5,GT,10
377.0,GT,10
377.5,GT,10
378.0,GT,10
378.5,GT,10
379.0,GT,10
379.5,GT,10
380.0,GT,10
380.5,GT,10
381.0,GT,10
381.5,GT,10
382.0,GT,10
382.5,GT,10
383.0,GT,10
383.5,GT,10
384.0,GT,10
384.5,GT,10
385.0,GT,10
385.5,GT,10
386.0,GT,10
386.5,GT,10
387.0,GT,10
387.5,GT,10
388.0,GT,10
388.5,GT,10
389.0,GT,10
389.5,GT,10
390.0,GT,10
390.5,GT,10
391.0,GT,10
391.5,GT,10
392.0,GT,10
392.5,GT,10
393.0,GT,10
393.5,GT,10
394.0,GT,10
394.5,GT,10
395.0,GT,10
395.5,GT,10
396.0,GT,10
396.5,GT,10
397.0,GT,10
397.5,GT,10
398.0,GT,10
398.5,GT,10
399.0,GT,10
399.5,GT,10
400.0,GT,10
400.5,GT,10
401.0,GT,10
401.5,GT,10
402.0,GT,10
402.5,GT,10
403.0,GT,10
403.5,GT,10
404.0,GT,10
404.5,GT,10
405.0,GT,10
405.5,GT,10
406.0,GT,10
406.5,GT,10
407.0,GT,10
407.5,GT,10
408.0,GT,10
408.5,GT,10
409.0,GT,10
409.5,GT,10
410.0,GT,10
410.5,GT,10
411.0,GT,10
411.5,GT,10
412.0,GT,10
412.5,GT,10
413.0,GT,10
413.5,GT,10
414.0,GT,10
414.5,GT,10
415.0,GT,10
415.5,GT,10
416.0,GT,10
416.5,GT,10
417.0,GT,10
417.5,GT,10
418.0,GT,10
418.5,GT,10
419.0,GT,10
419.5,GT,10
420.0,GT,10
420.5,GT,10
421.0,GT,10
421.5,GT,10
422.0,GT,10
422.5,GT,10
423.0,GT,10
423.5,GT,10
424.0,GT,10
424.5,GT,10
425.0,GT,10
425.5,GT,10
426.0,GT,10
426.5,GT,10
427.0,GT,10
427.5,GT,10
428.0,GT,10
428.5,GT,10
429.0,GT,10
429.5,GT,10
430.0,GT,10
430.5,GT,10
431.0,GT,10
431.5,GT,10
432.0,GT,10
432.5,GT,10
433.0,GT,10
433.5,GT,10
434.0,GT,10
434.5,GT,10
435.0,GT,10
435.5,GT,10
436.0,GT,10
436.5,GT,10
437.0,GT,10
437.5,GT,10
438.0,GT,10
438.5,GT,10
439.0,GT,10
439.5,GT,10
440.0,GT,10
440.5,GT,10
441.0,GT,10
441.5,GT,10
442.0,GT,10
442.5,GT,10
443.0,GT,10
443.5,GT,10
444.0,GT,10
444.5,GT,10
445.0,GT,10
445.5,GT,10
446.0,GT,10
446.5,GT,10
447.0,GT,10
447.5,GT,10
448.0,GT,10
448.5,GT,10
449.0,GT,10
449.5,GT,10
450.0,GT,10
450.5,GT,10
451.0,GT,10
451.5,GT,10
452.0,GT,10
452.5,GT,10
453.0,GT,10
453.5,GT,10
454.0,GT,10
454.5,GT,10
455.0,GT,10
455.5,GT,10
456.0,GT,10
456.5,GT,10
457.0,GT,10
457.5,GT,10
458.0,GT,18
458.5,GT,18
459.0,GT,18
459.5,GT,18
460.0,GT,18
460.5,GT,18
461.0,GT,18
461.5,GT,18
462.0,GT,18
462.5,GT,18
463.0,GT,18
463.5,GT,18
464.0,GT,18
464.5,GT,18
465.0,GT,18
465.5,GT,18
466.0,GT,18
466.5,GT,18
467.0,GT,18
467.5,GT,18
468.0,GT,18
468.5,GT,18
469.0,GT,18
469.5,GT,18
470.0,GT,18
470.5,GT,18
471.0,GT,18
471.5,GT,18
472.0,GT,18
472.5,GT,18
473.0,GT,18
473.5,GT,18
474.0,GT,18
474.5,GT,18
475.0,GT,18
475.5,GT,18
476.0,GT,18
476.5,GT,18
477.0,GT,18
477.5,GT,18
478.0,GT,18
478.5,GT,18
479.0,GT,18
479.5,GT,18
480.0,GT,18
480.5,GT,18
481.0,GT,18
481.5,GT,18
482.0,GT,18
482.5,GT,18
483.0,GT,18
483.5,GT,18
484.0,GT,18
484.5,GT,18
485.0,GT,18
485.5,GT,18
486.0,GT,18
486.5,GT,12
487.0,GT,12
487.5,GT,12
488.0,GT,12
488.5,GT,12
489.0,GT,12
489.5,GT,12
490.0,GT,12
490.5,GT,12
491.0,GT,12
491.5,GT,18
492.0,GT,18
492.5,GT,18
493.0,GT,18
493.5,GT,18
494.0,GT,18
494.5,GT,18
495.0,GT,18
495.5,GT,18
496.0,GT,12
496.5,GT,12
497.0,GT,12
497.5,GT,12
498.0,GT,12
498.5,GT,12
499.0,GT,12
499.5,GT,12
500.0,GT,12
500.5,GT,12
501.0,GT,12
501.5,GT,12
502.0,GT,12
502.5,GT,12
503.0,GT,12
503.5,GT,12
504.0,GT,12
504.5,GT,12
505.0,GT,12
505.5,GT,12
506.0,GT,12
506.5,GT,12
507.0,GT,12
507.5,GT,12
508.0,GT,12
508.5,GT,12
509.0,GT,12
509.5,GT,12
510.0,GT,12
510.5,GT,12
511.0,GT,12
511.5,GT,12
512.0,GT,12
512.5,GT,12
513.0,GT,12
513.5,GT,12
514.0,GT,12
514.5,GT,12
515.0,GT,12
515.5,GT,12
516.0,GT,12
516.5,GT,12
517.0,GT,12
517.5,GT,12
518.0,GT,12
518.5,GT,12
519.0,GT,12
519.5,GT,12
520.0,GT,12
520.5,GT,12
521.0,GT,12
521.5,GT,12
522.0,GT,12
522.5,GT,12
523.0,GT,12
523.5,GT,12
524.0,GT,12
524.5,GT,12
525.0,GT,12
525.5,GT,12
526.0,GT,12
526.5,GT,12
527.0,GT,12
527.5,GT,12
528.0,GT,12
528.5,GT,12
529.0,GT,12
529.5,GT,12
530.0,GT,12
530.5,GT,12
531.0,GT,12
531.5,GT,12
532.0,GT,12
532.5,GT,12
533.0,GT,12
533.5,GT,12
534.0,GT,12
534.5,GT,12
535.0,GT,12
535.5,GT,12
536.0,GT,12
536.5,GT,12
537.0,GT,12
537.5,GT,12
538.0,GT,12
538.5,GT,12
539.0,GT,12
539.5,GT,12
540.0,GT,12
540.5,GT,12
541.0,GT,12
541.5,GT,12
542.0,GT,12
542.5,GT,12
543.0,GT,12
543.5,GT,12
544.0,GT,12
544.5,GT,12
545.0,GT,12
545.5,GT,12
546.0,GT,12
546.5,GT,12
547.0,GT,12
547.5,GT,12
548.0,GT,12
548.5,GT,12
549.0,GT,12
549.5,GT,12
550.0,GT,12
550.5,GT,12
551.0,GT,12
551.5,GT,12
552.0,GT,12
552.5,GT,12
553.0,GT,12
553.5,GT,12
554.0,GT,12
554.5,GT,12
555.0,GT,12
555.5,GT,12
556.0,GT,12
556.5,GT,12
557.0,GT,12
557.5,GT,12
558.0,GT,12
558.5,GT,12
559.0,GT,12
559.5,GT,12
560.0,GT,12
560.5,GT,12
561.0,GT,12
561.5,GT,12
562.0,GT,12
562.5,GT,12
563.0,GT,12
563.5,GT,12
564.0,GT,12
564.5,GT,12
565.0,GT,12
565.5,GT,12
566.0,GT,12
566.5,GT,12
567.0,GT,12
567.5,GT,12
568.0,GT,12
568.5,GT,12
569.0,GT,12
569.5,GT,12
570.0,GT,12
570.5,GT,12
571.0,GT,12
571.5,GT,12
572.0,GT,12
572.5,GT,12
573.0,GT,12
573.5,GT,12
574.0,GT,12
574.5,GT,12
575.0,GT,12
575.5,GT,12
576.0,GT,12
576.5,GT,12
577.0,GT,12
577.5,GT,12
578.0,GT,12
578.5,GT,12
579.0,GT,12
579.5,GT,12
580.0,GT,12
580.5,GT,12
581.0,GT,12
581.5,GT,12
582.0,GT,12
582.5,GT,12
583.0,GT,12
583.5,GT,12
584.0,GT,12
584.5,GT,12
585.0,GT,12
585.5,GT,12
586.0,GT,12
586.5,GT,12
587.0,GT,12
587.5,GT,12
588.0,GT,12
588.5,GT,12
589.0,GT,12
589.5,GT,12
590.0,GT,12
590.5,GT,12
591.0,GT,12
591.5,GT,12
592.0,GT,12
592.5,GT,12
593.0,GT,12
593.5,GT,12
594.0,GT,18
594.5,GT,18
595.0,GT,18
595.5,GT,18
596.0,GT,18
596.5,GT,18
597.0,GT,18
597.5,GT,18
598.0,GT,18
598.5,GT,18
599.0,GT,18
599.5,GT,18
600.0,GT,18
600.5,GT,18
601.0,GT,18
601.5,GT,18
602.0,GT,18
602.5,GT,18
603.0,GT,18
603.5,GT,18
604.0,GT,12
604.5,GT,12
605.0,GT,12
605.5,GT,12
606.0,GT,12
606.5,GT,18
607.0,GT,18
607.5,GT,18
608.0,GT,18
608.5,GT,18
609.0,GT,18
609.5,GT,18
610.0,GT,18
610.5,GT,13
611.0,GT,13
611.5,GT,13
612.0,GT,13
612.5,GT,13
613.0,GT,13
613.5,GT,13
614.0,GT,13
614.5,GT,13
615.0,GT,13
615.5,GT,13
616.0,GT,13
616.5,GT,13
617.0,GT,13
617.5,GT,13
618.0,GT,13
618.5,GT,13
619.0,GT,13
619.5,GT,13
620.0,GT,13
620.5,GT,13
621.0,GT,13
621.5,GT,13
622.0,GT,13
622.5,GT,13
623.0,GT,13
623.5,GT,13
624.0,GT,13
624.5,GT,13
625.0,GT,13
625.5,GT,13
626.0,GT,13
626.5,GT,13
627.0,GT,13
627.5,GT,13
628.0,GT,13
628.5,GT,13
629.0,GT,13
629.5,GT,13
630.0,GT,13
630.5,GT,13
631.0,GT,13
631.5,GT,13
632.0,GT,13
632.5,GT,13
633.0,GT,13
633.5,GT,13
634.0,GT,13
634.5,GT,13
635.0,GT,13
635.5,GT,13
636.0,GT,13
636.5,GT,13
637.0,GT,13
637.5,GT,13
638.0,GT,13
638.5,GT,13
639.0,GT,13
639.5,GT,13
640.0,GT,13
640.5,GT,13
641.0,GT,13
641.5,GT,13
642.0,GT,13
642.5,GT,13
643.0,GT,13
643.5,GT,13
644.0,GT,13
644.5,GT,13
645.0,GT,13
645.5,GT,13
646.0,GT,13
646.5,GT,13
647.0,GT,13
647.5,GT,13
648.0,GT,13
648.5,GT,13
649.0,GT,13
649.5,GT,13
650.0,GT,13
650.5,GT,13
651.0,GT,13
651.5,GT,13
652.0,GT,13
652.5,GT,13
653.0,GT,13
653.5,GT,13
654.0,GT,13
654.5,GT,13
655.0,GT,13
655.5,GT,13
656.0,GT,13
656.5,GT,13
657.0,GT,13
657.5,GT,13
658.0,GT,13
658.5,GT,13
659.0,GT,13
659.5,GT,13
660.0,GT,13
660.5,GT,13
661.0,GT,13
661.5,GT,13
662.0,GT,13
662.5,GT,13
663.0,GT,13
663.5,GT,13
664.0,GT,13
664.5,GT,13
665.0,GT,13
665.5,GT,13
666.0,GT,13
666.5,GT,13
667.0,GT,18
667.5,GT,18
668.0,GT,18
668.5,GT,18
669.0,GT,18
669.5,GT,18
670.0,GT,18
670.5,GT,18
671.0,GT,18
671.5,GT,18
672.0,GT,18
672.5,GT,18
673.0,GT,18
673.5,GT,18
674.0,GT,18
674.5,GT,18
675.0,GT,18
675.5,GT,18
676.0,GT,18
676.5,GT,18
677.0,GT,18
677.5,GT,18
678.0,GT,18
678.5,GT,18
679.0,GT,18
679.5,GT,18
680.0,GT,18
680.5,GT,18
681.0,GT,18
681.5,GT,18
682.0,GT,18
682.5,GT,18
683.0,GT,18
683.5,GT,18
684.0,GT,18
684.5,GT,18
685.0,GT,18
685.5,GT,18
686.0,GT,18
686.5,GT,18
687.0,GT,18
687.5,GT,18
688.0,GT,18
688.5,GT,18
689.0,GT,18
689.5,GT,18
690.0,GT,18
690.5,GT,18
691.0,GT,18
691.5,GT,18
692.0,GT,18
692.5,GT,18
693.0,GT,18
693.5,GT,18
694.0,GT,18
694.5,GT,18
695.0,GT,18
695.5,GT,18
696.0,GT,18
696.5,GT,18
697.0,GT,18
697.5,GT,18
698.0,GT,18
698.5,GT,18
699.0,GT,18
699.5,GT,18
700.0,GT,18
700.5,GT,18
701.0,GT,18
701.5,GT,18
702.0,GT,18
702.5,GT,18
703.0,GT,18
703.5,GT,18
704.0,GT,18
704.5,GT,18
705.0,GT,18
705.5,GT,18
706.0,GT,18
706.5,GT,18
707.0,GT,18
707.5,GT,18
708.0,GT,18
708.5,GT,18
709.0,GT,18
709.5,GT,18
710.0,GT,18
710.5,GT,18
711.0,GT,18
711.5,GT,13
712.0,GT,13
712.5,GT,13
713.0,GT,13
713.5,GT,13
714.0,GT,13
714.5,GT,13
715.0,GT,13
715.5,GT,13
716.0,GT,13
716.5,GT,13
717.0,GT,13
717.5,GT,13
718.0,GT,13
718.5,GT,13
719.0,GT,13
719.5,GT,13
720.0,GT,13
720.5,GT,13
721.0,GT,13
721.5,GT,13
722.0,GT,13
722.5,GT,13
723.0,GT,13
723.5,GT,13
724.0,GT,13
724.5,GT,13
725.0,GT,13
725.5,GT,13
726.0,GT,13
726.5,GT,13
727.0,GT,13
727.5,GT,13
728.0,GT,13
728.5,GT,13
729.0,GT,13
729.5,GT,13
730.0,GT,13
730.5,GT,13
731.0,GT,13
731.5,GT,13
732.0,GT,13
732.5,GT,13
733.0,GT,13
733.5,GT,13
734.0,GT,13
734.5,GT,13
735.0,GT,13
735.5,GT,13
736.0,GT,13
736.5,GT,13
737.0,GT,13
737.5,GT,13
738.0,GT,13
738.5,GT,13
739.0,GT,13
739.5,GT,13
740.0,GT,13
740.5,GT,13
741.0,GT,13
741.5,GT,13
742.0,GT,13
742.5,GT,13
743.0,GT,13
743.5,GT,13
744.0,GT,13
744.5,GT,13
745.0,GT,13
745.5,GT,13
746.0,GT,13
746.5,GT,13
747.0,GT,13
747.5,GT,13
748.0,GT,13
748.5,GT,13
749.0,GT,13
749.5,GT,13
750.0,GT,13
750.5,GT,13
751.0,GT,13
751.5,GT,13
752.0,GT,13
752.5,GT,13
753.0,GT,13
753.5,GT,13
754.0,GT,13
754.5,GT,13
755.0,GT,13
755.5,GT,13
756.0,GT,13
756.5,GT,13
757.0,GT,13
757.5,GT,13
758.0,GT,13
758.5,GT,13
759.0,GT,18
759.5,GT,18
760.0,GT,18
760.5,GT,18
761.0,GT,18
761.5,GT,18
762.0,GT,18
762.5,GT,18
763.0,GT,18
763.5,GT,18
764.0,GT,18
764.5,GT,18
765.0,GT,18
765.5,GT,18
766.0,GT,18
766.5,GT,18
767.0,GT,18
767.5,GT,18
768.0,GT,18
768.5,GT,18
769.0,GT,18
769.5,GT,18
770.0,GT,18
770.5,GT,18
771.0,GT,18
771.5,GT,18
772.0,GT,18
772.5,GT,18
773.0,GT,18
773.5,GT,18
774.0,GT,18
774.5,GT,18
775.0,GT,18
775.5,GT,18
776.0,GT,18
776.5,GT,18
777.0,GT,18
777.5,GT,18
778.0,GT,18
778.5,GT,18
779.0,GT,18
779.5,GT,18
780.0,GT,18
780.5,GT,18
781.0,GT,18
781.5,GT,18
782.0,GT,18
782.5,GT,18
783.0,GT,18
783.5,GT,18
784.0,GT,18
784.5,GT,18
785.0,GT,18
785.5,GT,18
786.0,GT,18
786.5,GT,18
787.0,GT,18
787.5,GT,18
788.0,GT,18
788.5,GT,18
789.0,GT,18
789.5,GT,5
790.0,GT,5
790.5,GT,5
791.0,GT,5
791.5,GT,18
792.0,GT,18
792.5,GT,18
793.0,GT,18
793.5,GT,18
794.0,GT,18
794.5,GT,18
795.0,GT,18
795.5,GT,18
796.0,GT,5
796.5,GT,5
797.0,GT,5
797.5,GT,5
798.0,GT,5
798.5,GT,5
799.0,GT,5
799.5,GT,5
800.0,GT,5
800.5,GT,5
801.0,GT,5
801.5,GT,5
802.0,GT,5
802.5,GT,5
803.0,GT,5
803.5,GT,5
804.0,GT,5
804.5,GT,5
805.0,GT,5
805.5,GT,5
806.0,GT,5
806.5,GT,5
807.0,GT,5
807.5,GT,5
808.0,GT,5
808.5,GT,5
809.0,GT,5
809.5,GT,5
810.0,GT,5
810.5,GT,5
811.0,GT,5
811.5,GT,5
812.0,GT,5
812.5,GT,5
813.0,GT,5
813.5,GT,5
814.0,GT,5
814.5,GT,5
815.0,GT,5
815.5,GT,5
816.0,GT,5
816.5,GT,5
817.0,GT,5
817.5,GT,5
818.0,GT,5
818.5,GT,5
819.0,GT,5
819.5,GT,5
820.0,GT,5
820.5,GT,5
821.0,GT,5
821.5,GT,5
822.0,GT,5
822.5,GT,5
823.0,GT,5
823.5,GT,5
824.0,GT,5
824.5,GT,5
825.0,GT,5
825.5,GT,5
826.0,GT,5
826.5,GT,5
827.0,GT,5
827.5,GT,5
828.0,GT,5
828.5,GT,5
829.0,GT,5
829.5,GT,5
830.0,GT,5
830.5,GT,5
831.0,GT,5
831.5,GT,5
832.0,GT,5
832.5,GT,5
833.0,GT,5
833.5,GT,5
834.0,GT,5
834.5,GT,5
835.0,GT,5
835.5,GT,5
836.0,GT,5
836.5,GT,5
837.0,GT,5
837.5,GT,5
838.0,GT,5
838.5,GT,5
839.0,GT,5
839.5,GT,5
840.0,GT,5
840.5,GT,5
841.0,GT,5
841.5,GT,5
842.0,GT,5
842.5,GT,5
843.0,GT,5
843.5,GT,5
844.0,GT,5
844.5,GT,5
845.0,GT,5
845.5,GT,5
846.0,GT,5
846.5,GT,5
847.0,GT,5
847.5,GT,5
848.0,GT,5
848.5,GT,5
849.0,GT,5
849.5,GT,5
850.0,GT,5
850.5,GT,5
851.0,GT,5
851.5,GT,5
852.0,GT,5
852.5,GT,5
853.0,GT,5
853.5,GT,5
854.0,GT,5
854.5,GT,5
855.0,GT,5
855.5,GT,5
856.0,GT,5
856.5,GT,5
857.0,GT,5
857.5,GT,5
858.0,GT,5
858.5,GT,5
859.0,GT,5
859.5,GT,5
860.0,GT,5
860.5,GT,5
861.0,GT,5
861.5,GT,5
862.0,GT,5
862.5,GT,5
863.0,GT,5
863.5,GT,5
864.0,GT,5
864.5,GT,5
865.0,GT,5
865.5,GT,5
866.0,GT,5
866.5,GT,5
867.0,GT,5
867.5,GT,5
868.0,GT,5
868.5,GT,5
869.0,GT,5
869.5,GT,5
870.0,GT,5
870.5,GT,5
871.0,GT,5
871.5,GT,5
872.0,GT,5
872.5,GT,5
873.0,GT,5
873.5,GT,5
874.0,GT,5
874.5,GT,5
875.0,GT,5
875.5,GT,5
876.0,GT,5
876.5,GT,5
877.0,GT,5
877.5,GT,5
878.0,GT,5
878.5,GT,5
879.0,GT,5
879.5,GT,5
880.0,GT,5
880.5,GT,5
881.0,GT,5
881.5,GT,5
882.0,GT,5
882.5,GT,5
883.0,GT,5
883.5,GT,5
884.0,GT,5
884.5,GT,5
885.0,GT,5
885.5,GT,5
886.0,GT,5
886.5,GT,5
887.0,GT,5
887.5,GT,5
888.0,GT,5
888.5,GT,5
889.0,GT,5
889.5,GT,5
890.0,GT,5
890.5,GT,5
891.0,GT,5
891.5,GT,5
892.0,GT,5
892.5,GT,5
893.0,GT,5
893.5,GT,5
894.0,GT,5
894.5,GT,18
895.0,GT,18
895.5,GT,18
896.0,GT,18
896.5,GT,18
897.0,GT,18
897.5,GT,18
898.0,GT,6
898.5,GT,6
899.0,GT,6
899.5,GT,6
900.0,GT,6
900.5,GT,6
901.0,GT,6
901.5,GT,6
902.0,GT,6
902.5,GT,6
903.0,GT,6
903.5,GT,6
904.0,GT,6
904.5,GT,6
905.0,GT,6
905.5,GT,6
906.0,GT,6
906.5,GT,6
907.0,GT,6
907.5,GT,6
908.0,GT,6
908.5,GT,6
909.0,GT,6
909.5,GT,6
910.0,GT,6
910.5,GT,6
911.0,GT,6
911.5,GT,6
912.0,GT,6
912.5,GT,6
913.0,GT,6
913.5,GT,6
914.0,GT,6
914.5,GT,6
915.0,GT,6
915.5,GT,6
916.0,GT,6
916.5,GT,6
917.0,GT,6
917.5,GT,6
918.0,GT,6
918.5,GT,6
919.0,GT,6
919.5,GT,6
920.0,GT,6
920.5,GT,6
921.0,GT,6
921.5,GT,6
922.0,GT,6
922.5,GT,6
923.0,GT,6
923.5,GT,6
924.0,GT,6
924.5,GT,6
925.0,GT,6
925.5,GT,6
926.0,GT,6
926.5,GT,6
927.0,GT,6
927.5,GT,6
928.0,GT,6
928.5,GT,6
929.0,GT,6
929.5,GT,6
930.0,GT,6
930.5,GT,6
931.0,GT,6
931.5,GT,6
932.0,GT,6
932.5,GT,6
933.0,GT,6
933.5,GT,6
934.0,GT,6
934.5,GT,6
935.0,GT,6
935.5,GT,6
936.0,GT,6
936.5,GT,6
937.0,GT,6
937.5,GT,6
938.0,GT,6
938.5,GT,6
939.0,GT,6
939.5,GT,6
940.0,GT,6
940.5,GT,6
941.0,GT,6
941.5,GT,6
942.0,GT,6
942.5,GT,6
943.0,GT,6
943.5,GT,6
944.0,GT,6
944.5,GT,6
945.0,GT,6
945.5,GT,6
946.0,GT,6
946.5,GT,6
947.0,GT,6
947.5,GT,6
948.0,GT,6
948.5,GT,6
949.0,GT,6
949.5,GT,6
950.0,GT,6
950.5,GT,6
951.0,GT,6
951.5,GT,6
952.0,GT,6
952.5,GT,6
953.0,GT,6
953.5,GT,6
954.0,GT,6
954.5,GT,6
955.0,GT,6
955.5,GT,6
956.0,GT,6
956.5,GT,6
957.0,GT,6
957.5,GT,6
958.0,GT,6
958.5,GT,6
959.0,GT,6
959.5,GT,6
960.0,GT,6
960.5,GT,6
961.0,GT,6
961.5,GT,6
962.0,GT,6
962.5,GT,6
963.0,GT,6
963.5,GT,6
964.0,GT,6
964.5,GT,6
965.0,GT,6
965.5,GT,6
966.0,GT,6
966.5,GT,6
967.0,GT,6
967.5,GT,6
968.0,GT,6
968.5,GT,6
969.0,GT,6
969.5,GT,6
970.0,GT,6
970.5,GT,6
971.0,GT,6
971.5,GT,6
972.0,GT,6
972.5,GT,6
973.0,GT,6
973.5,GT,6
974.0,GT,6
974.5,GT,6
975.0,GT,6
975.5,GT,6
976.0,GT,6
976.5,GT,6
977.0,GT,6
977.5,GT,6
978.0,GT,6
978.5,GT,6
979.0,GT,6
979.5,GT,6
980.0,GT,6
980.5,GT,6
981.0,GT,6
981.5,GT,6
982.0,GT,6
982.5,GT,6
983.0,GT,6
983.5,GT,6
984.0,GT,6
984.5,GT,6
985.0,GT,6
985.5,GT,6
986.0,GT,6
986.5,GT,6
987.0,GT,6
987.5,GT,6
988.0,GT,6
988.5,GT,6
989.0,GT,6
989.5,GT,6
990.0,GT,6
990.5,GT,6
991.0,GT,6
991.5,GT,6
992.0,GT,6
992.5,GT,6
993.0,GT,6
993.5,GT,6
994.0,GT,6
994.5,GT,6
995.0,GT,6
995.5,GT,6
996.0,GT,6
996.5,GT,6
997.0,GT,6
997.5,GT,6
998.0,GT,6
998.5,GT,6
999.0,GT,6
999.5,GT,18
1000.0,GT,18
1000.5,GT,18
1001.0,GT,18
1001.5,GT,18
1002.0,GT,18
1002.5,GT,18
1003.0,GT,18
1003.5,GT,18
1004.0,GT,18
1004.5,GT,18
1005.0,GT,18
1005.5,GT,18
1006.0,GT,18
1006.5,GT,18
1007.0,GT,18
1007.5,GT,18
1008.0,GT,18
1008.5,GT,18
1009.0,GT,18
1009.5,GT,18
1010.0,GT,18
1010.5,GT,18
1011.0,GT,18
1011.5,GT,18
1012.0,GT,18
1012.5,GT,18
1013.0,GT,18
1013.5,GT,18
1014.0,GT,18
1014.5,GT,18
1015.0,GT,18
1015.5,GT,18
1016.0,GT,18
1016.5,GT,18
1017.0,GT,18
1017.5,GT,18
1018.0,GT,18
1018.5,GT,18
1019.0,GT,18
1019.5,GT,18
1020.0,GT,18
1020.5,GT,18
1021.0,GT,18
1021.5,GT,18
1022.0,GT,18
1022.5,GT,18
1023.0,GT,18
1023.5,GT,18
1024.0,GT,18
1024.5,GT,18
1025.0,GT,18
1025.5,GT,18
1026.0,GT,18
1026.5,GT,11
1027.0,GT,11
1027.5,GT,11
1028.0,GT,11
1028.5,GT,11
1029.0,GT,11
1029.5,GT,11
1030.0,GT,11
1030.5,GT,11
1031.0,GT,11
1031.5,GT,11
1032.0,GT,18
1032.5,GT,18
1033.0,GT,18
1033.5,GT,18
1034.0,GT,18
1034.5,GT,18
1035.0,GT,18
1035.5,GT,18
1036.0,GT,18
1036.5,GT,11
1037.0,GT,11
1037.5,GT,11
1038.0,GT,11
1038.5,GT,11
1039.0,GT,11
1039.5,GT,11
1040.0,GT,11
1040.5,GT,11
1041.0,GT,11
1041.5,GT,11
1042.0,GT,11
1042.5,GT,11
1043.0,GT,11
1043.5,GT,11
1044.0,GT,11
1044.5,GT,11
1045.0,GT,11
1045.5,GT,11
1046.0,GT,11
1046.5,GT,11
1047.0,GT,11
1047.5,GT,11
1048.0,GT,11
1048.5,GT,11
1049.0,GT,11
1049.5,GT,11
1050.0,GT,11
1050.5,GT,11
1051.0,GT,11
1051.5,GT,11
1052.0,GT,11
1052.5,GT,11
1053.0,GT,11
1053.5,GT,11
1054.0,GT,11
1054.5,GT,11
1055.0,GT,11
1055.5,GT,11
1056.0,GT,11
1056.5,GT,11
1057.0,GT,11
1057.5,GT,11
1058.0,GT,11
1058.5,GT,11
1059.0,GT,11
1059.5,GT,11
1060.0,GT,11
1060.5,GT,11
1061.0,GT,11
1061.5,GT,11
1062.0,GT,11
1062.5,GT,11
1063.0,GT,11
1063.5,GT,11
1064.0,GT,11
1064.5,GT,11
1065.0,GT,11
1065.5,GT,11
1066.0,GT,11
1066.5,GT,11
1067.0,GT,11
1067.5,GT,11
1068.0,GT,11
1068.5,GT,11
1069.0,GT,11
1069.5,GT,11
1070.0,GT,11
1070.5,GT,11
1071.0,GT,11
1071.5,GT,11
1072.0,GT,11
1072.5,GT,11
1073.0,GT,11
1073.5,GT,11
1074.0,GT,11
1074.5,GT,11
1075.0,GT,11
1075.5,GT,11
1076.0,GT,11
1076.5,GT,11
1077.0,GT,11
1077.5,GT,11
1078.0,GT,11
1078.5,GT,11
1079.0,GT,11
1079.5,GT,11
1080.0,GT,11
1080.5,GT,11
1081.0,GT,11
1081.5,GT,11
1082.0,GT,11
1082.5,GT,11
1083.0,GT,11
1083.5,GT,11
1084.0,GT,11
1084.5,GT,11
1085.0,GT,11
1085.5,GT,11
1086.0,GT,11
1086.5,GT,11
1087.0,GT,11
1087.5,GT,11
1088.0,GT,11
1088.5,GT,11
1089.0,GT,11
1089.5,GT,11
1090.0,GT,11
1090.5,GT,11
1091.0,GT,11
1091.5,GT,11
1092.0,GT,11
1092.5,GT,11
1093.0,GT,11
1093.5,GT,11
1094.0,GT,11
1094.5,GT,11
1095.0,GT,11
1095.5,GT,11
1096.0,GT,11
1096.5,GT,11
1097.0,GT,11
1097.5,GT,11
1098.0,GT,11
1098.5,GT,11
1099.0,GT,11
1099.5,GT,11
1100.0,GT,11
1100.5,GT,11
1101.0,GT,11
1101.5,GT,11
1102.0,GT,11
1102.5,GT,11
1103.0,GT,11
1103.5,GT,11
1104.0,GT,11
1104.5,GT,11
1105.0,GT,11
1105.5,GT,11
1106.0,GT,11
1106.5,GT,11
1107.0,GT,11
1107.5,GT,11
1108.0,GT,11
1108.5,GT,11
1109.0,GT,11
1109.5,GT,11
1110.0,GT,11
1110.5,GT,11
1111.0,GT,11
1111.5,GT,11
1112.0,GT,11
1112.5,GT,11
1113.0,GT,11
1113.5,GT,11
1114.0,GT,11
1114.5,GT,11
1115.0,GT,11
1115.5,GT,11
1116.0,GT,11
1116.5,GT,11
1117.0,GT,11
1117.5,GT,11
1118.0,GT,11
1118.5,GT,11
1119.0,GT,18
1119.5,GT,18
1120.0,GT,18
1120.5,GT,18
1121.0,GT,18
1121.5,GT,18
1122.0,GT,18
1122.5,GT,18
1123.0,GT,18
1123.5,GT,18
1124.0,GT,18
1124.5,GT,18
1125.0,GT,18
1125.5,GT,18
1126.0,GT,18
1126.5,GT,18
1127.0,GT,18
1127.5,GT,18
1128.0,GT,18
1128.5,GT,18
1129.0,GT,18
1129.5,GT,18
1130.0,GT,18
1130.5,GT,18
1131.0,GT,18
1131.5,GT,18
1132.0,GT,18
1132.5,GT,3
1133.0,GT,3
1133.5,GT,3
1134.0,GT,3
1134.5,GT,3
1135.0,GT,3
1135.5,GT,3
1136.0,GT,3
1136.5,GT,3
1137.0,GT,3
1137.5,GT,3
1138.0,GT,3
1138.5,GT,3
1139.0,GT,3
1139.5,GT,3
1140.0,GT,3
1140.5,GT,3
1141.0,GT,3
1141.5,GT,3
1142.0,GT,3
1142.5,GT,3
1143.0,GT,3
1143.5,GT,3
1144.0,GT,3
1144.5,GT,3
1145.0,GT,3
1145.5,GT,3
1146.0,GT,3
1146.5,GT,3
1147.0,GT,3
1147.5,GT,3
1148.0,GT,3
1148.5,GT,3
1149.0,GT,3
1149.5,GT,3
1150.0,GT,3
1150.5,GT,3
1151.0,GT,3
1151.5,GT,3
1152.0,GT,3
1152.5,GT,3
1153.0,GT,3
1153.5,GT,3
1154.0,GT,3
1154.5,GT,3
1155.0,GT,3
1155.5,GT,3
1156.0,GT,3
1156.5,GT,3
1157.0,GT,3
1157.5,GT,3
1158.0,GT,3
1158.5,GT,3
1159.0,GT,3
1159.5,GT,3
1160.0,GT,3
1160.5,GT,3
1161.0,GT,3
1161.5,GT,3
1162.0,GT,3
1162.5,GT,3
1163.0,GT,3
1163.5,GT,3
1164.0,GT,3
1164.5,GT,3
1165.0,GT,3
1165.5,GT,3
1166.0,GT,3
1166.5,GT,3
1167.0,GT,3
1167.5,GT,3
1168.0,GT,3
1168.5,GT,3
1169.0,GT,3
1169.5,GT,3
1170.0,GT,3
1170.5,GT,3
1171.0,GT,3
1171.5,GT,3
1172.0,GT,3
1172.5,GT,3
1173.0,GT,3
1173.5,GT,3
1174.0,GT,3
1174.5,GT,3
1175.0,GT,3
1175.5,GT,3
1176.0,GT,3
1176.5,GT,3
1177.0,GT,3
1177.5,GT,3
1178.0,GT,3
1178.5,GT,3
1179.0,GT,3
1179.5,GT,3
1180.0,GT,3
1180.5,GT,3
1181.0,GT,3
1181.5,GT,3
1182.0,GT,3
1182.5,GT,3
1183.0,GT,3
1183.5,GT,3
1184.0,GT,3
1184.5,GT,3
1185.0,GT,3
1185.5,GT,3
1186.0,GT,3
1186.5,GT,3
1187.0,GT,3
1187.5,GT,3
1188.0,GT,3
1188.5,GT,3
1189.0,GT,3
1189.5,GT,3
1190.0,GT,3
1190.5,GT,3
1191.0,GT,3
1191.5,GT,3
1192.0,GT,3
1192.5,GT,3
1193.0,GT,3
1193.5,GT,3
1194.0,GT,3
1194.5,GT,3
1195.0,GT,3
1195.5,GT,3
1196.0,GT,3
1196.5,GT,3
1197.0,GT,3
1197.5,GT,3
1198.0,GT,3
1198.5,GT,3
1199.0,GT,3
1199.5,GT,3
1200.0,GT,3
1200.5,GT,3
1201.0,GT,3
1201.5,GT,3
1202.0,GT,3
1202.5,GT,3
1203.0,GT,3
1203.5,GT,3
1204.0,GT,3
1204.5,GT,3
1205.0,GT,3
1205.5,GT,3
1206.0,GT,3
1206.5,GT,3
1207.0,GT,3
1207.5,GT,3
1208.0,GT,3
1208.5,GT,3
1209.0,GT,3
1209.5,GT,3
1210.0,GT,3
1210.5,GT,3
1211.0,GT,3
1211.5,GT,3
1212.0,GT,3
1212.5,GT,3
1213.0,GT,3
1213.5,GT,3
1214.0,GT,3
1214.5,GT,3
1215.0,GT,3
1215.5,GT,3
1216.0,GT,3
1216.5,GT,3
1217.0,GT,3
1217.5,GT,3
1218.0,GT,3
1218.5,GT,3
1219.0,GT,3
1219.5,GT,3
1220.0,GT,3
1220.5,GT,3
1221.0,GT,3
1221.5,GT,3
1222.0,GT,3
1222.5,GT,3
1223.0,GT,3
1223.5,GT,3
1224.0,GT,3
1224.5,GT,3
1225.0,GT,3
1225.5,GT,3
1226.0,GT,3
1226.5,GT,3
1227.0,GT,3
1227.5,GT,3
1228.0,GT,3
1228.5,GT,3
1229.0,GT,3
1229.5,GT,3
1230.0,GT,3
1230.5,GT,3
1231.0,GT,3
1231.5,GT,3
1232.0,GT,3
1232.5,GT,3
1233.0,GT,3
1233.5,GT,3
1234.0,GT,18
1234.5,GT,18
1235.0,GT,18
1235.5,GT,18
1236.0,GT,18
1236.5,GT,18
1237.0,GT,18
1237.5,GT,18
1238.0,GT,18
1238.5,GT,18
1239.0,GT,18
1239.5,GT,18
1240.0,GT,18
1240.5,GT,18
1241.0,GT,18
1241.5,GT,18
1242.0,GT,18
1242.5,GT,18
1243.0,GT,18
1243.5,GT,18
1244.0,GT,18
1244.5,GT,18
1245.0,GT,18
1245.5,GT,18
1246.0,GT,18
1246.5,GT,18
1247.0,GT,18
1247.5,GT,18
1248.0,GT,18
1248.5,GT,18
1249.0,GT,18
1249.5,GT,18
1250.0,GT,18
1250.5,GT,18
1251.0,GT,18
1251.5,GT,18
1252.0,GT,18
1252.5,GT,18
1253.0,GT,18
1253.5,GT,18
1254.0,GT,18
1254.5,GT,4
1255.0,GT,4
1255.5,GT,4
1256.0,GT,4
1256.5,GT,4
1257.0,GT,4
1257.5,GT,4
1258.0,GT,4
1258.5,GT,4
1259.0,GT,4
1259.5,GT,4
1260.0,GT,4
1260.5,GT,4
1261.0,GT,4
1261.5,GT,4
1262.0,GT,4
1262.5,GT,4
1263.0,GT,4
1263.5,GT,4
1264.0,GT,4
1264.5,GT,4
1265.0,GT,4
1265.5,GT,4
1266.0,GT,4
1266.5,GT,4
1267.0,GT,4
1267.5,GT,4
1268.0,GT,4
1268.5,GT,4
1269.0,GT,4
1269.5,GT,4
1270.0,GT,4
1270.5,GT,4
1271.0,GT,4
1271.5,GT,4
1272.0,GT,4
1272.5,GT,4
1273.0,GT,4
1273.5,GT,4
1274.0,GT,4
1274.5,GT,4
1275.0,GT,4
1275.5,GT,4
1276.0,GT,4
1276.5,GT,4
1277.0,GT,4
1277.5,GT,4
1278.0,GT,4
1278.5,GT,4
1279.0,GT,4
1279.5,GT,4
1280.0,GT,4
1280.5,GT,4
1281.0,GT,4
1281.5,GT,4
1282.0,GT,4
1282.5,GT,4
1283.0,GT,4
1283.5,GT,4
1284.0,GT,4
1284.5,GT,4
1285.0,GT,4
1285.5,GT,4
1286.0,GT,4
1286.5,GT,4
1287.0,GT,4
1287.5,GT,4
1288.0,GT,4
1288.5,GT,4
1289.0,GT,4
1289.5,GT,4
1290.0,GT,4
1290.5,GT,4
1291.0,GT,4
1291.5,GT,4
1292.0,GT,4
1292.5,GT,4
1293.0,GT,4
1293.5,GT,4
1294.0,GT,4
1294.5,GT,4
1295.0,GT,4
1295.5,GT,4
1296.0,GT,4
1296.5,GT,4
1297.0,GT,4
1297.5,GT,4
1298.0,GT,4
1298.5,GT,4
1299.0,GT,4
1299.5,GT,4
1300.0,GT,4
1300.5,GT,4
1301.0,GT,4
1301.5,GT,4
1302.0,GT,4
1302.5,GT,4
1303.0,GT,4
1303.5,GT,4
1304.0,GT,4
1304.5,GT,4
1305.0,GT,4
1305.5,GT,4
1306.0,GT,4
1306.5,GT,4
1307.0,GT,4
1307.5,GT,4
1308.0,GT,4
1308.5,GT,4
1309.0,GT,4
1309.5,GT,4
1310.0,GT,4
1310.5,GT,4
1311.0,GT,4
1311.5,GT,4
1312.0,GT,4
1312.5,GT,4
1313.0,GT,4
1313.5,GT,4
1314.0,GT,4
1314.5,GT,4
1315.0,GT,4
1315.5,GT,4
1316.0,GT,4
1316.5,GT,4
1317.0,GT,4
1317.5,GT,4
1318.0,GT,4
1318.5,GT,4
1319.0,GT,4
1319.5,GT,4
1320.0,GT,4
1320.5,GT,4
1321.0,GT,4
1321.5,GT,4
1322.0,GT,4
1322.5,GT,4
1323.0,GT,4
1323.5,GT,4
1324.0,GT,4
1324.5,GT,4
1325.0,GT,4
1325.5,GT,4
1326.0,GT,4
1326.5,GT,4
1327.0,GT,4
1327.5,GT,4
1328.0,GT,4
1328.5,GT,4
1329.0,GT,4
1329.5,GT,4
1330.0,GT,4
1330.5,GT,4
1331.0,GT,4
1331.5,GT,4
1332.0,GT,4
1332.5,GT,4
1333.0,GT,4
1333.5,GT,4
1334.0,GT,4
1334.5,GT,4
1335.0,GT,4
1335.5,GT,4
1336.0,GT,4
1336.5,GT,4
1337.0,GT,4
1337.5,GT,4
1338.0,GT,4
1338.5,GT,4
1339.0,GT,4
1339.5,GT,4
1340.0,GT,4
1340.5,GT,4
1341.0,GT,4
1341.5,GT,4
1342.0,GT,4
1342.5,GT,4
1343.0,GT,4
1343.5,GT,4
1344.0,GT,4
1344.5,GT,4
1345.0,GT,4
1345.5,GT,4
1346.0,GT,4
1346.5,GT,4
1347.0,GT,4
1347.5,GT,4
1348.0,GT,4
1348.5,GT,4
1349.0,GT,4
1349.5,GT,4
1350.0,GT,18
1350.5,GT,18
1351.0,GT,18
1351.5,GT,18
1352.0,GT,18
1352.5,GT,18
1353.0,GT,18
1353.5,GT,18
1354.0,GT,18
1354.5,GT,18
1355.0,GT,18
1355.5,GT,18
1356.0,GT,18
1356.5,GT,18
1357.0,GT,18
1357.5,GT,18
1358.0,GT,18
1358.5,GT,18
1359.0,GT,18
1359.5,GT,18
1360.0,GT,18
1360.5,GT,18
1361.0,GT,18
1361.5,GT,18
1362.0,GT,18
1362.5,GT,18
1363.0,GT,18
1363.5,GT,18
1364.0,GT,18
1364.5,GT,15
1365.0,GT,15
1365.5,GT,15
1366.0,GT,15
1366.5,GT,18
1367.0,GT,18
1367.5,GT,18
1368.0,GT,18
1368.5,GT,18
1369.0,GT,15
1369.5,GT,15
1370.0,GT,15
1370.5,GT,15
1371.0,GT,15
1371.5,GT,15
1372.0,GT,15
1372.5,GT,15
1373.0,GT,15
1373.5,GT,15
1374.0,GT,15
1374.5,GT,15
1375.0,GT,15
1375.5,GT,15
1376.0,GT,15
1376.5,GT,15
1377.0,GT,15
1377.5,GT,15
1378.0,GT,15
1378.5,GT,15
1379.0,GT,15
1379.5,GT,15
1380.0,GT,15
1380.5,GT,15
1381.0,GT,15
1381.5,GT,15
1382.0,GT,15
1382.5,GT,15
1383.0,GT,15
1383.5,GT,15
1384.0,GT,15
1384.5,GT,15
1385.0,GT,15
1385.5,GT,15
1386.0,GT,15
1386.5,GT,15
1387.0,GT,15
1387.5,GT,15
1388.0,GT,15
1388.5,GT,15
1389.0,GT,15
1389.5,GT,15
1390.0,GT,15
1390.5,GT,15
1391.0,GT,15
1391.5,GT,15
1392.0,GT,15
1392.5,GT,15
1393.0,GT,15
1393.5,GT,15
1394.0,GT,15
1394.5,GT,15
1395.0,GT,15
1395.5,GT,15
1396.0,GT,15
1396.5,GT,15
1397.0,GT,15
1397.5,GT,15
1398.0,GT,15
1398.5,GT,15
1399.0,GT,15
1399.5,GT,15
1400.0,GT,15
1400.5,GT,15
1401.0,GT,15
1401.5,GT,15
1402.0,GT,15
1402.5,GT,15
1403.0,GT,15
1403.5,GT,15
1404.0,GT,15
1404.5,GT,15
1405.0,GT,15
1405.5,GT,15
1406.0,GT,15
1406.5,GT,15
1407.0,GT,15
1407.5,GT,15
1408.0,GT,15
1408.5,GT,15
1409.0,GT,15
1409.5,GT,15
1410.0,GT,15
1410.5,GT,15
1411.0,GT,15
1411.5,GT,15
1412.0,GT,15
1412.5,GT,15
1413.0,GT,15
1413.5,GT,15
1414.0,GT,15
1414.5,GT,15
1415.0,GT,15
1415.5,GT,15
1416.0,GT,15
1416.5,GT,15
1417.0,GT,15
1417.5,GT,15
1418.0,GT,15
1418.5,GT,15
1419.0,GT,15
1419.5,GT,15
1420.0,GT,15
1420.5,GT,15
1421.0,GT,15
1421.5,GT,15
1422.0,GT,15
1422.5,GT,15
1423.0,GT,15
1423.5,GT,15
1424.0,GT,15
1424.5,GT,15
1425.0,GT,15
1425.5,GT,15
1426.0,GT,15
1426.5,GT,15
1427.0,GT,15
1427.5,GT,15
1428.0,GT,15
1428.5,GT,15
1429.0,GT,15
1429.5,GT,15
1430.0,GT,15
1430.5,GT,15
1431.0,GT,15
1431.5,GT,15
1432.0,GT,15
1432.5,GT,15
1433.0,GT,15
1433.5,GT,15
1434.0,GT,15
1434.5,GT,15
1435.0,GT,15
1435.5,GT,15
1436.0,GT,15
1436.5,GT,15
1437.0,GT,15
1437.5,GT,15
1438.0,GT,15
1438.5,GT,15
1439.0,GT,15
1439.5,GT,15
1440.0,GT,15
1440.5,GT,15
1441.0,GT,15
1441.5,GT,15
1442.0,GT,15
1442.5,GT,15
1443.0,GT,15
1443.5,GT,15
1444.0,GT,15
1444.5,GT,15
1445.0,GT,15
1445.5,GT,15
1446.0,GT,15
1446.5,GT,15
1447.0,GT,15
1447.5,GT,15
1448.0,GT,15
1448.5,GT,15
1449.0,GT,15
1449.5,GT,15
1450.0,GT,15
1450.5,GT,15
1451.0,GT,15
1451.5,GT,15
1452.0,GT,15
1452.5,GT,15
1453.0,GT,15
1453.5,GT,15
1454.0,GT,15
1454.5,GT,15
1455.0,GT,15
1455.5,GT,15
1456.0,GT,15
1456.5,GT,15
1457.0,GT,15
1457.5,GT,15
1458.0,GT,15
1458.5,GT,15
1459.0,GT,15
1459.5,GT,15
1460.0,GT,15
1460.5,GT,18
1461.0,GT,18
1461.5,GT,18
1462.0,GT,18
1462.5,GT,18
1463.0,GT,18
1463.5,GT,18
1464.0,GT,18
1464.5,GT,18
1465.0,GT,18
1465.5,GT,18
1466.0,GT,18
1466.5,GT,18
1467.0,GT,7
1467.5,GT,7
1468.0,GT,7
1468.5,GT,7
1469.0,GT,7
1469.5,GT,7
1470.0,GT,7
1470.5,GT,7
1471.0,GT,7
1471.5,GT,7
1472.0,GT,7
1472.5,GT,7
1473.0,GT,7
1473.5,GT,7
1474.0,GT,7
1474.5,GT,7
1475.0,GT,7
1475.5,GT,7
1476.0,GT,7
1476.5,GT,7
1477.0,GT,7
1477.5,GT,7
1478.0,GT,7
1478.5,GT,7
1479.0,GT,7
1479.5,GT,7
1480.0,GT,7
1480.5,GT,7
1481.0,GT,7
1481.5,GT,7
1482.0,GT,7
1482.5,GT,7
1483.0,GT,7
1483.5,GT,7
1484.0,GT,7
1484.5,GT,7
1485.0,GT,7
1485.5,GT,7
1486.0,GT,7
1486.5,GT,7
1487.0,GT,7
1487.5,GT,7
1488.0,GT,7
1488.5,GT,7
1489.0,GT,7
1489.5,GT,7
1490.0,GT,7
1490.5,GT,7
1491.0,GT,7
1491.5,GT,7
1492.0,GT,7
1492.5,GT,7
1493.0,GT,7
1493.5,GT,7
1494.0,GT,7
1494.5,GT,7
1495.0,GT,7
1495.5,GT,7
1496.0,GT,7
1496.5,GT,7
1497.0,GT,7
1497.5,GT,7
1498.0,GT,7
1498.5,GT,7
1499.0,GT,7
1499.5,GT,7
1500.0,GT,7
1500.5,GT,7
1501.0,GT,7
1501.5,GT,7
1502.0,GT,7
1502.5,GT,7
1503.0,GT,7
1503.5,GT,7
1504.0,GT,7
1504.5,GT,7
1505.0,GT,7
1505.5,GT,7
1506.0,GT,7
1506.5,GT,7
1507.0,GT,7
1507.5,GT,7
1508.0,GT,7
1508.5,GT,7
1509.0,GT,7
1509.5,GT,7
1510.0,GT,7
1510.5,GT,7
1511.0,GT,7
1511.5,GT,7
1512.0,GT,7
1512.5,GT,7
1513.0,GT,7
1513.5,GT,7
1514.0,GT,7
1514.5,GT,7
1515.0,GT,7
1515.5,GT,7
1516.0,GT,7
1516.5,GT,7
1517.0,GT,7
1517.5,GT,7
1518.0,GT,7
1518.5,GT,7
1519.0,GT,7
1519.5,GT,7
1520.0,GT,7
1520.5,GT,7
1521.0,GT,7
1521.5,GT,7
1522.0,GT,7
1522.5,GT,7
1523.0,GT,7
1523.5,GT,7
1524.0,GT,7
1524.5,GT,7
1525.0,GT,7
1525.5,GT,7
1526.0,GT,7
1526.5,GT,7
1527.0,GT,7
1527.5,GT,7
1528.0,GT,7
1528.5,GT,7
1529.0,GT,7
1529.5,GT,7
1530.0,GT,7
1530.5,GT,7
1531.0,GT,7
1531.5,GT,7
1532.0,GT,7
1532.5,GT,7
1533.0,GT,7
1533.5,GT,7
1534.0,GT,7
1534.5,GT,7
1535.0,GT,7
1535.5,GT,7
1536.0,GT,7
1536.5,GT,7
1537.0,GT,7
1537.5,GT,7
1538.0,GT,7
1538.5,GT,7
1539.0,GT,7
1539.5,GT,7
1540.0,GT,7
1540.5,GT,7
1541.0,GT,7
1541.5,GT,7
1542.0,GT,7
1542.5,GT,7
1543.0,GT,7
1543.5,GT,7
1544.0,GT,7
1544.5,GT,7
1545.0,GT,7
1545.5,GT,7
1546.0,GT,7
1546.5,GT,7
1547.0,GT,7
1547.5,GT,7
1548.0,GT,7
1548.5,GT,7
1549.0,GT,7
1549.5,GT,7
1550.0,GT,7
1550.5,GT,7
1551.0,GT,7
1551.5,GT,7
1552.0,GT,7
1552.5,GT,7
1553.0,GT,7
1553.5,GT,7
1554.0,GT,7
1554.5,GT,7
1555.0,GT,7
1555.5,GT,7
1556.0,GT,7
1556.5,GT,7
1557.0,GT,7
1557.5,GT,7
1558.0,GT,7
1558.5,GT,7
1559.0,GT,7
1559.5,GT,7
1560.0,GT,18
1560.5,GT,18
1561.0,GT,18
1561.5,GT,18
1562.0,GT,18
1562.5,GT,18
1563.0,GT,18
1563.5,GT,18
1564.0,GT,18
1564.5,GT,18
1565.0,GT,18
1565.5,GT,18
1566.0,GT,18
1566.5,GT,18
1567.0,GT,18
1567.5,GT,18
1568.0,GT,18
1568.5,GT,18
1569.0,GT,18
1569.5,GT,18
1570.0,GT,18
1570.5,GT,18
1571.0,GT,18
1571.5,GT,18
1572.0,GT,18
1572.5,GT,18
1573.0,GT,18
1573.5,GT,18
1574.0,GT,18
1574.5,GT,18
1575.0,GT,18
1575.5,GT,18
1576.0,GT,18
1576.5,GT,18
1577.0,GT,18
1577.5,GT,18
1578.0,GT,18
1578.5,GT,18
1579.0,GT,18
1579.5,GT,18
1580.0,GT,18
1580.5,GT,18
1581.0,GT,18
1581.5,GT,18
1582.0,GT,18
1582.5,GT,18
1583.0,GT,18
1583.5,GT,18
1584.0,GT,18
1584.5,GT,18
1585.0,GT,18
1585.5,GT,18
1586.0,GT,18
1586.5,GT,18
1587.0,GT,18
1587.5,GT,18
1588.0,GT,18
1588.5,GT,18
1589.0,GT,18
1589.5,GT,18
1590.0,GT,18
1590.5,GT,18
1591.0,GT,18
1591.5,GT,18
1592.0,GT,18
1592.5,GT,18
1593.0,GT,18
1593.5,GT,18
1594.0,GT,18
1594.5,GT,18
1595.0,GT,18
1595.5,GT,14
1596.0,GT,14
1596.5,GT,14
1597.0,GT,14
1597.5,GT,14
1598.0,GT,14
1598.5,GT,14
1599.0,GT,14
1599.5,GT,14
1600.0,GT,14
1600.5,GT,14
1601.0,GT,14
1601.5,GT,14
1602.0,GT,14
1602.5,GT,14
1603.0,GT,14
1603.5,GT,14
1604.0,GT,14
1604.5,GT,14
1605.0,GT,14
1605.5,GT,14
1606.0,GT,14
1606.5,GT,14
1607.0,GT,14
1607.5,GT,14
1608.0,GT,14
1608.5,GT,14
1609.0,GT,14
1609.5,GT,14
1610.0,GT,14
1610.5,GT,14
1611.0,GT,14
1611.5,GT,14
1612.0,GT,14
1612.5,GT,14
1613.0,GT,14
1613.5,GT,14
1614.0,GT,14
1614.5,GT,14
1615.0,GT,14
1615.5,GT,14
1616.0,GT,14
1616.5,GT,14
1617.0,GT,14
1617.5,GT,14
1618.0,GT,14
1618.5,GT,14
1619.0,GT,14
1619.5,GT,14
1620.0,GT,14
1620.5,GT,14
1621.0,GT,14
1621.5,GT,14
1622.0,GT,14
1622.5,GT,14
1623.0,GT,14
1623.5,GT,14
1624.0,GT,14
1624.5,GT,14
1625.0,GT,14
1625.5,GT,14
1626.0,GT,14
1626.5,GT,14
1627.0,GT,14
1627.5,GT,14
1628.0,GT,14
1628.5,GT,14
1629.0,GT,14
1629.5,GT,14
1630.0,GT,14
1630.5,GT,14
1631.0,GT,14
1631.5,GT,14
1632.0,GT,14
1632.5,GT,14
1633.0,GT,14
1633.5,GT,14
1634.0,GT,14
1634.5,GT,14
1635.0,GT,14
1635.5,GT,14
1636.0,GT,14
1636.5,GT,14
1637.0,GT,14
1637.5,GT,14
1638.0,GT,14
1638.5,GT,14
1639.0,GT,14
1639.5,GT,14
1640.0,GT,14
1640.5,GT,14
1641.0,GT,14
1641.5,GT,14
1642.0,GT,14
1642.5,GT,14
1643.0,GT,14
1643.5,GT,14
1644.0,GT,14
1644.5,GT,14
1645.0,GT,14
1645.5,GT,14
1646.0,GT,14
1646.5,GT,14
1647.0,GT,14
1647.5,GT,14
1648.0,GT,14
1648.5,GT,14
1649.0,GT,14
1649.5,GT,14
1650.0,GT,14
1650.5,GT,14
1651.0,GT,14
1651.5,GT,14
1652.0,GT,14
1652.5,GT,14
1653.0,GT,14
1653.5,GT,14
1654.0,GT,14
1654.5,GT,14
1655.0,GT,14
1655.5,GT,14
1656.0,GT,14
1656.5,GT,14
1657.0,GT,14
1657.5,GT,14
1658.0,GT,14
1658.5,GT,14
1659.0,GT,14
1659.5,GT,14
1660.0,GT,14
1660.5,GT,14
1661.0,GT,14
1661.5,GT,14
1662.0,GT,14
1662.5,GT,14
1663.0,GT,14
1663.5,GT,14
1664.0,GT,14
1664.5,GT,14
1665.0,GT,14
1665.5,GT,14
1666.0,GT,14
1666.5,GT,14
1667.0,GT,14
1667.5,GT,14
1668.0,GT,14
1668.5,GT,14
1669.0,GT,14
1669.5,GT,14
1670.0,GT,14
1670.5,GT,14
1671.0,GT,14
1671.5,GT,14
1672.0,GT,14
1672.5,GT,14
1673.0,GT,14
1673.5,GT,14
1674.0,GT,14
1674.5,GT,14
1675.0,GT,14
1675.5,GT,14
1676.0,GT,14
1676.5,GT,14
1677.0,GT,14
1677.5,GT,14
1678.0,GT,14
1678.5,GT,14
1679.0,GT,14
1679.5,GT,14
1680.0,GT,14
1680.5,GT,14
1681.0,GT,14
1681.5,GT,14
1682.0,GT,14
1682.5,GT,14
1683.0,GT,14
1683.5,GT,14
1684.0,GT,14
1684.5,GT,14
1685.0,GT,14
1685.5,GT,14
1686.0,GT,14
1686.5,GT,14
1687.0,GT,14
1687.5,GT,18
1688.0,GT,18
1688.5,GT,18
1689.0,GT,18
1689.5,GT,18
1690.0,GT,18
1690.5,GT,18
1691.0,GT,18
1691.5,GT,18
1692.0,GT,18
1692.5,GT,18
1693.0,GT,18
1693.5,GT,18
1694.0,GT,18
1694.5,GT,18
1695.0,GT,18
1695.5,GT,18
1696.0,GT,18
1696.5,GT,18
1697.0,GT,18
1697.5,GT,18
1698.0,GT,18
1698.5,GT,18
1699.0,GT,18
1699.5,GT,18
1700.0,GT,18
1700.5,GT,18
1701.0,GT,18
1701.5,GT,18
1702.0,GT,18
1702.5,GT,18
1703.0,GT,18
1703.5,GT,18
1704.0,GT,18
1704.5,GT,18
1705.0,GT,18
1705.5,GT,18
1706.0,GT,18
1706.5,GT,18
1707.0,GT,18
1707.5,GT,18
1708.0,GT,18
1708.5,GT,18
1709.0,GT,18
1709.5,GT,18
1710.0,GT,18
1710.5,GT,18
1711.0,GT,18
1711.5,GT,18
1712.0,GT,8
1712.5,GT,8
1713.0,GT,8
1713.5,GT,8
1714.0,GT,8
1714.5,GT,8
1715.0,GT,8
1715.5,GT,8
1716.0,GT,8
1716.5,GT,8
1717.0,GT,8
1717.5,GT,8
1718.0,GT,8
1718.5,GT,8
1719.0,GT,8
1719.5,GT,8
1720.0,GT,8
1720.5,GT,8
1721.0,GT,8
1721.5,GT,8
1722.0,GT,8
1722.5,GT,8
1723.0,GT,8
1723.5,GT,8
1724.0,GT,8
1724.5,GT,8
1725.0,GT,8
1725.5,GT,8
1726.0,GT,8
1726.5,GT,8
1727.0,GT,8
1727.5,GT,8
1728.0,GT,8
1728.5,GT,8
1729.0,GT,8
1729.5,GT,8
1730.0,GT,8
1730.5,GT,8
1731.0,GT,8
1731.5,GT,8
1732.0,GT,8
1732.5,GT,8
1733.0,GT,8
1733.5,GT,8
1734.0,GT,8
1734.5,GT,8
1735.0,GT,8
1735.5,GT,8
1736.0,GT,8
1736.5,GT,8
1737.0,GT,8
1737.5,GT,8
1738.0,GT,8
1738.5,GT,8
1739.0,GT,8
1739.5,GT,8
1740.0,GT,8
1740.5,GT,8
1741.0,GT,8
1741.5,GT,8
1742.0,GT,8
1742.5,GT,8
1743.0,GT,8
1743.5,GT,8
1744.0,GT,8
1744.5,GT,8
1745.0,GT,8
1745.5,GT,8
1746.0,GT,8
1746.5,GT,8
1747.0,GT,8
1747.5,GT,8
1748.0,GT,8
1748.5,GT,8
1749.0,GT,8
1749.5,GT,8
1750.0,GT,8
1750.5,GT,8
1751.0,GT,8
1751.5,GT,8
1752.0,GT,8
1752.5,GT,8
1753.0,GT,8
1753.5,GT,8
1754.0,GT,8
1754.5,GT,8
1755.0,GT,8
1755.5,GT,8
1756.0,GT,8
1756.5,GT,8
1757.0,GT,8
1757.5,GT,8
1758.0,GT,8
1758.5,GT,8
1759.0,GT,8
1759.5,GT,8
1760.0,GT,8
1760.5,GT,8
1761.0,GT,8
1761.5,GT,8
1762.0,GT,8
1762.5,GT,8
1763.0,GT,8
1763.5,GT,8
1764.0,GT,8
1764.5,GT,8
1765.0,GT,8
1765.5,GT,8
1766.0,GT,8
1766.5,GT,8
1767.0,GT,8
1767.5,GT,8
1768.0,GT,8
1768.5,GT,8
1769.0,GT,8
1769.5,GT,8
1770.0,GT,8
1770.5,GT,8
1771.0,GT,8
1771.5,GT,8
1772.0,GT,8
1772.5,GT,8
1773.0,GT,8
1773.5,GT,8
1774.0,GT,8
1774.5,GT,8
1775.0,GT,8
1775.5,GT,8
1776.0,GT,8
1776.5,GT,8
1777.0,GT,8
1777.5,GT,8
1778.0,GT,8
1778.5,GT,8
1779.0,GT,8
1779.5,GT,8
1780.0,GT,8
1780.5,GT,8
1781.0,GT,8
1781.5,GT,8
1782.0,GT,8
1782.5,GT,8
1783.0,GT,8
1783.5,GT,8
1784.0,GT,8
1784.5,GT,8
1785.0,GT,8
1785.5,GT,8
1786.0,GT,8
1786.5,GT,8
1787.0,GT,8
1787.5,GT,8
1788.0,GT,8
1788.5,GT,8
1789.0,GT,8
1789.5,GT,8
1790.0,GT,8
1790.5,GT,8
1791.0,GT,8
1791.5,GT,8
1792.0,GT,8
1792.5,GT,8
1793.0,GT,8
1793.5,GT,8
1794.0,GT,8
1794.5,GT,8
1795.0,GT,8
1795.5,GT,8
1796.0,GT,8
1796.5,GT,8
1797.0,GT,8
1797.5,GT,8
1798.0,GT,8
1798.5,GT,8
1799.0,GT,8
1799.5,GT,8
1800.0,GT,8
1800.5,GT,8
1801.0,GT,8
1801.5,GT,8
1802.0,GT,8
1802.5,GT,8
1803.0,GT,8
1803.5,GT,8
1804.0,GT,8
1804.5,GT,8
1805.0,GT,8
1805.5,GT,8
1806.0,GT,8
1806.5,GT,8
1807.0,GT,8
1807.5,GT,8
1808.0,GT,8
1808.5,GT,18
1809.0,GT,18
1809.5,GT,18
1810.0,GT,18
1810.5,GT,18
1811.0,GT,18
1811.5,GT,18
1812.0,GT,18
1812.5,GT,18
1813.0,GT,18
1813.5,GT,18
1814.0,GT,18
1814.5,GT,18
1815.0,GT,18
1815.5,GT,18
1816.0,GT,18
1816.5,GT,18
1817.0,GT,18
1817.5,GT,18
1818.0,GT,18
1818.5,GT,18
1819.0,GT,18
1819.5,GT,18
1820.0,GT,18
1820.5,GT,18
1821.0,GT,18
1821.5,GT,18
1822.0,GT,18
1822.5,GT,18
1823.0,GT,18
1823.5,GT,18
1824.0,GT,18
1824.5,GT,18
1825.0,GT,18
1825.5,GT,18
1826.0,GT,18
1826.5,GT,18
1827.0,GT,18
1827.5,GT,18
1828.0,GT,18
1828.5,GT,18
1829.0,GT,18
1829.5,GT,18
1830.0,GT,9
1830.5,GT,9
1831.0,GT,9
1831.5,GT,9
1832.0,GT,9
1832.5,GT,9
1833.0,GT,9
1833.5,GT,9
1834.0,GT,9
1834.5,GT,9
1835.0,GT,9
1835.5,GT,9
1836.0,GT,9
1836.5,GT,9
1837.0,GT,9
1837.5,GT,9
1838.0,GT,9
1838.5,GT,9
1839.0,GT,9
1839.5,GT,9
1840.0,GT,9
1840.5,GT,9
1841.0,GT,9
1841.5,GT,9
1842.0,GT,9
1842.5,GT,9
1843.0,GT,9
1843.5,GT,9
1844.0,GT,9
1844.5,GT,9
1845.0,GT,9
1845.5,GT,9
1846.0,GT,9
1846.5,GT,9
1847.0,GT,9
1847.5,GT,9
1848.0,GT,9
1848.5,GT,9
1849.0,GT,9
1849.5,GT,9
1850.0,GT,9
1850.5,GT,9
1851.0,GT,9
1851.5,GT,9
1852.0,GT,9
1852.5,GT,9
1853.0,GT,9
1853.5,GT,9
1854.0,GT,9
1854.5,GT,9
1855.0,GT,9
1855.5,GT,9
1856.0,GT,9
1856.5,GT,9
1857.0,GT,9
1857.5,GT,9
1858.0,GT,9
1858.5,GT,9
1859.0,GT,9
1859.5,GT,9
1860.0,GT,9
1860.5,GT,9
1861.0,GT,9
1861.5,GT,9
1862.0,GT,9
1862.5,GT,9
1863.0,GT,9
1863.5,GT,9
1864.0,GT,9
1864.5,GT,9
1865.0,GT,9
1865.5,GT,9
1866.0,GT,9
1866.5,GT,9
1867.0,GT,9
1867.5,GT,9
1868.0,GT,9
1868.5,GT,9
1869.0,GT,9
1869.5,GT,9
1870.0,GT,9
1870.5,GT,9
1871.0,GT,9
1871.5,GT,9
1872.0,GT,9
1872.5,GT,9
1873.0,GT,9
1873.5,GT,9
1874.0,GT,9
1874.5,GT,9
1875.0,GT,9
1875.5,GT,9
1876.0,GT,9
1876.5,GT,9
1877.0,GT,9
1877.5,GT,9
1878.0,GT,9
1878.5,GT,9
1879.0,GT,9
1879.5,GT,9
1880.0,GT,9
1880.5,GT,9
1881.0,GT,9
1881.5,GT,9
1882.0,GT,9
1882.5,GT,9
1883.0,GT,9
1883.5,GT,9
1884.0,GT,9
1884.5,GT,9
1885.0,GT,9
1885.5,GT,9
1886.0,GT,9
1886.5,GT,9
1887.0,GT,9
1887.5,GT,9
1888.0,GT,9
1888.5,GT,9
1889.0,GT,9
1889.5,GT,9
1890.0,GT,9
1890.5,GT,9
1891.0,GT,9
1891.5,GT,9
1892.0,GT,9
1892.5,GT,9
1893.0,GT,9
1893.5,GT,9
1894.0,GT,9
1894.5,GT,9
1895.0,GT,9
1895.5,GT,9
1896.0,GT,9
1896.5,GT,9
1897.0,GT,9
1897.5,GT,9
1898.0,GT,9
1898.5,GT,9
1899.0,GT,9
1899.5,GT,9
1900.0,GT,9
1900.5,GT,9
1901.0,GT,9
1901.5,GT,9
1902.0,GT,9
1902.5,GT,9
1903.0,GT,9
1903.5,GT,9
1904.0,GT,9
1904.5,GT,9
1905.0,GT,9
1905.5,GT,9
1906.0,GT,9
1906.5,GT,9
1907.0,GT,9
1907.5,GT,9
1908.0,GT,9
1908.5,GT,9
1909.0,GT,9
1909.5,GT,9
1910.0,GT,9
1910.5,GT,9
1911.0,GT,9
1911.5,GT,9
1912.0,GT,9
1912.5,GT,9
1913.0,GT,9
1913.5,GT,9
1914.0,GT,9
1914.5,GT,9
1915.0,GT,9
1915.5,GT,9
1916.0,GT,9
1916.5,GT,9
1917.0,GT,9
1917.5,GT,9
1918.0,GT,9
1918.5,GT,9
1919.0,GT,9
1919.5,GT,9
1920.0,GT,9
1920.5,GT,9
1921.0,GT,9
1921.5,GT,9
1922.0,GT,9
1922.5,GT,18
1923.0,GT,18
1923.5,GT,18
1924.0,GT,18
1924.5,GT,18
1925.0,GT,18
1925.5,GT,18
1926.0,GT,18
1926.5,GT,18
1927.0,GT,18
1927.5,GT,18
1928.0,GT,18
1928.5,GT,18
1929.0,GT,18
1929.5,GT,18
1930.0,GT,18
1930.5,GT,18
1931.0,GT,18
1931.5,GT,18
1932.0,GT,18
1932.5,GT,18
1933.0,GT,18
1933.5,GT,18
1934.0,GT,18
1934.5,GT,18
1935.0,GT,18
1935.5,GT,18
1936.0,GT,18
1936.5,GT,18
1937.0,GT,18
1937.5,GT,18
1938.0,GT,18
1938.5,GT,18
1939.0,GT,18
1939.5,GT,16
1940.0,GT,16
1940.5,GT,16
1941.0,GT,16
1941.5,GT,16
1942.0,GT,16
1942.5,GT,16
1943.0,GT,16
1943.5,GT,16
1944.0,GT,16
1944.5,GT,16
1945.0,GT,16
1945.5,GT,16
1946.0,GT,16
1946.5,GT,16
1947.0,GT,16
1947.5,GT,16
1948.0,GT,16
1948.5,GT,16
1949.0,GT,16
1949.5,GT,16
1950.0,GT,16
1950.5,GT,16
1951.0,GT,16
1951.5,GT,16
1952.0,GT,16
1952.5,GT,16
1953.0,GT,16
1953.5,GT,16
1954.0,GT,16
1954.5,GT,16
1955.0,GT,16
1955.5,GT,16
1956.0,GT,16
1956.5,GT,16
1957.0,GT,16
1957.5,GT,16
1958.0,GT,16
1958.5,GT,16
1959.0,GT,16
1959.5,GT,16
1960.0,GT,16
1960.5,GT,16
1961.0,GT,16
1961.5,GT,16
1962.0,GT,16
1962.5,GT,16
1963.0,GT,16
1963.5,GT,16
1964.0,GT,16
1964.5,GT,16
1965.0,GT,16
1965.5,GT,16
1966.0,GT,16
1966.5,GT,16
1967.0,GT,16
1967.5,GT,16
1968.0,GT,16
1968.5,GT,16
1969.0,GT,16
1969.5,GT,16
1970.0,GT,16
1970.5,GT,16
1971.0,GT,16
1971.5,GT,16
1972.0,GT,16
1972.5,GT,16
1973.0,GT,16
1973.5,GT,16
1974.0,GT,16
1974.5,GT,16
1975.0,GT,16
1975.5,GT,16
1976.0,GT,16
1976.5,GT,16
1977.0,GT,16
1977.5,GT,16
1978.0,GT,16
1978.5,GT,16
1979.0,GT,16
1979.5,GT,16
1980.0,GT,16
1980.5,GT,16
1981.0,GT,16
1981.5,GT,16
1982.0,GT,16
1982.5,GT,16
1983.0,GT,16
1983.5,GT,16
1984.0,GT,16
1984.5,GT,16
1985.0,GT,16
1985.5,GT,16
1986.0,GT,16
1986.5,GT,16
1987.0,GT,16
1987.5,GT,16
1988.0,GT,16
1988.5,GT,16
1989.0,GT,16
1989.5,GT,16
1990.0,GT,16
1990.5,GT,16
1991.0,GT,16
1991.5,GT,16
1992.0,GT,16
1992.5,GT,16
1993.0,GT,16
1993.5,GT,16
1994.0,GT,16
1994.5,GT,16
1995.0,GT,16
1995.5,GT,16
1996.0,GT,16
1996.5,GT,16
1997.0,GT,16
1997.5,GT,16
1998.0,GT,16
1998.5,GT,16
1999.0,GT,16
1999.5,GT,16
2000.0,GT,16
2000.5,GT,16
2001.0,GT,16
2001.5,GT,16
2002.0,GT,16
2002.5,GT,16
2003.0,GT,16
2003.5,GT,16
2004.0,GT,16
2004.5,GT,16
2005.0,GT,16
2005.5,GT,16
2006.0,GT,16
2006.5,GT,16
2007.0,GT,16
2007.5,GT,16
2008.0,GT,16
2008.5,GT,16
2009.0,GT,16
2009.5,GT,16
2010.0,GT,16
2010.5,GT,16
2011.0,GT,16
2011.5,GT,16
2012.0,GT,16
2012.5,GT,16
2013.0,GT,16
2013.5,GT,16
2014.0,GT,16
2014.5,GT,16
2015.0,GT,16
2015.5,GT,16
2016.0,GT,16
2016.5,GT,16
2017.0,GT,16
2017.5,GT,16
2018.0,GT,16
2018.5,GT,16
2019.0,GT,16
2019.5,GT,16
2020.0,GT,16
2020.5,GT,16
2021.0,GT,16
2021.5,GT,16
2022.0,GT,16
2022.5,GT,16
2023.0,GT,16
2023.5,GT,16
2024.0,GT,16
2024.5,GT,16
2025.0,GT,16
2025.5,GT,16
2026.0,GT,16
2026.5,GT,16
2027.0,GT,16
2027.5,GT,16
2028.0,GT,16
2028.5,GT,16
2029.0,GT,16
2029.5,GT,16
2030.0,GT,16
2030.5,GT,16
2031.0,GT,16
2031.5,GT,16
2032.0,GT,16
2032.5,GT,16
2033.0,GT,16
2033.5,GT,16
2034.0,GT,16
2034.5,GT,16
2035.0,GT,16
2035.5,GT,16
2036.0,GT,16
2036.5,GT,16
2037.0,GT,16
2037.5,GT,16
2038.0,GT,16
2038.5,GT,16
2039.0,GT,16
2039.5,GT,16
2040.0,GT,16
2040.5,GT,16
2041.0,GT,16
2041.5,GT,16
2042.0,GT,16
2042.5,GT,16
2043.0,GT,16
2043.5,GT,16
2044.0,GT,16
2044.5,GT,16
2045.0,GT,16
2045.5,GT,16
2046.0,GT,16
2046.5,GT,16
2047.0,GT,16
2047.5,GT,16
2048.0,GT,18
2048.5,GT,18
2049.0,GT,18
2049.5,GT,18
2050.0,GT,18
2050.5,GT,18
2051.0,GT,18
2051.5,GT,18
2052.0,GT,18
2052.5,GT,18
2053.0,GT,18
2053.5,GT,18
2054.0,GT,18
2054.5,GT,18
2055.0,GT,18
2055.5,GT,18
2056.0,GT,18
2056.5,GT,18
2057.0,GT,18
2057.5,GT,18
2058.0,GT,18
2058.5,GT,18
2059.0,GT,18
2059.5,GT,18
2060.0,GT,18
2060.5,GT,18
2061.0,GT,18
2061.5,GT,18
2062.0,GT,18
2062.5,GT,18
2063.0,GT,18
2063.5,GT,18
2064.0,GT,18
2064.5,GT,18
2065.0,GT,18
2065.5,GT,18
2066.0,GT,18
2066.5,GT,18
2067.0,GT,18
2067.5,GT,18
2068.0,GT,18
2068.5,GT,17
2069.0,GT,17
2069.5,GT,17
2070.0,GT,17
2070.5,GT,17
2071.0,GT,17
2071.5,GT,17
2072.0,GT,17
2072.5,GT,17
2073.0,GT,17
2073.5,GT,17
2074.0,GT,17
2074.5,GT,17
2075.0,GT,17
2075.5,GT,17
2076.0,GT,17
2076.5,GT,17
2077.0,GT,17
2077.5,GT,17
2078.0,GT,17
2078.5,GT,17
2079.0,GT,17
2079.5,GT,17
2080.0,GT,17
2080.5,GT,17
2081.0,GT,17
2081.5,GT,17
2082.0,GT,17
2082.5,GT,17
2083.0,GT,17
2083.5,GT,17
2084.0,GT,17
2084.5,GT,17
2085.0,GT,17
2085.5,GT,17
2086.0,GT,17
2086.5,GT,17
2087.0,GT,17
2087.5,GT,17
2088.0,GT,17
2088.5,GT,17
2089.0,GT,17
2089.5,GT,17
2090.0,GT,17
2090.5,GT,17
2091.0,GT,17
2091.5,GT,17
2092.0,GT,17
2092.5,GT,17
2093.0,GT,17
2093.5,GT,17
2094.0,GT,17
2094.5,GT,17
2095.0,GT,17
2095.5,GT,17
2096.0,GT,17
2096.5,GT,17
2097.0,GT,17
2097.5,GT,17
2098.0,GT,17
2098.5,GT,17
2099.0,GT,17
2099.5,GT,17
2100.0,GT,17
2100.5,GT,17
2101.0,GT,17
2101.5,GT,17
2102.0,GT,17
2102.5,GT,17
2103.0,GT,17
2103.5,GT,17
2104.0,GT,17
2104.5,GT,17
2105.0,GT,17
2105.5,GT,17
2106.0,GT,17
2106.5,GT,17
2107.0,GT,17
2107.5,GT,17
2108.0,GT,17
2108.5,GT,17
2109.0,GT,17
2109.5,GT,17
2110.0,GT,17
2110.5,GT,17
2111.0,GT,17
2111.5,GT,17
2112.0,GT,17
2112.5,GT,17
2113.0,GT,17
2113.5,GT,17
2114.0,GT,17
2114.5,GT,17
2115.0,GT,17
2115.5,GT,17
2116.0,GT,17
2116.5,GT,17
2117.0,GT,17
2117.5,GT,17
2118.0,GT,17
2118.5,GT,17
2119.0,GT,17
2119.5,GT,17
2120.0,GT,17
2120.5,GT,17
2121.0,GT,17
2121.5,GT,17
2122.0,GT,17
2122.5,GT,17
2123.0,GT,17
2123.5,GT,17
2124.0,GT,17
2124.5,GT,17
2125.0,GT,17
2125.5,GT,17
2126.0,GT,17
2126.5,GT,17
2127.0,GT,17
2127.5,GT,17
2128.0,GT,17
2128.5,GT,17
2129.0,GT,17
2129.5,GT,17
2130.0,GT,17
2130.5,GT,17
2131.0,GT,17
2131.5,GT,17
2132.0,GT,17
2132.5,GT,17
2133.0,GT,17
2133.5,GT,17
2134.0,GT,17
2134.5,GT,17
2135.0,GT,17
2135.5,GT,17
2136.0,GT,17
2136.5,GT,17
2137.0,GT,17
2137.5,GT,17
2138.0,GT,17
2138.5,GT,17
2139.0,GT,17
2139.5,GT,17
2140.0,GT,17
2140.5,GT,17
2141.0,GT,17
2141.5,GT,17
2142.0,GT,17
2142.5,GT,17
2143.0,GT,17
2143.5,GT,17
2144.0,GT,17
2144.5,GT,17
2145.0,GT,17
2145.5,GT,17
2146.0,GT,17
2146.5,GT,17
2147.0,GT,17
2147.5,GT,17
2148.0,GT,17
2148.5,GT,17
2149.0,GT,17
2149.5,GT,17
2150.0,GT,17
2150.5,GT,17
2151.0,GT,17
2151.5,GT,17
2152.0,GT,17
2152.5,GT,17
2153.0,GT,17
2153.5,GT,17
2154.0,GT,17
2154.5,GT,17
2155.0,GT,17
2155.5,GT,17
2156.0,GT,17
2156.5,GT,17
2157.0,GT,17
2157.5,GT,17
2158.0,GT,17
2158.5,GT,17
2159.0,GT,17
2159.5,GT,17
2160.0,GT,17
2160.5,GT,18
2161.0,GT,18
2161.5,GT,18
2162.0,GT,18
2162.5,GT,18
2163.0,GT,18
2163.5,GT,18
2164.0,GT,18
2164.5,GT,18
2165.0,GT,18
0.5,VIDEO_ONLY,0
1.0,VIDEO_ONLY,0
1.5,VIDEO_ONLY,0
2.0,VIDEO_ONLY,0
2.5,VIDEO_ONLY,0
3.0,VIDEO_ONLY,0
3.5,VIDEO_ONLY,0
4.0,VIDEO_ONLY,0
4.5,VIDEO_ONLY,0
5.0,VIDEO_ONLY,0
5.5,VIDEO_ONLY,0
6.0,VIDEO_ONLY,0
6.5,VIDEO_ONLY,0
7.0,VIDEO_ONLY,0
7.5,VIDEO_ONLY,0
8.0,VIDEO_ONLY,0
8.5,VIDEO_ONLY,0
9.0,VIDEO_ONLY,0
9.5,VIDEO_ONLY,0
10.0,VIDEO_ONLY,0
10.5,VIDEO_ONLY,0
11.0,VIDEO_ONLY,0
11.5,VIDEO_ONLY,0
12.0,VIDEO_ONLY,0
12.5,VIDEO_ONLY,0
13.0,VIDEO_ONLY,0
13.5,VIDEO_ONLY,0
14.0,VIDEO_ONLY,0
14.5,VIDEO_ONLY,0
15.0,VIDEO_ONLY,0
15.5,VIDEO_ONLY,0
16.0,VIDEO_ONLY,0
16.5,VIDEO_ONLY,0
17.0,VIDEO_ONLY,0
17.5,VIDEO_ONLY,0
18.0,VIDEO_ONLY,0
18.5,VIDEO_ONLY,0
19.0,VIDEO_ONLY,0
19.5,VIDEO_ONLY,0
20.0,VIDEO_ONLY,0
20.5,VIDEO_ONLY,0
21.0,VIDEO_ONLY,0
21.5,VIDEO_ONLY,0
22.0,VIDEO_ONLY,0
22.5,VIDEO_ONLY,0
23.0,VIDEO_ONLY,0
23.5,VIDEO_ONLY,0
24.0,VIDEO_ONLY,0
24.5,VIDEO_ONLY,0
25.0,VIDEO_ONLY,0
25.5,VIDEO_ONLY,0
26.0,VIDEO_ONLY,0
26.5,VIDEO_ONLY,0
27.0,VIDEO_ONLY,0
27.5,VIDEO_ONLY,0
28.0,VIDEO_ONLY,0
28.5,VIDEO_ONLY,0
29.0,VIDEO_ONLY,0
29.5,VIDEO_ONLY,0
30.0,VIDEO_ONLY,0
30.5,VIDEO_ONLY,0
31.0,VIDEO_ONLY,0
31.5,VIDEO_ONLY,0
32.0,VIDEO_ONLY,0
32.5,VIDEO_ONLY,0
33.0,VIDEO_ONLY,0
33.5,VIDEO_ONLY,0
34.0,VIDEO_ONLY,0
34.5,VIDEO_ONLY,0
35.0,VIDEO_ONLY,0
35.5,VIDEO_ONLY,0
36.0,VIDEO_ONLY,0
36.5,VIDEO_ONLY,0
37.0,VIDEO_ONLY,0
37.5,VIDEO_ONLY,0
38.0,VIDEO_ONLY,0
38.5,VIDEO_ONLY,0
39.0,VIDEO_ONLY,0
39.5,VIDEO_ONLY,0
40.0,VIDEO_ONLY,0
40.5,VIDEO_ONLY,0
41.0,VIDEO_ONLY,0
41.5,VIDEO_ONLY,0
42.0,VIDEO_ONLY,0
42.5,VIDEO_ONLY,0
43.0,VIDEO_ONLY,0
43.5,VIDEO_ONLY,0
44.0,VIDEO_ONLY,0
44.5,VIDEO_ONLY,0
45.0,VIDEO_ONLY,0
45.5,VIDEO_ONLY,0
46.0,VIDEO_ONLY,0
46.5,VIDEO_ONLY,0
47.0,VIDEO_ONLY,0
47.5,VIDEO_ONLY,0
48.0,VIDEO_ONLY,0
48.5,VIDEO_ONLY,0
49.0,VIDEO_ONLY,0
49.5,VIDEO_ONLY,0
50.0,VIDEO_ONLY,0
50.5,VIDEO_ONLY,0
51.0,VIDEO_ONLY,0
51.5,VIDEO_ONLY,0
52.0,VIDEO_ONLY,0
52.5,VIDEO_ONLY,0
53.0,VIDEO_ONLY,0
53.5,VIDEO_ONLY,0
54.0,VIDEO_ONLY,0
54.5,VIDEO_ONLY,0
55.0,VIDEO_ONLY,0
55.5,VIDEO_ONLY,0
56.0,VIDEO_ONLY,0
56.5,VIDEO_ONLY,0
57.0,VIDEO_ONLY,0
57.5,VIDEO_ONLY,0
58.0,VIDEO_ONLY,0
58.5,VIDEO_ONLY,0
59.0,VIDEO_ONLY,0
59.5,VIDEO_ONLY,0
60.0,VIDEO_ONLY,0
60.5,VIDEO_ONLY,0
61.0,VIDEO_ONLY,0
61.5,VIDEO_ONLY,0
62.0,VIDEO_ONLY,0
62.5,VIDEO_ONLY,0
63.0,VIDEO_ONLY,0
63.5,VIDEO_ONLY,0
64.0,VIDEO_ONLY,0
64.5,VIDEO_ONLY,0
65.0,VIDEO_ONLY,0
65.5,VIDEO_ONLY,0
66.0,VIDEO_ONLY,0
66.5,VIDEO_ONLY,0
67.0,VIDEO_ONLY,0
67.5,VIDEO_ONLY,0
68.0,VIDEO_ONLY,0
68.5,VIDEO_ONLY,0
69.0,VIDEO_ONLY,0
69.5,VIDEO_ONLY,0
70.0,VIDEO_ONLY,0
70.5,VIDEO_ONLY,0
71.0,VIDEO_ONLY,0
71.5,VIDEO_ONLY,0
72.0,VIDEO_ONLY,0
72.5,VIDEO_ONLY,0
73.0,VIDEO_ONLY,0
73.5,VIDEO_ONLY,0
74.0,VIDEO_ONLY,0
74.5,VIDEO_ONLY,0
75.0,VIDEO_ONLY,0
75.5,VIDEO_ONLY,0
76.0,VIDEO_ONLY,0
76.5,VIDEO_ONLY,0
77.0,VIDEO_ONLY,0
77.5,VIDEO_ONLY,0
78.0,VIDEO_ONLY,0
78.5,VIDEO_ONLY,0
79.0,VIDEO_ONLY,0
79.5,VIDEO_ONLY,0
80.0,VIDEO_ONLY,0
80.5,VIDEO_ONLY,0
81.0,VIDEO_ONLY,0
81.5,VIDEO_ONLY,0
82.0,VIDEO_ONLY,0
82.5,VIDEO_ONLY,0
83.0,VIDEO_ONLY,0
83.5,VIDEO_ONLY,0
84.0,VIDEO_ONLY,0
84.5,VIDEO_ONLY,0
85.0,VIDEO_ONLY,0
85.5,VIDEO_ONLY,0
86.0,VIDEO_ONLY,0
86.5,VIDEO_ONLY,0
87.0,VIDEO_ONLY,0
87.5,VIDEO_ONLY,0
88.0,VIDEO_ONLY,0
88.5,VIDEO_ONLY,0
89.0,VIDEO_ONLY,0
89.5,VIDEO_ONLY,0
90.0,VIDEO_ONLY,0
90.5,VIDEO_ONLY,0
91.0,VIDEO_ONLY,0
91.5,VIDEO_ONLY,0
92.0,VIDEO_ONLY,0
92.5,VIDEO_ONLY,0
93.0,VIDEO_ONLY,0
93.5,VIDEO_ONLY,0
94.0,VIDEO_ONLY,0
94.5,VIDEO_ONLY,0
95.0,VIDEO_ONLY,0
95.5,VIDEO_ONLY,0
96.0,VIDEO_ONLY,0
96.5,VIDEO_ONLY,0
97.0,VIDEO_ONLY,0
97.5,VIDEO_ONLY,0
98.0,VIDEO_ONLY,0
98.5,VIDEO_ONLY,0
99.0,VIDEO_ONLY,0
99.5,VIDEO_ONLY,0
100.0,VIDEO_ONLY,0
100.5,VIDEO_ONLY,0
101.0,VIDEO_ONLY,0
101.5,VIDEO_ONLY,0
102.0,VIDEO_ONLY,0
102.5,VIDEO_ONLY,0
103.0,VIDEO_ONLY,0
103.5,VIDEO_ONLY,0
104.0,VIDEO_ONLY,0
104.5,VIDEO_ONLY,0
105.0,VIDEO_ONLY,1
105.5,VIDEO_ONLY,1
106.0,VIDEO_ONLY,1
106.5,VIDEO_ONLY,1
107.0,VIDEO_ONLY,1
107.5,VIDEO_ONLY,1
108.0,VIDEO_ONLY,1
108.5,VIDEO_ONLY,1
109.0,VIDEO_ONLY,1
109.5,VIDEO_ONLY,1
110.0,VIDEO_ONLY,1
110.5,VIDEO_ONLY,1
111.0,VIDEO_ONLY,1
111.5,VIDEO_ONLY,1
112.0,VIDEO_ONLY,1
112.5,VIDEO_ONLY,1
113.0,VIDEO_ONLY,1
113.5,VIDEO_ONLY,1
114.0,VIDEO_ONLY,1
114.5,VIDEO_ONLY,1
115.0,VIDEO_ONLY,1
115.5,VIDEO_ONLY,1
116.0,VIDEO_ONLY,1
116.5,VIDEO_ONLY,1
117.0,VIDEO_ONLY,1
117.5,VIDEO_ONLY,1
118.0,VIDEO_ONLY,1
118.5,VIDEO_ONLY,1
119.0,VIDEO_ONLY,1
119.5,VIDEO_ONLY,1
120.0,VIDEO_ONLY,1
120.5,VIDEO_ONLY,1
121.0,VIDEO_ONLY,1
121.5,VIDEO_ONLY,1
122.0,VIDEO_ONLY,1
122.5,VIDEO_ONLY,1
123.0,VIDEO_ONLY,1
123.5,VIDEO_ONLY,1
124.0,VIDEO_ONLY,1
124.5,VIDEO_ONLY,1
125.0,VIDEO_ONLY,1
125.5,VIDEO_ONLY,1
126.0,VIDEO_ONLY,1
126.5,VIDEO_ONLY,1
127.0,VIDEO_ONLY,1
127.5,VIDEO_ONLY,1
128.0,VIDEO_ONLY,1
128.5,VIDEO_ONLY,1
129.0,VIDEO_ONLY,1
129.5,VIDEO_ONLY,1
130.0,VIDEO_ONLY,1
130.5,VIDEO_ONLY,1
131.0,VIDEO_ONLY,1
131.5,VIDEO_ONLY,1
132.0,VIDEO_ONLY,1
132.5,VIDEO_ONLY,1
133.0,VIDEO_ONLY,1
133.5,VIDEO_ONLY,1
134.0,VIDEO_ONLY,1
134.5,VIDEO_ONLY,1
135.0,VIDEO_ONLY,1
135.5,VIDEO_ONLY,1
136.0,VIDEO_ONLY,1
136.5,VIDEO_ONLY,1
137.0,VIDEO_ONLY,1
137.5,VIDEO_ONLY,1
138.0,VIDEO_ONLY,1
138.5,VIDEO_ONLY,1
139.0,VIDEO_ONLY,1
139.5,VIDEO_ONLY,1
140.0,VIDEO_ONLY,1
140.5,VIDEO_ONLY,1
141.0,VIDEO_ONLY,1
141.5,VIDEO_ONLY,1
142.0,VIDEO_ONLY,1
142.5,VIDEO_ONLY,1
143.0,VIDEO_ONLY,1
143.5,VIDEO_ONLY,1
144.0,VIDEO_ONLY,1
144.5,VIDEO_ONLY,1
145.0,VIDEO_ONLY,1
145.5,VIDEO_ONLY,1
146.0,VIDEO_ONLY,1
146.5,VIDEO_ONLY,1
147.0,VIDEO_ONLY,1
147.5,VIDEO_ONLY,1
148.0,VIDEO_ONLY,1
148.5,VIDEO_ONLY,1
149.0,VIDEO_ONLY,1
149.5,VIDEO_ONLY,1
150.0,VIDEO_ONLY,1
150.5,VIDEO_ONLY,1
151.0,VIDEO_ONLY,1
151.5,VIDEO_ONLY,1
152.0,VIDEO_ONLY,1
152.5,VIDEO_ONLY,1
153.0,VIDEO_ONLY,1
153.5,VIDEO_ONLY,1
154.0,VIDEO_ONLY,1
154.5,VIDEO_ONLY,1
155.0,VIDEO_ONLY,1
155.5,VIDEO_ONLY,1
156.0,VIDEO_ONLY,1
156.5,VIDEO_ONLY,1
157.0,VIDEO_ONLY,1
157.5,VIDEO_ONLY,1
158.0,VIDEO_ONLY,1
158.5,VIDEO_ONLY,1
159.0,VIDEO_ONLY,1
159.5,VIDEO_ONLY,1
160.0,VIDEO_ONLY,1
160.5,VIDEO_ONLY,1
161.0,VIDEO_ONLY,1
161.5,VIDEO_ONLY,1
162.0,VIDEO_ONLY,1
162.5,VIDEO_ONLY,1
163.0,VIDEO_ONLY,1
163.5,VIDEO_ONLY,1
164.0,VIDEO_ONLY,1
164.5,VIDEO_ONLY,1
165.0,VIDEO_ONLY,1
165.5,VIDEO_ONLY,1
166.0,VIDEO_ONLY,1
166.5,VIDEO_ONLY,1
167.0,VIDEO_ONLY,1
167.5,VIDEO_ONLY,1
168.0,VIDEO_ONLY,1
168.5,VIDEO_ONLY,1
169.0,VIDEO_ONLY,1
169.5,VIDEO_ONLY,1
170.0,VIDEO_ONLY,1
170.5,VIDEO_ONLY,1
171.0,VIDEO_ONLY,1
171.5,VIDEO_ONLY,1
172.0,VIDEO_ONLY,1
172.5,VIDEO_ONLY,1
173.0,VIDEO_ONLY,1
173.5,VIDEO_ONLY,1
174.0,VIDEO_ONLY,1
174.5,VIDEO_ONLY,1
175.0,VIDEO_ONLY,1
175.5,VIDEO_ONLY,1
176.0,VIDEO_ONLY,1
176.5,VIDEO_ONLY,1
177.0,VIDEO_ONLY,1
177.5,VIDEO_ONLY,1
178.0,VIDEO_ONLY,1
178.5,VIDEO_ONLY,1
179.0,VIDEO_ONLY,1
179.5,VIDEO_ONLY,1
180.0,VIDEO_ONLY,1
180.5,VIDEO_ONLY,1
181.0,VIDEO_ONLY,1
181.5,VIDEO_ONLY,1
182.0,VIDEO_ONLY,1
182.5,VIDEO_ONLY,1
183.0,VIDEO_ONLY,1
183.5,VIDEO_ONLY,1
184.0,VIDEO_ONLY,1
184.5,VIDEO_ONLY,1
185.0,VIDEO_ONLY,1
185.5,VIDEO_ONLY,1
186.0,VIDEO_ONLY,1
186.5,VIDEO_ONLY,1
187.0,VIDEO_ONLY,1
187.5,VIDEO_ONLY,1
188.0,VIDEO_ONLY,1
188.5,VIDEO_ONLY,1
189.0,VIDEO_ONLY,1
189.5,VIDEO_ONLY,1
190.0,VIDEO_ONLY,1
190.5,VIDEO_ONLY,1
191.0,VIDEO_ONLY,1
191.5,VIDEO_ONLY,1
192.0,VIDEO_ONLY,1
192.5,VIDEO_ONLY,1
193.0,VIDEO_ONLY,1
193.5,VIDEO_ONLY,1
194.0,VIDEO_ONLY,1
194.5,VIDEO_ONLY,1
195.0,VIDEO_ONLY,1
195.5,VIDEO_ONLY,1
196.0,VIDEO_ONLY,1
196.5,VIDEO_ONLY,1
197.0,VIDEO_ONLY,1
197.5,VIDEO_ONLY,1
198.0,VIDEO_ONLY,1
198.5,VIDEO_ONLY,1
199.0,VIDEO_ONLY,1
199.5,VIDEO_ONLY,1
200.0,VIDEO_ONLY,1
200.5,VIDEO_ONLY,18
201.0,VIDEO_ONLY,18
201.5,VIDEO_ONLY,18
202.0,VIDEO_ONLY,18
202.5,VIDEO_ONLY,18
203.0,VIDEO_ONLY,18
203.5,VIDEO_ONLY,18
204.0,VIDEO_ONLY,18
204.5,VIDEO_ONLY,18
205.0,VIDEO_ONLY,18
205.5,VIDEO_ONLY,18
206.0,VIDEO_ONLY,18
206.5,VIDEO_ONLY,18
207.0,VIDEO_ONLY,18
207.5,VIDEO_ONLY,18
208.0,VIDEO_ONLY,18
208.5,VIDEO_ONLY,18
209.0,VIDEO_ONLY,18
209.5,VIDEO_ONLY,18
210.0,VIDEO_ONLY,18
210.5,VIDEO_ONLY,18
211.0,VIDEO_ONLY,18
211.5,VIDEO_ONLY,1
212.0,VIDEO_ONLY,1
212.5,VIDEO_ONLY,1
213.0,VIDEO_ONLY,1
213.5,VIDEO_ONLY,1
214.0,VIDEO_ONLY,1
214.5,VIDEO_ONLY,1
215.0,VIDEO_ONLY,1
215.5,VIDEO_ONLY,1
216.0,VIDEO_ONLY,1
216.5,VIDEO_ONLY,1
217.0,VIDEO_ONLY,1
217.5,VIDEO_ONLY,1
218.0,VIDEO_ONLY,2
218.5,VIDEO_ONLY,2
219.0,VIDEO_ONLY,2
219.5,VIDEO_ONLY,2
220.0,VIDEO_ONLY,2
220.5,VIDEO_ONLY,2
221.0,VIDEO_ONLY,2
221.5,VIDEO_ONLY,2
222.0,VIDEO_ONLY,2
222.5,VIDEO_ONLY,2
223.0,VIDEO_ONLY,2
223.5,VIDEO_ONLY,2
224.0,VIDEO_ONLY,2
224.5,VIDEO_ONLY,2
225.0,VIDEO_ONLY,2
225.5,VIDEO_ONLY,2
226.0,VIDEO_ONLY,2
226.5,VIDEO_ONLY,2
227.0,VIDEO_ONLY,2
227.5,VIDEO_ONLY,2
228.0,VIDEO_ONLY,2
228.5,VIDEO_ONLY,2
229.0,VIDEO_ONLY,2
229.5,VIDEO_ONLY,2
230.0,VIDEO_ONLY,2
230.5,VIDEO_ONLY,2
231.0,VIDEO_ONLY,2
231.5,VIDEO_ONLY,2
232.0,VIDEO_ONLY,2
232.5,VIDEO_ONLY,2
233.0,VIDEO_ONLY,2
233.5,VIDEO_ONLY,2
234.0,VIDEO_ONLY,2
234.5,VIDEO_ONLY,2
235.0,VIDEO_ONLY,2
235.5,VIDEO_ONLY,2
236.0,VIDEO_ONLY,2
236.5,VIDEO_ONLY,2
237.0,VIDEO_ONLY,2
237.5,VIDEO_ONLY,2
238.0,VIDEO_ONLY,2
238.5,VIDEO_ONLY,2
239.0,VIDEO_ONLY,2
239.5,VIDEO_ONLY,2
240.0,VIDEO_ONLY,2
240.5,VIDEO_ONLY,2
241.0,VIDEO_ONLY,2
241.5,VIDEO_ONLY,2
242.0,VIDEO_ONLY,2
242.5,VIDEO_ONLY,2
243.0,VIDEO_ONLY,2
243.5,VIDEO_ONLY,2
244.0,VIDEO_ONLY,2
244.5,VIDEO_ONLY,2
245.0,VIDEO_ONLY,2
245.5,VIDEO_ONLY,2
246.0,VIDEO_ONLY,2
246.5,VIDEO_ONLY,2
247.0,VIDEO_ONLY,2
247.5,VIDEO_ONLY,2
248.0,VIDEO_ONLY,2
248.5,VIDEO_ONLY,2
249.0,VIDEO_ONLY,2
249.5,VIDEO_ONLY,2
250.0,VIDEO_ONLY,2
250.5,VIDEO_ONLY,2
251.0,VIDEO_ONLY,2
251.5,VIDEO_ONLY,2
252.0,VIDEO_ONLY,2
252.5,VIDEO_ONLY,2
253.0,VIDEO_ONLY,2
253.5,VIDEO_ONLY,2
254.0,VIDEO_ONLY,2
254.5,VIDEO_ONLY,2
255.0,VIDEO_ONLY,2
255.5,VIDEO_ONLY,2
256.0,VIDEO_ONLY,2
256.5,VIDEO_ONLY,2
257.0,VIDEO_ONLY,2
257.5,VIDEO_ONLY,2
258.0,VIDEO_ONLY,2
258.5,VIDEO_ONLY,2
259.0,VIDEO_ONLY,2
259.5,VIDEO_ONLY,2
260.0,VIDEO_ONLY,2
260.5,VIDEO_ONLY,2
261.0,VIDEO_ONLY,2
261.5,VIDEO_ONLY,2
262.0,VIDEO_ONLY,2
262.5,VIDEO_ONLY,2
263.0,VIDEO_ONLY,2
263.5,VIDEO_ONLY,2
264.0,VIDEO_ONLY,2
264.5,VIDEO_ONLY,2
265.0,VIDEO_ONLY,2
265.5,VIDEO_ONLY,2
266.0,VIDEO_ONLY,2
266.5,VIDEO_ONLY,2
267.0,VIDEO_ONLY,2
267.5,VIDEO_ONLY,2
268.0,VIDEO_ONLY,2
268.5,VIDEO_ONLY,2
269.0,VIDEO_ONLY,2
269.5,VIDEO_ONLY,2
270.0,VIDEO_ONLY,2
270.5,VIDEO_ONLY,2
271.0,VIDEO_ONLY,2
271.5,VIDEO_ONLY,2
272.0,VIDEO_ONLY,2
272.5,VIDEO_ONLY,2
273.0,VIDEO_ONLY,2
273.5,VIDEO_ONLY,2
274.0,VIDEO_ONLY,2
274.5,VIDEO_ONLY,2
275.0,VIDEO_ONLY,2
275.5,VIDEO_ONLY,2
276.0,VIDEO_ONLY,2
276.5,VIDEO_ONLY,2
277.0,VIDEO_ONLY,2
277.5,VIDEO_ONLY,2
278.0,VIDEO_ONLY,2
278.5,VIDEO_ONLY,2
279.0,VIDEO_ONLY,2
279.5,VIDEO_ONLY,2
280.0,VIDEO_ONLY,2
280.5,VIDEO_ONLY,2
281.0,VIDEO_ONLY,2
281.5,VIDEO_ONLY,2
282.0,VIDEO_ONLY,2
282.5,VIDEO_ONLY,2
283.0,VIDEO_ONLY,2
283.5,VIDEO_ONLY,2
284.0,VIDEO_ONLY,2
284.5,VIDEO_ONLY,2
285.0,VIDEO_ONLY,2
285.5,VIDEO_ONLY,2
286.0,VIDEO_ONLY,2
286.5,VIDEO_ONLY,2
287.0,VIDEO_ONLY,2
287.5,VIDEO_ONLY,2
288.0,VIDEO_ONLY,2
288.5,VIDEO_ONLY,2
289.0,VIDEO_ONLY,2
289.5,VIDEO_ONLY,2
290.0,VIDEO_ONLY,2
290.5,VIDEO_ONLY,2
291.0,VIDEO_ONLY,2
291.5,VIDEO_ONLY,2
292.0,VIDEO_ONLY,2
292.5,VIDEO_ONLY,2
293.0,VIDEO_ONLY,2
293.5,VIDEO_ONLY,2
294.0,VIDEO_ONLY,2
294.5,VIDEO_ONLY,2
295.0,VIDEO_ONLY,2
295.5,VIDEO_ONLY,2
296.0,VIDEO_ONLY,2
296.5,VIDEO_ONLY,2
297.0,VIDEO_ONLY,2
297.5,VIDEO_ONLY,2
298.0,VIDEO_ONLY,2
298.5,VIDEO_ONLY,2
299.0,VIDEO_ONLY,2
299.5,VIDEO_ONLY,2
300.0,VIDEO_ONLY,2
300.5,VIDEO_ONLY,2
301.0,VIDEO_ONLY,2
301.5,VIDEO_ONLY,18
302.0,VIDEO_ONLY,18
302.5,VIDEO_ONLY,18
303.0,VIDEO_ONLY,18
303.5,VIDEO_ONLY,18
304.0,VIDEO_ONLY,18
304.5,VIDEO_ONLY,18
305.0,VIDEO_ONLY,18
305.5,VIDEO_ONLY,18
306.0,VIDEO_ONLY,18
306.5,VIDEO_ONLY,18
307.0,VIDEO_ONLY,18
307.5,VIDEO_ONLY,18
308.0,VIDEO_ONLY,18
308.5,VIDEO_ONLY,18
309.0,VIDEO_ONLY,18
309.5,VIDEO_ONLY,18
310.0,VIDEO_ONLY,18
310.5,VIDEO_ONLY,18
311.0,VIDEO_ONLY,18
311.5,VIDEO_ONLY,18
312.0,VIDEO_ONLY,18
312.5,VIDEO_ONLY,18
313.0,VIDEO_ONLY,18
313.5,VIDEO_ONLY,18
314.0,VIDEO_ONLY,18
314.5,VIDEO_ONLY,18
315.0,VIDEO_ONLY,18
315.5,VIDEO_ONLY,18
316.0,VIDEO_ONLY,18
316.5,VIDEO_ONLY,18
317.0,VIDEO_ONLY,18
317.5,VIDEO_ONLY,18
318.0,VIDEO_ONLY,18
318.5,VIDEO_ONLY,18
319.0,VIDEO_ONLY,18
319.5,VIDEO_ONLY,18
320.0,VIDEO_ONLY,18
320.5,VIDEO_ONLY,18
321.0,VIDEO_ONLY,18
321.5,VIDEO_ONLY,18
322.0,VIDEO_ONLY,18
322.5,VIDEO_ONLY,18
323.0,VIDEO_ONLY,18
323.5,VIDEO_ONLY,18
324.0,VIDEO_ONLY,18
324.5,VIDEO_ONLY,18
325.0,VIDEO_ONLY,18
325.5,VIDEO_ONLY,18
326.0,VIDEO_ONLY,18
326.5,VIDEO_ONLY,18
327.0,VIDEO_ONLY,18
327.5,VIDEO_ONLY,18
328.0,VIDEO_ONLY,18
328.5,VIDEO_ONLY,18
329.0,VIDEO_ONLY,18
329.5,VIDEO_ONLY,18
330.0,VIDEO_ONLY,18
330.5,VIDEO_ONLY,18
331.0,VIDEO_ONLY,18
331.5,VIDEO_ONLY,18
332.0,VIDEO_ONLY,18
332.5,VIDEO_ONLY,18
333.0,VIDEO_ONLY,18
333.5,VIDEO_ONLY,18
334.0,VIDEO_ONLY,18
334.5,VIDEO_ONLY,18
335.0,VIDEO_ONLY,18
335.5,VIDEO_ONLY,18
336.0,VIDEO_ONLY,18
336.5,VIDEO_ONLY,18
337.0,VIDEO_ONLY,18
337.5,VIDEO_ONLY,18
338.0,VIDEO_ONLY,18
338.5,VIDEO_ONLY,18
339.0,VIDEO_ONLY,18
339.5,VIDEO_ONLY,18
340.0,VIDEO_ONLY,18
340.5,VIDEO_ONLY,18
341.0,VIDEO_ONLY,18
341.5,VIDEO_ONLY,18
342.0,VIDEO_ONLY,18
342.5,VIDEO_ONLY,18
343.0,VIDEO_ONLY,18
343.5,VIDEO_ONLY,18
344.0,VIDEO_ONLY,18
344.5,VIDEO_ONLY,18
345.0,VIDEO_ONLY,18
345.5,VIDEO_ONLY,18
346.0,VIDEO_ONLY,18
346.5,VIDEO_ONLY,18
347.0,VIDEO_ONLY,18
347.5,VIDEO_ONLY,18
348.0,VIDEO_ONLY,18
348.5,VIDEO_ONLY,18
349.0,VIDEO_ONLY,18
349.5,VIDEO_ONLY,18
350.0,VIDEO_ONLY,18
350.5,VIDEO_ONLY,18
351.0,VIDEO_ONLY,18
351.5,VIDEO_ONLY,18
352.0,VIDEO_ONLY,18
352.5,VIDEO_ONLY,18
353.0,VIDEO_ONLY,18
353.5,VIDEO_ONLY,18
354.0,VIDEO_ONLY,18
354.5,VIDEO_ONLY,18
355.0,VIDEO_ONLY,18
355.5,VIDEO_ONLY,18
356.0,VIDEO_ONLY,18
356.5,VIDEO_ONLY,18
357.0,VIDEO_ONLY,18
357.5,VIDEO_ONLY,18
358.0,VIDEO_ONLY,18
358.5,VIDEO_ONLY,18
359.0,VIDEO_ONLY,18
359.5,VIDEO_ONLY,18
360.0,VIDEO_ONLY,18
360.5,VIDEO_ONLY,18
361.0,VIDEO_ONLY,18
361.5,VIDEO_ONLY,18
362.0,VIDEO_ONLY,18
362.5,VIDEO_ONLY,18
363.0,VIDEO_ONLY,18
363.5,VIDEO_ONLY,10
364.0,VIDEO_ONLY,10
364.5,VIDEO_ONLY,10
365.0,VIDEO_ONLY,10
365.5,VIDEO_ONLY,10
366.0,VIDEO_ONLY,10
366.5,VIDEO_ONLY,10
367.0,VIDEO_ONLY,10
367.5,VIDEO_ONLY,10
368.0,VIDEO_ONLY,10
368.5,VIDEO_ONLY,10
369.0,VIDEO_ONLY,10
369.5,VIDEO_ONLY,10
370.0,VIDEO_ONLY,10
370.5,VIDEO_ONLY,10
371.0,VIDEO_ONLY,10
371.5,VIDEO_ONLY,10
372.0,VIDEO_ONLY,10
372.5,VIDEO_ONLY,10
373.0,VIDEO_ONLY,10
373.5,VIDEO_ONLY,10
374.0,VIDEO_ONLY,10
374.5,VIDEO_ONLY,10
375.0,VIDEO_ONLY,10
375.5,VIDEO_ONLY,10
376.0,VIDEO_ONLY,10
376.5,VIDEO_ONLY,10
377.0,VIDEO_ONLY,10
377.5,VIDEO_ONLY,10
378.0,VIDEO_ONLY,10
378.5,VIDEO_ONLY,10
379.0,VIDEO_ONLY,10
379.5,VIDEO_ONLY,10
380.0,VIDEO_ONLY,10
380.5,VIDEO_ONLY,10
381.0,VIDEO_ONLY,10
381.5,VIDEO_ONLY,10
382.0,VIDEO_ONLY,10
382.5,VIDEO_ONLY,10
383.0,VIDEO_ONLY,10
383.5,VIDEO_ONLY,10
384.0,VIDEO_ONLY,10
384.5,VIDEO_ONLY,10
385.0,VIDEO_ONLY,10
385.5,VIDEO_ONLY,10
386.0,VIDEO_ONLY,10
386.5,VIDEO_ONLY,10
387.0,VIDEO_ONLY,10
387.5,VIDEO_ONLY,10
388.0,VIDEO_ONLY,10
388.5,VIDEO_ONLY,10
389.0,VIDEO_ONLY,10
389.5,VIDEO_ONLY,10
390.0,VIDEO_ONLY,10
390.5,VIDEO_ONLY,10
391.0,VIDEO_ONLY,10
391.5,VIDEO_ONLY,10
392.0,VIDEO_ONLY,10
392.5,VIDEO_ONLY,10
393.0,VIDEO_ONLY,10
393.5,VIDEO_ONLY,10
394.0,VIDEO_ONLY,10
394.5,VIDEO_ONLY,10
395.0,VIDEO_ONLY,10
395.5,VIDEO_ONLY,10
396.0,VIDEO_ONLY,10
396.5,VIDEO_ONLY,10
397.0,VIDEO_ONLY,10
397.5,VIDEO_ONLY,10
398.0,VIDEO_ONLY,10
398.5,VIDEO_ONLY,10
399.0,VIDEO_ONLY,10
399.5,VIDEO_ONLY,10
400.0,VIDEO_ONLY,10
400.5,VIDEO_ONLY,10
401.0,VIDEO_ONLY,10
401.5,VIDEO_ONLY,10
402.0,VIDEO_ONLY,10
402.5,VIDEO_ONLY,10
403.0,VIDEO_ONLY,10
403.5,VIDEO_ONLY,10
404.0,VIDEO_ONLY,10
404.5,VIDEO_ONLY,10
405.0,VIDEO_ONLY,10
405.5,VIDEO_ONLY,10
406.0,VIDEO_ONLY,10
406.5,VIDEO_ONLY,10
407.0,VIDEO_ONLY,10
407.5,VIDEO_ONLY,10
408.0,VIDEO_ONLY,10
408.5,VIDEO_ONLY,10
409.0,VIDEO_ONLY,10
409.5,VIDEO_ONLY,10
410.0,VIDEO_ONLY,10
410.5,VIDEO_ONLY,10
411.0,VIDEO_ONLY,10
411.5,VIDEO_ONLY,10
412.0,VIDEO_ONLY,10
412.5,VIDEO_ONLY,10
413.0,VIDEO_ONLY,10
413.5,VIDEO_ONLY,10
414.0,VIDEO_ONLY,10
414.5,VIDEO_ONLY,10
415.0,VIDEO_ONLY,10
415.5,VIDEO_ONLY,10
416.0,VIDEO_ONLY,10
416.5,VIDEO_ONLY,10
417.0,VIDEO_ONLY,10
417.5,VIDEO_ONLY,10
418.0,VIDEO_ONLY,10
418.5,VIDEO_ONLY,10
419.0,VIDEO_ONLY,10
419.5,VIDEO_ONLY,10
420.0,VIDEO_ONLY,10
420.5,VIDEO_ONLY,10
421.0,VIDEO_ONLY,10
421.5,VIDEO_ONLY,10
422.0,VIDEO_ONLY,10
422.5,VIDEO_ONLY,10
423.0,VIDEO_ONLY,10
423.5,VIDEO_ONLY,10
424.0,VIDEO_ONLY,10
424.5,VIDEO_ONLY,10
425.0,VIDEO_ONLY,10
425.5,VIDEO_ONLY,10
426.0,VIDEO_ONLY,10
426.5,VIDEO_ONLY,10
427.0,VIDEO_ONLY,10
427.5,VIDEO_ONLY,10
428.0,VIDEO_ONLY,10
428.5,VIDEO_ONLY,10
429.0,VIDEO_ONLY,10
429.5,VIDEO_ONLY,10
430.0,VIDEO_ONLY,10
430.5,VIDEO_ONLY,10
431.0,VIDEO_ONLY,10
431.5,VIDEO_ONLY,10
432.0,VIDEO_ONLY,10
432.5,VIDEO_ONLY,10
433.0,VIDEO_ONLY,10
433.5,VIDEO_ONLY,10
434.0,VIDEO_ONLY,10
434.5,VIDEO_ONLY,10
435.0,VIDEO_ONLY,10
435.5,VIDEO_ONLY,10
436.0,VIDEO_ONLY,10
436.5,VIDEO_ONLY,10
437.0,VIDEO_ONLY,10
437.5,VIDEO_ONLY,10
438.0,VIDEO_ONLY,10
438.5,VIDEO_ONLY,10
439.0,VIDEO_ONLY,10
439.5,VIDEO_ONLY,10
440.0,VIDEO_ONLY,10
440.5,VIDEO_ONLY,10
441.0,VIDEO_ONLY,10
441.5,VIDEO_ONLY,10
442.0,VIDEO_ONLY,10
442.5,VIDEO_ONLY,10
443.0,VIDEO_ONLY,10
443.5,VIDEO_ONLY,10
444.0,VIDEO_ONLY,10
444.5,VIDEO_ONLY,10
445.0,VIDEO_ONLY,10
445.5,VIDEO_ONLY,10
446.0,VIDEO_ONLY,10
446.5,VIDEO_ONLY,10
447.0,VIDEO_ONLY,10
447.5,VIDEO_ONLY,10
448.0,VIDEO_ONLY,10
448.5,VIDEO_ONLY,10
449.0,VIDEO_ONLY,10
449.5,VIDEO_ONLY,10
450.0,VIDEO_ONLY,10
450.5,VIDEO_ONLY,10
451.0,VIDEO_ONLY,10
451.5,VIDEO_ONLY,10
452.0,VIDEO_ONLY,10
452.5,VIDEO_ONLY,10
453.0,VIDEO_ONLY,10
453.5,VIDEO_ONLY,10
454.0,VIDEO_ONLY,10
454.5,VIDEO_ONLY,10
455.0,VIDEO_ONLY,10
455.5,VIDEO_ONLY,10
456.0,VIDEO_ONLY,10
456.5,VIDEO_ONLY,10
457.0,VIDEO_ONLY,18
457.5,VIDEO_ONLY,18
458.0,VIDEO_ONLY,18
458.5,VIDEO_ONLY,18
459.0,VIDEO_ONLY,18
459.5,VIDEO_ONLY,18
460.0,VIDEO_ONLY,18
460.5,VIDEO_ONLY,18
461.0,VIDEO_ONLY,18
461.5,VIDEO_ONLY,18
462.0,VIDEO_ONLY,18
462.5,VIDEO_ONLY,18
463.0,VIDEO_ONLY,18
463.5,VIDEO_ONLY,18
464.0,VIDEO_ONLY,18
464.5,VIDEO_ONLY,18
465.0,VIDEO_ONLY,18
465.5,VIDEO_ONLY,18
466.0,VIDEO_ONLY,18
466.5,VIDEO_ONLY,18
467.0,VIDEO_ONLY,18
467.5,VIDEO_ONLY,18
468.0,VIDEO_ONLY,18
468.5,VIDEO_ONLY,18
469.0,VIDEO_ONLY,18
469.5,VIDEO_ONLY,18
470.0,VIDEO_ONLY,18
470.5,VIDEO_ONLY,18
471.0,VIDEO_ONLY,18
471.5,VIDEO_ONLY,18
472.0,VIDEO_ONLY,18
472.5,VIDEO_ONLY,18
473.0,VIDEO_ONLY,18
473.5,VIDEO_ONLY,18
474.0,VIDEO_ONLY,18
474.5,VIDEO_ONLY,18
475.0,VIDEO_ONLY,18
475.5,VIDEO_ONLY,18
476.0,VIDEO_ONLY,18
476.5,VIDEO_ONLY,18
477.0,VIDEO_ONLY,18
477.5,VIDEO_ONLY,18
478.0,VIDEO_ONLY,18
478.5,VIDEO_ONLY,18
479.0,VIDEO_ONLY,18
479.5,VIDEO_ONLY,18
480.0,VIDEO_ONLY,18
480.5,VIDEO_ONLY,18
481.0,VIDEO_ONLY,18
481.5,VIDEO_ONLY,18
482.0,VIDEO_ONLY,18
482.5,VIDEO_ONLY,18
483.0,VIDEO_ONLY,18
483.5,VIDEO_ONLY,18
484.0,VIDEO_ONLY,18
484.5,VIDEO_ONLY,18
485.0,VIDEO_ONLY,18
485.5,VIDEO_ONLY,18
486.0,VIDEO_ONLY,18
486.5,VIDEO_ONLY,18
487.0,VIDEO_ONLY,18
487.5,VIDEO_ONLY,18
488.0,VIDEO_ONLY,18
488.5,VIDEO_ONLY,18
489.0,VIDEO_ONLY,18
489.5,VIDEO_ONLY,18
490.0,VIDEO_ONLY,18
490.5,VIDEO_ONLY,18
491.0,VIDEO_ONLY,18
491.5,VIDEO_ONLY,18
492.0,VIDEO_ONLY,18
492.5,VIDEO_ONLY,18
493.0,VIDEO_ONLY,18
493.5,VIDEO_ONLY,18
494.0,VIDEO_ONLY,18
494.5,VIDEO_ONLY,18
495.0,VIDEO_ONLY,18
495.5,VIDEO_ONLY,18
496.0,VIDEO_ONLY,18
496.5,VIDEO_ONLY,18
497.0,VIDEO_ONLY,18
497.5,VIDEO_ONLY,18
498.0,VIDEO_ONLY,18
498.5,VIDEO_ONLY,18
499.0,VIDEO_ONLY,18
499.5,VIDEO_ONLY,12
500.0,VIDEO_ONLY,12
500.5,VIDEO_ONLY,12
501.0,VIDEO_ONLY,12
501.5,VIDEO_ONLY,12
502.0,VIDEO_ONLY,12
502.5,VIDEO_ONLY,12
503.0,VIDEO_ONLY,12
503.5,VIDEO_ONLY,12
504.0,VIDEO_ONLY,12
504.5,VIDEO_ONLY,12
505.0,VIDEO_ONLY,12
505.5,VIDEO_ONLY,12
506.0,VIDEO_ONLY,12
506.5,VIDEO_ONLY,12
507.0,VIDEO_ONLY,12
507.5,VIDEO_ONLY,12
508.0,VIDEO_ONLY,12
508.5,VIDEO_ONLY,12
509.0,VIDEO_ONLY,12
509.5,VIDEO_ONLY,12
510.0,VIDEO_ONLY,12
510.5,VIDEO_ONLY,12
511.0,VIDEO_ONLY,12
511.5,VIDEO_ONLY,12
512.0,VIDEO_ONLY,12
512.5,VIDEO_ONLY,12
513.0,VIDEO_ONLY,12
513.5,VIDEO_ONLY,12
514.0,VIDEO_ONLY,12
514.5,VIDEO_ONLY,12
515.0,VIDEO_ONLY,12
515.5,VIDEO_ONLY,12
516.0,VIDEO_ONLY,12
516.5,VIDEO_ONLY,12
517.0,VIDEO_ONLY,12
517.5,VIDEO_ONLY,12
518.0,VIDEO_ONLY,12
518.5,VIDEO_ONLY,12
519.0,VIDEO_ONLY,12
519.5,VIDEO_ONLY,12
520.0,VIDEO_ONLY,12
520.5,VIDEO_ONLY,12
521.0,VIDEO_ONLY,12
521.5,VIDEO_ONLY,12
522.0,VIDEO_ONLY,12
522.5,VIDEO_ONLY,12
523.0,VIDEO_ONLY,12
523.5,VIDEO_ONLY,12
524.0,VIDEO_ONLY,12
524.5,VIDEO_ONLY,12
525.0,VIDEO_ONLY,12
525.5,VIDEO_ONLY,12
526.0,VIDEO_ONLY,12
526.5,VIDEO_ONLY,12
527.0,VIDEO_ONLY,12
527.5,VIDEO_ONLY,12
528.0,VIDEO_ONLY,12
528.5,VIDEO_ONLY,12
529.0,VIDEO_ONLY,12
529.5,VIDEO_ONLY,12
530.0,VIDEO_ONLY,12
530.5,VIDEO_ONLY,12
531.0,VIDEO_ONLY,12
531.5,VIDEO_ONLY,12
532.0,VIDEO_ONLY,12
532.5,VIDEO_ONLY,12
533.0,VIDEO_ONLY,12
533.5,VIDEO_ONLY,12
534.0,VIDEO_ONLY,12
534.5,VIDEO_ONLY,12
535.0,VIDEO_ONLY,12
535.5,VIDEO_ONLY,12
536.0,VIDEO_ONLY,12
536.5,VIDEO_ONLY,12
537.0,VIDEO_ONLY,12
537.5,VIDEO_ONLY,12
538.0,VIDEO_ONLY,12
538.5,VIDEO_ONLY,12
539.0,VIDEO_ONLY,12
539.5,VIDEO_ONLY,12
540.0,VIDEO_ONLY,12
540.5,VIDEO_ONLY,12
541.0,VIDEO_ONLY,12
541.5,VIDEO_ONLY,12
542.0,VIDEO_ONLY,12
542.5,VIDEO_ONLY,12
543.0,VIDEO_ONLY,12
543.5,VIDEO_ONLY,12
544.0,VIDEO_ONLY,12
544.5,VIDEO_ONLY,12
545.0,VIDEO_ONLY,12
545.5,VIDEO_ONLY,12
546.0,VIDEO_ONLY,12
546.5,VIDEO_ONLY,12
547.0,VIDEO_ONLY,12
547.5,VIDEO_ONLY,12
548.0,VIDEO_ONLY,12
548.5,VIDEO_ONLY,12
549.0,VIDEO_ONLY,12
549.5,VIDEO_ONLY,12
550.0,VIDEO_ONLY,12
550.5,VIDEO_ONLY,12
551.0,VIDEO_ONLY,12
551.5,VIDEO_ONLY,12
552.0,VIDEO_ONLY,12
552.5,VIDEO_ONLY,12
553.0,VIDEO_ONLY,12
553.5,VIDEO_ONLY,12
554.0,VIDEO_ONLY,12
554.5,VIDEO_ONLY,12
555.0,VIDEO_ONLY,12
555.5,VIDEO_ONLY,12
556.0,VIDEO_ONLY,12
556.5,VIDEO_ONLY,12
557.0,VIDEO_ONLY,12
557.5,VIDEO_ONLY,12
558.0,VIDEO_ONLY,12
558.5,VIDEO_ONLY,12
559.0,VIDEO_ONLY,12
559.5,VIDEO_ONLY,12
560.0,VIDEO_ONLY,12
560.5,VIDEO_ONLY,12
561.0,VIDEO_ONLY,12
561.5,VIDEO_ONLY,12
562.0,VIDEO_ONLY,12
562.5,VIDEO_ONLY,12
563.0,VIDEO_ONLY,12
563.5,VIDEO_ONLY,12
564.0,VIDEO_ONLY,12
564.5,VIDEO_ONLY,12
565.0,VIDEO_ONLY,12
565.5,VIDEO_ONLY,12
566.0,VIDEO_ONLY,12
566.5,VIDEO_ONLY,12
567.0,VIDEO_ONLY,12
567.5,VIDEO_ONLY,12
568.0,VIDEO_ONLY,12
568.5,VIDEO_ONLY,12
569.0,VIDEO_ONLY,12
569.5,VIDEO_ONLY,12
570.0,VIDEO_ONLY,12
570.5,VIDEO_ONLY,12
571.0,VIDEO_ONLY,12
571.5,VIDEO_ONLY,12
572.0,VIDEO_ONLY,12
572.5,VIDEO_ONLY,12
573.0,VIDEO_ONLY,12
573.5,VIDEO_ONLY,12
574.0,VIDEO_ONLY,12
574.5,VIDEO_ONLY,12
575.0,VIDEO_ONLY,12
575.5,VIDEO_ONLY,12
576.0,VIDEO_ONLY,12
576.5,VIDEO_ONLY,12
577.0,VIDEO_ONLY,12
577.5,VIDEO_ONLY,12
578.0,VIDEO_ONLY,12
578.5,VIDEO_ONLY,12
579.0,VIDEO_ONLY,12
579.5,VIDEO_ONLY,12
580.0,VIDEO_ONLY,12
580.5,VIDEO_ONLY,12
581.0,VIDEO_ONLY,12
581.5,VIDEO_ONLY,12
582.0,VIDEO_ONLY,12
582.5,VIDEO_ONLY,12
583.0,VIDEO_ONLY,12
583.5,VIDEO_ONLY,12
584.0,VIDEO_ONLY,12
584.5,VIDEO_ONLY,12
585.0,VIDEO_ONLY,12
585.5,VIDEO_ONLY,12
586.0,VIDEO_ONLY,12
586.5,VIDEO_ONLY,12
587.0,VIDEO_ONLY,12
587.5,VIDEO_ONLY,12
588.0,VIDEO_ONLY,12
588.5,VIDEO_ONLY,12
589.0,VIDEO_ONLY,12
589.5,VIDEO_ONLY,12
590.0,VIDEO_ONLY,12
590.5,VIDEO_ONLY,12
591.0,VIDEO_ONLY,12
591.5,VIDEO_ONLY,12
592.0,VIDEO_ONLY,12
592.5,VIDEO_ONLY,12
593.0,VIDEO_ONLY,12
593.5,VIDEO_ONLY,18
594.0,VIDEO_ONLY,18
594.5,VIDEO_ONLY,18
595.0,VIDEO_ONLY,18
595.5,VIDEO_ONLY,18
596.0,VIDEO_ONLY,18
596.5,VIDEO_ONLY,18
597.0,VIDEO_ONLY,18
597.5,VIDEO_ONLY,18
598.0,VIDEO_ONLY,18
598.5,VIDEO_ONLY,18
599.0,VIDEO_ONLY,18
599.5,VIDEO_ONLY,18
600.0,VIDEO_ONLY,18
600.5,VIDEO_ONLY,18
601.0,VIDEO_ONLY,18
601.5,VIDEO_ONLY,18
602.0,VIDEO_ONLY,18
602.5,VIDEO_ONLY,18
603.0,VIDEO_ONLY,18
603.5,VIDEO_ONLY,18
604.0,VIDEO_ONLY,18
604.5,VIDEO_ONLY,18
605.0,VIDEO_ONLY,18
605.5,VIDEO_ONLY,18
606.0,VIDEO_ONLY,18
606.5,VIDEO_ONLY,18
607.0,VIDEO_ONLY,18
607.5,VIDEO_ONLY,18
608.0,VIDEO_ONLY,18
608.5,VIDEO_ONLY,18
609.0,VIDEO_ONLY,18
609.5,VIDEO_ONLY,18
610.0,VIDEO_ONLY,18
610.5,VIDEO_ONLY,18
611.0,VIDEO_ONLY,18
611.5,VIDEO_ONLY,18
612.0,VIDEO_ONLY,18
612.5,VIDEO_ONLY,18
613.0,VIDEO_ONLY,18
613.5,VIDEO_ONLY,18
614.0,VIDEO_ONLY,18
614.5,VIDEO_ONLY,18
615.0,VIDEO_ONLY,18
615.5,VIDEO_ONLY,18
616.0,VIDEO_ONLY,18
616.5,VIDEO_ONLY,18
617.0,VIDEO_ONLY,18
617.5,VIDEO_ONLY,18
618.0,VIDEO_ONLY,18
618.5,VIDEO_ONLY,18
619.0,VIDEO_ONLY,18
619.5,VIDEO_ONLY,18
620.0,VIDEO_ONLY,18
620.5,VIDEO_ONLY,18
621.0,VIDEO_ONLY,18
621.5,VIDEO_ONLY,18
622.0,VIDEO_ONLY,18
622.5,VIDEO_ONLY,18
623.0,VIDEO_ONLY,18
623.5,VIDEO_ONLY,18
624.0,VIDEO_ONLY,12
624.5,VIDEO_ONLY,12
625.0,VIDEO_ONLY,12
625.5,VIDEO_ONLY,12
626.0,VIDEO_ONLY,12
626.5,VIDEO_ONLY,12
627.0,VIDEO_ONLY,12
627.5,VIDEO_ONLY,12
628.0,VIDEO_ONLY,12
628.5,VIDEO_ONLY,12
629.0,VIDEO_ONLY,12
629.5,VIDEO_ONLY,12
630.0,VIDEO_ONLY,12
630.5,VIDEO_ONLY,12
631.0,VIDEO_ONLY,12
631.5,VIDEO_ONLY,12
632.0,VIDEO_ONLY,12
632.5,VIDEO_ONLY,12
633.0,VIDEO_ONLY,12
633.5,VIDEO_ONLY,12
634.0,VIDEO_ONLY,12
634.5,VIDEO_ONLY,12
635.0,VIDEO_ONLY,12
635.5,VIDEO_ONLY,12
636.0,VIDEO_ONLY,12
636.5,VIDEO_ONLY,12
637.0,VIDEO_ONLY,12
637.5,VIDEO_ONLY,12
638.0,VIDEO_ONLY,12
638.5,VIDEO_ONLY,12
639.0,VIDEO_ONLY,12
639.5,VIDEO_ONLY,12
640.0,VIDEO_ONLY,12
640.5,VIDEO_ONLY,12
641.0,VIDEO_ONLY,12
641.5,VIDEO_ONLY,12
642.0,VIDEO_ONLY,12
642.5,VIDEO_ONLY,12
643.0,VIDEO_ONLY,12
643.5,VIDEO_ONLY,12
644.0,VIDEO_ONLY,12
644.5,VIDEO_ONLY,12
645.0,VIDEO_ONLY,12
645.5,VIDEO_ONLY,12
646.0,VIDEO_ONLY,12
646.5,VIDEO_ONLY,12
647.0,VIDEO_ONLY,12
647.5,VIDEO_ONLY,12
648.0,VIDEO_ONLY,12
648.5,VIDEO_ONLY,12
649.0,VIDEO_ONLY,12
649.5,VIDEO_ONLY,12
650.0,VIDEO_ONLY,12
650.5,VIDEO_ONLY,12
651.0,VIDEO_ONLY,12
651.5,VIDEO_ONLY,12
652.0,VIDEO_ONLY,12
652.5,VIDEO_ONLY,12
653.0,VIDEO_ONLY,12
653.5,VIDEO_ONLY,12
654.0,VIDEO_ONLY,12
654.5,VIDEO_ONLY,12
655.0,VIDEO_ONLY,12
655.5,VIDEO_ONLY,12
656.0,VIDEO_ONLY,12
656.5,VIDEO_ONLY,12
657.0,VIDEO_ONLY,12
657.5,VIDEO_ONLY,12
658.0,VIDEO_ONLY,12
658.5,VIDEO_ONLY,12
659.0,VIDEO_ONLY,12
659.5,VIDEO_ONLY,12
660.0,VIDEO_ONLY,12
660.5,VIDEO_ONLY,12
661.0,VIDEO_ONLY,12
661.5,VIDEO_ONLY,12
662.0,VIDEO_ONLY,12
662.5,VIDEO_ONLY,12
663.0,VIDEO_ONLY,12
663.5,VIDEO_ONLY,12
664.0,VIDEO_ONLY,12
664.5,VIDEO_ONLY,12
665.0,VIDEO_ONLY,18
665.5,VIDEO_ONLY,18
666.0,VIDEO_ONLY,18
666.5,VIDEO_ONLY,18
667.0,VIDEO_ONLY,18
667.5,VIDEO_ONLY,18
668.0,VIDEO_ONLY,18
668.5,VIDEO_ONLY,18
669.0,VIDEO_ONLY,18
669.5,VIDEO_ONLY,18
670.0,VIDEO_ONLY,18
670.5,VIDEO_ONLY,18
671.0,VIDEO_ONLY,18
671.5,VIDEO_ONLY,18
672.0,VIDEO_ONLY,18
672.5,VIDEO_ONLY,18
673.0,VIDEO_ONLY,18
673.5,VIDEO_ONLY,18
674.0,VIDEO_ONLY,18
674.5,VIDEO_ONLY,18
675.0,VIDEO_ONLY,18
675.5,VIDEO_ONLY,18
676.0,VIDEO_ONLY,18
676.5,VIDEO_ONLY,18
677.0,VIDEO_ONLY,18
677.5,VIDEO_ONLY,18
678.0,VIDEO_ONLY,18
678.5,VIDEO_ONLY,18
679.0,VIDEO_ONLY,18
679.5,VIDEO_ONLY,18
680.0,VIDEO_ONLY,18
680.5,VIDEO_ONLY,18
681.0,VIDEO_ONLY,18
681.5,VIDEO_ONLY,18
682.0,VIDEO_ONLY,18
682.5,VIDEO_ONLY,18
683.0,VIDEO_ONLY,18
683.5,VIDEO_ONLY,18
684.0,VIDEO_ONLY,18
684.5,VIDEO_ONLY,18
685.0,VIDEO_ONLY,18
685.5,VIDEO_ONLY,18
686.0,VIDEO_ONLY,18
686.5,VIDEO_ONLY,18
687.0,VIDEO_ONLY,18
687.5,VIDEO_ONLY,18
688.0,VIDEO_ONLY,18
688.5,VIDEO_ONLY,18
689.0,VIDEO_ONLY,18
689.5,VIDEO_ONLY,18
690.0,VIDEO_ONLY,18
690.5,VIDEO_ONLY,18
691.0,VIDEO_ONLY,18
691.5,VIDEO_ONLY,18
692.0,VIDEO_ONLY,18
692.5,VIDEO_ONLY,18
693.0,VIDEO_ONLY,18
693.5,VIDEO_ONLY,18
694.0,VIDEO_ONLY,18
694.5,VIDEO_ONLY,18
695.0,VIDEO_ONLY,18
695.5,VIDEO_ONLY,18
696.0,VIDEO_ONLY,18
696.5,VIDEO_ONLY,18
697.0,VIDEO_ONLY,18
697.5,VIDEO_ONLY,18
698.0,VIDEO_ONLY,18
698.5,VIDEO_ONLY,18
699.0,VIDEO_ONLY,18
699.5,VIDEO_ONLY,18
700.0,VIDEO_ONLY,18
700.5,VIDEO_ONLY,18
701.0,VIDEO_ONLY,18
701.5,VIDEO_ONLY,18
702.0,VIDEO_ONLY,18
702.5,VIDEO_ONLY,18
703.0,VIDEO_ONLY,18
703.5,VIDEO_ONLY,18
704.0,VIDEO_ONLY,18
704.5,VIDEO_ONLY,18
705.0,VIDEO_ONLY,18
705.5,VIDEO_ONLY,18
706.0,VIDEO_ONLY,18
706.5,VIDEO_ONLY,18
707.0,VIDEO_ONLY,18
707.5,VIDEO_ONLY,18
708.0,VIDEO_ONLY,18
708.5,VIDEO_ONLY,18
709.0,VIDEO_ONLY,18
709.5,VIDEO_ONLY,18
710.0,VIDEO_ONLY,18
710.5,VIDEO_ONLY,12
711.0,VIDEO_ONLY,12
711.5,VIDEO_ONLY,12
712.0,VIDEO_ONLY,12
712.5,VIDEO_ONLY,12
713.0,VIDEO_ONLY,12
713.5,VIDEO_ONLY,12
714.0,VIDEO_ONLY,12
714.5,VIDEO_ONLY,12
715.0,VIDEO_ONLY,12
715.5,VIDEO_ONLY,12
716.0,VIDEO_ONLY,12
716.5,VIDEO_ONLY,12
717.0,VIDEO_ONLY,12
717.5,VIDEO_ONLY,12
718.0,VIDEO_ONLY,12
718.5,VIDEO_ONLY,12
719.0,VIDEO_ONLY,12
719.5,VIDEO_ONLY,12
720.0,VIDEO_ONLY,12
720.5,VIDEO_ONLY,12
721.0,VIDEO_ONLY,12
721.5,VIDEO_ONLY,12
722.0,VIDEO_ONLY,12
722.5,VIDEO_ONLY,12
723.0,VIDEO_ONLY,12
723.5,VIDEO_ONLY,12
724.0,VIDEO_ONLY,12
724.5,VIDEO_ONLY,12
725.0,VIDEO_ONLY,12
725.5,VIDEO_ONLY,12
726.0,VIDEO_ONLY,12
726.5,VIDEO_ONLY,12
727.0,VIDEO_ONLY,12
727.5,VIDEO_ONLY,12
728.0,VIDEO_ONLY,12
728.5,VIDEO_ONLY,12
729.0,VIDEO_ONLY,12
729.5,VIDEO_ONLY,12
730.0,VIDEO_ONLY,12
730.5,VIDEO_ONLY,12
731.0,VIDEO_ONLY,12
731.5,VIDEO_ONLY,12
732.0,VIDEO_ONLY,12
732.5,VIDEO_ONLY,12
733.0,VIDEO_ONLY,12
733.5,VIDEO_ONLY,12
734.0,VIDEO_ONLY,12
734.5,VIDEO_ONLY,12
735.0,VIDEO_ONLY,12
735.5,VIDEO_ONLY,12
736.0,VIDEO_ONLY,12
736.5,VIDEO_ONLY,12
737.0,VIDEO_ONLY,12
737.5,VIDEO_ONLY,12
738.0,VIDEO_ONLY,12
738.5,VIDEO_ONLY,12
739.0,VIDEO_ONLY,12
739.5,VIDEO_ONLY,12
740.0,VIDEO_ONLY,12
740.5,VIDEO_ONLY,12
741.0,VIDEO_ONLY,12
741.5,VIDEO_ONLY,12
742.0,VIDEO_ONLY,12
742.5,VIDEO_ONLY,12
743.0,VIDEO_ONLY,12
743.5,VIDEO_ONLY,12
744.0,VIDEO_ONLY,12
744.5,VIDEO_ONLY,12
745.0,VIDEO_ONLY,12
745.5,VIDEO_ONLY,12
746.0,VIDEO_ONLY,12
746.5,VIDEO_ONLY,12
747.0,VIDEO_ONLY,12
747.5,VIDEO_ONLY,12
748.0,VIDEO_ONLY,12
748.5,VIDEO_ONLY,12
749.0,VIDEO_ONLY,12
749.5,VIDEO_ONLY,12
750.0,VIDEO_ONLY,12
750.5,VIDEO_ONLY,12
751.0,VIDEO_ONLY,12
751.5,VIDEO_ONLY,12
752.0,VIDEO_ONLY,12
752.5,VIDEO_ONLY,12
753.0,VIDEO_ONLY,12
753.5,VIDEO_ONLY,12
754.0,VIDEO_ONLY,12
754.5,VIDEO_ONLY,12
755.0,VIDEO_ONLY,12
755.5,VIDEO_ONLY,12
756.0,VIDEO_ONLY,12
756.5,VIDEO_ONLY,12
757.0,VIDEO_ONLY,12
757.5,VIDEO_ONLY,12
758.0,VIDEO_ONLY,18
758.5,VIDEO_ONLY,18
759.0,VIDEO_ONLY,18
759.5,VIDEO_ONLY,18
760.0,VIDEO_ONLY,18
760.5,VIDEO_ONLY,18
761.0,VIDEO_ONLY,18
761.5,VIDEO_ONLY,18
762.0,VIDEO_ONLY,18
762.5,VIDEO_ONLY,18
763.0,VIDEO_ONLY,18
763.5,VIDEO_ONLY,18
764.0,VIDEO_ONLY,18
764.5,VIDEO_ONLY,18
765.0,VIDEO_ONLY,18
765.5,VIDEO_ONLY,18
766.0,VIDEO_ONLY,18
766.5,VIDEO_ONLY,18
767.0,VIDEO_ONLY,18
767.5,VIDEO_ONLY,18
768.0,VIDEO_ONLY,18
768.5,VIDEO_ONLY,18
769.0,VIDEO_ONLY,18
769.5,VIDEO_ONLY,18
770.0,VIDEO_ONLY,18
770.5,VIDEO_ONLY,18
771.0,VIDEO_ONLY,18
771.5,VIDEO_ONLY,18
772.0,VIDEO_ONLY,18
772.5,VIDEO_ONLY,18
773.0,VIDEO_ONLY,18
773.5,VIDEO_ONLY,18
774.0,VIDEO_ONLY,18
774.5,VIDEO_ONLY,18
775.0,VIDEO_ONLY,18
775.5,VIDEO_ONLY,18
776.0,VIDEO_ONLY,18
776.5,VIDEO_ONLY,18
777.0,VIDEO_ONLY,18
777.5,VIDEO_ONLY,18
778.0,VIDEO_ONLY,18
778.5,VIDEO_ONLY,18
779.0,VIDEO_ONLY,18
779.5,VIDEO_ONLY,18
780.0,VIDEO_ONLY,18
780.5,VIDEO_ONLY,18
781.0,VIDEO_ONLY,18
781.5,VIDEO_ONLY,18
782.0,VIDEO_ONLY,18
782.5,VIDEO_ONLY,18
783.0,VIDEO_ONLY,18
783.5,VIDEO_ONLY,18
784.0,VIDEO_ONLY,18
784.5,VIDEO_ONLY,18
785.0,VIDEO_ONLY,18
785.5,VIDEO_ONLY,18
786.0,VIDEO_ONLY,18
786.5,VIDEO_ONLY,18
787.0,VIDEO_ONLY,18
787.5,VIDEO_ONLY,18
788.0,VIDEO_ONLY,18
788.5,VIDEO_ONLY,18
789.0,VIDEO_ONLY,18
789.5,VIDEO_ONLY,18
790.0,VIDEO_ONLY,18
790.5,VIDEO_ONLY,18
791.0,VIDEO_ONLY,18
791.5,VIDEO_ONLY,18
792.0,VIDEO_ONLY,18
792.5,VIDEO_ONLY,18
793.0,VIDEO_ONLY,18
793.5,VIDEO_ONLY,18
794.0,VIDEO_ONLY,18
794.5,VIDEO_ONLY,18
795.0,VIDEO_ONLY,18
795.5,VIDEO_ONLY,18
796.0,VIDEO_ONLY,18
796.5,VIDEO_ONLY,18
797.0,VIDEO_ONLY,18
797.5,VIDEO_ONLY,18
798.0,VIDEO_ONLY,18
798.5,VIDEO_ONLY,18
799.0,VIDEO_ONLY,18
799.5,VIDEO_ONLY,18
800.0,VIDEO_ONLY,18
800.5,VIDEO_ONLY,18
801.0,VIDEO_ONLY,18
801.5,VIDEO_ONLY,18
802.0,VIDEO_ONLY,18
802.5,VIDEO_ONLY,18
803.0,VIDEO_ONLY,18
803.5,VIDEO_ONLY,15
804.0,VIDEO_ONLY,15
804.5,VIDEO_ONLY,15
805.0,VIDEO_ONLY,15
805.5,VIDEO_ONLY,15
806.0,VIDEO_ONLY,15
806.5,VIDEO_ONLY,15
807.0,VIDEO_ONLY,15
807.5,VIDEO_ONLY,15
808.0,VIDEO_ONLY,15
808.5,VIDEO_ONLY,15
809.0,VIDEO_ONLY,15
809.5,VIDEO_ONLY,15
810.0,VIDEO_ONLY,15
810.5,VIDEO_ONLY,15
811.0,VIDEO_ONLY,15
811.5,VIDEO_ONLY,15
812.0,VIDEO_ONLY,15
812.5,VIDEO_ONLY,15
813.0,VIDEO_ONLY,15
813.5,VIDEO_ONLY,15
814.0,VIDEO_ONLY,15
814.5,VIDEO_ONLY,15
815.0,VIDEO_ONLY,15
815.5,VIDEO_ONLY,15
816.0,VIDEO_ONLY,15
816.5,VIDEO_ONLY,15
817.0,VIDEO_ONLY,15
817.5,VIDEO_ONLY,15
818.0,VIDEO_ONLY,15
818.5,VIDEO_ONLY,15
819.0,VIDEO_ONLY,15
819.5,VIDEO_ONLY,15
820.0,VIDEO_ONLY,15
820.5,VIDEO_ONLY,15
821.0,VIDEO_ONLY,15
821.5,VIDEO_ONLY,15
822.0,VIDEO_ONLY,15
822.5,VIDEO_ONLY,15
823.0,VIDEO_ONLY,15
823.5,VIDEO_ONLY,15
824.0,VIDEO_ONLY,15
824.5,VIDEO_ONLY,15
825.0,VIDEO_ONLY,15
825.5,VIDEO_ONLY,15
826.0,VIDEO_ONLY,15
826.5,VIDEO_ONLY,15
827.0,VIDEO_ONLY,15
827.5,VIDEO_ONLY,15
828.0,VIDEO_ONLY,15
828.5,VIDEO_ONLY,15
829.0,VIDEO_ONLY,15
829.5,VIDEO_ONLY,15
830.0,VIDEO_ONLY,15
830.5,VIDEO_ONLY,15
831.0,VIDEO_ONLY,15
831.5,VIDEO_ONLY,15
832.0,VIDEO_ONLY,15
832.5,VIDEO_ONLY,15
833.0,VIDEO_ONLY,15
833.5,VIDEO_ONLY,15
834.0,VIDEO_ONLY,15
834.5,VIDEO_ONLY,15
835.0,VIDEO_ONLY,15
835.5,VIDEO_ONLY,15
836.0,VIDEO_ONLY,15
836.5,VIDEO_ONLY,15
837.0,VIDEO_ONLY,15
837.5,VIDEO_ONLY,15
838.0,VIDEO_ONLY,15
838.5,VIDEO_ONLY,15
839.0,VIDEO_ONLY,15
839.5,VIDEO_ONLY,15
840.0,VIDEO_ONLY,15
840.5,VIDEO_ONLY,15
841.0,VIDEO_ONLY,15
841.5,VIDEO_ONLY,15
842.0,VIDEO_ONLY,15
842.5,VIDEO_ONLY,15
843.0,VIDEO_ONLY,15
843.5,VIDEO_ONLY,15
844.0,VIDEO_ONLY,15
844.5,VIDEO_ONLY,15
845.0,VIDEO_ONLY,15
845.5,VIDEO_ONLY,15
846.0,VIDEO_ONLY,15
846.5,VIDEO_ONLY,15
847.0,VIDEO_ONLY,15
847.5,VIDEO_ONLY,15
848.0,VIDEO_ONLY,15
848.5,VIDEO_ONLY,15
849.0,VIDEO_ONLY,15
849.5,VIDEO_ONLY,15
850.0,VIDEO_ONLY,15
850.5,VIDEO_ONLY,15
851.0,VIDEO_ONLY,15
851.5,VIDEO_ONLY,15
852.0,VIDEO_ONLY,15
852.5,VIDEO_ONLY,15
853.0,VIDEO_ONLY,15
853.5,VIDEO_ONLY,15
854.0,VIDEO_ONLY,15
854.5,VIDEO_ONLY,15
855.0,VIDEO_ONLY,15
855.5,VIDEO_ONLY,15
856.0,VIDEO_ONLY,15
856.5,VIDEO_ONLY,15
857.0,VIDEO_ONLY,15
857.5,VIDEO_ONLY,15
858.0,VIDEO_ONLY,15
858.5,VIDEO_ONLY,15
859.0,VIDEO_ONLY,18
859.5,VIDEO_ONLY,18
860.0,VIDEO_ONLY,18
860.5,VIDEO_ONLY,18
861.0,VIDEO_ONLY,18
861.5,VIDEO_ONLY,18
862.0,VIDEO_ONLY,18
862.5,VIDEO_ONLY,18
863.0,VIDEO_ONLY,18
863.5,VIDEO_ONLY,18
864.0,VIDEO_ONLY,18
864.5,VIDEO_ONLY,18
865.0,VIDEO_ONLY,18
865.5,VIDEO_ONLY,18
866.0,VIDEO_ONLY,18
866.5,VIDEO_ONLY,18
867.0,VIDEO_ONLY,18
867.5,VIDEO_ONLY,18
868.0,VIDEO_ONLY,18
868.5,VIDEO_ONLY,18
869.0,VIDEO_ONLY,18
869.5,VIDEO_ONLY,18
870.0,VIDEO_ONLY,18
870.5,VIDEO_ONLY,18
871.0,VIDEO_ONLY,18
871.5,VIDEO_ONLY,18
872.0,VIDEO_ONLY,18
872.5,VIDEO_ONLY,18
873.0,VIDEO_ONLY,18
873.5,VIDEO_ONLY,18
874.0,VIDEO_ONLY,18
874.5,VIDEO_ONLY,18
875.0,VIDEO_ONLY,18
875.5,VIDEO_ONLY,18
876.0,VIDEO_ONLY,18
876.5,VIDEO_ONLY,18
877.0,VIDEO_ONLY,18
877.5,VIDEO_ONLY,18
878.0,VIDEO_ONLY,18
878.5,VIDEO_ONLY,18
879.0,VIDEO_ONLY,18
879.5,VIDEO_ONLY,18
880.0,VIDEO_ONLY,18
880.5,VIDEO_ONLY,18
881.0,VIDEO_ONLY,18
881.5,VIDEO_ONLY,18
882.0,VIDEO_ONLY,18
882.5,VIDEO_ONLY,18
883.0,VIDEO_ONLY,18
883.5,VIDEO_ONLY,18
884.0,VIDEO_ONLY,18
884.5,VIDEO_ONLY,18
885.0,VIDEO_ONLY,18
885.5,VIDEO_ONLY,18
886.0,VIDEO_ONLY,18
886.5,VIDEO_ONLY,18
887.0,VIDEO_ONLY,18
887.5,VIDEO_ONLY,18
888.0,VIDEO_ONLY,18
888.5,VIDEO_ONLY,18
889.0,VIDEO_ONLY,18
889.5,VIDEO_ONLY,18
890.0,VIDEO_ONLY,18
890.5,VIDEO_ONLY,18
891.0,VIDEO_ONLY,18
891.5,VIDEO_ONLY,18
892.0,VIDEO_ONLY,18
892.5,VIDEO_ONLY,18
893.0,VIDEO_ONLY,18
893.5,VIDEO_ONLY,18
894.0,VIDEO_ONLY,18
894.5,VIDEO_ONLY,18
895.0,VIDEO_ONLY,18
895.5,VIDEO_ONLY,18
896.0,VIDEO_ONLY,18
896.5,VIDEO_ONLY,18
897.0,VIDEO_ONLY,18
897.5,VIDEO_ONLY,18
898.0,VIDEO_ONLY,18
898.5,VIDEO_ONLY,18
899.0,VIDEO_ONLY,18
899.5,VIDEO_ONLY,18
900.0,VIDEO_ONLY,18
900.5,VIDEO_ONLY,18
901.0,VIDEO_ONLY,18
901.5,VIDEO_ONLY,18
902.0,VIDEO_ONLY,18
902.5,VIDEO_ONLY,18
903.0,VIDEO_ONLY,18
903.5,VIDEO_ONLY,18
904.0,VIDEO_ONLY,18
904.5,VIDEO_ONLY,18
905.0,VIDEO_ONLY,18
905.5,VIDEO_ONLY,18
906.0,VIDEO_ONLY,18
906.5,VIDEO_ONLY,18
907.0,VIDEO_ONLY,6
907.5,VIDEO_ONLY,6
908.0,VIDEO_ONLY,6
908.5,VIDEO_ONLY,6
909.0,VIDEO_ONLY,6
909.5,VIDEO_ONLY,6
910.0,VIDEO_ONLY,6
910.5,VIDEO_ONLY,6
911.0,VIDEO_ONLY,6
911.5,VIDEO_ONLY,6
912.0,VIDEO_ONLY,6
912.5,VIDEO_ONLY,6
913.0,VIDEO_ONLY,6
913.5,VIDEO_ONLY,6
914.0,VIDEO_ONLY,6
914.5,VIDEO_ONLY,6
915.0,VIDEO_ONLY,6
915.5,VIDEO_ONLY,6
916.0,VIDEO_ONLY,6
916.5,VIDEO_ONLY,6
917.0,VIDEO_ONLY,6
917.5,VIDEO_ONLY,6
918.0,VIDEO_ONLY,6
918.5,VIDEO_ONLY,6
919.0,VIDEO_ONLY,6
919.5,VIDEO_ONLY,6
920.0,VIDEO_ONLY,6
920.5,VIDEO_ONLY,6
921.0,VIDEO_ONLY,6
921.5,VIDEO_ONLY,6
922.0,VIDEO_ONLY,6
922.5,VIDEO_ONLY,6
923.0,VIDEO_ONLY,6
923.5,VIDEO_ONLY,6
924.0,VIDEO_ONLY,6
924.5,VIDEO_ONLY,6
925.0,VIDEO_ONLY,6
925.5,VIDEO_ONLY,6
926.0,VIDEO_ONLY,6
926.5,VIDEO_ONLY,6
927.0,VIDEO_ONLY,6
927.5,VIDEO_ONLY,6
928.0,VIDEO_ONLY,6
928.5,VIDEO_ONLY,6
929.0,VIDEO_ONLY,6
929.5,VIDEO_ONLY,6
930.0,VIDEO_ONLY,6
930.5,VIDEO_ONLY,6
931.0,VIDEO_ONLY,6
931.5,VIDEO_ONLY,6
932.0,VIDEO_ONLY,6
932.5,VIDEO_ONLY,6
933.0,VIDEO_ONLY,6
933.5,VIDEO_ONLY,6
934.0,VIDEO_ONLY,6
934.5,VIDEO_ONLY,6
935.0,VIDEO_ONLY,6
935.5,VIDEO_ONLY,6
936.0,VIDEO_ONLY,6
936.5,VIDEO_ONLY,6
937.0,VIDEO_ONLY,6
937.5,VIDEO_ONLY,6
938.0,VIDEO_ONLY,6
938.5,VIDEO_ONLY,6
939.0,VIDEO_ONLY,6
939.5,VIDEO_ONLY,6
940.0,VIDEO_ONLY,6
940.5,VIDEO_ONLY,6
941.0,VIDEO_ONLY,6
941.5,VIDEO_ONLY,6
942.0,VIDEO_ONLY,6
942.5,VIDEO_ONLY,6
943.0,VIDEO_ONLY,6
943.5,VIDEO_ONLY,6
944.0,VIDEO_ONLY,6
944.5,VIDEO_ONLY,6
945.0,VIDEO_ONLY,6
945.5,VIDEO_ONLY,6
946.0,VIDEO_ONLY,6
946.5,VIDEO_ONLY,6
947.0,VIDEO_ONLY,6
947.5,VIDEO_ONLY,6
948.0,VIDEO_ONLY,6
948.5,VIDEO_ONLY,6
949.0,VIDEO_ONLY,6
949.5,VIDEO_ONLY,6
950.0,VIDEO_ONLY,6
950.5,VIDEO_ONLY,6
951.0,VIDEO_ONLY,6
951.5,VIDEO_ONLY,6
952.0,VIDEO_ONLY,6
952.5,VIDEO_ONLY,6
953.0,VIDEO_ONLY,6
953.5,VIDEO_ONLY,6
954.0,VIDEO_ONLY,6
954.5,VIDEO_ONLY,6
955.0,VIDEO_ONLY,6
955.5,VIDEO_ONLY,6
956.0,VIDEO_ONLY,6
956.5,VIDEO_ONLY,6
957.0,VIDEO_ONLY,6
957.5,VIDEO_ONLY,6
958.0,VIDEO_ONLY,6
958.5,VIDEO_ONLY,6
959.0,VIDEO_ONLY,6
959.5,VIDEO_ONLY,6
960.0,VIDEO_ONLY,6
960.5,VIDEO_ONLY,6
961.0,VIDEO_ONLY,6
961.5,VIDEO_ONLY,6
962.0,VIDEO_ONLY,6
962.5,VIDEO_ONLY,6
963.0,VIDEO_ONLY,6
963.5,VIDEO_ONLY,6
964.0,VIDEO_ONLY,6
964.5,VIDEO_ONLY,6
965.0,VIDEO_ONLY,6
965.5,VIDEO_ONLY,6
966.0,VIDEO_ONLY,6
966.5,VIDEO_ONLY,6
967.0,VIDEO_ONLY,6
967.5,VIDEO_ONLY,6
968.0,VIDEO_ONLY,6
968.5,VIDEO_ONLY,6
969.0,VIDEO_ONLY,6
969.5,VIDEO_ONLY,18
970.0,VIDEO_ONLY,18
970.5,VIDEO_ONLY,18
971.0,VIDEO_ONLY,18
971.5,VIDEO_ONLY,18
972.0,VIDEO_ONLY,18
972.5,VIDEO_ONLY,18
973.0,VIDEO_ONLY,18
973.5,VIDEO_ONLY,18
974.0,VIDEO_ONLY,18
974.5,VIDEO_ONLY,18
975.0,VIDEO_ONLY,18
975.5,VIDEO_ONLY,6
976.0,VIDEO_ONLY,6
976.5,VIDEO_ONLY,6
977.0,VIDEO_ONLY,6
977.5,VIDEO_ONLY,6
978.0,VIDEO_ONLY,6
978.5,VIDEO_ONLY,6
979.0,VIDEO_ONLY,6
979.5,VIDEO_ONLY,6
980.0,VIDEO_ONLY,6
980.5,VIDEO_ONLY,6
981.0,VIDEO_ONLY,6
981.5,VIDEO_ONLY,6
982.0,VIDEO_ONLY,18
982.5,VIDEO_ONLY,18
983.0,VIDEO_ONLY,18
983.5,VIDEO_ONLY,18
984.0,VIDEO_ONLY,18
984.5,VIDEO_ONLY,18
985.0,VIDEO_ONLY,18
985.5,VIDEO_ONLY,18
986.0,VIDEO_ONLY,18
986.5,VIDEO_ONLY,18
987.0,VIDEO_ONLY,18
987.5,VIDEO_ONLY,18
988.0,VIDEO_ONLY,18
988.5,VIDEO_ONLY,18
989.0,VIDEO_ONLY,18
989.5,VIDEO_ONLY,18
990.0,VIDEO_ONLY,18
990.5,VIDEO_ONLY,18
991.0,VIDEO_ONLY,18
991.5,VIDEO_ONLY,18
992.0,VIDEO_ONLY,18
992.5,VIDEO_ONLY,18
993.0,VIDEO_ONLY,18
993.5,VIDEO_ONLY,18
994.0,VIDEO_ONLY,18
994.5,VIDEO_ONLY,18
995.0,VIDEO_ONLY,18
995.5,VIDEO_ONLY,18
996.0,VIDEO_ONLY,18
996.5,VIDEO_ONLY,18
997.0,VIDEO_ONLY,18
997.5,VIDEO_ONLY,18
998.0,VIDEO_ONLY,18
998.5,VIDEO_ONLY,18
999.0,VIDEO_ONLY,18
999.5,VIDEO_ONLY,18
1000.0,VIDEO_ONLY,18
1000.5,VIDEO_ONLY,18
1001.0,VIDEO_ONLY,18
1001.5,VIDEO_ONLY,18
1002.0,VIDEO_ONLY,18
1002.5,VIDEO_ONLY,18
1003.0,VIDEO_ONLY,18
1003.5,VIDEO_ONLY,18
1004.0,VIDEO_ONLY,18
1004.5,VIDEO_ONLY,18
1005.0,VIDEO_ONLY,18
1005.5,VIDEO_ONLY,18
1006.0,VIDEO_ONLY,18
1006.5,VIDEO_ONLY,18
1007.0,VIDEO_ONLY,18
1007.5,VIDEO_ONLY,18
1008.0,VIDEO_ONLY,18
1008.5,VIDEO_ONLY,18
1009.0,VIDEO_ONLY,18
1009.5,VIDEO_ONLY,18
1010.0,VIDEO_ONLY,18
1010.5,VIDEO_ONLY,18
1011.0,VIDEO_ONLY,18
1011.5,VIDEO_ONLY,18
1012.0,VIDEO_ONLY,18
1012.5,VIDEO_ONLY,18
1013.0,VIDEO_ONLY,18
1013.5,VIDEO_ONLY,18
1014.0,VIDEO_ONLY,18
1014.5,VIDEO_ONLY,18
1015.0,VIDEO_ONLY,18
1015.5,VIDEO_ONLY,18
1016.0,VIDEO_ONLY,18
1016.5,VIDEO_ONLY,18
1017.0,VIDEO_ONLY,18
1017.5,VIDEO_ONLY,18
1018.0,VIDEO_ONLY,18
1018.5,VIDEO_ONLY,18
1019.0,VIDEO_ONLY,18
1019.5,VIDEO_ONLY,18
1020.0,VIDEO_ONLY,18
1020.5,VIDEO_ONLY,18
1021.0,VIDEO_ONLY,18
1021.5,VIDEO_ONLY,18
1022.0,VIDEO_ONLY,18
1022.5,VIDEO_ONLY,18
1023.0,VIDEO_ONLY,18
1023.5,VIDEO_ONLY,18
1024.0,VIDEO_ONLY,18
1024.5,VIDEO_ONLY,18
1025.0,VIDEO_ONLY,18
1025.5,VIDEO_ONLY,18
1026.0,VIDEO_ONLY,18
1026.5,VIDEO_ONLY,18
1027.0,VIDEO_ONLY,18
1027.5,VIDEO_ONLY,18
1028.0,VIDEO_ONLY,18
1028.5,VIDEO_ONLY,18
1029.0,VIDEO_ONLY,18
1029.5,VIDEO_ONLY,18
1030.0,VIDEO_ONLY,18
1030.5,VIDEO_ONLY,18
1031.0,VIDEO_ONLY,18
1031.5,VIDEO_ONLY,18
1032.0,VIDEO_ONLY,18
1032.5,VIDEO_ONLY,18
1033.0,VIDEO_ONLY,18
1033.5,VIDEO_ONLY,18
1034.0,VIDEO_ONLY,18
1034.5,VIDEO_ONLY,18
1035.0,VIDEO_ONLY,18
1035.5,VIDEO_ONLY,11
1036.0,VIDEO_ONLY,11
1036.5,VIDEO_ONLY,11
1037.0,VIDEO_ONLY,11
1037.5,VIDEO_ONLY,11
1038.0,VIDEO_ONLY,11
1038.5,VIDEO_ONLY,11
1039.0,VIDEO_ONLY,11
1039.5,VIDEO_ONLY,11
1040.0,VIDEO_ONLY,11
1040.5,VIDEO_ONLY,11
1041.0,VIDEO_ONLY,11
1041.5,VIDEO_ONLY,11
1042.0,VIDEO_ONLY,11
1042.5,VIDEO_ONLY,11
1043.0,VIDEO_ONLY,11
1043.5,VIDEO_ONLY,11
1044.0,VIDEO_ONLY,11
1044.5,VIDEO_ONLY,11
1045.0,VIDEO_ONLY,11
1045.5,VIDEO_ONLY,11
1046.0,VIDEO_ONLY,11
1046.5,VIDEO_ONLY,11
1047.0,VIDEO_ONLY,11
1047.5,VIDEO_ONLY,11
1048.0,VIDEO_ONLY,11
1048.5,VIDEO_ONLY,11
1049.0,VIDEO_ONLY,11
1049.5,VIDEO_ONLY,11
1050.0,VIDEO_ONLY,11
1050.5,VIDEO_ONLY,11
1051.0,VIDEO_ONLY,11
1051.5,VIDEO_ONLY,11
1052.0,VIDEO_ONLY,11
1052.5,VIDEO_ONLY,11
1053.0,VIDEO_ONLY,11
1053.5,VIDEO_ONLY,11
1054.0,VIDEO_ONLY,11
1054.5,VIDEO_ONLY,11
1055.0,VIDEO_ONLY,11
1055.5,VIDEO_ONLY,11
1056.0,VIDEO_ONLY,11
1056.5,VIDEO_ONLY,11
1057.0,VIDEO_ONLY,11
1057.5,VIDEO_ONLY,11
1058.0,VIDEO_ONLY,11
1058.5,VIDEO_ONLY,11
1059.0,VIDEO_ONLY,11
1059.5,VIDEO_ONLY,11
1060.0,VIDEO_ONLY,11
1060.5,VIDEO_ONLY,11
1061.0,VIDEO_ONLY,11
1061.5,VIDEO_ONLY,11
1062.0,VIDEO_ONLY,11
1062.5,VIDEO_ONLY,11
1063.0,VIDEO_ONLY,11
1063.5,VIDEO_ONLY,11
1064.0,VIDEO_ONLY,11
1064.5,VIDEO_ONLY,11
1065.0,VIDEO_ONLY,11
1065.5,VIDEO_ONLY,11
1066.0,VIDEO_ONLY,11
1066.5,VIDEO_ONLY,11
1067.0,VIDEO_ONLY,11
1067.5,VIDEO_ONLY,11
1068.0,VIDEO_ONLY,11
1068.5,VIDEO_ONLY,11
1069.0,VIDEO_ONLY,11
1069.5,VIDEO_ONLY,11
1070.0,VIDEO_ONLY,11
1070.5,VIDEO_ONLY,11
1071.0,VIDEO_ONLY,11
1071.5,VIDEO_ONLY,11
1072.0,VIDEO_ONLY,11
1072.5,VIDEO_ONLY,11
1073.0,VIDEO_ONLY,11
1073.5,VIDEO_ONLY,11
1074.0,VIDEO_ONLY,11
1074.5,VIDEO_ONLY,11
1075.0,VIDEO_ONLY,11
1075.5,VIDEO_ONLY,11
1076.0,VIDEO_ONLY,11
1076.5,VIDEO_ONLY,11
1077.0,VIDEO_ONLY,11
1077.5,VIDEO_ONLY,11
1078.0,VIDEO_ONLY,11
1078.5,VIDEO_ONLY,11
1079.0,VIDEO_ONLY,11
1079.5,VIDEO_ONLY,11
1080.0,VIDEO_ONLY,11
1080.5,VIDEO_ONLY,11
1081.0,VIDEO_ONLY,11
1081.5,VIDEO_ONLY,11
1082.0,VIDEO_ONLY,11
1082.5,VIDEO_ONLY,11
1083.0,VIDEO_ONLY,11
1083.5,VIDEO_ONLY,11
1084.0,VIDEO_ONLY,11
1084.5,VIDEO_ONLY,11
1085.0,VIDEO_ONLY,11
1085.5,VIDEO_ONLY,11
1086.0,VIDEO_ONLY,11
1086.5,VIDEO_ONLY,11
1087.0,VIDEO_ONLY,11
1087.5,VIDEO_ONLY,11
1088.0,VIDEO_ONLY,11
1088.5,VIDEO_ONLY,11
1089.0,VIDEO_ONLY,11
1089.5,VIDEO_ONLY,11
1090.0,VIDEO_ONLY,11
1090.5,VIDEO_ONLY,11
1091.0,VIDEO_ONLY,11
1091.5,VIDEO_ONLY,11
1092.0,VIDEO_ONLY,11
1092.5,VIDEO_ONLY,11
1093.0,VIDEO_ONLY,11
1093.5,VIDEO_ONLY,11
1094.0,VIDEO_ONLY,11
1094.5,VIDEO_ONLY,11
1095.0,VIDEO_ONLY,11
1095.5,VIDEO_ONLY,11
1096.0,VIDEO_ONLY,11
1096.5,VIDEO_ONLY,11
1097.0,VIDEO_ONLY,11
1097.5,VIDEO_ONLY,11
1098.0,VIDEO_ONLY,11
1098.5,VIDEO_ONLY,11
1099.0,VIDEO_ONLY,11
1099.5,VIDEO_ONLY,11
1100.0,VIDEO_ONLY,11
1100.5,VIDEO_ONLY,11
1101.0,VIDEO_ONLY,11
1101.5,VIDEO_ONLY,11
1102.0,VIDEO_ONLY,11
1102.5,VIDEO_ONLY,11
1103.0,VIDEO_ONLY,11
1103.5,VIDEO_ONLY,11
1104.0,VIDEO_ONLY,11
1104.5,VIDEO_ONLY,11
1105.0,VIDEO_ONLY,11
1105.5,VIDEO_ONLY,11
1106.0,VIDEO_ONLY,11
1106.5,VIDEO_ONLY,11
1107.0,VIDEO_ONLY,11
1107.5,VIDEO_ONLY,11
1108.0,VIDEO_ONLY,11
1108.5,VIDEO_ONLY,11
1109.0,VIDEO_ONLY,11
1109.5,VIDEO_ONLY,11
1110.0,VIDEO_ONLY,10
1110.5,VIDEO_ONLY,10
1111.0,VIDEO_ONLY,10
1111.5,VIDEO_ONLY,10
1112.0,VIDEO_ONLY,10
1112.5,VIDEO_ONLY,10
1113.0,VIDEO_ONLY,11
1113.5,VIDEO_ONLY,11
1114.0,VIDEO_ONLY,18
1114.5,VIDEO_ONLY,18
1115.0,VIDEO_ONLY,18
1115.5,VIDEO_ONLY,18
1116.0,VIDEO_ONLY,18
1116.5,VIDEO_ONLY,18
1117.0,VIDEO_ONLY,18
1117.5,VIDEO_ONLY,18
1118.0,VIDEO_ONLY,18
1118.5,VIDEO_ONLY,18
1119.0,VIDEO_ONLY,18
1119.5,VIDEO_ONLY,18
1120.0,VIDEO_ONLY,18
1120.5,VIDEO_ONLY,18
1121.0,VIDEO_ONLY,18
1121.5,VIDEO_ONLY,18
1122.0,VIDEO_ONLY,18
1122.5,VIDEO_ONLY,18
1123.0,VIDEO_ONLY,18
1123.5,VIDEO_ONLY,18
1124.0,VIDEO_ONLY,18
1124.5,VIDEO_ONLY,18
1125.0,VIDEO_ONLY,18
1125.5,VIDEO_ONLY,18
1126.0,VIDEO_ONLY,18
1126.5,VIDEO_ONLY,18
1127.0,VIDEO_ONLY,18
1127.5,VIDEO_ONLY,18
1128.0,VIDEO_ONLY,18
1128.5,VIDEO_ONLY,18
1129.0,VIDEO_ONLY,18
1129.5,VIDEO_ONLY,18
1130.0,VIDEO_ONLY,18
1130.5,VIDEO_ONLY,18
1131.0,VIDEO_ONLY,18
1131.5,VIDEO_ONLY,18
1132.0,VIDEO_ONLY,18
1132.5,VIDEO_ONLY,18
1133.0,VIDEO_ONLY,18
1133.5,VIDEO_ONLY,18
1134.0,VIDEO_ONLY,18
1134.5,VIDEO_ONLY,18
1135.0,VIDEO_ONLY,18
1135.5,VIDEO_ONLY,18
1136.0,VIDEO_ONLY,18
1136.5,VIDEO_ONLY,3
1137.0,VIDEO_ONLY,3
1137.5,VIDEO_ONLY,3
1138.0,VIDEO_ONLY,3
1138.5,VIDEO_ONLY,3
1139.0,VIDEO_ONLY,3
1139.5,VIDEO_ONLY,3
1140.0,VIDEO_ONLY,3
1140.5,VIDEO_ONLY,3
1141.0,VIDEO_ONLY,3
1141.5,VIDEO_ONLY,3
1142.0,VIDEO_ONLY,3
1142.5,VIDEO_ONLY,3
1143.0,VIDEO_ONLY,3
1143.5,VIDEO_ONLY,3
1144.0,VIDEO_ONLY,3
1144.5,VIDEO_ONLY,3
1145.0,VIDEO_ONLY,3
1145.5,VIDEO_ONLY,3
1146.0,VIDEO_ONLY,3
1146.5,VIDEO_ONLY,3
1147.0,VIDEO_ONLY,3
1147.5,VIDEO_ONLY,3
1148.0,VIDEO_ONLY,1
1148.5,VIDEO_ONLY,1
1149.0,VIDEO_ONLY,1
1149.5,VIDEO_ONLY,1
1150.0,VIDEO_ONLY,1
1150.5,VIDEO_ONLY,1
1151.0,VIDEO_ONLY,1
1151.5,VIDEO_ONLY,1
1152.0,VIDEO_ONLY,1
1152.5,VIDEO_ONLY,1
1153.0,VIDEO_ONLY,1
1153.5,VIDEO_ONLY,1
1154.0,VIDEO_ONLY,1
1154.5,VIDEO_ONLY,1
1155.0,VIDEO_ONLY,1
1155.5,VIDEO_ONLY,1
1156.0,VIDEO_ONLY,1
1156.5,VIDEO_ONLY,1
1157.0,VIDEO_ONLY,1
1157.5,VIDEO_ONLY,1
1158.0,VIDEO_ONLY,1
1158.5,VIDEO_ONLY,1
1159.0,VIDEO_ONLY,1
1159.5,VIDEO_ONLY,1
1160.0,VIDEO_ONLY,1
1160.5,VIDEO_ONLY,1
1161.0,VIDEO_ONLY,1
1161.5,VIDEO_ONLY,1
1162.0,VIDEO_ONLY,1
1162.5,VIDEO_ONLY,1
1163.0,VIDEO_ONLY,1
1163.5,VIDEO_ONLY,1
1164.0,VIDEO_ONLY,1
1164.5,VIDEO_ONLY,1
1165.0,VIDEO_ONLY,1
1165.5,VIDEO_ONLY,1
1166.0,VIDEO_ONLY,1
1166.5,VIDEO_ONLY,1
1167.0,VIDEO_ONLY,1
1167.5,VIDEO_ONLY,1
1168.0,VIDEO_ONLY,1
1168.5,VIDEO_ONLY,1
1169.0,VIDEO_ONLY,1
1169.5,VIDEO_ONLY,1
1170.0,VIDEO_ONLY,1
1170.5,VIDEO_ONLY,1
1171.0,VIDEO_ONLY,1
1171.5,VIDEO_ONLY,1
1172.0,VIDEO_ONLY,1
1172.5,VIDEO_ONLY,1
1173.0,VIDEO_ONLY,1
1173.5,VIDEO_ONLY,1
1174.0,VIDEO_ONLY,1
1174.5,VIDEO_ONLY,1
1175.0,VIDEO_ONLY,1
1175.5,VIDEO_ONLY,1
1176.0,VIDEO_ONLY,1
1176.5,VIDEO_ONLY,1
1177.0,VIDEO_ONLY,1
1177.5,VIDEO_ONLY,1
1178.0,VIDEO_ONLY,1
1178.5,VIDEO_ONLY,1
1179.0,VIDEO_ONLY,1
1179.5,VIDEO_ONLY,1
1180.0,VIDEO_ONLY,1
1180.5,VIDEO_ONLY,1
1181.0,VIDEO_ONLY,1
1181.5,VIDEO_ONLY,1
1182.0,VIDEO_ONLY,1
1182.5,VIDEO_ONLY,1
1183.0,VIDEO_ONLY,1
1183.5,VIDEO_ONLY,1
1184.0,VIDEO_ONLY,1
1184.5,VIDEO_ONLY,1
1185.0,VIDEO_ONLY,1
1185.5,VIDEO_ONLY,1
1186.0,VIDEO_ONLY,1
1186.5,VIDEO_ONLY,1
1187.0,VIDEO_ONLY,1
1187.5,VIDEO_ONLY,1
1188.0,VIDEO_ONLY,1
1188.5,VIDEO_ONLY,1
1189.0,VIDEO_ONLY,1
1189.5,VIDEO_ONLY,1
1190.0,VIDEO_ONLY,1
1190.5,VIDEO_ONLY,1
1191.0,VIDEO_ONLY,1
1191.5,VIDEO_ONLY,1
1192.0,VIDEO_ONLY,1
1192.5,VIDEO_ONLY,1
1193.0,VIDEO_ONLY,1
1193.5,VIDEO_ONLY,1
1194.0,VIDEO_ONLY,1
1194.5,VIDEO_ONLY,1
1195.0,VIDEO_ONLY,1
1195.5,VIDEO_ONLY,1
1196.0,VIDEO_ONLY,1
1196.5,VIDEO_ONLY,1
1197.0,VIDEO_ONLY,1
1197.5,VIDEO_ONLY,1
1198.0,VIDEO_ONLY,1
1198.5,VIDEO_ONLY,1
1199.0,VIDEO_ONLY,1
1199.5,VIDEO_ONLY,1
1200.0,VIDEO_ONLY,1
1200.5,VIDEO_ONLY,1
1201.0,VIDEO_ONLY,1
1201.5,VIDEO_ONLY,1
1202.0,VIDEO_ONLY,1
1202.5,VIDEO_ONLY,1
1203.0,VIDEO_ONLY,1
1203.5,VIDEO_ONLY,1
1204.0,VIDEO_ONLY,1
1204.5,VIDEO_ONLY,1
1205.0,VIDEO_ONLY,1
1205.5,VIDEO_ONLY,1
1206.0,VIDEO_ONLY,1
1206.5,VIDEO_ONLY,1
1207.0,VIDEO_ONLY,1
1207.5,VIDEO_ONLY,1
1208.0,VIDEO_ONLY,1
1208.5,VIDEO_ONLY,1
1209.0,VIDEO_ONLY,1
1209.5,VIDEO_ONLY,1
1210.0,VIDEO_ONLY,1
1210.5,VIDEO_ONLY,1
1211.0,VIDEO_ONLY,1
1211.5,VIDEO_ONLY,1
1212.0,VIDEO_ONLY,1
1212.5,VIDEO_ONLY,1
1213.0,VIDEO_ONLY,1
1213.5,VIDEO_ONLY,1
1214.0,VIDEO_ONLY,1
1214.5,VIDEO_ONLY,1
1215.0,VIDEO_ONLY,1
1215.5,VIDEO_ONLY,1
1216.0,VIDEO_ONLY,1
1216.5,VIDEO_ONLY,1
1217.0,VIDEO_ONLY,1
1217.5,VIDEO_ONLY,1
1218.0,VIDEO_ONLY,1
1218.5,VIDEO_ONLY,1
1219.0,VIDEO_ONLY,1
1219.5,VIDEO_ONLY,1
1220.0,VIDEO_ONLY,1
1220.5,VIDEO_ONLY,1
1221.0,VIDEO_ONLY,1
1221.5,VIDEO_ONLY,1
1222.0,VIDEO_ONLY,1
1222.5,VIDEO_ONLY,1
1223.0,VIDEO_ONLY,1
1223.5,VIDEO_ONLY,1
1224.0,VIDEO_ONLY,1
1224.5,VIDEO_ONLY,1
1225.0,VIDEO_ONLY,1
1225.5,VIDEO_ONLY,1
1226.0,VIDEO_ONLY,18
1226.5,VIDEO_ONLY,18
1227.0,VIDEO_ONLY,18
1227.5,VIDEO_ONLY,18
1228.0,VIDEO_ONLY,18
1228.5,VIDEO_ONLY,18
1229.0,VIDEO_ONLY,18
1229.5,VIDEO_ONLY,18
1230.0,VIDEO_ONLY,18
1230.5,VIDEO_ONLY,18
1231.0,VIDEO_ONLY,18
1231.5,VIDEO_ONLY,18
1232.0,VIDEO_ONLY,18
1232.5,VIDEO_ONLY,18
1233.0,VIDEO_ONLY,18
1233.5,VIDEO_ONLY,18
1234.0,VIDEO_ONLY,18
1234.5,VIDEO_ONLY,18
1235.0,VIDEO_ONLY,18
1235.5,VIDEO_ONLY,18
1236.0,VIDEO_ONLY,18
1236.5,VIDEO_ONLY,18
1237.0,VIDEO_ONLY,18
1237.5,VIDEO_ONLY,18
1238.0,VIDEO_ONLY,18
1238.5,VIDEO_ONLY,18
1239.0,VIDEO_ONLY,18
1239.5,VIDEO_ONLY,18
1240.0,VIDEO_ONLY,18
1240.5,VIDEO_ONLY,18
1241.0,VIDEO_ONLY,18
1241.5,VIDEO_ONLY,18
1242.0,VIDEO_ONLY,18
1242.5,VIDEO_ONLY,18
1243.0,VIDEO_ONLY,18
1243.5,VIDEO_ONLY,18
1244.0,VIDEO_ONLY,18
1244.5,VIDEO_ONLY,18
1245.0,VIDEO_ONLY,18
1245.5,VIDEO_ONLY,18
1246.0,VIDEO_ONLY,18
1246.5,VIDEO_ONLY,18
1247.0,VIDEO_ONLY,18
1247.5,VIDEO_ONLY,18
1248.0,VIDEO_ONLY,18
1248.5,VIDEO_ONLY,18
1249.0,VIDEO_ONLY,18
1249.5,VIDEO_ONLY,18
1250.0,VIDEO_ONLY,18
1250.5,VIDEO_ONLY,18
1251.0,VIDEO_ONLY,18
1251.5,VIDEO_ONLY,18
1252.0,VIDEO_ONLY,18
1252.5,VIDEO_ONLY,18
1253.0,VIDEO_ONLY,18
1253.5,VIDEO_ONLY,18
1254.0,VIDEO_ONLY,18
1254.5,VIDEO_ONLY,18
1255.0,VIDEO_ONLY,18
1255.5,VIDEO_ONLY,18
1256.0,VIDEO_ONLY,2
1256.5,VIDEO_ONLY,2
1257.0,VIDEO_ONLY,2
1257.5,VIDEO_ONLY,2
1258.0,VIDEO_ONLY,2
1258.5,VIDEO_ONLY,2
1259.0,VIDEO_ONLY,2
1259.5,VIDEO_ONLY,2
1260.0,VIDEO_ONLY,2
1260.5,VIDEO_ONLY,2
1261.0,VIDEO_ONLY,2
1261.5,VIDEO_ONLY,2
1262.0,VIDEO_ONLY,4
1262.5,VIDEO_ONLY,4
1263.0,VIDEO_ONLY,4
1263.5,VIDEO_ONLY,4
1264.0,VIDEO_ONLY,4
1264.5,VIDEO_ONLY,4
1265.0,VIDEO_ONLY,4
1265.5,VIDEO_ONLY,4
1266.0,VIDEO_ONLY,4
1266.5,VIDEO_ONLY,4
1267.0,VIDEO_ONLY,4
1267.5,VIDEO_ONLY,4
1268.0,VIDEO_ONLY,4
1268.5,VIDEO_ONLY,4
1269.0,VIDEO_ONLY,4
1269.5,VIDEO_ONLY,4
1270.0,VIDEO_ONLY,4
1270.5,VIDEO_ONLY,4
1271.0,VIDEO_ONLY,4
1271.5,VIDEO_ONLY,4
1272.0,VIDEO_ONLY,4
1272.5,VIDEO_ONLY,4
1273.0,VIDEO_ONLY,4
1273.5,VIDEO_ONLY,4
1274.0,VIDEO_ONLY,4
1274.5,VIDEO_ONLY,4
1275.0,VIDEO_ONLY,4
1275.5,VIDEO_ONLY,4
1276.0,VIDEO_ONLY,4
1276.5,VIDEO_ONLY,4
1277.0,VIDEO_ONLY,4
1277.5,VIDEO_ONLY,4
1278.0,VIDEO_ONLY,4
1278.5,VIDEO_ONLY,4
1279.0,VIDEO_ONLY,4
1279.5,VIDEO_ONLY,4
1280.0,VIDEO_ONLY,4
1280.5,VIDEO_ONLY,4
1281.0,VIDEO_ONLY,4
1281.5,VIDEO_ONLY,4
1282.0,VIDEO_ONLY,4
1282.5,VIDEO_ONLY,4
1283.0,VIDEO_ONLY,4
1283.5,VIDEO_ONLY,4
1284.0,VIDEO_ONLY,4
1284.5,VIDEO_ONLY,4
1285.0,VIDEO_ONLY,4
1285.5,VIDEO_ONLY,4
1286.0,VIDEO_ONLY,4
1286.5,VIDEO_ONLY,4
1287.0,VIDEO_ONLY,4
1287.5,VIDEO_ONLY,4
1288.0,VIDEO_ONLY,4
1288.5,VIDEO_ONLY,4
1289.0,VIDEO_ONLY,4
1289.5,VIDEO_ONLY,4
1290.0,VIDEO_ONLY,4
1290.5,VIDEO_ONLY,4
1291.0,VIDEO_ONLY,4
1291.5,VIDEO_ONLY,4
1292.0,VIDEO_ONLY,4
1292.5,VIDEO_ONLY,4
1293.0,VIDEO_ONLY,4
1293.5,VIDEO_ONLY,4
1294.0,VIDEO_ONLY,4
1294.5,VIDEO_ONLY,4
1295.0,VIDEO_ONLY,4
1295.5,VIDEO_ONLY,4
1296.0,VIDEO_ONLY,4
1296.5,VIDEO_ONLY,4
1297.0,VIDEO_ONLY,4
1297.5,VIDEO_ONLY,4
1298.0,VIDEO_ONLY,4
1298.5,VIDEO_ONLY,4
1299.0,VIDEO_ONLY,4
1299.5,VIDEO_ONLY,4
1300.0,VIDEO_ONLY,4
1300.5,VIDEO_ONLY,4
1301.0,VIDEO_ONLY,4
1301.5,VIDEO_ONLY,4
1302.0,VIDEO_ONLY,4
1302.5,VIDEO_ONLY,4
1303.0,VIDEO_ONLY,4
1303.5,VIDEO_ONLY,4
1304.0,VIDEO_ONLY,4
1304.5,VIDEO_ONLY,4
1305.0,VIDEO_ONLY,4
1305.5,VIDEO_ONLY,4
1306.0,VIDEO_ONLY,4
1306.5,VIDEO_ONLY,4
1307.0,VIDEO_ONLY,4
1307.5,VIDEO_ONLY,4
1308.0,VIDEO_ONLY,4
1308.5,VIDEO_ONLY,4
1309.0,VIDEO_ONLY,4
1309.5,VIDEO_ONLY,4
1310.0,VIDEO_ONLY,4
1310.5,VIDEO_ONLY,4
1311.0,VIDEO_ONLY,4
1311.5,VIDEO_ONLY,4
1312.0,VIDEO_ONLY,4
1312.5,VIDEO_ONLY,4
1313.0,VIDEO_ONLY,4
1313.5,VIDEO_ONLY,4
1314.0,VIDEO_ONLY,4
1314.5,VIDEO_ONLY,4
1315.0,VIDEO_ONLY,4
1315.5,VIDEO_ONLY,4
1316.0,VIDEO_ONLY,4
1316.5,VIDEO_ONLY,4
1317.0,VIDEO_ONLY,4
1317.5,VIDEO_ONLY,4
1318.0,VIDEO_ONLY,4
1318.5,VIDEO_ONLY,4
1319.0,VIDEO_ONLY,4
1319.5,VIDEO_ONLY,4
1320.0,VIDEO_ONLY,4
1320.5,VIDEO_ONLY,4
1321.0,VIDEO_ONLY,4
1321.5,VIDEO_ONLY,4
1322.0,VIDEO_ONLY,4
1322.5,VIDEO_ONLY,4
1323.0,VIDEO_ONLY,4
1323.5,VIDEO_ONLY,4
1324.0,VIDEO_ONLY,4
1324.5,VIDEO_ONLY,4
1325.0,VIDEO_ONLY,4
1325.5,VIDEO_ONLY,4
1326.0,VIDEO_ONLY,4
1326.5,VIDEO_ONLY,4
1327.0,VIDEO_ONLY,4
1327.5,VIDEO_ONLY,4
1328.0,VIDEO_ONLY,4
1328.5,VIDEO_ONLY,4
1329.0,VIDEO_ONLY,4
1329.5,VIDEO_ONLY,4
1330.0,VIDEO_ONLY,4
1330.5,VIDEO_ONLY,4
1331.0,VIDEO_ONLY,4
1331.5,VIDEO_ONLY,4
1332.0,VIDEO_ONLY,4
1332.5,VIDEO_ONLY,4
1333.0,VIDEO_ONLY,4
1333.5,VIDEO_ONLY,4
1334.0,VIDEO_ONLY,4
1334.5,VIDEO_ONLY,4
1335.0,VIDEO_ONLY,4
1335.5,VIDEO_ONLY,4
1336.0,VIDEO_ONLY,4
1336.5,VIDEO_ONLY,4
1337.0,VIDEO_ONLY,4
1337.5,VIDEO_ONLY,4
1338.0,VIDEO_ONLY,4
1338.5,VIDEO_ONLY,4
1339.0,VIDEO_ONLY,4
1339.5,VIDEO_ONLY,4
1340.0,VIDEO_ONLY,4
1340.5,VIDEO_ONLY,4
1341.0,VIDEO_ONLY,4
1341.5,VIDEO_ONLY,4
1342.0,VIDEO_ONLY,4
1342.5,VIDEO_ONLY,4
1343.0,VIDEO_ONLY,4
1343.5,VIDEO_ONLY,4
1344.0,VIDEO_ONLY,4
1344.5,VIDEO_ONLY,4
1345.0,VIDEO_ONLY,4
1345.5,VIDEO_ONLY,4
1346.0,VIDEO_ONLY,4
1346.5,VIDEO_ONLY,4
1347.0,VIDEO_ONLY,4
1347.5,VIDEO_ONLY,4
1348.0,VIDEO_ONLY,4
1348.5,VIDEO_ONLY,4
1349.0,VIDEO_ONLY,4
1349.5,VIDEO_ONLY,4
1350.0,VIDEO_ONLY,4
1350.5,VIDEO_ONLY,18
1351.0,VIDEO_ONLY,18
1351.5,VIDEO_ONLY,18
1352.0,VIDEO_ONLY,18
1352.5,VIDEO_ONLY,18
1353.0,VIDEO_ONLY,18
1353.5,VIDEO_ONLY,18
1354.0,VIDEO_ONLY,18
1354.5,VIDEO_ONLY,18
1355.0,VIDEO_ONLY,18
1355.5,VIDEO_ONLY,18
1356.0,VIDEO_ONLY,18
1356.5,VIDEO_ONLY,18
1357.0,VIDEO_ONLY,18
1357.5,VIDEO_ONLY,18
1358.0,VIDEO_ONLY,18
1358.5,VIDEO_ONLY,18
1359.0,VIDEO_ONLY,18
1359.5,VIDEO_ONLY,18
1360.0,VIDEO_ONLY,18
1360.5,VIDEO_ONLY,18
1361.0,VIDEO_ONLY,18
1361.5,VIDEO_ONLY,18
1362.0,VIDEO_ONLY,18
1362.5,VIDEO_ONLY,18
1363.0,VIDEO_ONLY,18
1363.5,VIDEO_ONLY,18
1364.0,VIDEO_ONLY,18
1364.5,VIDEO_ONLY,18
1365.0,VIDEO_ONLY,18
1365.5,VIDEO_ONLY,18
1366.0,VIDEO_ONLY,18
1366.5,VIDEO_ONLY,18
1367.0,VIDEO_ONLY,18
1367.5,VIDEO_ONLY,18
1368.0,VIDEO_ONLY,18
1368.5,VIDEO_ONLY,18
1369.0,VIDEO_ONLY,18
1369.5,VIDEO_ONLY,18
1370.0,VIDEO_ONLY,18
1370.5,VIDEO_ONLY,18
1371.0,VIDEO_ONLY,18
1371.5,VIDEO_ONLY,18
1372.0,VIDEO_ONLY,18
1372.5,VIDEO_ONLY,18
1373.0,VIDEO_ONLY,18
1373.5,VIDEO_ONLY,18
1374.0,VIDEO_ONLY,18
1374.5,VIDEO_ONLY,18
1375.0,VIDEO_ONLY,18
1375.5,VIDEO_ONLY,18
1376.0,VIDEO_ONLY,18
1376.5,VIDEO_ONLY,18
1377.0,VIDEO_ONLY,18
1377.5,VIDEO_ONLY,18
1378.0,VIDEO_ONLY,18
1378.5,VIDEO_ONLY,18
1379.0,VIDEO_ONLY,18
1379.5,VIDEO_ONLY,18
1380.0,VIDEO_ONLY,18
1380.5,VIDEO_ONLY,18
1381.0,VIDEO_ONLY,18
1381.5,VIDEO_ONLY,18
1382.0,VIDEO_ONLY,18
1382.5,VIDEO_ONLY,18
1383.0,VIDEO_ONLY,18
1383.5,VIDEO_ONLY,18
1384.0,VIDEO_ONLY,18
1384.5,VIDEO_ONLY,18
1385.0,VIDEO_ONLY,18
1385.5,VIDEO_ONLY,18
1386.0,VIDEO_ONLY,18
1386.5,VIDEO_ONLY,18
1387.0,VIDEO_ONLY,18
1387.5,VIDEO_ONLY,18
1388.0,VIDEO_ONLY,18
1388.5,VIDEO_ONLY,18
1389.0,VIDEO_ONLY,18
1389.5,VIDEO_ONLY,15
1390.0,VIDEO_ONLY,15
1390.5,VIDEO_ONLY,15
1391.0,VIDEO_ONLY,15
1391.5,VIDEO_ONLY,15
1392.0,VIDEO_ONLY,15
1392.5,VIDEO_ONLY,15
1393.0,VIDEO_ONLY,15
1393.5,VIDEO_ONLY,15
1394.0,VIDEO_ONLY,15
1394.5,VIDEO_ONLY,15
1395.0,VIDEO_ONLY,15
1395.5,VIDEO_ONLY,15
1396.0,VIDEO_ONLY,15
1396.5,VIDEO_ONLY,15
1397.0,VIDEO_ONLY,15
1397.5,VIDEO_ONLY,15
1398.0,VIDEO_ONLY,15
1398.5,VIDEO_ONLY,15
1399.0,VIDEO_ONLY,15
1399.5,VIDEO_ONLY,15
1400.0,VIDEO_ONLY,15
1400.5,VIDEO_ONLY,15
1401.0,VIDEO_ONLY,15
1401.5,VIDEO_ONLY,15
1402.0,VIDEO_ONLY,15
1402.5,VIDEO_ONLY,15
1403.0,VIDEO_ONLY,15
1403.5,VIDEO_ONLY,15
1404.0,VIDEO_ONLY,15
1404.5,VIDEO_ONLY,15
1405.0,VIDEO_ONLY,15
1405.5,VIDEO_ONLY,15
1406.0,VIDEO_ONLY,15
1406.5,VIDEO_ONLY,15
1407.0,VIDEO_ONLY,15
1407.5,VIDEO_ONLY,15
1408.0,VIDEO_ONLY,15
1408.5,VIDEO_ONLY,15
1409.0,VIDEO_ONLY,15
1409.5,VIDEO_ONLY,15
1410.0,VIDEO_ONLY,15
1410.5,VIDEO_ONLY,15
1411.0,VIDEO_ONLY,15
1411.5,VIDEO_ONLY,15
1412.0,VIDEO_ONLY,15
1412.5,VIDEO_ONLY,15
1413.0,VIDEO_ONLY,15
1413.5,VIDEO_ONLY,15
1414.0,VIDEO_ONLY,15
1414.5,VIDEO_ONLY,15
1415.0,VIDEO_ONLY,15
1415.5,VIDEO_ONLY,15
1416.0,VIDEO_ONLY,15
1416.5,VIDEO_ONLY,15
1417.0,VIDEO_ONLY,15
1417.5,VIDEO_ONLY,15
1418.0,VIDEO_ONLY,15
1418.5,VIDEO_ONLY,15
1419.0,VIDEO_ONLY,15
1419.5,VIDEO_ONLY,15
1420.0,VIDEO_ONLY,15
1420.5,VIDEO_ONLY,15
1421.0,VIDEO_ONLY,15
1421.5,VIDEO_ONLY,15
1422.0,VIDEO_ONLY,15
1422.5,VIDEO_ONLY,15
1423.0,VIDEO_ONLY,15
1423.5,VIDEO_ONLY,15
1424.0,VIDEO_ONLY,15
1424.5,VIDEO_ONLY,15
1425.0,VIDEO_ONLY,15
1425.5,VIDEO_ONLY,15
1426.0,VIDEO_ONLY,15
1426.5,VIDEO_ONLY,15
1427.0,VIDEO_ONLY,15
1427.5,VIDEO_ONLY,15
1428.0,VIDEO_ONLY,15
1428.5,VIDEO_ONLY,15
1429.0,VIDEO_ONLY,15
1429.5,VIDEO_ONLY,15
1430.0,VIDEO_ONLY,15
1430.5,VIDEO_ONLY,15
1431.0,VIDEO_ONLY,15
1431.5,VIDEO_ONLY,15
1432.0,VIDEO_ONLY,15
1432.5,VIDEO_ONLY,15
1433.0,VIDEO_ONLY,15
1433.5,VIDEO_ONLY,15
1434.0,VIDEO_ONLY,15
1434.5,VIDEO_ONLY,15
1435.0,VIDEO_ONLY,15
1435.5,VIDEO_ONLY,15
1436.0,VIDEO_ONLY,15
1436.5,VIDEO_ONLY,15
1437.0,VIDEO_ONLY,15
1437.5,VIDEO_ONLY,15
1438.0,VIDEO_ONLY,15
1438.5,VIDEO_ONLY,15
1439.0,VIDEO_ONLY,15
1439.5,VIDEO_ONLY,15
1440.0,VIDEO_ONLY,15
1440.5,VIDEO_ONLY,15
1441.0,VIDEO_ONLY,15
1441.5,VIDEO_ONLY,15
1442.0,VIDEO_ONLY,15
1442.5,VIDEO_ONLY,15
1443.0,VIDEO_ONLY,15
1443.5,VIDEO_ONLY,15
1444.0,VIDEO_ONLY,15
1444.5,VIDEO_ONLY,15
1445.0,VIDEO_ONLY,15
1445.5,VIDEO_ONLY,15
1446.0,VIDEO_ONLY,15
1446.5,VIDEO_ONLY,15
1447.0,VIDEO_ONLY,15
1447.5,VIDEO_ONLY,15
1448.0,VIDEO_ONLY,15
1448.5,VIDEO_ONLY,15
1449.0,VIDEO_ONLY,15
1449.5,VIDEO_ONLY,15
1450.0,VIDEO_ONLY,15
1450.5,VIDEO_ONLY,15
1451.0,VIDEO_ONLY,15
1451.5,VIDEO_ONLY,15
1452.0,VIDEO_ONLY,15
1452.5,VIDEO_ONLY,15
1453.0,VIDEO_ONLY,15
1453.5,VIDEO_ONLY,15
1454.0,VIDEO_ONLY,15
1454.5,VIDEO_ONLY,15
1455.0,VIDEO_ONLY,15
1455.5,VIDEO_ONLY,15
1456.0,VIDEO_ONLY,15
1456.5,VIDEO_ONLY,15
1457.0,VIDEO_ONLY,15
1457.5,VIDEO_ONLY,15
1458.0,VIDEO_ONLY,15
1458.5,VIDEO_ONLY,15
1459.0,VIDEO_ONLY,15
1459.5,VIDEO_ONLY,15
1460.0,VIDEO_ONLY,15
1460.5,VIDEO_ONLY,15
1461.0,VIDEO_ONLY,15
1461.5,VIDEO_ONLY,15
1462.0,VIDEO_ONLY,15
1462.5,VIDEO_ONLY,15
1463.0,VIDEO_ONLY,15
1463.5,VIDEO_ONLY,15
1464.0,VIDEO_ONLY,15
1464.5,VIDEO_ONLY,15
1465.0,VIDEO_ONLY,15
1465.5,VIDEO_ONLY,15
1466.0,VIDEO_ONLY,15
1466.5,VIDEO_ONLY,15
1467.0,VIDEO_ONLY,15
1467.5,VIDEO_ONLY,15
1468.0,VIDEO_ONLY,15
1468.5,VIDEO_ONLY,15
1469.0,VIDEO_ONLY,15
1469.5,VIDEO_ONLY,15
1470.0,VIDEO_ONLY,15
1470.5,VIDEO_ONLY,15
1471.0,VIDEO_ONLY,15
1471.5,VIDEO_ONLY,15
1472.0,VIDEO_ONLY,15
1472.5,VIDEO_ONLY,15
1473.0,VIDEO_ONLY,15
1473.5,VIDEO_ONLY,15
1474.0,VIDEO_ONLY,15
1474.5,VIDEO_ONLY,15
1475.0,VIDEO_ONLY,15
1475.5,VIDEO_ONLY,15
1476.0,VIDEO_ONLY,15
1476.5,VIDEO_ONLY,15
1477.0,VIDEO_ONLY,15
1477.5,VIDEO_ONLY,15
1478.0,VIDEO_ONLY,15
1478.5,VIDEO_ONLY,15
1479.0,VIDEO_ONLY,15
1479.5,VIDEO_ONLY,15
1480.0,VIDEO_ONLY,15
1480.5,VIDEO_ONLY,15
1481.0,VIDEO_ONLY,15
1481.5,VIDEO_ONLY,15
1482.0,VIDEO_ONLY,15
1482.5,VIDEO_ONLY,15
1483.0,VIDEO_ONLY,15
1483.5,VIDEO_ONLY,15
1484.0,VIDEO_ONLY,15
1484.5,VIDEO_ONLY,15
1485.0,VIDEO_ONLY,15
1485.5,VIDEO_ONLY,15
1486.0,VIDEO_ONLY,15
1486.5,VIDEO_ONLY,15
1487.0,VIDEO_ONLY,15
1487.5,VIDEO_ONLY,15
1488.0,VIDEO_ONLY,15
1488.5,VIDEO_ONLY,15
1489.0,VIDEO_ONLY,15
1489.5,VIDEO_ONLY,15
1490.0,VIDEO_ONLY,15
1490.5,VIDEO_ONLY,15
1491.0,VIDEO_ONLY,15
1491.5,VIDEO_ONLY,15
1492.0,VIDEO_ONLY,15
1492.5,VIDEO_ONLY,15
1493.0,VIDEO_ONLY,15
1493.5,VIDEO_ONLY,15
1494.0,VIDEO_ONLY,15
1494.5,VIDEO_ONLY,15
1495.0,VIDEO_ONLY,15
1495.5,VIDEO_ONLY,15
1496.0,VIDEO_ONLY,15
1496.5,VIDEO_ONLY,15
1497.0,VIDEO_ONLY,15
1497.5,VIDEO_ONLY,15
1498.0,VIDEO_ONLY,18
1498.5,VIDEO_ONLY,18
1499.0,VIDEO_ONLY,18
1499.5,VIDEO_ONLY,18
1500.0,VIDEO_ONLY,18
1500.5,VIDEO_ONLY,18
1501.0,VIDEO_ONLY,18
1501.5,VIDEO_ONLY,18
1502.0,VIDEO_ONLY,18
1502.5,VIDEO_ONLY,18
1503.0,VIDEO_ONLY,18
1503.5,VIDEO_ONLY,18
1504.0,VIDEO_ONLY,18
1504.5,VIDEO_ONLY,18
1505.0,VIDEO_ONLY,18
1505.5,VIDEO_ONLY,18
1506.0,VIDEO_ONLY,18
1506.5,VIDEO_ONLY,18
1507.0,VIDEO_ONLY,18
1507.5,VIDEO_ONLY,18
1508.0,VIDEO_ONLY,18
1508.5,VIDEO_ONLY,18
1509.0,VIDEO_ONLY,16
1509.5,VIDEO_ONLY,16
1510.0,VIDEO_ONLY,16
1510.5,VIDEO_ONLY,16
1511.0,VIDEO_ONLY,16
1511.5,VIDEO_ONLY,16
1512.0,VIDEO_ONLY,16
1512.5,VIDEO_ONLY,16
1513.0,VIDEO_ONLY,16
1513.5,VIDEO_ONLY,16
1514.0,VIDEO_ONLY,16
1514.5,VIDEO_ONLY,16
1515.0,VIDEO_ONLY,16
1515.5,VIDEO_ONLY,16
1516.0,VIDEO_ONLY,16
1516.5,VIDEO_ONLY,16
1517.0,VIDEO_ONLY,16
1517.5,VIDEO_ONLY,16
1518.0,VIDEO_ONLY,16
1518.5,VIDEO_ONLY,16
1519.0,VIDEO_ONLY,16
1519.5,VIDEO_ONLY,16
1520.0,VIDEO_ONLY,16
1520.5,VIDEO_ONLY,16
1521.0,VIDEO_ONLY,16
1521.5,VIDEO_ONLY,16
1522.0,VIDEO_ONLY,16
1522.5,VIDEO_ONLY,16
1523.0,VIDEO_ONLY,16
1523.5,VIDEO_ONLY,16
1524.0,VIDEO_ONLY,16
1524.5,VIDEO_ONLY,16
1525.0,VIDEO_ONLY,16
1525.5,VIDEO_ONLY,16
1526.0,VIDEO_ONLY,16
1526.5,VIDEO_ONLY,16
1527.0,VIDEO_ONLY,16
1527.5,VIDEO_ONLY,16
1528.0,VIDEO_ONLY,16
1528.5,VIDEO_ONLY,16
1529.0,VIDEO_ONLY,16
1529.5,VIDEO_ONLY,16
1530.0,VIDEO_ONLY,16
1530.5,VIDEO_ONLY,16
1531.0,VIDEO_ONLY,16
1531.5,VIDEO_ONLY,16
1532.0,VIDEO_ONLY,16
1532.5,VIDEO_ONLY,16
1533.0,VIDEO_ONLY,16
1533.5,VIDEO_ONLY,16
1534.0,VIDEO_ONLY,16
1534.5,VIDEO_ONLY,16
1535.0,VIDEO_ONLY,16
1535.5,VIDEO_ONLY,16
1536.0,VIDEO_ONLY,16
1536.5,VIDEO_ONLY,16
1537.0,VIDEO_ONLY,16
1537.5,VIDEO_ONLY,16
1538.0,VIDEO_ONLY,16
1538.5,VIDEO_ONLY,16
1539.0,VIDEO_ONLY,16
1539.5,VIDEO_ONLY,16
1540.0,VIDEO_ONLY,16
1540.5,VIDEO_ONLY,16
1541.0,VIDEO_ONLY,16
1541.5,VIDEO_ONLY,16
1542.0,VIDEO_ONLY,16
1542.5,VIDEO_ONLY,16
1543.0,VIDEO_ONLY,16
1543.5,VIDEO_ONLY,16
1544.0,VIDEO_ONLY,16
1544.5,VIDEO_ONLY,16
1545.0,VIDEO_ONLY,16
1545.5,VIDEO_ONLY,16
1546.0,VIDEO_ONLY,16
1546.5,VIDEO_ONLY,16
1547.0,VIDEO_ONLY,16
1547.5,VIDEO_ONLY,16
1548.0,VIDEO_ONLY,16
1548.5,VIDEO_ONLY,16
1549.0,VIDEO_ONLY,16
1549.5,VIDEO_ONLY,16
1550.0,VIDEO_ONLY,16
1550.5,VIDEO_ONLY,16
1551.0,VIDEO_ONLY,16
1551.5,VIDEO_ONLY,16
1552.0,VIDEO_ONLY,16
1552.5,VIDEO_ONLY,16
1553.0,VIDEO_ONLY,16
1553.5,VIDEO_ONLY,16
1554.0,VIDEO_ONLY,16
1554.5,VIDEO_ONLY,16
1555.0,VIDEO_ONLY,16
1555.5,VIDEO_ONLY,16
1556.0,VIDEO_ONLY,16
1556.5,VIDEO_ONLY,16
1557.0,VIDEO_ONLY,16
1557.5,VIDEO_ONLY,16
1558.0,VIDEO_ONLY,16
1558.5,VIDEO_ONLY,16
1559.0,VIDEO_ONLY,16
1559.5,VIDEO_ONLY,16
1560.0,VIDEO_ONLY,16
1560.5,VIDEO_ONLY,18
1561.0,VIDEO_ONLY,18
1561.5,VIDEO_ONLY,18
1562.0,VIDEO_ONLY,18
1562.5,VIDEO_ONLY,18
1563.0,VIDEO_ONLY,18
1563.5,VIDEO_ONLY,18
1564.0,VIDEO_ONLY,18
1564.5,VIDEO_ONLY,18
1565.0,VIDEO_ONLY,18
1565.5,VIDEO_ONLY,18
1566.0,VIDEO_ONLY,18
1566.5,VIDEO_ONLY,18
1567.0,VIDEO_ONLY,18
1567.5,VIDEO_ONLY,18
1568.0,VIDEO_ONLY,18
1568.5,VIDEO_ONLY,18
1569.0,VIDEO_ONLY,18
1569.5,VIDEO_ONLY,18
1570.0,VIDEO_ONLY,18
1570.5,VIDEO_ONLY,18
1571.0,VIDEO_ONLY,18
1571.5,VIDEO_ONLY,18
1572.0,VIDEO_ONLY,18
1572.5,VIDEO_ONLY,18
1573.0,VIDEO_ONLY,18
1573.5,VIDEO_ONLY,18
1574.0,VIDEO_ONLY,18
1574.5,VIDEO_ONLY,18
1575.0,VIDEO_ONLY,18
1575.5,VIDEO_ONLY,18
1576.0,VIDEO_ONLY,18
1576.5,VIDEO_ONLY,18
1577.0,VIDEO_ONLY,18
1577.5,VIDEO_ONLY,18
1578.0,VIDEO_ONLY,18
1578.5,VIDEO_ONLY,18
1579.0,VIDEO_ONLY,18
1579.5,VIDEO_ONLY,18
1580.0,VIDEO_ONLY,18
1580.5,VIDEO_ONLY,18
1581.0,VIDEO_ONLY,18
1581.5,VIDEO_ONLY,18
1582.0,VIDEO_ONLY,18
1582.5,VIDEO_ONLY,18
1583.0,VIDEO_ONLY,18
1583.5,VIDEO_ONLY,18
1584.0,VIDEO_ONLY,18
1584.5,VIDEO_ONLY,18
1585.0,VIDEO_ONLY,18
1585.5,VIDEO_ONLY,18
1586.0,VIDEO_ONLY,18
1586.5,VIDEO_ONLY,18
1587.0,VIDEO_ONLY,18
1587.5,VIDEO_ONLY,18
1588.0,VIDEO_ONLY,18
1588.5,VIDEO_ONLY,18
1589.0,VIDEO_ONLY,18
1589.5,VIDEO_ONLY,18
1590.0,VIDEO_ONLY,18
1590.5,VIDEO_ONLY,18
1591.0,VIDEO_ONLY,18
1591.5,VIDEO_ONLY,18
1592.0,VIDEO_ONLY,18
1592.5,VIDEO_ONLY,18
1593.0,VIDEO_ONLY,18
1593.5,VIDEO_ONLY,18
1594.0,VIDEO_ONLY,18
1594.5,VIDEO_ONLY,18
1595.0,VIDEO_ONLY,18
1595.5,VIDEO_ONLY,18
1596.0,VIDEO_ONLY,18
1596.5,VIDEO_ONLY,18
1597.0,VIDEO_ONLY,18
1597.5,VIDEO_ONLY,14
1598.0,VIDEO_ONLY,14
1598.5,VIDEO_ONLY,14
1599.0,VIDEO_ONLY,14
1599.5,VIDEO_ONLY,14
1600.0,VIDEO_ONLY,14
1600.5,VIDEO_ONLY,14
1601.0,VIDEO_ONLY,14
1601.5,VIDEO_ONLY,14
1602.0,VIDEO_ONLY,14
1602.5,VIDEO_ONLY,14
1603.0,VIDEO_ONLY,14
1603.5,VIDEO_ONLY,14
1604.0,VIDEO_ONLY,14
1604.5,VIDEO_ONLY,14
1605.0,VIDEO_ONLY,14
1605.5,VIDEO_ONLY,14
1606.0,VIDEO_ONLY,14
1606.5,VIDEO_ONLY,14
1607.0,VIDEO_ONLY,14
1607.5,VIDEO_ONLY,14
1608.0,VIDEO_ONLY,14
1608.5,VIDEO_ONLY,14
1609.0,VIDEO_ONLY,14
1609.5,VIDEO_ONLY,14
1610.0,VIDEO_ONLY,14
1610.5,VIDEO_ONLY,14
1611.0,VIDEO_ONLY,14
1611.5,VIDEO_ONLY,14
1612.0,VIDEO_ONLY,14
1612.5,VIDEO_ONLY,14
1613.0,VIDEO_ONLY,14
1613.5,VIDEO_ONLY,14
1614.0,VIDEO_ONLY,14
1614.5,VIDEO_ONLY,14
1615.0,VIDEO_ONLY,14
1615.5,VIDEO_ONLY,14
1616.0,VIDEO_ONLY,14
1616.5,VIDEO_ONLY,14
1617.0,VIDEO_ONLY,14
1617.5,VIDEO_ONLY,14
1618.0,VIDEO_ONLY,14
1618.5,VIDEO_ONLY,14
1619.0,VIDEO_ONLY,14
1619.5,VIDEO_ONLY,14
1620.0,VIDEO_ONLY,14
1620.5,VIDEO_ONLY,14
1621.0,VIDEO_ONLY,14
1621.5,VIDEO_ONLY,14
1622.0,VIDEO_ONLY,14
1622.5,VIDEO_ONLY,14
1623.0,VIDEO_ONLY,14
1623.5,VIDEO_ONLY,14
1624.0,VIDEO_ONLY,14
1624.5,VIDEO_ONLY,14
1625.0,VIDEO_ONLY,14
1625.5,VIDEO_ONLY,14
1626.0,VIDEO_ONLY,14
1626.5,VIDEO_ONLY,14
1627.0,VIDEO_ONLY,14
1627.5,VIDEO_ONLY,14
1628.0,VIDEO_ONLY,14
1628.5,VIDEO_ONLY,14
1629.0,VIDEO_ONLY,14
1629.5,VIDEO_ONLY,14
1630.0,VIDEO_ONLY,14
1630.5,VIDEO_ONLY,14
1631.0,VIDEO_ONLY,14
1631.5,VIDEO_ONLY,14
1632.0,VIDEO_ONLY,14
1632.5,VIDEO_ONLY,14
1633.0,VIDEO_ONLY,14
1633.5,VIDEO_ONLY,14
1634.0,VIDEO_ONLY,14
1634.5,VIDEO_ONLY,14
1635.0,VIDEO_ONLY,14
1635.5,VIDEO_ONLY,14
1636.0,VIDEO_ONLY,14
1636.5,VIDEO_ONLY,14
1637.0,VIDEO_ONLY,14
1637.5,VIDEO_ONLY,14
1638.0,VIDEO_ONLY,14
1638.5,VIDEO_ONLY,14
1639.0,VIDEO_ONLY,14
1639.5,VIDEO_ONLY,14
1640.0,VIDEO_ONLY,14
1640.5,VIDEO_ONLY,14
1641.0,VIDEO_ONLY,14
1641.5,VIDEO_ONLY,14
1642.0,VIDEO_ONLY,14
1642.5,VIDEO_ONLY,14
1643.0,VIDEO_ONLY,14
1643.5,VIDEO_ONLY,14
1644.0,VIDEO_ONLY,14
1644.5,VIDEO_ONLY,14
1645.0,VIDEO_ONLY,14
1645.5,VIDEO_ONLY,14
1646.0,VIDEO_ONLY,14
1646.5,VIDEO_ONLY,14
1647.0,VIDEO_ONLY,14
1647.5,VIDEO_ONLY,14
1648.0,VIDEO_ONLY,14
1648.5,VIDEO_ONLY,14
1649.0,VIDEO_ONLY,14
1649.5,VIDEO_ONLY,14
1650.0,VIDEO_ONLY,14
1650.5,VIDEO_ONLY,14
1651.0,VIDEO_ONLY,14
1651.5,VIDEO_ONLY,14
1652.0,VIDEO_ONLY,14
1652.5,VIDEO_ONLY,14
1653.0,VIDEO_ONLY,14
1653.5,VIDEO_ONLY,14
1654.0,VIDEO_ONLY,14
1654.5,VIDEO_ONLY,14
1655.0,VIDEO_ONLY,14
1655.5,VIDEO_ONLY,14
1656.0,VIDEO_ONLY,14
1656.5,VIDEO_ONLY,14
1657.0,VIDEO_ONLY,14
1657.5,VIDEO_ONLY,14
1658.0,VIDEO_ONLY,14
1658.5,VIDEO_ONLY,14
1659.0,VIDEO_ONLY,14
1659.5,VIDEO_ONLY,14
1660.0,VIDEO_ONLY,14
1660.5,VIDEO_ONLY,14
1661.0,VIDEO_ONLY,14
1661.5,VIDEO_ONLY,14
1662.0,VIDEO_ONLY,14
1662.5,VIDEO_ONLY,14
1663.0,VIDEO_ONLY,14
1663.5,VIDEO_ONLY,14
1664.0,VIDEO_ONLY,14
1664.5,VIDEO_ONLY,14
1665.0,VIDEO_ONLY,14
1665.5,VIDEO_ONLY,14
1666.0,VIDEO_ONLY,14
1666.5,VIDEO_ONLY,14
1667.0,VIDEO_ONLY,14
1667.5,VIDEO_ONLY,14
1668.0,VIDEO_ONLY,14
1668.5,VIDEO_ONLY,14
1669.0,VIDEO_ONLY,14
1669.5,VIDEO_ONLY,14
1670.0,VIDEO_ONLY,14
1670.5,VIDEO_ONLY,14
1671.0,VIDEO_ONLY,14
1671.5,VIDEO_ONLY,14
1672.0,VIDEO_ONLY,14
1672.5,VIDEO_ONLY,14
1673.0,VIDEO_ONLY,14
1673.5,VIDEO_ONLY,14
1674.0,VIDEO_ONLY,14
1674.5,VIDEO_ONLY,14
1675.0,VIDEO_ONLY,14
1675.5,VIDEO_ONLY,14
1676.0,VIDEO_ONLY,14
1676.5,VIDEO_ONLY,14
1677.0,VIDEO_ONLY,14
1677.5,VIDEO_ONLY,14
1678.0,VIDEO_ONLY,14
1678.5,VIDEO_ONLY,14
1679.0,VIDEO_ONLY,14
1679.5,VIDEO_ONLY,14
1680.0,VIDEO_ONLY,14
1680.5,VIDEO_ONLY,14
1681.0,VIDEO_ONLY,14
1681.5,VIDEO_ONLY,14
1682.0,VIDEO_ONLY,14
1682.5,VIDEO_ONLY,14
1683.0,VIDEO_ONLY,14
1683.5,VIDEO_ONLY,14
1684.0,VIDEO_ONLY,14
1684.5,VIDEO_ONLY,14
1685.0,VIDEO_ONLY,14
1685.5,VIDEO_ONLY,14
1686.0,VIDEO_ONLY,18
1686.5,VIDEO_ONLY,18
1687.0,VIDEO_ONLY,18
1687.5,VIDEO_ONLY,18
1688.0,VIDEO_ONLY,18
1688.5,VIDEO_ONLY,18
1689.0,VIDEO_ONLY,18
1689.5,VIDEO_ONLY,18
1690.0,VIDEO_ONLY,18
1690.5,VIDEO_ONLY,18
1691.0,VIDEO_ONLY,18
1691.5,VIDEO_ONLY,18
1692.0,VIDEO_ONLY,18
1692.5,VIDEO_ONLY,18
1693.0,VIDEO_ONLY,18
1693.5,VIDEO_ONLY,18
1694.0,VIDEO_ONLY,18
1694.5,VIDEO_ONLY,18
1695.0,VIDEO_ONLY,18
1695.5,VIDEO_ONLY,18
1696.0,VIDEO_ONLY,18
1696.5,VIDEO_ONLY,18
1697.0,VIDEO_ONLY,18
1697.5,VIDEO_ONLY,18
1698.0,VIDEO_ONLY,18
1698.5,VIDEO_ONLY,18
1699.0,VIDEO_ONLY,18
1699.5,VIDEO_ONLY,18
1700.0,VIDEO_ONLY,18
1700.5,VIDEO_ONLY,18
1701.0,VIDEO_ONLY,18
1701.5,VIDEO_ONLY,18
1702.0,VIDEO_ONLY,18
1702.5,VIDEO_ONLY,18
1703.0,VIDEO_ONLY,18
1703.5,VIDEO_ONLY,18
1704.0,VIDEO_ONLY,18
1704.5,VIDEO_ONLY,18
1705.0,VIDEO_ONLY,18
1705.5,VIDEO_ONLY,18
1706.0,VIDEO_ONLY,18
1706.5,VIDEO_ONLY,18
1707.0,VIDEO_ONLY,18
1707.5,VIDEO_ONLY,18
1708.0,VIDEO_ONLY,18
1708.5,VIDEO_ONLY,18
1709.0,VIDEO_ONLY,18
1709.5,VIDEO_ONLY,18
1710.0,VIDEO_ONLY,18
1710.5,VIDEO_ONLY,18
1711.0,VIDEO_ONLY,18
1711.5,VIDEO_ONLY,18
1712.0,VIDEO_ONLY,18
1712.5,VIDEO_ONLY,18
1713.0,VIDEO_ONLY,18
1713.5,VIDEO_ONLY,18
1714.0,VIDEO_ONLY,18
1714.5,VIDEO_ONLY,18
1715.0,VIDEO_ONLY,18
1715.5,VIDEO_ONLY,18
1716.0,VIDEO_ONLY,18
1716.5,VIDEO_ONLY,18
1717.0,VIDEO_ONLY,18
1717.5,VIDEO_ONLY,18
1718.0,VIDEO_ONLY,18
1718.5,VIDEO_ONLY,18
1719.0,VIDEO_ONLY,18
1719.5,VIDEO_ONLY,18
1720.0,VIDEO_ONLY,18
1720.5,VIDEO_ONLY,18
1721.0,VIDEO_ONLY,18
1721.5,VIDEO_ONLY,18
1722.0,VIDEO_ONLY,18
1722.5,VIDEO_ONLY,18
1723.0,VIDEO_ONLY,18
1723.5,VIDEO_ONLY,18
1724.0,VIDEO_ONLY,18
1724.5,VIDEO_ONLY,18
1725.0,VIDEO_ONLY,18
1725.5,VIDEO_ONLY,18
1726.0,VIDEO_ONLY,18
1726.5,VIDEO_ONLY,18
1727.0,VIDEO_ONLY,18
1727.5,VIDEO_ONLY,18
1728.0,VIDEO_ONLY,18
1728.5,VIDEO_ONLY,18
1729.0,VIDEO_ONLY,18
1729.5,VIDEO_ONLY,18
1730.0,VIDEO_ONLY,18
1730.5,VIDEO_ONLY,18
1731.0,VIDEO_ONLY,18
1731.5,VIDEO_ONLY,18
1732.0,VIDEO_ONLY,18
1732.5,VIDEO_ONLY,18
1733.0,VIDEO_ONLY,18
1733.5,VIDEO_ONLY,18
1734.0,VIDEO_ONLY,18
1734.5,VIDEO_ONLY,18
1735.0,VIDEO_ONLY,18
1735.5,VIDEO_ONLY,18
1736.0,VIDEO_ONLY,18
1736.5,VIDEO_ONLY,18
1737.0,VIDEO_ONLY,18
1737.5,VIDEO_ONLY,18
1738.0,VIDEO_ONLY,18
1738.5,VIDEO_ONLY,8
1739.0,VIDEO_ONLY,8
1739.5,VIDEO_ONLY,8
1740.0,VIDEO_ONLY,8
1740.5,VIDEO_ONLY,8
1741.0,VIDEO_ONLY,8
1741.5,VIDEO_ONLY,8
1742.0,VIDEO_ONLY,8
1742.5,VIDEO_ONLY,8
1743.0,VIDEO_ONLY,8
1743.5,VIDEO_ONLY,8
1744.0,VIDEO_ONLY,8
1744.5,VIDEO_ONLY,8
1745.0,VIDEO_ONLY,8
1745.5,VIDEO_ONLY,8
1746.0,VIDEO_ONLY,8
1746.5,VIDEO_ONLY,8
1747.0,VIDEO_ONLY,8
1747.5,VIDEO_ONLY,8
1748.0,VIDEO_ONLY,8
1748.5,VIDEO_ONLY,8
1749.0,VIDEO_ONLY,8
1749.5,VIDEO_ONLY,8
1750.0,VIDEO_ONLY,8
1750.5,VIDEO_ONLY,8
1751.0,VIDEO_ONLY,8
1751.5,VIDEO_ONLY,8
1752.0,VIDEO_ONLY,8
1752.5,VIDEO_ONLY,8
1753.0,VIDEO_ONLY,8
1753.5,VIDEO_ONLY,8
1754.0,VIDEO_ONLY,8
1754.5,VIDEO_ONLY,8
1755.0,VIDEO_ONLY,8
1755.5,VIDEO_ONLY,18
1756.0,VIDEO_ONLY,18
1756.5,VIDEO_ONLY,18
1757.0,VIDEO_ONLY,18
1757.5,VIDEO_ONLY,18
1758.0,VIDEO_ONLY,18
1758.5,VIDEO_ONLY,18
1759.0,VIDEO_ONLY,18
1759.5,VIDEO_ONLY,18
1760.0,VIDEO_ONLY,18
1760.5,VIDEO_ONLY,18
1761.0,VIDEO_ONLY,18
1761.5,VIDEO_ONLY,18
1762.0,VIDEO_ONLY,18
1762.5,VIDEO_ONLY,18
1763.0,VIDEO_ONLY,18
1763.5,VIDEO_ONLY,18
1764.0,VIDEO_ONLY,18
1764.5,VIDEO_ONLY,18
1765.0,VIDEO_ONLY,18
1765.5,VIDEO_ONLY,18
1766.0,VIDEO_ONLY,18
1766.5,VIDEO_ONLY,18
1767.0,VIDEO_ONLY,18
1767.5,VIDEO_ONLY,18
1768.0,VIDEO_ONLY,18
1768.5,VIDEO_ONLY,18
1769.0,VIDEO_ONLY,18
1769.5,VIDEO_ONLY,18
1770.0,VIDEO_ONLY,18
1770.5,VIDEO_ONLY,18
1771.0,VIDEO_ONLY,18
1771.5,VIDEO_ONLY,18
1772.0,VIDEO_ONLY,18
1772.5,VIDEO_ONLY,18
1773.0,VIDEO_ONLY,18
1773.5,VIDEO_ONLY,18
1774.0,VIDEO_ONLY,18
1774.5,VIDEO_ONLY,18
1775.0,VIDEO_ONLY,18
1775.5,VIDEO_ONLY,18
1776.0,VIDEO_ONLY,18
1776.5,VIDEO_ONLY,18
1777.0,VIDEO_ONLY,18
1777.5,VIDEO_ONLY,18
1778.0,VIDEO_ONLY,18
1778.5,VIDEO_ONLY,18
1779.0,VIDEO_ONLY,18
1779.5,VIDEO_ONLY,18
1780.0,VIDEO_ONLY,18
1780.5,VIDEO_ONLY,18
1781.0,VIDEO_ONLY,18
1781.5,VIDEO_ONLY,18
1782.0,VIDEO_ONLY,18
1782.5,VIDEO_ONLY,18
1783.0,VIDEO_ONLY,18
1783.5,VIDEO_ONLY,18
1784.0,VIDEO_ONLY,18
1784.5,VIDEO_ONLY,18
1785.0,VIDEO_ONLY,18
1785.5,VIDEO_ONLY,18
1786.0,VIDEO_ONLY,18
1786.5,VIDEO_ONLY,18
1787.0,VIDEO_ONLY,18
1787.5,VIDEO_ONLY,18
1788.0,VIDEO_ONLY,18
1788.5,VIDEO_ONLY,18
1789.0,VIDEO_ONLY,18
1789.5,VIDEO_ONLY,18
1790.0,VIDEO_ONLY,18
1790.5,VIDEO_ONLY,18
1791.0,VIDEO_ONLY,18
1791.5,VIDEO_ONLY,18
1792.0,VIDEO_ONLY,18
1792.5,VIDEO_ONLY,18
1793.0,VIDEO_ONLY,18
1793.5,VIDEO_ONLY,18
1794.0,VIDEO_ONLY,18
1794.5,VIDEO_ONLY,18
1795.0,VIDEO_ONLY,18
1795.5,VIDEO_ONLY,18
1796.0,VIDEO_ONLY,18
1796.5,VIDEO_ONLY,18
1797.0,VIDEO_ONLY,18
1797.5,VIDEO_ONLY,18
1798.0,VIDEO_ONLY,18
1798.5,VIDEO_ONLY,18
1799.0,VIDEO_ONLY,18
1799.5,VIDEO_ONLY,18
1800.0,VIDEO_ONLY,18
1800.5,VIDEO_ONLY,18
1801.0,VIDEO_ONLY,18
1801.5,VIDEO_ONLY,18
1802.0,VIDEO_ONLY,18
1802.5,VIDEO_ONLY,18
1803.0,VIDEO_ONLY,18
1803.5,VIDEO_ONLY,18
1804.0,VIDEO_ONLY,18
1804.5,VIDEO_ONLY,18
1805.0,VIDEO_ONLY,18
1805.5,VIDEO_ONLY,18
1806.0,VIDEO_ONLY,18
1806.5,VIDEO_ONLY,18
1807.0,VIDEO_ONLY,18
1807.5,VIDEO_ONLY,18
1808.0,VIDEO_ONLY,18
1808.5,VIDEO_ONLY,18
1809.0,VIDEO_ONLY,18
1809.5,VIDEO_ONLY,18
1810.0,VIDEO_ONLY,18
1810.5,VIDEO_ONLY,18
1811.0,VIDEO_ONLY,18
1811.5,VIDEO_ONLY,18
1812.0,VIDEO_ONLY,18
1812.5,VIDEO_ONLY,18
1813.0,VIDEO_ONLY,18
1813.5,VIDEO_ONLY,18
1814.0,VIDEO_ONLY,18
1814.5,VIDEO_ONLY,18
1815.0,VIDEO_ONLY,18
1815.5,VIDEO_ONLY,18
1816.0,VIDEO_ONLY,18
1816.5,VIDEO_ONLY,18
1817.0,VIDEO_ONLY,18
1817.5,VIDEO_ONLY,18
1818.0,VIDEO_ONLY,18
1818.5,VIDEO_ONLY,18
1819.0,VIDEO_ONLY,18
1819.5,VIDEO_ONLY,18
1820.0,VIDEO_ONLY,18
1820.5,VIDEO_ONLY,18
1821.0,VIDEO_ONLY,18
1821.5,VIDEO_ONLY,18
1822.0,VIDEO_ONLY,18
1822.5,VIDEO_ONLY,18
1823.0,VIDEO_ONLY,18
1823.5,VIDEO_ONLY,18
1824.0,VIDEO_ONLY,18
1824.5,VIDEO_ONLY,18
1825.0,VIDEO_ONLY,18
1825.5,VIDEO_ONLY,18
1826.0,VIDEO_ONLY,18
1826.5,VIDEO_ONLY,18
1827.0,VIDEO_ONLY,18
1827.5,VIDEO_ONLY,18
1828.0,VIDEO_ONLY,18
1828.5,VIDEO_ONLY,18
1829.0,VIDEO_ONLY,18
1829.5,VIDEO_ONLY,18
1830.0,VIDEO_ONLY,18
1830.5,VIDEO_ONLY,18
1831.0,VIDEO_ONLY,18
1831.5,VIDEO_ONLY,18
1832.0,VIDEO_ONLY,18
1832.5,VIDEO_ONLY,18
1833.0,VIDEO_ONLY,18
1833.5,VIDEO_ONLY,18
1834.0,VIDEO_ONLY,18
1834.5,VIDEO_ONLY,18
1835.0,VIDEO_ONLY,18
1835.5,VIDEO_ONLY,18
1836.0,VIDEO_ONLY,18
1836.5,VIDEO_ONLY,18
1837.0,VIDEO_ONLY,18
1837.5,VIDEO_ONLY,18
1838.0,VIDEO_ONLY,18
1838.5,VIDEO_ONLY,18
1839.0,VIDEO_ONLY,18
1839.5,VIDEO_ONLY,18
1840.0,VIDEO_ONLY,18
1840.5,VIDEO_ONLY,18
1841.0,VIDEO_ONLY,18
1841.5,VIDEO_ONLY,18
1842.0,VIDEO_ONLY,18
1842.5,VIDEO_ONLY,18
1843.0,VIDEO_ONLY,18
1843.5,VIDEO_ONLY,18
1844.0,VIDEO_ONLY,18
1844.5,VIDEO_ONLY,18
1845.0,VIDEO_ONLY,18
1845.5,VIDEO_ONLY,18
1846.0,VIDEO_ONLY,18
1846.5,VIDEO_ONLY,18
1847.0,VIDEO_ONLY,18
1847.5,VIDEO_ONLY,18
1848.0,VIDEO_ONLY,18
1848.5,VIDEO_ONLY,18
1849.0,VIDEO_ONLY,18
1849.5,VIDEO_ONLY,18
1850.0,VIDEO_ONLY,18
1850.5,VIDEO_ONLY,18
1851.0,VIDEO_ONLY,18
1851.5,VIDEO_ONLY,18
1852.0,VIDEO_ONLY,18
1852.5,VIDEO_ONLY,18
1853.0,VIDEO_ONLY,18
1853.5,VIDEO_ONLY,18
1854.0,VIDEO_ONLY,18
1854.5,VIDEO_ONLY,18
1855.0,VIDEO_ONLY,18
1855.5,VIDEO_ONLY,18
1856.0,VIDEO_ONLY,18
1856.5,VIDEO_ONLY,18
1857.0,VIDEO_ONLY,18
1857.5,VIDEO_ONLY,18
1858.0,VIDEO_ONLY,18
1858.5,VIDEO_ONLY,18
1859.0,VIDEO_ONLY,18
1859.5,VIDEO_ONLY,18
1860.0,VIDEO_ONLY,18
1860.5,VIDEO_ONLY,18
1861.0,VIDEO_ONLY,18
1861.5,VIDEO_ONLY,18
1862.0,VIDEO_ONLY,18
1862.5,VIDEO_ONLY,18
1863.0,VIDEO_ONLY,18
1863.5,VIDEO_ONLY,18
1864.0,VIDEO_ONLY,18
1864.5,VIDEO_ONLY,18
1865.0,VIDEO_ONLY,18
1865.5,VIDEO_ONLY,18
1866.0,VIDEO_ONLY,18
1866.5,VIDEO_ONLY,18
1867.0,VIDEO_ONLY,18
1867.5,VIDEO_ONLY,18
1868.0,VIDEO_ONLY,18
1868.5,VIDEO_ONLY,18
1869.0,VIDEO_ONLY,18
1869.5,VIDEO_ONLY,18
1870.0,VIDEO_ONLY,18
1870.5,VIDEO_ONLY,18
1871.0,VIDEO_ONLY,18
1871.5,VIDEO_ONLY,18
1872.0,VIDEO_ONLY,18
1872.5,VIDEO_ONLY,18
1873.0,VIDEO_ONLY,18
1873.5,VIDEO_ONLY,18
1874.0,VIDEO_ONLY,18
1874.5,VIDEO_ONLY,18
1875.0,VIDEO_ONLY,18
1875.5,VIDEO_ONLY,18
1876.0,VIDEO_ONLY,18
1876.5,VIDEO_ONLY,18
1877.0,VIDEO_ONLY,18
1877.5,VIDEO_ONLY,18
1878.0,VIDEO_ONLY,18
1878.5,VIDEO_ONLY,18
1879.0,VIDEO_ONLY,18
1879.5,VIDEO_ONLY,18
1880.0,VIDEO_ONLY,18
1880.5,VIDEO_ONLY,18
1881.0,VIDEO_ONLY,18
1881.5,VIDEO_ONLY,18
1882.0,VIDEO_ONLY,18
1882.5,VIDEO_ONLY,18
1883.0,VIDEO_ONLY,18
1883.5,VIDEO_ONLY,18
1884.0,VIDEO_ONLY,18
1884.5,VIDEO_ONLY,18
1885.0,VIDEO_ONLY,18
1885.5,VIDEO_ONLY,18
1886.0,VIDEO_ONLY,18
1886.5,VIDEO_ONLY,18
1887.0,VIDEO_ONLY,18
1887.5,VIDEO_ONLY,18
1888.0,VIDEO_ONLY,18
1888.5,VIDEO_ONLY,18
1889.0,VIDEO_ONLY,18
1889.5,VIDEO_ONLY,18
1890.0,VIDEO_ONLY,18
1890.5,VIDEO_ONLY,18
1891.0,VIDEO_ONLY,18
1891.5,VIDEO_ONLY,18
1892.0,VIDEO_ONLY,18
1892.5,VIDEO_ONLY,18
1893.0,VIDEO_ONLY,18
1893.5,VIDEO_ONLY,18
1894.0,VIDEO_ONLY,18
1894.5,VIDEO_ONLY,18
1895.0,VIDEO_ONLY,18
1895.5,VIDEO_ONLY,18
1896.0,VIDEO_ONLY,18
1896.5,VIDEO_ONLY,18
1897.0,VIDEO_ONLY,18
1897.5,VIDEO_ONLY,18
1898.0,VIDEO_ONLY,18
1898.5,VIDEO_ONLY,18
1899.0,VIDEO_ONLY,18
1899.5,VIDEO_ONLY,18
1900.0,VIDEO_ONLY,18
1900.5,VIDEO_ONLY,18
1901.0,VIDEO_ONLY,18
1901.5,VIDEO_ONLY,18
1902.0,VIDEO_ONLY,18
1902.5,VIDEO_ONLY,18
1903.0,VIDEO_ONLY,18
1903.5,VIDEO_ONLY,18
1904.0,VIDEO_ONLY,18
1904.5,VIDEO_ONLY,18
1905.0,VIDEO_ONLY,18
1905.5,VIDEO_ONLY,18
1906.0,VIDEO_ONLY,18
1906.5,VIDEO_ONLY,18
1907.0,VIDEO_ONLY,18
1907.5,VIDEO_ONLY,18
1908.0,VIDEO_ONLY,18
1908.5,VIDEO_ONLY,18
1909.0,VIDEO_ONLY,18
1909.5,VIDEO_ONLY,18
1910.0,VIDEO_ONLY,18
1910.5,VIDEO_ONLY,18
1911.0,VIDEO_ONLY,18
1911.5,VIDEO_ONLY,18
1912.0,VIDEO_ONLY,18
1912.5,VIDEO_ONLY,18
1913.0,VIDEO_ONLY,18
1913.5,VIDEO_ONLY,18
1914.0,VIDEO_ONLY,18
1914.5,VIDEO_ONLY,18
1915.0,VIDEO_ONLY,18
1915.5,VIDEO_ONLY,18
1916.0,VIDEO_ONLY,18
1916.5,VIDEO_ONLY,18
1917.0,VIDEO_ONLY,18
1917.5,VIDEO_ONLY,18
1918.0,VIDEO_ONLY,18
1918.5,VIDEO_ONLY,18
1919.0,VIDEO_ONLY,18
1919.5,VIDEO_ONLY,18
1920.0,VIDEO_ONLY,18
1920.5,VIDEO_ONLY,18
1921.0,VIDEO_ONLY,18
1921.5,VIDEO_ONLY,18
1922.0,VIDEO_ONLY,18
1922.5,VIDEO_ONLY,18
1923.0,VIDEO_ONLY,18
1923.5,VIDEO_ONLY,18
1924.0,VIDEO_ONLY,18
1924.5,VIDEO_ONLY,18
1925.0,VIDEO_ONLY,18
1925.5,VIDEO_ONLY,18
1926.0,VIDEO_ONLY,18
1926.5,VIDEO_ONLY,18
1927.0,VIDEO_ONLY,18
1927.5,VIDEO_ONLY,18
1928.0,VIDEO_ONLY,18
1928.5,VIDEO_ONLY,18
1929.0,VIDEO_ONLY,18
1929.5,VIDEO_ONLY,18
1930.0,VIDEO_ONLY,18
1930.5,VIDEO_ONLY,18
1931.0,VIDEO_ONLY,18
1931.5,VIDEO_ONLY,18
1932.0,VIDEO_ONLY,18
1932.5,VIDEO_ONLY,18
1933.0,VIDEO_ONLY,18
1933.5,VIDEO_ONLY,18
1934.0,VIDEO_ONLY,18
1934.5,VIDEO_ONLY,18
1935.0,VIDEO_ONLY,18
1935.5,VIDEO_ONLY,18
1936.0,VIDEO_ONLY,18
1936.5,VIDEO_ONLY,18
1937.0,VIDEO_ONLY,18
1937.5,VIDEO_ONLY,18
1938.0,VIDEO_ONLY,18
1938.5,VIDEO_ONLY,18
1939.0,VIDEO_ONLY,18
1939.5,VIDEO_ONLY,16
1940.0,VIDEO_ONLY,16
1940.5,VIDEO_ONLY,16
1941.0,VIDEO_ONLY,16
1941.5,VIDEO_ONLY,16
1942.0,VIDEO_ONLY,16
1942.5,VIDEO_ONLY,16
1943.0,VIDEO_ONLY,16
1943.5,VIDEO_ONLY,16
1944.0,VIDEO_ONLY,16
1944.5,VIDEO_ONLY,16
1945.0,VIDEO_ONLY,16
1945.5,VIDEO_ONLY,16
1946.0,VIDEO_ONLY,16
1946.5,VIDEO_ONLY,16
1947.0,VIDEO_ONLY,16
1947.5,VIDEO_ONLY,16
1948.0,VIDEO_ONLY,16
1948.5,VIDEO_ONLY,16
1949.0,VIDEO_ONLY,16
1949.5,VIDEO_ONLY,16
1950.0,VIDEO_ONLY,16
1950.5,VIDEO_ONLY,16
1951.0,VIDEO_ONLY,16
1951.5,VIDEO_ONLY,16
1952.0,VIDEO_ONLY,16
1952.5,VIDEO_ONLY,16
1953.0,VIDEO_ONLY,16
1953.5,VIDEO_ONLY,16
1954.0,VIDEO_ONLY,16
1954.5,VIDEO_ONLY,16
1955.0,VIDEO_ONLY,16
1955.5,VIDEO_ONLY,16
1956.0,VIDEO_ONLY,16
1956.5,VIDEO_ONLY,16
1957.0,VIDEO_ONLY,16
1957.5,VIDEO_ONLY,16
1958.0,VIDEO_ONLY,16
1958.5,VIDEO_ONLY,16
1959.0,VIDEO_ONLY,16
1959.5,VIDEO_ONLY,16
1960.0,VIDEO_ONLY,16
1960.5,VIDEO_ONLY,16
1961.0,VIDEO_ONLY,16
1961.5,VIDEO_ONLY,16
1962.0,VIDEO_ONLY,16
1962.5,VIDEO_ONLY,16
1963.0,VIDEO_ONLY,16
1963.5,VIDEO_ONLY,16
1964.0,VIDEO_ONLY,16
1964.5,VIDEO_ONLY,16
1965.0,VIDEO_ONLY,16
1965.5,VIDEO_ONLY,16
1966.0,VIDEO_ONLY,16
1966.5,VIDEO_ONLY,16
1967.0,VIDEO_ONLY,16
1967.5,VIDEO_ONLY,16
1968.0,VIDEO_ONLY,16
1968.5,VIDEO_ONLY,16
1969.0,VIDEO_ONLY,16
1969.5,VIDEO_ONLY,16
1970.0,VIDEO_ONLY,16
1970.5,VIDEO_ONLY,16
1971.0,VIDEO_ONLY,16
1971.5,VIDEO_ONLY,16
1972.0,VIDEO_ONLY,16
1972.5,VIDEO_ONLY,16
1973.0,VIDEO_ONLY,16
1973.5,VIDEO_ONLY,16
1974.0,VIDEO_ONLY,16
1974.5,VIDEO_ONLY,16
1975.0,VIDEO_ONLY,16
1975.5,VIDEO_ONLY,16
1976.0,VIDEO_ONLY,16
1976.5,VIDEO_ONLY,16
1977.0,VIDEO_ONLY,16
1977.5,VIDEO_ONLY,16
1978.0,VIDEO_ONLY,16
1978.5,VIDEO_ONLY,16
1979.0,VIDEO_ONLY,16
1979.5,VIDEO_ONLY,16
1980.0,VIDEO_ONLY,16
1980.5,VIDEO_ONLY,16
1981.0,VIDEO_ONLY,16
1981.5,VIDEO_ONLY,16
1982.0,VIDEO_ONLY,16
1982.5,VIDEO_ONLY,16
1983.0,VIDEO_ONLY,16
1983.5,VIDEO_ONLY,16
1984.0,VIDEO_ONLY,16
1984.5,VIDEO_ONLY,16
1985.0,VIDEO_ONLY,16
1985.5,VIDEO_ONLY,16
1986.0,VIDEO_ONLY,16
1986.5,VIDEO_ONLY,16
1987.0,VIDEO_ONLY,16
1987.5,VIDEO_ONLY,16
1988.0,VIDEO_ONLY,16
1988.5,VIDEO_ONLY,16
1989.0,VIDEO_ONLY,16
1989.5,VIDEO_ONLY,16
1990.0,VIDEO_ONLY,16
1990.5,VIDEO_ONLY,16
1991.0,VIDEO_ONLY,16
1991.5,VIDEO_ONLY,16
1992.0,VIDEO_ONLY,16
1992.5,VIDEO_ONLY,16
1993.0,VIDEO_ONLY,16
1993.5,VIDEO_ONLY,16
1994.0,VIDEO_ONLY,16
1994.5,VIDEO_ONLY,16
1995.0,VIDEO_ONLY,16
1995.5,VIDEO_ONLY,16
1996.0,VIDEO_ONLY,16
1996.5,VIDEO_ONLY,16
1997.0,VIDEO_ONLY,16
1997.5,VIDEO_ONLY,16
1998.0,VIDEO_ONLY,16
1998.5,VIDEO_ONLY,16
1999.0,VIDEO_ONLY,16
1999.5,VIDEO_ONLY,16
2000.0,VIDEO_ONLY,16
2000.5,VIDEO_ONLY,16
2001.0,VIDEO_ONLY,16
2001.5,VIDEO_ONLY,16
2002.0,VIDEO_ONLY,16
2002.5,VIDEO_ONLY,16
2003.0,VIDEO_ONLY,16
2003.5,VIDEO_ONLY,16
2004.0,VIDEO_ONLY,16
2004.5,VIDEO_ONLY,16
2005.0,VIDEO_ONLY,16
2005.5,VIDEO_ONLY,16
2006.0,VIDEO_ONLY,16
2006.5,VIDEO_ONLY,16
2007.0,VIDEO_ONLY,16
2007.5,VIDEO_ONLY,16
2008.0,VIDEO_ONLY,16
2008.5,VIDEO_ONLY,16
2009.0,VIDEO_ONLY,16
2009.5,VIDEO_ONLY,16
2010.0,VIDEO_ONLY,16
2010.5,VIDEO_ONLY,16
2011.0,VIDEO_ONLY,16
2011.5,VIDEO_ONLY,16
2012.0,VIDEO_ONLY,16
2012.5,VIDEO_ONLY,16
2013.0,VIDEO_ONLY,16
2013.5,VIDEO_ONLY,16
2014.0,VIDEO_ONLY,16
2014.5,VIDEO_ONLY,16
2015.0,VIDEO_ONLY,16
2015.5,VIDEO_ONLY,16
2016.0,VIDEO_ONLY,16
2016.5,VIDEO_ONLY,16
2017.0,VIDEO_ONLY,16
2017.5,VIDEO_ONLY,16
2018.0,VIDEO_ONLY,16
2018.5,VIDEO_ONLY,16
2019.0,VIDEO_ONLY,16
2019.5,VIDEO_ONLY,16
2020.0,VIDEO_ONLY,16
2020.5,VIDEO_ONLY,16
2021.0,VIDEO_ONLY,16
2021.5,VIDEO_ONLY,16
2022.0,VIDEO_ONLY,16
2022.5,VIDEO_ONLY,16
2023.0,VIDEO_ONLY,16
2023.5,VIDEO_ONLY,16
2024.0,VIDEO_ONLY,16
2024.5,VIDEO_ONLY,16
2025.0,VIDEO_ONLY,16
2025.5,VIDEO_ONLY,16
2026.0,VIDEO_ONLY,16
2026.5,VIDEO_ONLY,16
2027.0,VIDEO_ONLY,16
2027.5,VIDEO_ONLY,16
2028.0,VIDEO_ONLY,16
2028.5,VIDEO_ONLY,16
2029.0,VIDEO_ONLY,16
2029.5,VIDEO_ONLY,16
2030.0,VIDEO_ONLY,16
2030.5,VIDEO_ONLY,16
2031.0,VIDEO_ONLY,16
2031.5,VIDEO_ONLY,16
2032.0,VIDEO_ONLY,16
2032.5,VIDEO_ONLY,16
2033.0,VIDEO_ONLY,16
2033.5,VIDEO_ONLY,16
2034.0,VIDEO_ONLY,16
2034.5,VIDEO_ONLY,16
2035.0,VIDEO_ONLY,16
2035.5,VIDEO_ONLY,16
2036.0,VIDEO_ONLY,16
2036.5,VIDEO_ONLY,16
2037.0,VIDEO_ONLY,16
2037.5,VIDEO_ONLY,16
2038.0,VIDEO_ONLY,16
2038.5,VIDEO_ONLY,16
2039.0,VIDEO_ONLY,16
2039.5,VIDEO_ONLY,16
2040.0,VIDEO_ONLY,16
2040.5,VIDEO_ONLY,16
2041.0,VIDEO_ONLY,16
2041.5,VIDEO_ONLY,16
2042.0,VIDEO_ONLY,16
2042.5,VIDEO_ONLY,16
2043.0,VIDEO_ONLY,16
2043.5,VIDEO_ONLY,16
2044.0,VIDEO_ONLY,16
2044.5,VIDEO_ONLY,16
2045.0,VIDEO_ONLY,16
2045.5,VIDEO_ONLY,16
2046.0,VIDEO_ONLY,16
2046.5,VIDEO_ONLY,16
2047.0,VIDEO_ONLY,16
2047.5,VIDEO_ONLY,18
2048.0,VIDEO_ONLY,18
2048.5,VIDEO_ONLY,18
2049.0,VIDEO_ONLY,18
2049.5,VIDEO_ONLY,18
2050.0,VIDEO_ONLY,18
2050.5,VIDEO_ONLY,18
2051.0,VIDEO_ONLY,18
2051.5,VIDEO_ONLY,18
2052.0,VIDEO_ONLY,18
2052.5,VIDEO_ONLY,18
2053.0,VIDEO_ONLY,18
2053.5,VIDEO_ONLY,18
2054.0,VIDEO_ONLY,18
2054.5,VIDEO_ONLY,18
2055.0,VIDEO_ONLY,18
2055.5,VIDEO_ONLY,18
2056.0,VIDEO_ONLY,18
2056.5,VIDEO_ONLY,18
2057.0,VIDEO_ONLY,18
2057.5,VIDEO_ONLY,18
2058.0,VIDEO_ONLY,18
2058.5,VIDEO_ONLY,18
2059.0,VIDEO_ONLY,18
2059.5,VIDEO_ONLY,18
2060.0,VIDEO_ONLY,18
2060.5,VIDEO_ONLY,18
2061.0,VIDEO_ONLY,18
2061.5,VIDEO_ONLY,18
2062.0,VIDEO_ONLY,18
2062.5,VIDEO_ONLY,18
2063.0,VIDEO_ONLY,18
2063.5,VIDEO_ONLY,18
2064.0,VIDEO_ONLY,18
2064.5,VIDEO_ONLY,18
2065.0,VIDEO_ONLY,18
2065.5,VIDEO_ONLY,18
2066.0,VIDEO_ONLY,18
2066.5,VIDEO_ONLY,18
2067.0,VIDEO_ONLY,18
2067.5,VIDEO_ONLY,18
2068.0,VIDEO_ONLY,18
2068.5,VIDEO_ONLY,18
2069.0,VIDEO_ONLY,18
2069.5,VIDEO_ONLY,18
2070.0,VIDEO_ONLY,18
2070.5,VIDEO_ONLY,18
2071.0,VIDEO_ONLY,18
2071.5,VIDEO_ONLY,18
2072.0,VIDEO_ONLY,18
2072.5,VIDEO_ONLY,18
2073.0,VIDEO_ONLY,18
2073.5,VIDEO_ONLY,18
2074.0,VIDEO_ONLY,18
2074.5,VIDEO_ONLY,18
2075.0,VIDEO_ONLY,18
2075.5,VIDEO_ONLY,18
2076.0,VIDEO_ONLY,18
2076.5,VIDEO_ONLY,18
2077.0,VIDEO_ONLY,18
2077.5,VIDEO_ONLY,18
2078.0,VIDEO_ONLY,18
2078.5,VIDEO_ONLY,18
2079.0,VIDEO_ONLY,18
2079.5,VIDEO_ONLY,18
2080.0,VIDEO_ONLY,18
2080.5,VIDEO_ONLY,18
2081.0,VIDEO_ONLY,18
2081.5,VIDEO_ONLY,18
2082.0,VIDEO_ONLY,18
2082.5,VIDEO_ONLY,18
2083.0,VIDEO_ONLY,18
2083.5,VIDEO_ONLY,18
2084.0,VIDEO_ONLY,18
2084.5,VIDEO_ONLY,18
2085.0,VIDEO_ONLY,18
2085.5,VIDEO_ONLY,18
2086.0,VIDEO_ONLY,18
2086.5,VIDEO_ONLY,17
2087.0,VIDEO_ONLY,17
2087.5,VIDEO_ONLY,17
2088.0,VIDEO_ONLY,17
2088.5,VIDEO_ONLY,17
2089.0,VIDEO_ONLY,17
2089.5,VIDEO_ONLY,17
2090.0,VIDEO_ONLY,17
2090.5,VIDEO_ONLY,17
2091.0,VIDEO_ONLY,17
2091.5,VIDEO_ONLY,17
2092.0,VIDEO_ONLY,17
2092.5,VIDEO_ONLY,17
2093.0,VIDEO_ONLY,18
2093.5,VIDEO_ONLY,18
2094.0,VIDEO_ONLY,18
2094.5,VIDEO_ONLY,18
2095.0,VIDEO_ONLY,18
2095.5,VIDEO_ONLY,18
2096.0,VIDEO_ONLY,18
2096.5,VIDEO_ONLY,18
2097.0,VIDEO_ONLY,18
2097.5,VIDEO_ONLY,18
2098.0,VIDEO_ONLY,18
2098.5,VIDEO_ONLY,18
2099.0,VIDEO_ONLY,18
2099.5,VIDEO_ONLY,18
2100.0,VIDEO_ONLY,18
2100.5,VIDEO_ONLY,17
2101.0,VIDEO_ONLY,17
2101.5,VIDEO_ONLY,17
2102.0,VIDEO_ONLY,17
2102.5,VIDEO_ONLY,17
2103.0,VIDEO_ONLY,17
2103.5,VIDEO_ONLY,17
2104.0,VIDEO_ONLY,17
2104.5,VIDEO_ONLY,17
2105.0,VIDEO_ONLY,17
2105.5,VIDEO_ONLY,17
2106.0,VIDEO_ONLY,17
2106.5,VIDEO_ONLY,17
2107.0,VIDEO_ONLY,17
2107.5,VIDEO_ONLY,17
2108.0,VIDEO_ONLY,17
2108.5,VIDEO_ONLY,17
2109.0,VIDEO_ONLY,17
2109.5,VIDEO_ONLY,17
2110.0,VIDEO_ONLY,17
2110.5,VIDEO_ONLY,17
2111.0,VIDEO_ONLY,17
2111.5,VIDEO_ONLY,17
2112.0,VIDEO_ONLY,17
2112.5,VIDEO_ONLY,17
2113.0,VIDEO_ONLY,17
2113.5,VIDEO_ONLY,17
2114.0,VIDEO_ONLY,17
2114.5,VIDEO_ONLY,17
2115.0,VIDEO_ONLY,17
2115.5,VIDEO_ONLY,17
2116.0,VIDEO_ONLY,17
2116.5,VIDEO_ONLY,17
2117.0,VIDEO_ONLY,17
2117.5,VIDEO_ONLY,17
2118.0,VIDEO_ONLY,17
2118.5,VIDEO_ONLY,17
2119.0,VIDEO_ONLY,17
2119.5,VIDEO_ONLY,17
2120.0,VIDEO_ONLY,17
2120.5,VIDEO_ONLY,17
2121.0,VIDEO_ONLY,17
2121.5,VIDEO_ONLY,17
2122.0,VIDEO_ONLY,17
2122.5,VIDEO_ONLY,17
2123.0,VIDEO_ONLY,17
2123.5,VIDEO_ONLY,17
2124.0,VIDEO_ONLY,17
2124.5,VIDEO_ONLY,17
2125.0,VIDEO_ONLY,17
2125.5,VIDEO_ONLY,17
2126.0,VIDEO_ONLY,17
2126.5,VIDEO_ONLY,17
2127.0,VIDEO_ONLY,18
2127.5,VIDEO_ONLY,18
2128.0,VIDEO_ONLY,18
2128.5,VIDEO_ONLY,18
2129.0,VIDEO_ONLY,18
2129.5,VIDEO_ONLY,18
2130.0,VIDEO_ONLY,18
2130.5,VIDEO_ONLY,18
2131.0,VIDEO_ONLY,18
2131.5,VIDEO_ONLY,18
2132.0,VIDEO_ONLY,18
2132.5,VIDEO_ONLY,18
2133.0,VIDEO_ONLY,18
2133.5,VIDEO_ONLY,18
2134.0,VIDEO_ONLY,18
2134.5,VIDEO_ONLY,18
2135.0,VIDEO_ONLY,18
2135.5,VIDEO_ONLY,18
2136.0,VIDEO_ONLY,18
2136.5,VIDEO_ONLY,18
2137.0,VIDEO_ONLY,18
2137.5,VIDEO_ONLY,18
2138.0,VIDEO_ONLY,18
2138.5,VIDEO_ONLY,18
2139.0,VIDEO_ONLY,18
2139.5,VIDEO_ONLY,18
2140.0,VIDEO_ONLY,18
2140.5,VIDEO_ONLY,18
2141.0,VIDEO_ONLY,18
2141.5,VIDEO_ONLY,18
2142.0,VIDEO_ONLY,18
2142.5,VIDEO_ONLY,18
2143.0,VIDEO_ONLY,18
2143.5,VIDEO_ONLY,18
2144.0,VIDEO_ONLY,18
2144.5,VIDEO_ONLY,18
2145.0,VIDEO_ONLY,18
2145.5,VIDEO_ONLY,18
2146.0,VIDEO_ONLY,18
2146.5,VIDEO_ONLY,18
2147.0,VIDEO_ONLY,18
2147.5,VIDEO_ONLY,18
2148.0,VIDEO_ONLY,18
2148.5,VIDEO_ONLY,18
2149.0,VIDEO_ONLY,18
2149.5,VIDEO_ONLY,18
2150.0,VIDEO_ONLY,18
2150.5,VIDEO_ONLY,18
2151.0,VIDEO_ONLY,18
2151.5,VIDEO_ONLY,18
2152.0,VIDEO_ONLY,18
2152.5,VIDEO_ONLY,18
2153.0,VIDEO_ONLY,18
2153.5,VIDEO_ONLY,18
2154.0,VIDEO_ONLY,18
2154.5,VIDEO_ONLY,18
2155.0,VIDEO_ONLY,18
2155.5,VIDEO_ONLY,18
2156.0,VIDEO_ONLY,18
2156.5,VIDEO_ONLY,18
2157.0,VIDEO_ONLY,18
2157.5,VIDEO_ONLY,18
2158.0,VIDEO_ONLY,18
2158.5,VIDEO_ONLY,18
2159.0,VIDEO_ONLY,18
2159.5,VIDEO_ONLY,18
2160.0,VIDEO_ONLY,18
2160.5,VIDEO_ONLY,18
2161.0,VIDEO_ONLY,18
2161.5,VIDEO_ONLY,18
2162.0,VIDEO_ONLY,18
2162.5,VIDEO_ONLY,18
2163.0,VIDEO_ONLY,18
2163.5,VIDEO_ONLY,18
2164.0,VIDEO_ONLY,18
2164.5,VIDEO_ONLY,18
2165.0,VIDEO_ONLY,18
0.5,EARLY_CONCAT,18
1.0,EARLY_CONCAT,18
1.5,EARLY_CONCAT,18
2.0,EARLY_CONCAT,18
2.5,EARLY_CONCAT,18
3.0,EARLY_CONCAT,18
3.5,EARLY_CONCAT,18
4.0,EARLY_CONCAT,18
4.5,EARLY_CONCAT,18
5.0,EARLY_CONCAT,18
5.5,EARLY_CONCAT,18
6.0,EARLY_CONCAT,8
6.5,EARLY_CONCAT,8
7.0,EARLY_CONCAT,8
7.5,EARLY_CONCAT,8
8.0,EARLY_CONCAT,8
8.5,EARLY_CONCAT,8
9.0,EARLY_CONCAT,8
9.5,EARLY_CONCAT,8
10.0,EARLY_CONCAT,8
10.5,EARLY_CONCAT,8
11.0,EARLY_CONCAT,8
11.5,EARLY_CONCAT,8
12.0,EARLY_CONCAT,8
12.5,EARLY_CONCAT,8
13.0,EARLY_CONCAT,8
13.5,EARLY_CONCAT,8
14.0,EARLY_CONCAT,8
14.5,EARLY_CONCAT,8
15.0,EARLY_CONCAT,8
15.5,EARLY_CONCAT,8
16.0,EARLY_CONCAT,8
16.5,EARLY_CONCAT,8
17.0,EARLY_CONCAT,8
17.5,EARLY_CONCAT,8
18.0,EARLY_CONCAT,8
18.5,EARLY_CONCAT,8
19.0,EARLY_CONCAT,8
19.5,EARLY_CONCAT,8
20.0,EARLY_CONCAT,8
20.5,EARLY_CONCAT,8
21.0,EARLY_CONCAT,8
21.5,EARLY_CONCAT,8
22.0,EARLY_CONCAT,8
22.5,EARLY_CONCAT,8
23.0,EARLY_CONCAT,8
23.5,EARLY_CONCAT,8
24.0,EARLY_CONCAT,8
24.5,EARLY_CONCAT,8
25.0,EARLY_CONCAT,8
25.5,EARLY_CONCAT,8
26.0,EARLY_CONCAT,8
26.5,EARLY_CONCAT,8
27.0,EARLY_CONCAT,8
27.5,EARLY_CONCAT,8
28.0,EARLY_CONCAT,8
28.5,EARLY_CONCAT,8
29.0,EARLY_CONCAT,8
29.5,EARLY_CONCAT,8
30.0,EARLY_CONCAT,8
30.5,EARLY_CONCAT,8
31.0,EARLY_CONCAT,8
31.5,EARLY_CONCAT,8
32.0,EARLY_CONCAT,8
32.5,EARLY_CONCAT,8
33.0,EARLY_CONCAT,8
33.5,EARLY_CONCAT,8
34.0,EARLY_CONCAT,8
34.5,EARLY_CONCAT,8
35.0,EARLY_CONCAT,8
35.5,EARLY_CONCAT,8
36.0,EARLY_CONCAT,8
36.5,EARLY_CONCAT,8
37.0,EARLY_CONCAT,8
37.5,EARLY_CONCAT,8
38.0,EARLY_CONCAT,8
38.5,EARLY_CONCAT,8
39.0,EARLY_CONCAT,16
39.5,EARLY_CONCAT,16
40.0,EARLY_CONCAT,16
40.5,EARLY_CONCAT,16
41.0,EARLY_CONCAT,16
41.5,EARLY_CONCAT,16
42.0,EARLY_CONCAT,16
42.5,EARLY_CONCAT,16
43.0,EARLY_CONCAT,16
43.5,EARLY_CONCAT,16
44.0,EARLY_CONCAT,16
44.5,EARLY_CONCAT,16
45.0,EARLY_CONCAT,16
45.5,EARLY_CONCAT,16
46.0,EARLY_CONCAT,16
46.5,EARLY_CONCAT,16
47.0,EARLY_CONCAT,16
47.5,EARLY_CONCAT,16
48.0,EARLY_CONCAT,16
48.5,EARLY_CONCAT,16
49.0,EARLY_CONCAT,16
49.5,EARLY_CONCAT,16
50.0,EARLY_CONCAT,16
50.5,EARLY_CONCAT,16
51.0,EARLY_CONCAT,16
51.5,EARLY_CONCAT,16
52.0,EARLY_CONCAT,16
52.5,EARLY_CONCAT,16
53.0,EARLY_CONCAT,16
53.5,EARLY_CONCAT,16
54.0,EARLY_CONCAT,16
54.5,EARLY_CONCAT,16
55.0,EARLY_CONCAT,16
55.5,EARLY_CONCAT,16
56.0,EARLY_CONCAT,16
56.5,EARLY_CONCAT,16
57.0,EARLY_CONCAT,16
57.5,EARLY_CONCAT,16
58.0,EARLY_CONCAT,16
58.5,EARLY_CONCAT,16
59.0,EARLY_CONCAT,16
59.5,EARLY_CONCAT,16
60.0,EARLY_CONCAT,16
60.5,EARLY_CONCAT,16
61.0,EARLY_CONCAT,16
61.5,EARLY_CONCAT,16
62.0,EARLY_CONCAT,16
62.5,EARLY_CONCAT,16
63.0,EARLY_CONCAT,16
63.5,EARLY_CONCAT,16
64.0,EARLY_CONCAT,16
64.5,EARLY_CONCAT,16
65.0,EARLY_CONCAT,16
65.5,EARLY_CONCAT,16
66.0,EARLY_CONCAT,16
66.5,EARLY_CONCAT,16
67.0,EARLY_CONCAT,16
67.5,EARLY_CONCAT,16
68.0,EARLY_CONCAT,16
68.5,EARLY_CONCAT,16
69.0,EARLY_CONCAT,16
69.5,EARLY_CONCAT,16
70.0,EARLY_CONCAT,16
70.5,EARLY_CONCAT,16
71.0,EARLY_CONCAT,16
71.5,EARLY_CONCAT,16
72.0,EARLY_CONCAT,16
72.5,EARLY_CONCAT,16
73.0,EARLY_CONCAT,16
73.5,EARLY_CONCAT,16
74.0,EARLY_CONCAT,16
74.5,EARLY_CONCAT,16
75.0,EARLY_CONCAT,16
75.5,EARLY_CONCAT,16
76.0,EARLY_CONCAT,16
76.5,EARLY_CONCAT,16
77.0,EARLY_CONCAT,16
77.5,EARLY_CONCAT,16
78.0,EARLY_CONCAT,16
78.5,EARLY_CONCAT,16
79.0,EARLY_CONCAT,16
79.5,EARLY_CONCAT,16
80.0,EARLY_CONCAT,16
80.5,EARLY_CONCAT,16
81.0,EARLY_CONCAT,16
81.5,EARLY_CONCAT,16
82.0,EARLY_CONCAT,16
82.5,EARLY_CONCAT,16
83.0,EARLY_CONCAT,16
83.5,EARLY_CONCAT,16
84.0,EARLY_CONCAT,16
84.5,EARLY_CONCAT,16
85.0,EARLY_CONCAT,16
85.5,EARLY_CONCAT,16
86.0,EARLY_CONCAT,16
86.5,EARLY_CONCAT,16
87.0,EARLY_CONCAT,16
87.5,EARLY_CONCAT,16
88.0,EARLY_CONCAT,16
88.5,EARLY_CONCAT,16
89.0,EARLY_CONCAT,16
89.5,EARLY_CONCAT,16
90.0,EARLY_CONCAT,16
90.5,EARLY_CONCAT,16
91.0,EARLY_CONCAT,16
91.5,EARLY_CONCAT,16
92.0,EARLY_CONCAT,16
92.5,EARLY_CONCAT,16
93.0,EARLY_CONCAT,16
93.5,EARLY_CONCAT,16
94.0,EARLY_CONCAT,16
94.5,EARLY_CONCAT,16
95.0,EARLY_CONCAT,16
95.5,EARLY_CONCAT,16
96.0,EARLY_CONCAT,16
96.5,EARLY_CONCAT,16
97.0,EARLY_CONCAT,16
97.5,EARLY_CONCAT,16
98.0,EARLY_CONCAT,16
98.5,EARLY_CONCAT,16
99.0,EARLY_CONCAT,16
99.5,EARLY_CONCAT,16
100.0,EARLY_CONCAT,16
100.5,EARLY_CONCAT,16
101.0,EARLY_CONCAT,18
101.5,EARLY_CONCAT,18
102.0,EARLY_CONCAT,18
102.5,EARLY_CONCAT,18
103.0,EARLY_CONCAT,18
103.5,EARLY_CONCAT,18
104.0,EARLY_CONCAT,18
104.5,EARLY_CONCAT,18
105.0,EARLY_CONCAT,18
105.5,EARLY_CONCAT,18
106.0,EARLY_CONCAT,18
106.5,EARLY_CONCAT,18
107.0,EARLY_CONCAT,18
107.5,EARLY_CONCAT,18
108.0,EARLY_CONCAT,18
108.5,EARLY_CONCAT,18
109.0,EARLY_CONCAT,18
109.5,EARLY_CONCAT,18
110.0,EARLY_CONCAT,18
110.5,EARLY_CONCAT,18
111.0,EARLY_CONCAT,18
111.5,EARLY_CONCAT,18
112.0,EARLY_CONCAT,18
112.5,EARLY_CONCAT,18
113.0,EARLY_CONCAT,18
113.5,EARLY_CONCAT,18
114.0,EARLY_CONCAT,18
114.5,EARLY_CONCAT,18
115.0,EARLY_CONCAT,18
115.5,EARLY_CONCAT,18
116.0,EARLY_CONCAT,11
116.5,EARLY_CONCAT,11
117.0,EARLY_CONCAT,11
117.5,EARLY_CONCAT,11
118.0,EARLY_CONCAT,11
118.5,EARLY_CONCAT,11
119.0,EARLY_CONCAT,11
119.5,EARLY_CONCAT,11
120.0,EARLY_CONCAT,11
120.5,EARLY_CONCAT,11
121.0,EARLY_CONCAT,11
121.5,EARLY_CONCAT,11
122.0,EARLY_CONCAT,11
122.5,EARLY_CONCAT,11
123.0,EARLY_CONCAT,11
123.5,EARLY_CONCAT,11
124.0,EARLY_CONCAT,11
124.5,EARLY_CONCAT,11
125.0,EARLY_CONCAT,11
125.5,EARLY_CONCAT,11
126.0,EARLY_CONCAT,11
126.5,EARLY_CONCAT,11
127.0,EARLY_CONCAT,11
127.5,EARLY_CONCAT,11
128.0,EARLY_CONCAT,11
128.5,EARLY_CONCAT,11
129.0,EARLY_CONCAT,11
129.5,EARLY_CONCAT,11
130.0,EARLY_CONCAT,11
130.5,EARLY_CONCAT,11
131.0,EARLY_CONCAT,11
131.5,EARLY_CONCAT,11
132.0,EARLY_CONCAT,11
132.5,EARLY_CONCAT,11
133.0,EARLY_CONCAT,11
133.5,EARLY_CONCAT,11
134.0,EARLY_CONCAT,11
134.5,EARLY_CONCAT,11
135.0,EARLY_CONCAT,11
135.5,EARLY_CONCAT,11
136.0,EARLY_CONCAT,11
136.5,EARLY_CONCAT,11
137.0,EARLY_CONCAT,11
137.5,EARLY_CONCAT,11
138.0,EARLY_CONCAT,11
138.5,EARLY_CONCAT,11
139.0,EARLY_CONCAT,11
139.5,EARLY_CONCAT,11
140.0,EARLY_CONCAT,11
140.5,EARLY_CONCAT,11
141.0,EARLY_CONCAT,11
141.5,EARLY_CONCAT,11
142.0,EARLY_CONCAT,11
142.5,EARLY_CONCAT,11
143.0,EARLY_CONCAT,11
143.5,EARLY_CONCAT,11
144.0,EARLY_CONCAT,11
144.5,EARLY_CONCAT,11
145.0,EARLY_CONCAT,11
145.5,EARLY_CONCAT,11
146.0,EARLY_CONCAT,11
146.5,EARLY_CONCAT,11
147.0,EARLY_CONCAT,11
147.5,EARLY_CONCAT,11
148.0,EARLY_CONCAT,11
148.5,EARLY_CONCAT,11
149.0,EARLY_CONCAT,11
149.5,EARLY_CONCAT,11
150.0,EARLY_CONCAT,11
150.5,EARLY_CONCAT,11
151.0,EARLY_CONCAT,11
151.5,EARLY_CONCAT,11
152.0,EARLY_CONCAT,11
152.5,EARLY_CONCAT,11
153.0,EARLY_CONCAT,11
153.5,EARLY_CONCAT,11
154.0,EARLY_CONCAT,11
154.5,EARLY_CONCAT,11
155.0,EARLY_CONCAT,11
155.5,EARLY_CONCAT,11
156.0,EARLY_CONCAT,11
156.5,EARLY_CONCAT,11
157.0,EARLY_CONCAT,11
157.5,EARLY_CONCAT,11
158.0,EARLY_CONCAT,11
158.5,EARLY_CONCAT,11
159.0,EARLY_CONCAT,11
159.5,EARLY_CONCAT,11
160.0,EARLY_CONCAT,11
160.5,EARLY_CONCAT,11
161.0,EARLY_CONCAT,11
161.5,EARLY_CONCAT,11
162.0,EARLY_CONCAT,11
162.5,EARLY_CONCAT,11
163.0,EARLY_CONCAT,11
163.5,EARLY_CONCAT,11
164.0,EARLY_CONCAT,11
164.5,EARLY_CONCAT,11
165.0,EARLY_CONCAT,11
165.5,EARLY_CONCAT,11
166.0,EARLY_CONCAT,11
166.5,EARLY_CONCAT,11
167.0,EARLY_CONCAT,11
167.5,EARLY_CONCAT,11
168.0,EARLY_CONCAT,11
168.5,EARLY_CONCAT,11
169.0,EARLY_CONCAT,11
169.5,EARLY_CONCAT,11
170.0,EARLY_CONCAT,11
170.5,EARLY_CONCAT,11
171.0,EARLY_CONCAT,11
171.5,EARLY_CONCAT,11
172.0,EARLY_CONCAT,11
172.5,EARLY_CONCAT,11
173.0,EARLY_CONCAT,11
173.5,EARLY_CONCAT,11
174.0,EARLY_CONCAT,11
174.5,EARLY_CONCAT,11
175.0,EARLY_CONCAT,11
175.5,EARLY_CONCAT,11
176.0,EARLY_CONCAT,11
176.5,EARLY_CONCAT,11
177.0,EARLY_CONCAT,11
177.5,EARLY_CONCAT,11
178.0,EARLY_CONCAT,11
178.5,EARLY_CONCAT,11
179.0,EARLY_CONCAT,11
179.5,EARLY_CONCAT,18
180.0,EARLY_CONCAT,18
180.5,EARLY_CONCAT,18
181.0,EARLY_CONCAT,18
181.5,EARLY_CONCAT,18
182.0,EARLY_CONCAT,18
182.5,EARLY_CONCAT,18
183.0,EARLY_CONCAT,18
183.5,EARLY_CONCAT,18
184.0,EARLY_CONCAT,18
184.5,EARLY_CONCAT,18
185.0,EARLY_CONCAT,18
185.5,EARLY_CONCAT,18
186.0,EARLY_CONCAT,18
186.5,EARLY_CONCAT,18
187.0,EARLY_CONCAT,18
187.5,EARLY_CONCAT,18
188.0,EARLY_CONCAT,18
188.5,EARLY_CONCAT,18
189.0,EARLY_CONCAT,18
189.5,EARLY_CONCAT,18
190.0,EARLY_CONCAT,18
190.5,EARLY_CONCAT,18
191.0,EARLY_CONCAT,18
191.5,EARLY_CONCAT,18
192.0,EARLY_CONCAT,18
192.5,EARLY_CONCAT,18
193.0,EARLY_CONCAT,18
193.5,EARLY_CONCAT,18
194.0,EARLY_CONCAT,18
194.5,EARLY_CONCAT,18
195.0,EARLY_CONCAT,18
195.5,EARLY_CONCAT,18
196.0,EARLY_CONCAT,18
196.5,EARLY_CONCAT,18
197.0,EARLY_CONCAT,18
197.5,EARLY_CONCAT,18
198.0,EARLY_CONCAT,18
198.5,EARLY_CONCAT,18
199.0,EARLY_CONCAT,18
199.5,EARLY_CONCAT,18
200.0,EARLY_CONCAT,18
200.5,EARLY_CONCAT,18
201.0,EARLY_CONCAT,18
201.5,EARLY_CONCAT,18
202.0,EARLY_CONCAT,18
202.5,EARLY_CONCAT,18
203.0,EARLY_CONCAT,18
203.5,EARLY_CONCAT,18
204.0,EARLY_CONCAT,18
204.5,EARLY_CONCAT,18
205.0,EARLY_CONCAT,18
205.5,EARLY_CONCAT,18
206.0,EARLY_CONCAT,18
206.5,EARLY_CONCAT,18
207.0,EARLY_CONCAT,18
207.5,EARLY_CONCAT,18
208.0,EARLY_CONCAT,18
208.5,EARLY_CONCAT,18
209.0,EARLY_CONCAT,18
209.5,EARLY_CONCAT,18
210.0,EARLY_CONCAT,18
210.5,EARLY_CONCAT,18
211.0,EARLY_CONCAT,18
211.5,EARLY_CONCAT,18
212.0,EARLY_CONCAT,18
212.5,EARLY_CONCAT,18
213.0,EARLY_CONCAT,18
213.5,EARLY_CONCAT,18
214.0,EARLY_CONCAT,18
214.5,EARLY_CONCAT,18
215.0,EARLY_CONCAT,18
215.5,EARLY_CONCAT,18
216.0,EARLY_CONCAT,18
216.5,EARLY_CONCAT,18
217.0,EARLY_CONCAT,18
217.5,EARLY_CONCAT,18
218.0,EARLY_CONCAT,18
218.5,EARLY_CONCAT,18
219.0,EARLY_CONCAT,18
219.5,EARLY_CONCAT,18
220.0,EARLY_CONCAT,18
220.5,EARLY_CONCAT,18
221.0,EARLY_CONCAT,18
221.5,EARLY_CONCAT,18
222.0,EARLY_CONCAT,18
222.5,EARLY_CONCAT,18
223.0,EARLY_CONCAT,18
223.5,EARLY_CONCAT,18
224.0,EARLY_CONCAT,18
224.5,EARLY_CONCAT,18
225.0,EARLY_CONCAT,18
225.5,EARLY_CONCAT,18
226.0,EARLY_CONCAT,18
226.5,EARLY_CONCAT,18
227.0,EARLY_CONCAT,18
227.5,EARLY_CONCAT,18
228.0,EARLY_CONCAT,18
228.5,EARLY_CONCAT,18
229.0,EARLY_CONCAT,18
229.5,EARLY_CONCAT,18
230.0,EARLY_CONCAT,18
230.5,EARLY_CONCAT,14
231.0,EARLY_CONCAT,14
231.5,EARLY_CONCAT,14
232.0,EARLY_CONCAT,14
232.5,EARLY_CONCAT,14
233.0,EARLY_CONCAT,14
233.5,EARLY_CONCAT,14
234.0,EARLY_CONCAT,14
234.5,EARLY_CONCAT,14
235.0,EARLY_CONCAT,14
235.5,EARLY_CONCAT,14
236.0,EARLY_CONCAT,14
236.5,EARLY_CONCAT,14
237.0,EARLY_CONCAT,14
237.5,EARLY_CONCAT,14
238.0,EARLY_CONCAT,14
238.5,EARLY_CONCAT,14
239.0,EARLY_CONCAT,14
239.5,EARLY_CONCAT,14
240.0,EARLY_CONCAT,14
240.5,EARLY_CONCAT,14
241.0,EARLY_CONCAT,14
241.5,EARLY_CONCAT,14
242.0,EARLY_CONCAT,14
242.5,EARLY_CONCAT,14
243.0,EARLY_CONCAT,14
243.5,EARLY_CONCAT,14
244.0,EARLY_CONCAT,14
244.5,EARLY_CONCAT,14
245.0,EARLY_CONCAT,14
245.5,EARLY_CONCAT,14
246.0,EARLY_CONCAT,14
246.5,EARLY_CONCAT,14
247.0,EARLY_CONCAT,14
247.5,EARLY_CONCAT,14
248.0,EARLY_CONCAT,14
248.5,EARLY_CONCAT,14
249.0,EARLY_CONCAT,14
249.5,EARLY_CONCAT,14
250.0,EARLY_CONCAT,14
250.5,EARLY_CONCAT,14
251.0,EARLY_CONCAT,14
251.5,EARLY_CONCAT,14
252.0,EARLY_CONCAT,14
252.5,EARLY_CONCAT,14
253.0,EARLY_CONCAT,14
253.5,EARLY_CONCAT,14
254.0,EARLY_CONCAT,14
254.5,EARLY_CONCAT,14
255.0,EARLY_CONCAT,14
255.5,EARLY_CONCAT,14
256.0,EARLY_CONCAT,14
256.5,EARLY_CONCAT,14
257.0,EARLY_CONCAT,14
257.5,EARLY_CONCAT,14
258.0,EARLY_CONCAT,14
258.5,EARLY_CONCAT,14
259.0,EARLY_CONCAT,14
259.5,EARLY_CONCAT,14
260.0,EARLY_CONCAT,14
260.5,EARLY_CONCAT,14
261.0,EARLY_CONCAT,14
261.5,EARLY_CONCAT,14
262.0,EARLY_CONCAT,14
262.5,EARLY_CONCAT,14
263.0,EARLY_CONCAT,14
263.5,EARLY_CONCAT,14
264.0,EARLY_CONCAT,14
264.5,EARLY_CONCAT,14
265.0,EARLY_CONCAT,14
265.5,EARLY_CONCAT,14
266.0,EARLY_CONCAT,14
266.5,EARLY_CONCAT,14
267.0,EARLY_CONCAT,14
267.5,EARLY_CONCAT,14
268.0,EARLY_CONCAT,14
268.5,EARLY_CONCAT,14
269.0,EARLY_CONCAT,14
269.5,EARLY_CONCAT,14
270.0,EARLY_CONCAT,14
270.5,EARLY_CONCAT,14
271.0,EARLY_CONCAT,14
271.5,EARLY_CONCAT,14
272.0,EARLY_CONCAT,14
272.5,EARLY_CONCAT,14
273.0,EARLY_CONCAT,14
273.5,EARLY_CONCAT,14
274.0,EARLY_CONCAT,14
274.5,EARLY_CONCAT,14
275.0,EARLY_CONCAT,14
275.5,EARLY_CONCAT,14
276.0,EARLY_CONCAT,14
276.5,EARLY_CONCAT,14
277.0,EARLY_CONCAT,14
277.5,EARLY_CONCAT,14
278.0,EARLY_CONCAT,14
278.5,EARLY_CONCAT,14
279.0,EARLY_CONCAT,14
279.5,EARLY_CONCAT,14
280.0,EARLY_CONCAT,14
280.5,EARLY_CONCAT,14
281.0,EARLY_CONCAT,14
281.5,EARLY_CONCAT,14
282.0,EARLY_CONCAT,14
282.5,EARLY_CONCAT,14
283.0,EARLY_CONCAT,14
283.5,EARLY_CONCAT,14
284.0,EARLY_CONCAT,14
284.5,EARLY_CONCAT,14
285.0,EARLY_CONCAT,14
285.5,EARLY_CONCAT,14
286.0,EARLY_CONCAT,14
286.5,EARLY_CONCAT,14
287.0,EARLY_CONCAT,14
287.5,EARLY_CONCAT,14
288.0,EARLY_CONCAT,14
288.5,EARLY_CONCAT,14
289.0,EARLY_CONCAT,14
289.5,EARLY_CONCAT,14
290.0,EARLY_CONCAT,14
290.5,EARLY_CONCAT,14
291.0,EARLY_CONCAT,18
291.5,EARLY_CONCAT,18
292.0,EARLY_CONCAT,18
292.5,EARLY_CONCAT,18
293.0,EARLY_CONCAT,18
293.5,EARLY_CONCAT,18
294.0,EARLY_CONCAT,18
294.5,EARLY_CONCAT,18
295.0,EARLY_CONCAT,18
295.5,EARLY_CONCAT,18
296.0,EARLY_CONCAT,18
296.5,EARLY_CONCAT,18
297.0,EARLY_CONCAT,18
297.5,EARLY_CONCAT,18
298.0,EARLY_CONCAT,18
298.5,EARLY_CONCAT,18
299.0,EARLY_CONCAT,18
299.5,EARLY_CONCAT,18
300.0,EARLY_CONCAT,18
300.5,EARLY_CONCAT,18
301.0,EARLY_CONCAT,18
301.5,EARLY_CONCAT,18
302.0,EARLY_CONCAT,18
302.5,EARLY_CONCAT,18
303.0,EARLY_CONCAT,18
303.5,EARLY_CONCAT,18
304.0,EARLY_CONCAT,18
304.5,EARLY_CONCAT,18
305.0,EARLY_CONCAT,18
305.5,EARLY_CONCAT,18
306.0,EARLY_CONCAT,18
306.5,EARLY_CONCAT,18
307.0,EARLY_CONCAT,18
307.5,EARLY_CONCAT,18
308.0,EARLY_CONCAT,18
308.5,EARLY_CONCAT,18
309.0,EARLY_CONCAT,18
309.5,EARLY_CONCAT,18
310.0,EARLY_CONCAT,18
310.5,EARLY_CONCAT,18
311.0,EARLY_CONCAT,18
311.5,EARLY_CONCAT,18
312.0,EARLY_CONCAT,18
312.5,EARLY_CONCAT,18
313.0,EARLY_CONCAT,18
313.5,EARLY_CONCAT,18
314.0,EARLY_CONCAT,18
314.5,EARLY_CONCAT,18
315.0,EARLY_CONCAT,18
315.5,EARLY_CONCAT,18
316.0,EARLY_CONCAT,18
316.5,EARLY_CONCAT,18
317.0,EARLY_CONCAT,18
317.5,EARLY_CONCAT,18
318.0,EARLY_CONCAT,18
318.5,EARLY_CONCAT,18
319.0,EARLY_CONCAT,18
319.5,EARLY_CONCAT,18
320.0,EARLY_CONCAT,18
320.5,EARLY_CONCAT,18
321.0,EARLY_CONCAT,18
321.5,EARLY_CONCAT,18
322.0,EARLY_CONCAT,18
322.5,EARLY_CONCAT,18
323.0,EARLY_CONCAT,18
323.5,EARLY_CONCAT,18
324.0,EARLY_CONCAT,18
324.5,EARLY_CONCAT,18
325.0,EARLY_CONCAT,18
325.5,EARLY_CONCAT,18
326.0,EARLY_CONCAT,18
326.5,EARLY_CONCAT,18
327.0,EARLY_CONCAT,18
327.5,EARLY_CONCAT,18
328.0,EARLY_CONCAT,18
328.5,EARLY_CONCAT,18
329.0,EARLY_CONCAT,18
329.5,EARLY_CONCAT,18
330.0,EARLY_CONCAT,18
330.5,EARLY_CONCAT,18
331.0,EARLY_CONCAT,18
331.5,EARLY_CONCAT,18
332.0,EARLY_CONCAT,18
332.5,EARLY_CONCAT,18
333.0,EARLY_CONCAT,18
333.5,EARLY_CONCAT,18
334.0,EARLY_CONCAT,18
334.5,EARLY_CONCAT,18
335.0,EARLY_CONCAT,18
335.5,EARLY_CONCAT,18
336.0,EARLY_CONCAT,18
336.5,EARLY_CONCAT,18
337.0,EARLY_CONCAT,18
337.5,EARLY_CONCAT,18
338.0,EARLY_CONCAT,18
338.5,EARLY_CONCAT,18
339.0,EARLY_CONCAT,18
339.5,EARLY_CONCAT,18
340.0,EARLY_CONCAT,18
340.5,EARLY_CONCAT,18
341.0,EARLY_CONCAT,18
341.5,EARLY_CONCAT,18
342.0,EARLY_CONCAT,18
342.5,EARLY_CONCAT,18
343.0,EARLY_CONCAT,18
343.5,EARLY_CONCAT,18
344.0,EARLY_CONCAT,18
344.5,EARLY_CONCAT,18
345.0,EARLY_CONCAT,18
345.5,EARLY_CONCAT,18
346.0,EARLY_CONCAT,18
346.5,EARLY_CONCAT,18
347.0,EARLY_CONCAT,18
347.5,EARLY_CONCAT,18
348.0,EARLY_CONCAT,11
348.5,EARLY_CONCAT,11
349.0,EARLY_CONCAT,11
349.5,EARLY_CONCAT,11
350.0,EARLY_CONCAT,11
350.5,EARLY_CONCAT,11
351.0,EARLY_CONCAT,11
351.5,EARLY_CONCAT,11
352.0,EARLY_CONCAT,11
352.5,EARLY_CONCAT,11
353.0,EARLY_CONCAT,11
353.5,EARLY_CONCAT,11
354.0,EARLY_CONCAT,11
354.5,EARLY_CONCAT,11
355.0,EARLY_CONCAT,11
355.5,EARLY_CONCAT,11
356.0,EARLY_CONCAT,11
356.5,EARLY_CONCAT,11
357.0,EARLY_CONCAT,11
357.5,EARLY_CONCAT,11
358.0,EARLY_CONCAT,11
358.5,EARLY_CONCAT,11
359.0,EARLY_CONCAT,11
359.5,EARLY_CONCAT,11
360.0,EARLY_CONCAT,11
360.5,EARLY_CONCAT,11
361.0,EARLY_CONCAT,11
361.5,EARLY_CONCAT,11
362.0,EARLY_CONCAT,11
362.5,EARLY_CONCAT,11
363.0,EARLY_CONCAT,11
363.5,EARLY_CONCAT,11
364.0,EARLY_CONCAT,11
364.5,EARLY_CONCAT,11
365.0,EARLY_CONCAT,11
365.5,EARLY_CONCAT,11
366.0,EARLY_CONCAT,11
366.5,EARLY_CONCAT,11
367.0,EARLY_CONCAT,11
367.5,EARLY_CONCAT,11
368.0,EARLY_CONCAT,11
368.5,EARLY_CONCAT,11
369.0,EARLY_CONCAT,11
369.5,EARLY_CONCAT,11
370.0,EARLY_CONCAT,11
370.5,EARLY_CONCAT,11
371.0,EARLY_CONCAT,11
371.5,EARLY_CONCAT,11
372.0,EARLY_CONCAT,11
372.5,EARLY_CONCAT,11
373.0,EARLY_CONCAT,11
373.5,EARLY_CONCAT,11
374.0,EARLY_CONCAT,11
374.5,EARLY_CONCAT,11
375.0,EARLY_CONCAT,11
375.5,EARLY_CONCAT,11
376.0,EARLY_CONCAT,11
376.5,EARLY_CONCAT,11
377.0,EARLY_CONCAT,11
377.5,EARLY_CONCAT,11
378.0,EARLY_CONCAT,11
378.5,EARLY_CONCAT,11
379.0,EARLY_CONCAT,11
379.5,EARLY_CONCAT,11
380.0,EARLY_CONCAT,11
380.5,EARLY_CONCAT,11
381.0,EARLY_CONCAT,11
381.5,EARLY_CONCAT,11
382.0,EARLY_CONCAT,11
382.5,EARLY_CONCAT,11
383.0,EARLY_CONCAT,11
383.5,EARLY_CONCAT,11
384.0,EARLY_CONCAT,11
384.5,EARLY_CONCAT,11
385.0,EARLY_CONCAT,11
385.5,EARLY_CONCAT,11
386.0,EARLY_CONCAT,11
386.5,EARLY_CONCAT,11
387.0,EARLY_CONCAT,11
387.5,EARLY_CONCAT,11
388.0,EARLY_CONCAT,11
388.5,EARLY_CONCAT,11
389.0,EARLY_CONCAT,11
389.5,EARLY_CONCAT,11
390.0,EARLY_CONCAT,11
390.5,EARLY_CONCAT,11
391.0,EARLY_CONCAT,11
391.5,EARLY_CONCAT,11
392.0,EARLY_CONCAT,11
392.5,EARLY_CONCAT,11
393.0,EARLY_CONCAT,11
393.5,EARLY_CONCAT,11
394.0,EARLY_CONCAT,11
394.5,EARLY_CONCAT,11
395.0,EARLY_CONCAT,11
395.5,EARLY_CONCAT,11
396.0,EARLY_CONCAT,11
396.5,EARLY_CONCAT,11
397.0,EARLY_CONCAT,11
397.5,EARLY_CONCAT,11
398.0,EARLY_CONCAT,11
398.5,EARLY_CONCAT,11
399.0,EARLY_CONCAT,11
399.5,EARLY_CONCAT,11
400.0,EARLY_CONCAT,11
400.5,EARLY_CONCAT,11
401.0,EARLY_CONCAT,11
401.5,EARLY_CONCAT,11
402.0,EARLY_CONCAT,11
402.5,EARLY_CONCAT,11
403.0,EARLY_CONCAT,10
403.5,EARLY_CONCAT,10
404.0,EARLY_CONCAT,10
404.5,EARLY_CONCAT,10
405.0,EARLY_CONCAT,10
405.5,EARLY_CONCAT,10
406.0,EARLY_CONCAT,10
406.5,EARLY_CONCAT,10
407.0,EARLY_CONCAT,10
407.5,EARLY_CONCAT,10
408.0,EARLY_CONCAT,10
408.5,EARLY_CONCAT,10
409.0,EARLY_CONCAT,10
409.5,EARLY_CONCAT,10
410.0,EARLY_CONCAT,10
410.5,EARLY_CONCAT,10
411.0,EARLY_CONCAT,10
411.5,EARLY_CONCAT,10
412.0,EARLY_CONCAT,10
412.5,EARLY_CONCAT,10
413.0,EARLY_CONCAT,10
413.5,EARLY_CONCAT,10
414.0,EARLY_CONCAT,10
414.5,EARLY_CONCAT,10
415.0,EARLY_CONCAT,10
415.5,EARLY_CONCAT,10
416.0,EARLY_CONCAT,10
416.5,EARLY_CONCAT,10
417.0,EARLY_CONCAT,10
417.5,EARLY_CONCAT,10
418.0,EARLY_CONCAT,10
418.5,EARLY_CONCAT,10
419.0,EARLY_CONCAT,10
419.5,EARLY_CONCAT,10
420.0,EARLY_CONCAT,10
420.5,EARLY_CONCAT,10
421.0,EARLY_CONCAT,10
421.5,EARLY_CONCAT,10
422.0,EARLY_CONCAT,10
422.5,EARLY_CONCAT,10
423.0,EARLY_CONCAT,10
423.5,EARLY_CONCAT,10
424.0,EARLY_CONCAT,10
424.5,EARLY_CONCAT,10
425.0,EARLY_CONCAT,10
425.5,EARLY_CONCAT,10
426.0,EARLY_CONCAT,10
426.5,EARLY_CONCAT,10
427.0,EARLY_CONCAT,10
427.5,EARLY_CONCAT,10
428.0,EARLY_CONCAT,10
428.5,EARLY_CONCAT,10
429.0,EARLY_CONCAT,10
429.5,EARLY_CONCAT,10
430.0,EARLY_CONCAT,10
430.5,EARLY_CONCAT,10
431.0,EARLY_CONCAT,10
431.5,EARLY_CONCAT,10
432.0,EARLY_CONCAT,10
432.5,EARLY_CONCAT,10
433.0,EARLY_CONCAT,10
433.5,EARLY_CONCAT,10
434.0,EARLY_CONCAT,10
434.5,EARLY_CONCAT,10
435.0,EARLY_CONCAT,10
435.5,EARLY_CONCAT,10
436.0,EARLY_CONCAT,10
436.5,EARLY_CONCAT,10
437.0,EARLY_CONCAT,10
437.5,EARLY_CONCAT,10
438.0,EARLY_CONCAT,10
438.5,EARLY_CONCAT,10
439.0,EARLY_CONCAT,10
439.5,EARLY_CONCAT,10
440.0,EARLY_CONCAT,10
440.5,EARLY_CONCAT,10
441.0,EARLY_CONCAT,10
441.5,EARLY_CONCAT,10
442.0,EARLY_CONCAT,10
442.5,EARLY_CONCAT,10
443.0,EARLY_CONCAT,10
443.5,EARLY_CONCAT,10
444.0,EARLY_CONCAT,10
444.5,EARLY_CONCAT,10
445.0,EARLY_CONCAT,10
445.5,EARLY_CONCAT,10
446.0,EARLY_CONCAT,10
446.5,EARLY_CONCAT,10
447.0,EARLY_CONCAT,10
447.5,EARLY_CONCAT,10
448.0,EARLY_CONCAT,10
448.5,EARLY_CONCAT,10
449.0,EARLY_CONCAT,10
449.5,EARLY_CONCAT,10
450.0,EARLY_CONCAT,10
450.5,EARLY_CONCAT,10
451.0,EARLY_CONCAT,10
451.5,EARLY_CONCAT,10
452.0,EARLY_CONCAT,10
452.5,EARLY_CONCAT,10
453.0,EARLY_CONCAT,10
453.5,EARLY_CONCAT,10
454.0,EARLY_CONCAT,10
454.5,EARLY_CONCAT,10
455.0,EARLY_CONCAT,10
455.5,EARLY_CONCAT,10
456.0,EARLY_CONCAT,10
456.5,EARLY_CONCAT,10
457.0,EARLY_CONCAT,10
457.5,EARLY_CONCAT,10
458.0,EARLY_CONCAT,10
458.5,EARLY_CONCAT,18
459.0,EARLY_CONCAT,18
459.5,EARLY_CONCAT,18
460.0,EARLY_CONCAT,18
460.5,EARLY_CONCAT,18
461.0,EARLY_CONCAT,18
461.5,EARLY_CONCAT,18
462.0,EARLY_CONCAT,18
462.5,EARLY_CONCAT,18
463.0,EARLY_CONCAT,18
463.5,EARLY_CONCAT,18
464.0,EARLY_CONCAT,18
464.5,EARLY_CONCAT,18
465.0,EARLY_CONCAT,18
465.5,EARLY_CONCAT,18
466.0,EARLY_CONCAT,18
466.5,EARLY_CONCAT,18
467.0,EARLY_CONCAT,18
467.5,EARLY_CONCAT,18
468.0,EARLY_CONCAT,18
468.5,EARLY_CONCAT,18
469.0,EARLY_CONCAT,18
469.5,EARLY_CONCAT,18
470.0,EARLY_CONCAT,18
470.5,EARLY_CONCAT,18
471.0,EARLY_CONCAT,18
471.5,EARLY_CONCAT,18
472.0,EARLY_CONCAT,18
472.5,EARLY_CONCAT,18
473.0,EARLY_CONCAT,18
473.5,EARLY_CONCAT,18
474.0,EARLY_CONCAT,18
474.5,EARLY_CONCAT,18
475.0,EARLY_CONCAT,18
475.5,EARLY_CONCAT,18
476.0,EARLY_CONCAT,18
476.5,EARLY_CONCAT,18
477.0,EARLY_CONCAT,18
477.5,EARLY_CONCAT,18
478.0,EARLY_CONCAT,18
478.5,EARLY_CONCAT,18
479.0,EARLY_CONCAT,18
479.5,EARLY_CONCAT,18
480.0,EARLY_CONCAT,18
480.5,EARLY_CONCAT,18
481.0,EARLY_CONCAT,18
481.5,EARLY_CONCAT,18
482.0,EARLY_CONCAT,18
482.5,EARLY_CONCAT,18
483.0,EARLY_CONCAT,18
483.5,EARLY_CONCAT,18
484.0,EARLY_CONCAT,18
484.5,EARLY_CONCAT,18
485.0,EARLY_CONCAT,18
485.5,EARLY_CONCAT,18
486.0,EARLY_CONCAT,18
486.5,EARLY_CONCAT,18
487.0,EARLY_CONCAT,18
487.5,EARLY_CONCAT,18
488.0,EARLY_CONCAT,18
488.5,EARLY_CONCAT,18
489.0,EARLY_CONCAT,18
489.5,EARLY_CONCAT,18
490.0,EARLY_CONCAT,18
490.5,EARLY_CONCAT,18
491.0,EARLY_CONCAT,18
491.5,EARLY_CONCAT,18
492.0,EARLY_CONCAT,18
492.5,EARLY_CONCAT,18
493.0,EARLY_CONCAT,18
493.5,EARLY_CONCAT,18
494.0,EARLY_CONCAT,18
494.5,EARLY_CONCAT,18
495.0,EARLY_CONCAT,18
495.5,EARLY_CONCAT,18
496.0,EARLY_CONCAT,18
496.5,EARLY_CONCAT,18
497.0,EARLY_CONCAT,18
497.5,EARLY_CONCAT,18
498.0,EARLY_CONCAT,18
498.5,EARLY_CONCAT,18
499.0,EARLY_CONCAT,18
499.5,EARLY_CONCAT,18
500.0,EARLY_CONCAT,18
500.5,EARLY_CONCAT,18
501.0,EARLY_CONCAT,18
501.5,EARLY_CONCAT,18
502.0,EARLY_CONCAT,18
502.5,EARLY_CONCAT,18
503.0,EARLY_CONCAT,18
503.5,EARLY_CONCAT,18
504.0,EARLY_CONCAT,18
504.5,EARLY_CONCAT,18
505.0,EARLY_CONCAT,18
505.5,EARLY_CONCAT,18
506.0,EARLY_CONCAT,18
506.5,EARLY_CONCAT,18
507.0,EARLY_CONCAT,18
507.5,EARLY_CONCAT,18
508.0,EARLY_CONCAT,18
508.5,EARLY_CONCAT,18
509.0,EARLY_CONCAT,18
509.5,EARLY_CONCAT,18
510.0,EARLY_CONCAT,18
510.5,EARLY_CONCAT,18
511.0,EARLY_CONCAT,18
511.5,EARLY_CONCAT,18
512.0,EARLY_CONCAT,18
512.5,EARLY_CONCAT,13
513.0,EARLY_CONCAT,13
513.5,EARLY_CONCAT,13
514.0,EARLY_CONCAT,13
514.5,EARLY_CONCAT,13
515.0,EARLY_CONCAT,13
515.5,EARLY_CONCAT,13
516.0,EARLY_CONCAT,13
516.5,EARLY_CONCAT,13
517.0,EARLY_CONCAT,13
517.5,EARLY_CONCAT,13
518.0,EARLY_CONCAT,13
518.5,EARLY_CONCAT,13
519.0,EARLY_CONCAT,13
519.5,EARLY_CONCAT,13
520.0,EARLY_CONCAT,13
520.5,EARLY_CONCAT,13
521.0,EARLY_CONCAT,13
521.5,EARLY_CONCAT,13
522.0,EARLY_CONCAT,13
522.5,EARLY_CONCAT,13
523.0,EARLY_CONCAT,13
523.5,EARLY_CONCAT,13
524.0,EARLY_CONCAT,13
524.5,EARLY_CONCAT,13
525.0,EARLY_CONCAT,13
525.5,EARLY_CONCAT,13
526.0,EARLY_CONCAT,13
526.5,EARLY_CONCAT,13
527.0,EARLY_CONCAT,13
527.5,EARLY_CONCAT,13
528.0,EARLY_CONCAT,13
528.5,EARLY_CONCAT,13
529.0,EARLY_CONCAT,13
529.5,EARLY_CONCAT,13
530.0,EARLY_CONCAT,13
530.5,EARLY_CONCAT,13
531.0,EARLY_CONCAT,13
531.5,EARLY_CONCAT,13
532.0,EARLY_CONCAT,13
532.5,EARLY_CONCAT,13
533.0,EARLY_CONCAT,13
533.5,EARLY_CONCAT,13
534.0,EARLY_CONCAT,13
534.5,EARLY_CONCAT,13
535.0,EARLY_CONCAT,13
535.5,EARLY_CONCAT,13
536.0,EARLY_CONCAT,13
536.5,EARLY_CONCAT,13
537.0,EARLY_CONCAT,13
537.5,EARLY_CONCAT,13
538.0,EARLY_CONCAT,13
538.5,EARLY_CONCAT,13
539.0,EARLY_CONCAT,13
539.5,EARLY_CONCAT,13
540.0,EARLY_CONCAT,13
540.5,EARLY_CONCAT,13
541.0,EARLY_CONCAT,13
541.5,EARLY_CONCAT,13
542.0,EARLY_CONCAT,13
542.5,EARLY_CONCAT,13
543.0,EARLY_CONCAT,13
543.5,EARLY_CONCAT,13
544.0,EARLY_CONCAT,13
544.5,EARLY_CONCAT,13
545.0,EARLY_CONCAT,13
545.5,EARLY_CONCAT,13
546.0,EARLY_CONCAT,13
546.5,EARLY_CONCAT,13
547.0,EARLY_CONCAT,13
547.5,EARLY_CONCAT,13
548.0,EARLY_CONCAT,13
548.5,EARLY_CONCAT,13
549.0,EARLY_CONCAT,13
549.5,EARLY_CONCAT,13
550.0,EARLY_CONCAT,13
550.5,EARLY_CONCAT,13
551.0,EARLY_CONCAT,13
551.5,EARLY_CONCAT,13
552.0,EARLY_CONCAT,13
552.5,EARLY_CONCAT,13
553.0,EARLY_CONCAT,13
553.5,EARLY_CONCAT,13
554.0,EARLY_CONCAT,13
554.5,EARLY_CONCAT,13
555.0,EARLY_CONCAT,13
555.5,EARLY_CONCAT,13
556.0,EARLY_CONCAT,13
556.5,EARLY_CONCAT,13
557.0,EARLY_CONCAT,13
557.5,EARLY_CONCAT,13
558.0,EARLY_CONCAT,13
558.5,EARLY_CONCAT,13
559.0,EARLY_CONCAT,13
559.5,EARLY_CONCAT,13
560.0,EARLY_CONCAT,13
560.5,EARLY_CONCAT,13
561.0,EARLY_CONCAT,13
561.5,EARLY_CONCAT,13
562.0,EARLY_CONCAT,13
562.5,EARLY_CONCAT,13
563.0,EARLY_CONCAT,13
563.5,EARLY_CONCAT,13
564.0,EARLY_CONCAT,13
564.5,EARLY_CONCAT,13
565.0,EARLY_CONCAT,13
565.5,EARLY_CONCAT,13
566.0,EARLY_CONCAT,13
566.5,EARLY_CONCAT,13
567.0,EARLY_CONCAT,13
567.5,EARLY_CONCAT,13
568.0,EARLY_CONCAT,13
568.5,EARLY_CONCAT,13
569.0,EARLY_CONCAT,13
569.5,EARLY_CONCAT,13
570.0,EARLY_CONCAT,13
570.5,EARLY_CONCAT,13
571.0,EARLY_CONCAT,13
571.5,EARLY_CONCAT,13
572.0,EARLY_CONCAT,13
572.5,EARLY_CONCAT,13
573.0,EARLY_CONCAT,13
573.5,EARLY_CONCAT,13
574.0,EARLY_CONCAT,13
574.5,EARLY_CONCAT,13
575.0,EARLY_CONCAT,13
575.5,EARLY_CONCAT,13
576.0,EARLY_CONCAT,13
576.5,EARLY_CONCAT,13
577.0,EARLY_CONCAT,13
577.5,EARLY_CONCAT,13
578.0,EARLY_CONCAT,13
578.5,EARLY_CONCAT,13
579.0,EARLY_CONCAT,13
579.5,EARLY_CONCAT,13
580.0,EARLY_CONCAT,13
580.5,EARLY_CONCAT,13
581.0,EARLY_CONCAT,13
581.5,EARLY_CONCAT,13
582.0,EARLY_CONCAT,13
582.5,EARLY_CONCAT,13
583.0,EARLY_CONCAT,13
583.5,EARLY_CONCAT,13
584.0,EARLY_CONCAT,13
584.5,EARLY_CONCAT,13
585.0,EARLY_CONCAT,13
585.5,EARLY_CONCAT,13
586.0,EARLY_CONCAT,13
586.5,EARLY_CONCAT,13
587.0,EARLY_CONCAT,13
587.5,EARLY_CONCAT,13
588.0,EARLY_CONCAT,13
588.5,EARLY_CONCAT,13
589.0,EARLY_CONCAT,13
589.5,EARLY_CONCAT,13
590.0,EARLY_CONCAT,13
590.5,EARLY_CONCAT,18
591.0,EARLY_CONCAT,18
591.5,EARLY_CONCAT,18
592.0,EARLY_CONCAT,18
592.5,EARLY_CONCAT,18
593.0,EARLY_CONCAT,18
593.5,EARLY_CONCAT,18
594.0,EARLY_CONCAT,18
594.5,EARLY_CONCAT,18
595.0,EARLY_CONCAT,18
595.5,EARLY_CONCAT,18
596.0,EARLY_CONCAT,18
596.5,EARLY_CONCAT,18
597.0,EARLY_CONCAT,18
597.5,EARLY_CONCAT,18
598.0,EARLY_CONCAT,18
598.5,EARLY_CONCAT,18
599.0,EARLY_CONCAT,18
599.5,EARLY_CONCAT,18
600.0,EARLY_CONCAT,18
600.5,EARLY_CONCAT,18
601.0,EARLY_CONCAT,18
601.5,EARLY_CONCAT,18
602.0,EARLY_CONCAT,18
602.5,EARLY_CONCAT,18
603.0,EARLY_CONCAT,18
603.5,EARLY_CONCAT,18
604.0,EARLY_CONCAT,18
604.5,EARLY_CONCAT,18
605.0,EARLY_CONCAT,18
605.5,EARLY_CONCAT,18
606.0,EARLY_CONCAT,18
606.5,EARLY_CONCAT,18
607.0,EARLY_CONCAT,18
607.5,EARLY_CONCAT,18
608.0,EARLY_CONCAT,18
608.5,EARLY_CONCAT,18
609.0,EARLY_CONCAT,18
609.5,EARLY_CONCAT,18
610.0,EARLY_CONCAT,18
610.5,EARLY_CONCAT,18
611.0,EARLY_CONCAT,18
611.5,EARLY_CONCAT,18
612.0,EARLY_CONCAT,18
612.5,EARLY_CONCAT,18
613.0,EARLY_CONCAT,18
613.5,EARLY_CONCAT,18
614.0,EARLY_CONCAT,18
614.5,EARLY_CONCAT,18
615.0,EARLY_CONCAT,18
615.5,EARLY_CONCAT,18
616.0,EARLY_CONCAT,18
616.5,EARLY_CONCAT,18
617.0,EARLY_CONCAT,18
617.5,EARLY_CONCAT,18
618.0,EARLY_CONCAT,18
618.5,EARLY_CONCAT,18
619.0,EARLY_CONCAT,18
619.5,EARLY_CONCAT,18
620.0,EARLY_CONCAT,18
620.5,EARLY_CONCAT,18
621.0,EARLY_CONCAT,18
621.5,EARLY_CONCAT,18
622.0,EARLY_CONCAT,18
622.5,EARLY_CONCAT,18
623.0,EARLY_CONCAT,18
623.5,EARLY_CONCAT,18
624.0,EARLY_CONCAT,18
624.5,EARLY_CONCAT,18
625.0,EARLY_CONCAT,18
625.5,EARLY_CONCAT,18
626.0,EARLY_CONCAT,18
626.5,EARLY_CONCAT,18
627.0,EARLY_CONCAT,18
627.5,EARLY_CONCAT,18
628.0,EARLY_CONCAT,18
628.5,EARLY_CONCAT,18
629.0,EARLY_CONCAT,18
629.5,EARLY_CONCAT,18
630.0,EARLY_CONCAT,18
630.5,EARLY_CONCAT,18
631.0,EARLY_CONCAT,18
631.5,EARLY_CONCAT,18
632.0,EARLY_CONCAT,18
632.5,EARLY_CONCAT,18
633.0,EARLY_CONCAT,18
633.5,EARLY_CONCAT,18
634.0,EARLY_CONCAT,18
634.5,EARLY_CONCAT,18
635.0,EARLY_CONCAT,18
635.5,EARLY_CONCAT,18
636.0,EARLY_CONCAT,18
636.5,EARLY_CONCAT,18
637.0,EARLY_CONCAT,18
637.5,EARLY_CONCAT,18
638.0,EARLY_CONCAT,18
638.5,EARLY_CONCAT,18
639.0,EARLY_CONCAT,18
639.5,EARLY_CONCAT,18
640.0,EARLY_CONCAT,18
640.5,EARLY_CONCAT,18
641.0,EARLY_CONCAT,18
641.5,EARLY_CONCAT,18
642.0,EARLY_CONCAT,18
642.5,EARLY_CONCAT,18
643.0,EARLY_CONCAT,18
643.5,EARLY_CONCAT,18
644.0,EARLY_CONCAT,18
644.5,EARLY_CONCAT,18
645.0,EARLY_CONCAT,18
645.5,EARLY_CONCAT,18
646.0,EARLY_CONCAT,18
646.5,EARLY_CONCAT,18
647.0,EARLY_CONCAT,18
647.5,EARLY_CONCAT,18
648.0,EARLY_CONCAT,18
648.5,EARLY_CONCAT,18
649.0,EARLY_CONCAT,18
649.5,EARLY_CONCAT,18
650.0,EARLY_CONCAT,18
650.5,EARLY_CONCAT,18
651.0,EARLY_CONCAT,18
651.5,EARLY_CONCAT,18
652.0,EARLY_CONCAT,18
652.5,EARLY_CONCAT,18
653.0,EARLY_CONCAT,18
653.5,EARLY_CONCAT,18
654.0,EARLY_CONCAT,18
654.5,EARLY_CONCAT,18
655.0,EARLY_CONCAT,18
655.5,EARLY_CONCAT,18
656.0,EARLY_CONCAT,18
656.5,EARLY_CONCAT,18
657.0,EARLY_CONCAT,18
657.5,EARLY_CONCAT,18
658.0,EARLY_CONCAT,18
658.5,EARLY_CONCAT,18
659.0,EARLY_CONCAT,18
659.5,EARLY_CONCAT,18
660.0,EARLY_CONCAT,18
660.5,EARLY_CONCAT,18
661.0,EARLY_CONCAT,18
661.5,EARLY_CONCAT,18
662.0,EARLY_CONCAT,18
662.5,EARLY_CONCAT,18
663.0,EARLY_CONCAT,18
663.5,EARLY_CONCAT,18
664.0,EARLY_CONCAT,18
664.5,EARLY_CONCAT,18
665.0,EARLY_CONCAT,18
665.5,EARLY_CONCAT,18
666.0,EARLY_CONCAT,18
666.5,EARLY_CONCAT,18
667.0,EARLY_CONCAT,18
667.5,EARLY_CONCAT,18
668.0,EARLY_CONCAT,18
668.5,EARLY_CONCAT,18
669.0,EARLY_CONCAT,18
669.5,EARLY_CONCAT,18
670.0,EARLY_CONCAT,18
670.5,EARLY_CONCAT,18
671.0,EARLY_CONCAT,18
671.5,EARLY_CONCAT,18
672.0,EARLY_CONCAT,18
672.5,EARLY_CONCAT,18
673.0,EARLY_CONCAT,18
673.5,EARLY_CONCAT,18
674.0,EARLY_CONCAT,18
674.5,EARLY_CONCAT,18
675.0,EARLY_CONCAT,18
675.5,EARLY_CONCAT,18
676.0,EARLY_CONCAT,18
676.5,EARLY_CONCAT,18
677.0,EARLY_CONCAT,18
677.5,EARLY_CONCAT,18
678.0,EARLY_CONCAT,18
678.5,EARLY_CONCAT,18
679.0,EARLY_CONCAT,18
679.5,EARLY_CONCAT,18
680.0,EARLY_CONCAT,18
680.5,EARLY_CONCAT,18
681.0,EARLY_CONCAT,18
681.5,EARLY_CONCAT,18
682.0,EARLY_CONCAT,18
682.5,EARLY_CONCAT,18
683.0,EARLY_CONCAT,18
683.5,EARLY_CONCAT,18
684.0,EARLY_CONCAT,18
684.5,EARLY_CONCAT,18
685.0,EARLY_CONCAT,18
685.5,EARLY_CONCAT,18
686.0,EARLY_CONCAT,18
686.5,EARLY_CONCAT,18
687.0,EARLY_CONCAT,18
687.5,EARLY_CONCAT,18
688.0,EARLY_CONCAT,18
688.5,EARLY_CONCAT,18
689.0,EARLY_CONCAT,18
689.5,EARLY_CONCAT,18
690.0,EARLY_CONCAT,18
690.5,EARLY_CONCAT,18
691.0,EARLY_CONCAT,18
691.5,EARLY_CONCAT,18
692.0,EARLY_CONCAT,18
692.5,EARLY_CONCAT,18
693.0,EARLY_CONCAT,18
693.5,EARLY_CONCAT,18
694.0,EARLY_CONCAT,18
694.5,EARLY_CONCAT,18
695.0,EARLY_CONCAT,18
695.5,EARLY_CONCAT,18
696.0,EARLY_CONCAT,18
696.5,EARLY_CONCAT,18
697.0,EARLY_CONCAT,18
697.5,EARLY_CONCAT,18
698.0,EARLY_CONCAT,18
698.5,EARLY_CONCAT,18
699.0,EARLY_CONCAT,18
699.5,EARLY_CONCAT,18
700.0,EARLY_CONCAT,18
700.5,EARLY_CONCAT,18
701.0,EARLY_CONCAT,18
701.5,EARLY_CONCAT,18
702.0,EARLY_CONCAT,18
702.5,EARLY_CONCAT,18
703.0,EARLY_CONCAT,18
703.5,EARLY_CONCAT,18
704.0,EARLY_CONCAT,18
704.5,EARLY_CONCAT,18
705.0,EARLY_CONCAT,18
705.5,EARLY_CONCAT,18
706.0,EARLY_CONCAT,18
706.5,EARLY_CONCAT,18
707.0,EARLY_CONCAT,18
707.5,EARLY_CONCAT,18
708.0,EARLY_CONCAT,18
708.5,EARLY_CONCAT,18
709.0,EARLY_CONCAT,18
709.5,EARLY_CONCAT,18
710.0,EARLY_CONCAT,18
710.5,EARLY_CONCAT,18
711.0,EARLY_CONCAT,18
711.5,EARLY_CONCAT,18
712.0,EARLY_CONCAT,18
712.5,EARLY_CONCAT,18
713.0,EARLY_CONCAT,18
713.5,EARLY_CONCAT,18
714.0,EARLY_CONCAT,18
714.5,EARLY_CONCAT,18
715.0,EARLY_CONCAT,18
715.5,EARLY_CONCAT,18
716.0,EARLY_CONCAT,18
716.5,EARLY_CONCAT,18
717.0,EARLY_CONCAT,18
717.5,EARLY_CONCAT,18
718.0,EARLY_CONCAT,18
718.5,EARLY_CONCAT,18
719.0,EARLY_CONCAT,18
719.5,EARLY_CONCAT,18
720.0,EARLY_CONCAT,18
720.5,EARLY_CONCAT,18
721.0,EARLY_CONCAT,18
721.5,EARLY_CONCAT,18
722.0,EARLY_CONCAT,18
722.5,EARLY_CONCAT,18
723.0,EARLY_CONCAT,18
723.5,EARLY_CONCAT,18
724.0,EARLY_CONCAT,18
724.5,EARLY_CONCAT,18
725.0,EARLY_CONCAT,18
725.5,EARLY_CONCAT,18
726.0,EARLY_CONCAT,18
726.5,EARLY_CONCAT,18
727.0,EARLY_CONCAT,18
727.5,EARLY_CONCAT,18
728.0,EARLY_CONCAT,18
728.5,EARLY_CONCAT,18
729.0,EARLY_CONCAT,18
729.5,EARLY_CONCAT,18
730.0,EARLY_CONCAT,18
730.5,EARLY_CONCAT,18
731.0,EARLY_CONCAT,18
731.5,EARLY_CONCAT,18
732.0,EARLY_CONCAT,18
732.5,EARLY_CONCAT,18
733.0,EARLY_CONCAT,18
733.5,EARLY_CONCAT,18
734.0,EARLY_CONCAT,18
734.5,EARLY_CONCAT,18
735.0,EARLY_CONCAT,18
735.5,EARLY_CONCAT,18
736.0,EARLY_CONCAT,18
736.5,EARLY_CONCAT,18
737.0,EARLY_CONCAT,18
737.5,EARLY_CONCAT,18
738.0,EARLY_CONCAT,18
738.5,EARLY_CONCAT,18
739.0,EARLY_CONCAT,18
739.5,EARLY_CONCAT,18
740.0,EARLY_CONCAT,18
740.5,EARLY_CONCAT,18
741.0,EARLY_CONCAT,18
741.5,EARLY_CONCAT,18
742.0,EARLY_CONCAT,18
742.5,EARLY_CONCAT,18
743.0,EARLY_CONCAT,18
743.5,EARLY_CONCAT,18
744.0,EARLY_CONCAT,18
744.5,EARLY_CONCAT,18
745.0,EARLY_CONCAT,11
745.5,EARLY_CONCAT,11
746.0,EARLY_CONCAT,11
746.5,EARLY_CONCAT,11
747.0,EARLY_CONCAT,11
747.5,EARLY_CONCAT,11
748.0,EARLY_CONCAT,11
748.5,EARLY_CONCAT,11
749.0,EARLY_CONCAT,11
749.5,EARLY_CONCAT,11
750.0,EARLY_CONCAT,11
750.5,EARLY_CONCAT,11
751.0,EARLY_CONCAT,11
751.5,EARLY_CONCAT,11
752.0,EARLY_CONCAT,11
752.5,EARLY_CONCAT,11
753.0,EARLY_CONCAT,11
753.5,EARLY_CONCAT,11
754.0,EARLY_CONCAT,11
754.5,EARLY_CONCAT,11
755.0,EARLY_CONCAT,11
755.5,EARLY_CONCAT,11
756.0,EARLY_CONCAT,11
756.5,EARLY_CONCAT,18
757.0,EARLY_CONCAT,18
757.5,EARLY_CONCAT,18
758.0,EARLY_CONCAT,18
758.5,EARLY_CONCAT,18
759.0,EARLY_CONCAT,18
759.5,EARLY_CONCAT,18
760.0,EARLY_CONCAT,18
760.5,EARLY_CONCAT,18
761.0,EARLY_CONCAT,18
761.5,EARLY_CONCAT,18
762.0,EARLY_CONCAT,18
762.5,EARLY_CONCAT,18
763.0,EARLY_CONCAT,18
763.5,EARLY_CONCAT,18
764.0,EARLY_CONCAT,18
764.5,EARLY_CONCAT,18
765.0,EARLY_CONCAT,18
765.5,EARLY_CONCAT,18
766.0,EARLY_CONCAT,18
766.5,EARLY_CONCAT,18
767.0,EARLY_CONCAT,18
767.5,EARLY_CONCAT,18
768.0,EARLY_CONCAT,18
768.5,EARLY_CONCAT,18
769.0,EARLY_CONCAT,18
769.5,EARLY_CONCAT,18
770.0,EARLY_CONCAT,18
770.5,EARLY_CONCAT,18
771.0,EARLY_CONCAT,18
771.5,EARLY_CONCAT,18
772.0,EARLY_CONCAT,18
772.5,EARLY_CONCAT,18
773.0,EARLY_CONCAT,18
773.5,EARLY_CONCAT,18
774.0,EARLY_CONCAT,18
774.5,EARLY_CONCAT,18
775.0,EARLY_CONCAT,18
775.5,EARLY_CONCAT,18
776.0,EARLY_CONCAT,18
776.5,EARLY_CONCAT,18
777.0,EARLY_CONCAT,18
777.5,EARLY_CONCAT,18
778.0,EARLY_CONCAT,18
778.5,EARLY_CONCAT,18
779.0,EARLY_CONCAT,18
779.5,EARLY_CONCAT,18
780.0,EARLY_CONCAT,18
780.5,EARLY_CONCAT,18
781.0,EARLY_CONCAT,18
781.5,EARLY_CONCAT,18
782.0,EARLY_CONCAT,18
782.5,EARLY_CONCAT,18
783.0,EARLY_CONCAT,18
783.5,EARLY_CONCAT,18
784.0,EARLY_CONCAT,18
784.5,EARLY_CONCAT,18
785.0,EARLY_CONCAT,18
785.5,EARLY_CONCAT,18
786.0,EARLY_CONCAT,18
786.5,EARLY_CONCAT,18
787.0,EARLY_CONCAT,18
787.5,EARLY_CONCAT,18
788.0,EARLY_CONCAT,18
788.5,EARLY_CONCAT,18
789.0,EARLY_CONCAT,18
789.5,EARLY_CONCAT,18
790.0,EARLY_CONCAT,18
790.5,EARLY_CONCAT,18
791.0,EARLY_CONCAT,18
791.5,EARLY_CONCAT,18
792.0,EARLY_CONCAT,18
792.5,EARLY_CONCAT,18
793.0,EARLY_CONCAT,18
793.5,EARLY_CONCAT,18
794.0,EARLY_CONCAT,18
794.5,EARLY_CONCAT,18
795.0,EARLY_CONCAT,18
795.5,EARLY_CONCAT,18
796.0,EARLY_CONCAT,18
796.5,EARLY_CONCAT,18
797.0,EARLY_CONCAT,18
797.5,EARLY_CONCAT,18
798.0,EARLY_CONCAT,18
798.5,EARLY_CONCAT,18
799.0,EARLY_CONCAT,11
799.5,EARLY_CONCAT,11
800.0,EARLY_CONCAT,11
800.5,EARLY_CONCAT,11
801.0,EARLY_CONCAT,11
801.5,EARLY_CONCAT,11
802.0,EARLY_CONCAT,11
802.5,EARLY_CONCAT,11
803.0,EARLY_CONCAT,11
803.5,EARLY_CONCAT,11
804.0,EARLY_CONCAT,11
804.5,EARLY_CONCAT,11
805.0,EARLY_CONCAT,11
805.5,EARLY_CONCAT,11
806.0,EARLY_CONCAT,11
806.5,EARLY_CONCAT,11
807.0,EARLY_CONCAT,11
807.5,EARLY_CONCAT,11
808.0,EARLY_CONCAT,11
808.5,EARLY_CONCAT,11
809.0,EARLY_CONCAT,11
809.5,EARLY_CONCAT,11
810.0,EARLY_CONCAT,11
810.5,EARLY_CONCAT,11
811.0,EARLY_CONCAT,11
811.5,EARLY_CONCAT,11
812.0,EARLY_CONCAT,11
812.5,EARLY_CONCAT,11
813.0,EARLY_CONCAT,11
813.5,EARLY_CONCAT,11
814.0,EARLY_CONCAT,11
814.5,EARLY_CONCAT,11
815.0,EARLY_CONCAT,11
815.5,EARLY_CONCAT,11
816.0,EARLY_CONCAT,11
816.5,EARLY_CONCAT,11
817.0,EARLY_CONCAT,11
817.5,EARLY_CONCAT,11
818.0,EARLY_CONCAT,11
818.5,EARLY_CONCAT,11
819.0,EARLY_CONCAT,11
819.5,EARLY_CONCAT,11
820.0,EARLY_CONCAT,11
820.5,EARLY_CONCAT,11
821.0,EARLY_CONCAT,11
821.5,EARLY_CONCAT,11
822.0,EARLY_CONCAT,11
822.5,EARLY_CONCAT,11
823.0,EARLY_CONCAT,11
823.5,EARLY_CONCAT,11
824.0,EARLY_CONCAT,11
824.5,EARLY_CONCAT,11
825.0,EARLY_CONCAT,11
825.5,EARLY_CONCAT,11
826.0,EARLY_CONCAT,11
826.5,EARLY_CONCAT,11
827.0,EARLY_CONCAT,11
827.5,EARLY_CONCAT,11
828.0,EARLY_CONCAT,11
828.5,EARLY_CONCAT,11
829.0,EARLY_CONCAT,11
829.5,EARLY_CONCAT,11
830.0,EARLY_CONCAT,11
830.5,EARLY_CONCAT,11
831.0,EARLY_CONCAT,11
831.5,EARLY_CONCAT,11
832.0,EARLY_CONCAT,11
832.5,EARLY_CONCAT,11
833.0,EARLY_CONCAT,11
833.5,EARLY_CONCAT,11
834.0,EARLY_CONCAT,11
834.5,EARLY_CONCAT,11
835.0,EARLY_CONCAT,11
835.5,EARLY_CONCAT,11
836.0,EARLY_CONCAT,11
836.5,EARLY_CONCAT,11
837.0,EARLY_CONCAT,11
837.5,EARLY_CONCAT,11
838.0,EARLY_CONCAT,11
838.5,EARLY_CONCAT,11
839.0,EARLY_CONCAT,11
839.5,EARLY_CONCAT,11
840.0,EARLY_CONCAT,11
840.5,EARLY_CONCAT,11
841.0,EARLY_CONCAT,11
841.5,EARLY_CONCAT,11
842.0,EARLY_CONCAT,11
842.5,EARLY_CONCAT,11
843.0,EARLY_CONCAT,11
843.5,EARLY_CONCAT,11
844.0,EARLY_CONCAT,11
844.5,EARLY_CONCAT,11
845.0,EARLY_CONCAT,11
845.5,EARLY_CONCAT,11
846.0,EARLY_CONCAT,11
846.5,EARLY_CONCAT,11
847.0,EARLY_CONCAT,11
847.5,EARLY_CONCAT,11
848.0,EARLY_CONCAT,11
848.5,EARLY_CONCAT,11
849.0,EARLY_CONCAT,11
849.5,EARLY_CONCAT,11
850.0,EARLY_CONCAT,11
850.5,EARLY_CONCAT,11
851.0,EARLY_CONCAT,11
851.5,EARLY_CONCAT,11
852.0,EARLY_CONCAT,11
852.5,EARLY_CONCAT,11
853.0,EARLY_CONCAT,11
853.5,EARLY_CONCAT,11
854.0,EARLY_CONCAT,11
854.5,EARLY_CONCAT,11
855.0,EARLY_CONCAT,11
855.5,EARLY_CONCAT,11
856.0,EARLY_CONCAT,11
856.5,EARLY_CONCAT,11
857.0,EARLY_CONCAT,11
857.5,EARLY_CONCAT,11
858.0,EARLY_CONCAT,11
858.5,EARLY_CONCAT,11
859.0,EARLY_CONCAT,11
859.5,EARLY_CONCAT,11
860.0,EARLY_CONCAT,11
860.5,EARLY_CONCAT,11
861.0,EARLY_CONCAT,11
861.5,EARLY_CONCAT,11
862.0,EARLY_CONCAT,11
862.5,EARLY_CONCAT,11
863.0,EARLY_CONCAT,11
863.5,EARLY_CONCAT,11
864.0,EARLY_CONCAT,11
864.5,EARLY_CONCAT,11
865.0,EARLY_CONCAT,11
865.5,EARLY_CONCAT,11
866.0,EARLY_CONCAT,11
866.5,EARLY_CONCAT,11
867.0,EARLY_CONCAT,11
867.5,EARLY_CONCAT,11
868.0,EARLY_CONCAT,11
868.5,EARLY_CONCAT,11
869.0,EARLY_CONCAT,11
869.5,EARLY_CONCAT,11
870.0,EARLY_CONCAT,11
870.5,EARLY_CONCAT,11
871.0,EARLY_CONCAT,11
871.5,EARLY_CONCAT,11
872.0,EARLY_CONCAT,11
872.5,EARLY_CONCAT,11
873.0,EARLY_CONCAT,11
873.5,EARLY_CONCAT,11
874.0,EARLY_CONCAT,11
874.5,EARLY_CONCAT,11
875.0,EARLY_CONCAT,11
875.5,EARLY_CONCAT,11
876.0,EARLY_CONCAT,11
876.5,EARLY_CONCAT,11
877.0,EARLY_CONCAT,11
877.5,EARLY_CONCAT,11
878.0,EARLY_CONCAT,11
878.5,EARLY_CONCAT,11
879.0,EARLY_CONCAT,11
879.5,EARLY_CONCAT,11
880.0,EARLY_CONCAT,11
880.5,EARLY_CONCAT,11
881.0,EARLY_CONCAT,11
881.5,EARLY_CONCAT,11
882.0,EARLY_CONCAT,11
882.5,EARLY_CONCAT,11
883.0,EARLY_CONCAT,11
883.5,EARLY_CONCAT,11
884.0,EARLY_CONCAT,11
884.5,EARLY_CONCAT,11
885.0,EARLY_CONCAT,18
885.5,EARLY_CONCAT,18
886.0,EARLY_CONCAT,18
886.5,EARLY_CONCAT,18
887.0,EARLY_CONCAT,18
887.5,EARLY_CONCAT,18
888.0,EARLY_CONCAT,18
888.5,EARLY_CONCAT,18
889.0,EARLY_CONCAT,18
889.5,EARLY_CONCAT,18
890.0,EARLY_CONCAT,18
890.5,EARLY_CONCAT,18
891.0,EARLY_CONCAT,18
891.5,EARLY_CONCAT,18
892.0,EARLY_CONCAT,18
892.5,EARLY_CONCAT,18
893.0,EARLY_CONCAT,18
893.5,EARLY_CONCAT,18
894.0,EARLY_CONCAT,18
894.5,EARLY_CONCAT,18
895.0,EARLY_CONCAT,18
895.5,EARLY_CONCAT,18
896.0,EARLY_CONCAT,18
896.5,EARLY_CONCAT,18
897.0,EARLY_CONCAT,18
897.5,EARLY_CONCAT,18
898.0,EARLY_CONCAT,18
898.5,EARLY_CONCAT,18
899.0,EARLY_CONCAT,18
899.5,EARLY_CONCAT,18
900.0,EARLY_CONCAT,18
900.5,EARLY_CONCAT,18
901.0,EARLY_CONCAT,18
901.5,EARLY_CONCAT,18
902.0,EARLY_CONCAT,18
902.5,EARLY_CONCAT,18
903.0,EARLY_CONCAT,18
903.5,EARLY_CONCAT,18
904.0,EARLY_CONCAT,18
904.5,EARLY_CONCAT,18
905.0,EARLY_CONCAT,18
905.5,EARLY_CONCAT,18
906.0,EARLY_CONCAT,18
906.5,EARLY_CONCAT,18
907.0,EARLY_CONCAT,18
907.5,EARLY_CONCAT,18
908.0,EARLY_CONCAT,18
908.5,EARLY_CONCAT,18
909.0,EARLY_CONCAT,18
909.5,EARLY_CONCAT,18
910.0,EARLY_CONCAT,18
910.5,EARLY_CONCAT,18
911.0,EARLY_CONCAT,18
911.5,EARLY_CONCAT,18
912.0,EARLY_CONCAT,18
912.5,EARLY_CONCAT,18
913.0,EARLY_CONCAT,18
913.5,EARLY_CONCAT,18
914.0,EARLY_CONCAT,18
914.5,EARLY_CONCAT,18
915.0,EARLY_CONCAT,18
915.5,EARLY_CONCAT,18
916.0,EARLY_CONCAT,18
916.5,EARLY_CONCAT,18
917.0,EARLY_CONCAT,18
917.5,EARLY_CONCAT,18
918.0,EARLY_CONCAT,18
918.5,EARLY_CONCAT,18
919.0,EARLY_CONCAT,18
919.5,EARLY_CONCAT,18
920.0,EARLY_CONCAT,18
920.5,EARLY_CONCAT,18
921.0,EARLY_CONCAT,18
921.5,EARLY_CONCAT,18
922.0,EARLY_CONCAT,18
922.5,EARLY_CONCAT,18
923.0,EARLY_CONCAT,18
923.5,EARLY_CONCAT,18
924.0,EARLY_CONCAT,18
924.5,EARLY_CONCAT,18
925.0,EARLY_CONCAT,18
925.5,EARLY_CONCAT,18
926.0,EARLY_CONCAT,18
926.5,EARLY_CONCAT,18
927.0,EARLY_CONCAT,18
927.5,EARLY_CONCAT,18
928.0,EARLY_CONCAT,18
928.5,EARLY_CONCAT,18
929.0,EARLY_CONCAT,18
929.5,EARLY_CONCAT,18
930.0,EARLY_CONCAT,18
930.5,EARLY_CONCAT,18
931.0,EARLY_CONCAT,18
931.5,EARLY_CONCAT,18
932.0,EARLY_CONCAT,18
932.5,EARLY_CONCAT,18
933.0,EARLY_CONCAT,18
933.5,EARLY_CONCAT,18
934.0,EARLY_CONCAT,18
934.5,EARLY_CONCAT,18
935.0,EARLY_CONCAT,18
935.5,EARLY_CONCAT,18
936.0,EARLY_CONCAT,18
936.5,EARLY_CONCAT,18
937.0,EARLY_CONCAT,18
937.5,EARLY_CONCAT,18
938.0,EARLY_CONCAT,18
938.5,EARLY_CONCAT,18
939.0,EARLY_CONCAT,18
939.5,EARLY_CONCAT,18
940.0,EARLY_CONCAT,18
940.5,EARLY_CONCAT,18
941.0,EARLY_CONCAT,18
941.5,EARLY_CONCAT,18
942.0,EARLY_CONCAT,18
942.5,EARLY_CONCAT,18
943.0,EARLY_CONCAT,18
943.5,EARLY_CONCAT,18
944.0,EARLY_CONCAT,18
944.5,EARLY_CONCAT,18
945.0,EARLY_CONCAT,18
945.5,EARLY_CONCAT,18
946.0,EARLY_CONCAT,18
946.5,EARLY_CONCAT,18
947.0,EARLY_CONCAT,18
947.5,EARLY_CONCAT,18
948.0,EARLY_CONCAT,18
948.5,EARLY_CONCAT,18
949.0,EARLY_CONCAT,18
949.5,EARLY_CONCAT,18
950.0,EARLY_CONCAT,18
950.5,EARLY_CONCAT,18
951.0,EARLY_CONCAT,18
951.5,EARLY_CONCAT,18
952.0,EARLY_CONCAT,18
952.5,EARLY_CONCAT,18
953.0,EARLY_CONCAT,18
953.5,EARLY_CONCAT,18
954.0,EARLY_CONCAT,18
954.5,EARLY_CONCAT,18
955.0,EARLY_CONCAT,18
955.5,EARLY_CONCAT,18
956.0,EARLY_CONCAT,18
956.5,EARLY_CONCAT,18
957.0,EARLY_CONCAT,18
957.5,EARLY_CONCAT,18
958.0,EARLY_CONCAT,18
958.5,EARLY_CONCAT,18
959.0,EARLY_CONCAT,18
959.5,EARLY_CONCAT,18
960.0,EARLY_CONCAT,18
960.5,EARLY_CONCAT,18
961.0,EARLY_CONCAT,18
961.5,EARLY_CONCAT,18
962.0,EARLY_CONCAT,18
962.5,EARLY_CONCAT,18
963.0,EARLY_CONCAT,18
963.5,EARLY_CONCAT,18
964.0,EARLY_CONCAT,18
964.5,EARLY_CONCAT,18
965.0,EARLY_CONCAT,18
965.5,EARLY_CONCAT,18
966.0,EARLY_CONCAT,18
966.5,EARLY_CONCAT,18
967.0,EARLY_CONCAT,18
967.5,EARLY_CONCAT,18
968.0,EARLY_CONCAT,18
968.5,EARLY_CONCAT,18
969.0,EARLY_CONCAT,18
969.5,EARLY_CONCAT,18
970.0,EARLY_CONCAT,18
970.5,EARLY_CONCAT,18
971.0,EARLY_CONCAT,18
971.5,EARLY_CONCAT,18
972.0,EARLY_CONCAT,18
972.5,EARLY_CONCAT,18
973.0,EARLY_CONCAT,18
973.5,EARLY_CONCAT,18
974.0,EARLY_CONCAT,18
974.5,EARLY_CONCAT,18
975.0,EARLY_CONCAT,18
975.5,EARLY_CONCAT,18
976.0,EARLY_CONCAT,18
976.5,EARLY_CONCAT,18
977.0,EARLY_CONCAT,18
977.5,EARLY_CONCAT,18
978.0,EARLY_CONCAT,18
978.5,EARLY_CONCAT,18
979.0,EARLY_CONCAT,18
979.5,EARLY_CONCAT,18
980.0,EARLY_CONCAT,18
980.5,EARLY_CONCAT,18
981.0,EARLY_CONCAT,18
981.5,EARLY_CONCAT,18
982.0,EARLY_CONCAT,18
982.5,EARLY_CONCAT,18
983.0,EARLY_CONCAT,18
983.5,EARLY_CONCAT,18
984.0,EARLY_CONCAT,18
984.5,EARLY_CONCAT,18
985.0,EARLY_CONCAT,18
985.5,EARLY_CONCAT,18
986.0,EARLY_CONCAT,18
986.5,EARLY_CONCAT,18
987.0,EARLY_CONCAT,18
987.5,EARLY_CONCAT,18
988.0,EARLY_CONCAT,18
988.5,EARLY_CONCAT,18
989.0,EARLY_CONCAT,18
989.5,EARLY_CONCAT,18
990.0,EARLY_CONCAT,18
990.5,EARLY_CONCAT,18
991.0,EARLY_CONCAT,18
991.5,EARLY_CONCAT,18
992.0,EARLY_CONCAT,18
992.5,EARLY_CONCAT,18
993.0,EARLY_CONCAT,18
993.5,EARLY_CONCAT,18
994.0,EARLY_CONCAT,18
994.5,EARLY_CONCAT,18
995.0,EARLY_CONCAT,18
995.5,EARLY_CONCAT,18
996.0,EARLY_CONCAT,18
996.5,EARLY_CONCAT,18
997.0,EARLY_CONCAT,18
997.5,EARLY_CONCAT,18
998.0,EARLY_CONCAT,18
998.5,EARLY_CONCAT,18
999.0,EARLY_CONCAT,18
999.5,EARLY_CONCAT,18
1000.0,EARLY_CONCAT,18
1000.5,EARLY_CONCAT,18
1001.0,EARLY_CONCAT,18
1001.5,EARLY_CONCAT,18
1002.0,EARLY_CONCAT,18
1002.5,EARLY_CONCAT,18
1003.0,EARLY_CONCAT,18
1003.5,EARLY_CONCAT,18
1004.0,EARLY_CONCAT,18
1004.5,EARLY_CONCAT,18
1005.0,EARLY_CONCAT,18
1005.5,EARLY_CONCAT,18
1006.0,EARLY_CONCAT,18
1006.5,EARLY_CONCAT,18
1007.0,EARLY_CONCAT,18
1007.5,EARLY_CONCAT,18
1008.0,EARLY_CONCAT,18
1008.5,EARLY_CONCAT,18
1009.0,EARLY_CONCAT,18
1009.5,EARLY_CONCAT,18
1010.0,EARLY_CONCAT,18
1010.5,EARLY_CONCAT,18
1011.0,EARLY_CONCAT,18
1011.5,EARLY_CONCAT,18
1012.0,EARLY_CONCAT,18
1012.5,EARLY_CONCAT,18
1013.0,EARLY_CONCAT,18
1013.5,EARLY_CONCAT,18
1014.0,EARLY_CONCAT,18
1014.5,EARLY_CONCAT,18
1015.0,EARLY_CONCAT,18
1015.5,EARLY_CONCAT,18
1016.0,EARLY_CONCAT,18
1016.5,EARLY_CONCAT,18
1017.0,EARLY_CONCAT,18
1017.5,EARLY_CONCAT,18
1018.0,EARLY_CONCAT,18
1018.5,EARLY_CONCAT,18
1019.0,EARLY_CONCAT,18
1019.5,EARLY_CONCAT,18
1020.0,EARLY_CONCAT,18
1020.5,EARLY_CONCAT,18
1021.0,EARLY_CONCAT,18
1021.5,EARLY_CONCAT,18
1022.0,EARLY_CONCAT,18
1022.5,EARLY_CONCAT,18
1023.0,EARLY_CONCAT,18
1023.5,EARLY_CONCAT,18
1024.0,EARLY_CONCAT,18
1024.5,EARLY_CONCAT,18
1025.0,EARLY_CONCAT,11
1025.5,EARLY_CONCAT,11
1026.0,EARLY_CONCAT,11
1026.5,EARLY_CONCAT,11
1027.0,EARLY_CONCAT,11
1027.5,EARLY_CONCAT,11
1028.0,EARLY_CONCAT,11
1028.5,EARLY_CONCAT,11
1029.0,EARLY_CONCAT,11
1029.5,EARLY_CONCAT,11
1030.0,EARLY_CONCAT,11
1030.5,EARLY_CONCAT,11
1031.0,EARLY_CONCAT,11
1031.5,EARLY_CONCAT,11
1032.0,EARLY_CONCAT,11
1032.5,EARLY_CONCAT,11
1033.0,EARLY_CONCAT,11
1033.5,EARLY_CONCAT,11
1034.0,EARLY_CONCAT,11
1034.5,EARLY_CONCAT,11
1035.0,EARLY_CONCAT,11
1035.5,EARLY_CONCAT,11
1036.0,EARLY_CONCAT,11
1036.5,EARLY_CONCAT,11
1037.0,EARLY_CONCAT,11
1037.5,EARLY_CONCAT,11
1038.0,EARLY_CONCAT,11
1038.5,EARLY_CONCAT,11
1039.0,EARLY_CONCAT,11
1039.5,EARLY_CONCAT,11
1040.0,EARLY_CONCAT,11
1040.5,EARLY_CONCAT,11
1041.0,EARLY_CONCAT,11
1041.5,EARLY_CONCAT,11
1042.0,EARLY_CONCAT,11
1042.5,EARLY_CONCAT,11
1043.0,EARLY_CONCAT,11
1043.5,EARLY_CONCAT,11
1044.0,EARLY_CONCAT,11
1044.5,EARLY_CONCAT,11
1045.0,EARLY_CONCAT,11
1045.5,EARLY_CONCAT,11
1046.0,EARLY_CONCAT,11
1046.5,EARLY_CONCAT,11
1047.0,EARLY_CONCAT,11
1047.5,EARLY_CONCAT,11
1048.0,EARLY_CONCAT,11
1048.5,EARLY_CONCAT,11
1049.0,EARLY_CONCAT,11
1049.5,EARLY_CONCAT,11
1050.0,EARLY_CONCAT,11
1050.5,EARLY_CONCAT,11
1051.0,EARLY_CONCAT,11
1051.5,EARLY_CONCAT,11
1052.0,EARLY_CONCAT,11
1052.5,EARLY_CONCAT,11
1053.0,EARLY_CONCAT,11
1053.5,EARLY_CONCAT,11
1054.0,EARLY_CONCAT,11
1054.5,EARLY_CONCAT,11
1055.0,EARLY_CONCAT,11
1055.5,EARLY_CONCAT,11
1056.0,EARLY_CONCAT,11
1056.5,EARLY_CONCAT,11
1057.0,EARLY_CONCAT,11
1057.5,EARLY_CONCAT,11
1058.0,EARLY_CONCAT,11
1058.5,EARLY_CONCAT,11
1059.0,EARLY_CONCAT,11
1059.5,EARLY_CONCAT,11
1060.0,EARLY_CONCAT,11
1060.5,EARLY_CONCAT,11
1061.0,EARLY_CONCAT,11
1061.5,EARLY_CONCAT,11
1062.0,EARLY_CONCAT,11
1062.5,EARLY_CONCAT,11
1063.0,EARLY_CONCAT,11
1063.5,EARLY_CONCAT,11
1064.0,EARLY_CONCAT,11
1064.5,EARLY_CONCAT,11
1065.0,EARLY_CONCAT,11
1065.5,EARLY_CONCAT,11
1066.0,EARLY_CONCAT,11
1066.5,EARLY_CONCAT,11
1067.0,EARLY_CONCAT,11
1067.5,EARLY_CONCAT,11
1068.0,EARLY_CONCAT,11
1068.5,EARLY_CONCAT,11
1069.0,EARLY_CONCAT,11
1069.5,EARLY_CONCAT,11
1070.0,EARLY_CONCAT,11
1070.5,EARLY_CONCAT,11
1071.0,EARLY_CONCAT,11
1071.5,EARLY_CONCAT,11
1072.0,EARLY_CONCAT,11
1072.5,EARLY_CONCAT,11
1073.0,EARLY_CONCAT,11
1073.5,EARLY_CONCAT,11
1074.0,EARLY_CONCAT,11
1074.5,EARLY_CONCAT,11
1075.0,EARLY_CONCAT,11
1075.5,EARLY_CONCAT,11
1076.0,EARLY_CONCAT,11
1076.5,EARLY_CONCAT,11
1077.0,EARLY_CONCAT,11
1077.5,EARLY_CONCAT,11
1078.0,EARLY_CONCAT,11
1078.5,EARLY_CONCAT,11
1079.0,EARLY_CONCAT,11
1079.5,EARLY_CONCAT,11
1080.0,EARLY_CONCAT,11
1080.5,EARLY_CONCAT,11
1081.0,EARLY_CONCAT,11
1081.5,EARLY_CONCAT,11
1082.0,EARLY_CONCAT,11
1082.5,EARLY_CONCAT,11
1083.0,EARLY_CONCAT,11
1083.5,EARLY_CONCAT,11
1084.0,EARLY_CONCAT,11
1084.5,EARLY_CONCAT,11
1085.0,EARLY_CONCAT,11
1085.5,EARLY_CONCAT,11
1086.0,EARLY_CONCAT,11
1086.5,EARLY_CONCAT,11
1087.0,EARLY_CONCAT,11
1087.5,EARLY_CONCAT,11
1088.0,EARLY_CONCAT,11
1088.5,EARLY_CONCAT,11
1089.0,EARLY_CONCAT,11
1089.5,EARLY_CONCAT,11
1090.0,EARLY_CONCAT,11
1090.5,EARLY_CONCAT,11
1091.0,EARLY_CONCAT,11
1091.5,EARLY_CONCAT,11
1092.0,EARLY_CONCAT,11
1092.5,EARLY_CONCAT,11
1093.0,EARLY_CONCAT,11
1093.5,EARLY_CONCAT,11
1094.0,EARLY_CONCAT,11
1094.5,EARLY_CONCAT,11
1095.0,EARLY_CONCAT,11
1095.5,EARLY_CONCAT,11
1096.0,EARLY_CONCAT,11
1096.5,EARLY_CONCAT,11
1097.0,EARLY_CONCAT,11
1097.5,EARLY_CONCAT,11
1098.0,EARLY_CONCAT,11
1098.5,EARLY_CONCAT,11
1099.0,EARLY_CONCAT,11
1099.5,EARLY_CONCAT,11
1100.0,EARLY_CONCAT,11
1100.5,EARLY_CONCAT,11
1101.0,EARLY_CONCAT,11
1101.5,EARLY_CONCAT,11
1102.0,EARLY_CONCAT,11
1102.5,EARLY_CONCAT,11
1103.0,EARLY_CONCAT,11
1103.5,EARLY_CONCAT,11
1104.0,EARLY_CONCAT,11
1104.5,EARLY_CONCAT,11
1105.0,EARLY_CONCAT,11
1105.5,EARLY_CONCAT,11
1106.0,EARLY_CONCAT,11
1106.5,EARLY_CONCAT,11
1107.0,EARLY_CONCAT,11
1107.5,EARLY_CONCAT,11
1108.0,EARLY_CONCAT,11
1108.5,EARLY_CONCAT,11
1109.0,EARLY_CONCAT,11
1109.5,EARLY_CONCAT,11
1110.0,EARLY_CONCAT,11
1110.5,EARLY_CONCAT,11
1111.0,EARLY_CONCAT,11
1111.5,EARLY_CONCAT,11
1112.0,EARLY_CONCAT,11
1112.5,EARLY_CONCAT,11
1113.0,EARLY_CONCAT,11
1113.5,EARLY_CONCAT,11
1114.0,EARLY_CONCAT,11
1114.5,EARLY_CONCAT,11
1115.0,EARLY_CONCAT,11
1115.5,EARLY_CONCAT,11
1116.0,EARLY_CONCAT,11
1116.5,EARLY_CONCAT,11
1117.0,EARLY_CONCAT,11
1117.5,EARLY_CONCAT,11
1118.0,EARLY_CONCAT,11
1118.5,EARLY_CONCAT,11
1119.0,EARLY_CONCAT,11
1119.5,EARLY_CONCAT,11
1120.0,EARLY_CONCAT,11
1120.5,EARLY_CONCAT,11
1121.0,EARLY_CONCAT,11
1121.5,EARLY_CONCAT,18
1122.0,EARLY_CONCAT,18
1122.5,EARLY_CONCAT,18
1123.0,EARLY_CONCAT,18
1123.5,EARLY_CONCAT,18
1124.0,EARLY_CONCAT,18
1124.5,EARLY_CONCAT,18
1125.0,EARLY_CONCAT,18
1125.5,EARLY_CONCAT,18
1126.0,EARLY_CONCAT,18
1126.5,EARLY_CONCAT,18
1127.0,EARLY_CONCAT,18
1127.5,EARLY_CONCAT,18
1128.0,EARLY_CONCAT,18
1128.5,EARLY_CONCAT,18
1129.0,EARLY_CONCAT,18
1129.5,EARLY_CONCAT,18
1130.0,EARLY_CONCAT,18
1130.5,EARLY_CONCAT,18
1131.0,EARLY_CONCAT,18
1131.5,EARLY_CONCAT,18
1132.0,EARLY_CONCAT,18
1132.5,EARLY_CONCAT,18
1133.0,EARLY_CONCAT,18
1133.5,EARLY_CONCAT,18
1134.0,EARLY_CONCAT,18
1134.5,EARLY_CONCAT,18
1135.0,EARLY_CONCAT,18
1135.5,EARLY_CONCAT,18
1136.0,EARLY_CONCAT,18
1136.5,EARLY_CONCAT,18
1137.0,EARLY_CONCAT,18
1137.5,EARLY_CONCAT,18
1138.0,EARLY_CONCAT,18
1138.5,EARLY_CONCAT,18
1139.0,EARLY_CONCAT,18
1139.5,EARLY_CONCAT,18
1140.0,EARLY_CONCAT,18
1140.5,EARLY_CONCAT,18
1141.0,EARLY_CONCAT,18
1141.5,EARLY_CONCAT,18
1142.0,EARLY_CONCAT,18
1142.5,EARLY_CONCAT,18
1143.0,EARLY_CONCAT,18
1143.5,EARLY_CONCAT,18
1144.0,EARLY_CONCAT,18
1144.5,EARLY_CONCAT,18
1145.0,EARLY_CONCAT,18
1145.5,EARLY_CONCAT,18
1146.0,EARLY_CONCAT,18
1146.5,EARLY_CONCAT,18
1147.0,EARLY_CONCAT,18
1147.5,EARLY_CONCAT,18
1148.0,EARLY_CONCAT,18
1148.5,EARLY_CONCAT,18
1149.0,EARLY_CONCAT,18
1149.5,EARLY_CONCAT,18
1150.0,EARLY_CONCAT,18
1150.5,EARLY_CONCAT,18
1151.0,EARLY_CONCAT,18
1151.5,EARLY_CONCAT,18
1152.0,EARLY_CONCAT,18
1152.5,EARLY_CONCAT,18
1153.0,EARLY_CONCAT,18
1153.5,EARLY_CONCAT,18
1154.0,EARLY_CONCAT,18
1154.5,EARLY_CONCAT,18
1155.0,EARLY_CONCAT,18
1155.5,EARLY_CONCAT,18
1156.0,EARLY_CONCAT,18
1156.5,EARLY_CONCAT,18
1157.0,EARLY_CONCAT,18
1157.5,EARLY_CONCAT,18
1158.0,EARLY_CONCAT,18
1158.5,EARLY_CONCAT,18
1159.0,EARLY_CONCAT,18
1159.5,EARLY_CONCAT,18
1160.0,EARLY_CONCAT,18
1160.5,EARLY_CONCAT,18
1161.0,EARLY_CONCAT,18
1161.5,EARLY_CONCAT,18
1162.0,EARLY_CONCAT,18
1162.5,EARLY_CONCAT,18
1163.0,EARLY_CONCAT,18
1163.5,EARLY_CONCAT,18
1164.0,EARLY_CONCAT,18
1164.5,EARLY_CONCAT,18
1165.0,EARLY_CONCAT,18
1165.5,EARLY_CONCAT,18
1166.0,EARLY_CONCAT,18
1166.5,EARLY_CONCAT,18
1167.0,EARLY_CONCAT,18
1167.5,EARLY_CONCAT,18
1168.0,EARLY_CONCAT,18
1168.5,EARLY_CONCAT,18
1169.0,EARLY_CONCAT,18
1169.5,EARLY_CONCAT,18
1170.0,EARLY_CONCAT,18
1170.5,EARLY_CONCAT,18
1171.0,EARLY_CONCAT,18
1171.5,EARLY_CONCAT,18
1172.0,EARLY_CONCAT,18
1172.5,EARLY_CONCAT,18
1173.0,EARLY_CONCAT,18
1173.5,EARLY_CONCAT,18
1174.0,EARLY_CONCAT,18
1174.5,EARLY_CONCAT,18
1175.0,EARLY_CONCAT,18
1175.5,EARLY_CONCAT,18
1176.0,EARLY_CONCAT,18
1176.5,EARLY_CONCAT,18
1177.0,EARLY_CONCAT,18
1177.5,EARLY_CONCAT,18
1178.0,EARLY_CONCAT,11
1178.5,EARLY_CONCAT,11
1179.0,EARLY_CONCAT,11
1179.5,EARLY_CONCAT,11
1180.0,EARLY_CONCAT,11
1180.5,EARLY_CONCAT,11
1181.0,EARLY_CONCAT,11
1181.5,EARLY_CONCAT,11
1182.0,EARLY_CONCAT,11
1182.5,EARLY_CONCAT,11
1183.0,EARLY_CONCAT,11
1183.5,EARLY_CONCAT,11
1184.0,EARLY_CONCAT,11
1184.5,EARLY_CONCAT,11
1185.0,EARLY_CONCAT,11
1185.5,EARLY_CONCAT,18
1186.0,EARLY_CONCAT,18
1186.5,EARLY_CONCAT,18
1187.0,EARLY_CONCAT,18
1187.5,EARLY_CONCAT,18
1188.0,EARLY_CONCAT,18
1188.5,EARLY_CONCAT,18
1189.0,EARLY_CONCAT,18
1189.5,EARLY_CONCAT,18
1190.0,EARLY_CONCAT,18
1190.5,EARLY_CONCAT,18
1191.0,EARLY_CONCAT,18
1191.5,EARLY_CONCAT,18
1192.0,EARLY_CONCAT,18
1192.5,EARLY_CONCAT,18
1193.0,EARLY_CONCAT,18
1193.5,EARLY_CONCAT,18
1194.0,EARLY_CONCAT,18
1194.5,EARLY_CONCAT,18
1195.0,EARLY_CONCAT,18
1195.5,EARLY_CONCAT,18
1196.0,EARLY_CONCAT,18
1196.5,EARLY_CONCAT,18
1197.0,EARLY_CONCAT,18
1197.5,EARLY_CONCAT,18
1198.0,EARLY_CONCAT,18
1198.5,EARLY_CONCAT,18
1199.0,EARLY_CONCAT,18
1199.5,EARLY_CONCAT,18
1200.0,EARLY_CONCAT,18
1200.5,EARLY_CONCAT,18
1201.0,EARLY_CONCAT,18
1201.5,EARLY_CONCAT,18
1202.0,EARLY_CONCAT,18
1202.5,EARLY_CONCAT,18
1203.0,EARLY_CONCAT,18
1203.5,EARLY_CONCAT,18
1204.0,EARLY_CONCAT,18
1204.5,EARLY_CONCAT,18
1205.0,EARLY_CONCAT,18
1205.5,EARLY_CONCAT,18
1206.0,EARLY_CONCAT,18
1206.5,EARLY_CONCAT,18
1207.0,EARLY_CONCAT,18
1207.5,EARLY_CONCAT,18
1208.0,EARLY_CONCAT,18
1208.5,EARLY_CONCAT,18
1209.0,EARLY_CONCAT,18
1209.5,EARLY_CONCAT,18
1210.0,EARLY_CONCAT,18
1210.5,EARLY_CONCAT,18
1211.0,EARLY_CONCAT,18
1211.5,EARLY_CONCAT,18
1212.0,EARLY_CONCAT,18
1212.5,EARLY_CONCAT,18
1213.0,EARLY_CONCAT,18
1213.5,EARLY_CONCAT,18
1214.0,EARLY_CONCAT,18
1214.5,EARLY_CONCAT,18
1215.0,EARLY_CONCAT,18
1215.5,EARLY_CONCAT,18
1216.0,EARLY_CONCAT,18
1216.5,EARLY_CONCAT,18
1217.0,EARLY_CONCAT,18
1217.5,EARLY_CONCAT,18
1218.0,EARLY_CONCAT,18
1218.5,EARLY_CONCAT,18
1219.0,EARLY_CONCAT,18
1219.5,EARLY_CONCAT,18
1220.0,EARLY_CONCAT,18
1220.5,EARLY_CONCAT,18
1221.0,EARLY_CONCAT,18
1221.5,EARLY_CONCAT,18
1222.0,EARLY_CONCAT,18
1222.5,EARLY_CONCAT,18
1223.0,EARLY_CONCAT,18
1223.5,EARLY_CONCAT,18
1224.0,EARLY_CONCAT,18
1224.5,EARLY_CONCAT,18
1225.0,EARLY_CONCAT,18
1225.5,EARLY_CONCAT,18
1226.0,EARLY_CONCAT,18
1226.5,EARLY_CONCAT,18
1227.0,EARLY_CONCAT,18
1227.5,EARLY_CONCAT,18
1228.0,EARLY_CONCAT,18
1228.5,EARLY_CONCAT,18
1229.0,EARLY_CONCAT,18
1229.5,EARLY_CONCAT,18
1230.0,EARLY_CONCAT,18
1230.5,EARLY_CONCAT,18
1231.0,EARLY_CONCAT,18
1231.5,EARLY_CONCAT,18
1232.0,EARLY_CONCAT,18
1232.5,EARLY_CONCAT,18
1233.0,EARLY_CONCAT,18
1233.5,EARLY_CONCAT,18
1234.0,EARLY_CONCAT,18
1234.5,EARLY_CONCAT,18
1235.0,EARLY_CONCAT,18
1235.5,EARLY_CONCAT,18
1236.0,EARLY_CONCAT,18
1236.5,EARLY_CONCAT,18
1237.0,EARLY_CONCAT,18
1237.5,EARLY_CONCAT,18
1238.0,EARLY_CONCAT,18
1238.5,EARLY_CONCAT,18
1239.0,EARLY_CONCAT,18
1239.5,EARLY_CONCAT,18
1240.0,EARLY_CONCAT,18
1240.5,EARLY_CONCAT,18
1241.0,EARLY_CONCAT,18
1241.5,EARLY_CONCAT,18
1242.0,EARLY_CONCAT,18
1242.5,EARLY_CONCAT,18
1243.0,EARLY_CONCAT,18
1243.5,EARLY_CONCAT,18
1244.0,EARLY_CONCAT,18
1244.5,EARLY_CONCAT,18
1245.0,EARLY_CONCAT,18
1245.5,EARLY_CONCAT,18
1246.0,EARLY_CONCAT,18
1246.5,EARLY_CONCAT,18
1247.0,EARLY_CONCAT,18
1247.5,EARLY_CONCAT,18
1248.0,EARLY_CONCAT,18
1248.5,EARLY_CONCAT,18
1249.0,EARLY_CONCAT,18
1249.5,EARLY_CONCAT,18
1250.0,EARLY_CONCAT,18
1250.5,EARLY_CONCAT,18
1251.0,EARLY_CONCAT,18
1251.5,EARLY_CONCAT,18
1252.0,EARLY_CONCAT,18
1252.5,EARLY_CONCAT,18
1253.0,EARLY_CONCAT,18
1253.5,EARLY_CONCAT,18
1254.0,EARLY_CONCAT,18
1254.5,EARLY_CONCAT,18
1255.0,EARLY_CONCAT,18
1255.5,EARLY_CONCAT,18
1256.0,EARLY_CONCAT,18
1256.5,EARLY_CONCAT,18
1257.0,EARLY_CONCAT,18
1257.5,EARLY_CONCAT,18
1258.0,EARLY_CONCAT,18
1258.5,EARLY_CONCAT,18
1259.0,EARLY_CONCAT,18
1259.5,EARLY_CONCAT,18
1260.0,EARLY_CONCAT,18
1260.5,EARLY_CONCAT,18
1261.0,EARLY_CONCAT,18
1261.5,EARLY_CONCAT,18
1262.0,EARLY_CONCAT,18
1262.5,EARLY_CONCAT,18
1263.0,EARLY_CONCAT,18
1263.5,EARLY_CONCAT,18
1264.0,EARLY_CONCAT,11
1264.5,EARLY_CONCAT,11
1265.0,EARLY_CONCAT,11
1265.5,EARLY_CONCAT,11
1266.0,EARLY_CONCAT,11
1266.5,EARLY_CONCAT,11
1267.0,EARLY_CONCAT,11
1267.5,EARLY_CONCAT,11
1268.0,EARLY_CONCAT,11
1268.5,EARLY_CONCAT,11
1269.0,EARLY_CONCAT,11
1269.5,EARLY_CONCAT,11
1270.0,EARLY_CONCAT,11
1270.5,EARLY_CONCAT,11
1271.0,EARLY_CONCAT,11
1271.5,EARLY_CONCAT,11
1272.0,EARLY_CONCAT,11
1272.5,EARLY_CONCAT,11
1273.0,EARLY_CONCAT,11
1273.5,EARLY_CONCAT,11
1274.0,EARLY_CONCAT,11
1274.5,EARLY_CONCAT,11
1275.0,EARLY_CONCAT,11
1275.5,EARLY_CONCAT,11
1276.0,EARLY_CONCAT,11
1276.5,EARLY_CONCAT,11
1277.0,EARLY_CONCAT,11
1277.5,EARLY_CONCAT,11
1278.0,EARLY_CONCAT,11
1278.5,EARLY_CONCAT,11
1279.0,EARLY_CONCAT,11
1279.5,EARLY_CONCAT,11
1280.0,EARLY_CONCAT,11
1280.5,EARLY_CONCAT,11
1281.0,EARLY_CONCAT,11
1281.5,EARLY_CONCAT,11
1282.0,EARLY_CONCAT,11
1282.5,EARLY_CONCAT,11
1283.0,EARLY_CONCAT,11
1283.5,EARLY_CONCAT,11
1284.0,EARLY_CONCAT,11
1284.5,EARLY_CONCAT,11
1285.0,EARLY_CONCAT,11
1285.5,EARLY_CONCAT,11
1286.0,EARLY_CONCAT,11
1286.5,EARLY_CONCAT,11
1287.0,EARLY_CONCAT,11
1287.5,EARLY_CONCAT,11
1288.0,EARLY_CONCAT,11
1288.5,EARLY_CONCAT,11
1289.0,EARLY_CONCAT,11
1289.5,EARLY_CONCAT,11
1290.0,EARLY_CONCAT,11
1290.5,EARLY_CONCAT,11
1291.0,EARLY_CONCAT,11
1291.5,EARLY_CONCAT,11
1292.0,EARLY_CONCAT,11
1292.5,EARLY_CONCAT,11
1293.0,EARLY_CONCAT,11
1293.5,EARLY_CONCAT,11
1294.0,EARLY_CONCAT,11
1294.5,EARLY_CONCAT,11
1295.0,EARLY_CONCAT,11
1295.5,EARLY_CONCAT,11
1296.0,EARLY_CONCAT,11
1296.5,EARLY_CONCAT,11
1297.0,EARLY_CONCAT,11
1297.5,EARLY_CONCAT,11
1298.0,EARLY_CONCAT,11
1298.5,EARLY_CONCAT,11
1299.0,EARLY_CONCAT,11
1299.5,EARLY_CONCAT,11
1300.0,EARLY_CONCAT,11
1300.5,EARLY_CONCAT,11
1301.0,EARLY_CONCAT,11
1301.5,EARLY_CONCAT,11
1302.0,EARLY_CONCAT,11
1302.5,EARLY_CONCAT,11
1303.0,EARLY_CONCAT,11
1303.5,EARLY_CONCAT,11
1304.0,EARLY_CONCAT,11
1304.5,EARLY_CONCAT,11
1305.0,EARLY_CONCAT,11
1305.5,EARLY_CONCAT,11
1306.0,EARLY_CONCAT,11
1306.5,EARLY_CONCAT,11
1307.0,EARLY_CONCAT,11
1307.5,EARLY_CONCAT,11
1308.0,EARLY_CONCAT,11
1308.5,EARLY_CONCAT,11
1309.0,EARLY_CONCAT,11
1309.5,EARLY_CONCAT,11
1310.0,EARLY_CONCAT,11
1310.5,EARLY_CONCAT,11
1311.0,EARLY_CONCAT,11
1311.5,EARLY_CONCAT,11
1312.0,EARLY_CONCAT,11
1312.5,EARLY_CONCAT,11
1313.0,EARLY_CONCAT,11
1313.5,EARLY_CONCAT,11
1314.0,EARLY_CONCAT,11
1314.5,EARLY_CONCAT,11
1315.0,EARLY_CONCAT,11
1315.5,EARLY_CONCAT,11
1316.0,EARLY_CONCAT,11
1316.5,EARLY_CONCAT,11
1317.0,EARLY_CONCAT,11
1317.5,EARLY_CONCAT,11
1318.0,EARLY_CONCAT,11
1318.5,EARLY_CONCAT,11
1319.0,EARLY_CONCAT,11
1319.5,EARLY_CONCAT,11
1320.0,EARLY_CONCAT,11
1320.5,EARLY_CONCAT,11
1321.0,EARLY_CONCAT,11
1321.5,EARLY_CONCAT,11
1322.0,EARLY_CONCAT,11
1322.5,EARLY_CONCAT,11
1323.0,EARLY_CONCAT,11
1323.5,EARLY_CONCAT,11
1324.0,EARLY_CONCAT,11
1324.5,EARLY_CONCAT,18
1325.0,EARLY_CONCAT,18
1325.5,EARLY_CONCAT,18
1326.0,EARLY_CONCAT,18
1326.5,EARLY_CONCAT,18
1327.0,EARLY_CONCAT,18
1327.5,EARLY_CONCAT,18
1328.0,EARLY_CONCAT,18
1328.5,EARLY_CONCAT,18
1329.0,EARLY_CONCAT,18
1329.5,EARLY_CONCAT,18
1330.0,EARLY_CONCAT,18
1330.5,EARLY_CONCAT,18
1331.0,EARLY_CONCAT,18
1331.5,EARLY_CONCAT,18
1332.0,EARLY_CONCAT,18
1332.5,EARLY_CONCAT,18
1333.0,EARLY_CONCAT,18
1333.5,EARLY_CONCAT,18
1334.0,EARLY_CONCAT,18
1334.5,EARLY_CONCAT,18
1335.0,EARLY_CONCAT,18
1335.5,EARLY_CONCAT,18
1336.0,EARLY_CONCAT,18
1336.5,EARLY_CONCAT,18
1337.0,EARLY_CONCAT,18
1337.5,EARLY_CONCAT,18
1338.0,EARLY_CONCAT,18
1338.5,EARLY_CONCAT,18
1339.0,EARLY_CONCAT,18
1339.5,EARLY_CONCAT,18
1340.0,EARLY_CONCAT,18
1340.5,EARLY_CONCAT,18
1341.0,EARLY_CONCAT,18
1341.5,EARLY_CONCAT,18
1342.0,EARLY_CONCAT,18
1342.5,EARLY_CONCAT,18
1343.0,EARLY_CONCAT,18
1343.5,EARLY_CONCAT,18
1344.0,EARLY_CONCAT,18
1344.5,EARLY_CONCAT,18
1345.0,EARLY_CONCAT,18
1345.5,EARLY_CONCAT,18
1346.0,EARLY_CONCAT,18
1346.5,EARLY_CONCAT,18
1347.0,EARLY_CONCAT,18
1347.5,EARLY_CONCAT,18
1348.0,EARLY_CONCAT,18
1348.5,EARLY_CONCAT,18
1349.0,EARLY_CONCAT,18
1349.5,EARLY_CONCAT,18
1350.0,EARLY_CONCAT,18
1350.5,EARLY_CONCAT,18
1351.0,EARLY_CONCAT,18
1351.5,EARLY_CONCAT,18
1352.0,EARLY_CONCAT,18
1352.5,EARLY_CONCAT,18
1353.0,EARLY_CONCAT,18
1353.5,EARLY_CONCAT,18
1354.0,EARLY_CONCAT,18
1354.5,EARLY_CONCAT,18
1355.0,EARLY_CONCAT,18
1355.5,EARLY_CONCAT,18
1356.0,EARLY_CONCAT,18
1356.5,EARLY_CONCAT,18
1357.0,EARLY_CONCAT,18
1357.5,EARLY_CONCAT,18
1358.0,EARLY_CONCAT,18
1358.5,EARLY_CONCAT,18
1359.0,EARLY_CONCAT,18
1359.5,EARLY_CONCAT,18
1360.0,EARLY_CONCAT,18
1360.5,EARLY_CONCAT,18
1361.0,EARLY_CONCAT,18
1361.5,EARLY_CONCAT,18
1362.0,EARLY_CONCAT,18
1362.5,EARLY_CONCAT,18
1363.0,EARLY_CONCAT,18
1363.5,EARLY_CONCAT,18
1364.0,EARLY_CONCAT,18
1364.5,EARLY_CONCAT,18
1365.0,EARLY_CONCAT,18
1365.5,EARLY_CONCAT,18
1366.0,EARLY_CONCAT,18
1366.5,EARLY_CONCAT,18
1367.0,EARLY_CONCAT,18
1367.5,EARLY_CONCAT,18
1368.0,EARLY_CONCAT,18
1368.5,EARLY_CONCAT,18
1369.0,EARLY_CONCAT,18
1369.5,EARLY_CONCAT,18
1370.0,EARLY_CONCAT,18
1370.5,EARLY_CONCAT,18
1371.0,EARLY_CONCAT,18
1371.5,EARLY_CONCAT,18
1372.0,EARLY_CONCAT,18
1372.5,EARLY_CONCAT,18
1373.0,EARLY_CONCAT,18
1373.5,EARLY_CONCAT,18
1374.0,EARLY_CONCAT,18
1374.5,EARLY_CONCAT,18
1375.0,EARLY_CONCAT,18
1375.5,EARLY_CONCAT,18
1376.0,EARLY_CONCAT,18
1376.5,EARLY_CONCAT,18
1377.0,EARLY_CONCAT,18
1377.5,EARLY_CONCAT,18
1378.0,EARLY_CONCAT,18
1378.5,EARLY_CONCAT,18
1379.0,EARLY_CONCAT,18
1379.5,EARLY_CONCAT,18
1380.0,EARLY_CONCAT,18
1380.5,EARLY_CONCAT,18
1381.0,EARLY_CONCAT,18
1381.5,EARLY_CONCAT,18
1382.0,EARLY_CONCAT,18
1382.5,EARLY_CONCAT,18
1383.0,EARLY_CONCAT,18
1383.5,EARLY_CONCAT,18
1384.0,EARLY_CONCAT,18
1384.5,EARLY_CONCAT,18
1385.0,EARLY_CONCAT,18
1385.5,EARLY_CONCAT,18
1386.0,EARLY_CONCAT,18
1386.5,EARLY_CONCAT,18
1387.0,EARLY_CONCAT,18
1387.5,EARLY_CONCAT,18
1388.0,EARLY_CONCAT,18
1388.5,EARLY_CONCAT,18
1389.0,EARLY_CONCAT,18
1389.5,EARLY_CONCAT,11
1390.0,EARLY_CONCAT,11
1390.5,EARLY_CONCAT,11
1391.0,EARLY_CONCAT,11
1391.5,EARLY_CONCAT,11
1392.0,EARLY_CONCAT,11
1392.5,EARLY_CONCAT,11
1393.0,EARLY_CONCAT,11
1393.5,EARLY_CONCAT,11
1394.0,EARLY_CONCAT,11
1394.5,EARLY_CONCAT,11
1395.0,EARLY_CONCAT,11
1395.5,EARLY_CONCAT,11
1396.0,EARLY_CONCAT,11
1396.5,EARLY_CONCAT,11
1397.0,EARLY_CONCAT,11
1397.5,EARLY_CONCAT,11
1398.0,EARLY_CONCAT,11
1398.5,EARLY_CONCAT,11
1399.0,EARLY_CONCAT,11
1399.5,EARLY_CONCAT,11
1400.0,EARLY_CONCAT,11
1400.5,EARLY_CONCAT,11
1401.0,EARLY_CONCAT,11
1401.5,EARLY_CONCAT,11
1402.0,EARLY_CONCAT,11
1402.5,EARLY_CONCAT,11
1403.0,EARLY_CONCAT,11
1403.5,EARLY_CONCAT,11
1404.0,EARLY_CONCAT,11
1404.5,EARLY_CONCAT,11
1405.0,EARLY_CONCAT,11
1405.5,EARLY_CONCAT,11
1406.0,EARLY_CONCAT,11
1406.5,EARLY_CONCAT,11
1407.0,EARLY_CONCAT,11
1407.5,EARLY_CONCAT,11
1408.0,EARLY_CONCAT,11
1408.5,EARLY_CONCAT,11
1409.0,EARLY_CONCAT,11
1409.5,EARLY_CONCAT,11
1410.0,EARLY_CONCAT,11
1410.5,EARLY_CONCAT,11
1411.0,EARLY_CONCAT,11
1411.5,EARLY_CONCAT,11
1412.0,EARLY_CONCAT,11
1412.5,EARLY_CONCAT,11
1413.0,EARLY_CONCAT,11
1413.5,EARLY_CONCAT,11
1414.0,EARLY_CONCAT,11
1414.5,EARLY_CONCAT,11
1415.0,EARLY_CONCAT,11
1415.5,EARLY_CONCAT,11
1416.0,EARLY_CONCAT,11
1416.5,EARLY_CONCAT,11
1417.0,EARLY_CONCAT,11
1417.5,EARLY_CONCAT,11
1418.0,EARLY_CONCAT,11
1418.5,EARLY_CONCAT,11
1419.0,EARLY_CONCAT,11
1419.5,EARLY_CONCAT,11
1420.0,EARLY_CONCAT,11
1420.5,EARLY_CONCAT,11
1421.0,EARLY_CONCAT,11
1421.5,EARLY_CONCAT,11
1422.0,EARLY_CONCAT,11
1422.5,EARLY_CONCAT,11
1423.0,EARLY_CONCAT,11
1423.5,EARLY_CONCAT,11
1424.0,EARLY_CONCAT,11
1424.5,EARLY_CONCAT,11
1425.0,EARLY_CONCAT,11
1425.5,EARLY_CONCAT,11
1426.0,EARLY_CONCAT,11
1426.5,EARLY_CONCAT,11
1427.0,EARLY_CONCAT,11
1427.5,EARLY_CONCAT,11
1428.0,EARLY_CONCAT,11
1428.5,EARLY_CONCAT,11
1429.0,EARLY_CONCAT,11
1429.5,EARLY_CONCAT,11
1430.0,EARLY_CONCAT,11
1430.5,EARLY_CONCAT,11
1431.0,EARLY_CONCAT,11
1431.5,EARLY_CONCAT,18
1432.0,EARLY_CONCAT,18
1432.5,EARLY_CONCAT,18
1433.0,EARLY_CONCAT,18
1433.5,EARLY_CONCAT,18
1434.0,EARLY_CONCAT,18
1434.5,EARLY_CONCAT,18
1435.0,EARLY_CONCAT,18
1435.5,EARLY_CONCAT,18
1436.0,EARLY_CONCAT,18
1436.5,EARLY_CONCAT,18
1437.0,EARLY_CONCAT,18
1437.5,EARLY_CONCAT,18
1438.0,EARLY_CONCAT,18
1438.5,EARLY_CONCAT,18
1439.0,EARLY_CONCAT,18
1439.5,EARLY_CONCAT,18
1440.0,EARLY_CONCAT,18
1440.5,EARLY_CONCAT,18
1441.0,EARLY_CONCAT,18
1441.5,EARLY_CONCAT,18
1442.0,EARLY_CONCAT,18
1442.5,EARLY_CONCAT,18
1443.0,EARLY_CONCAT,18
1443.5,EARLY_CONCAT,18
1444.0,EARLY_CONCAT,18
1444.5,EARLY_CONCAT,18
1445.0,EARLY_CONCAT,18
1445.5,EARLY_CONCAT,18
1446.0,EARLY_CONCAT,18
1446.5,EARLY_CONCAT,18
1447.0,EARLY_CONCAT,18
1447.5,EARLY_CONCAT,18
1448.0,EARLY_CONCAT,18
1448.5,EARLY_CONCAT,18
1449.0,EARLY_CONCAT,18
1449.5,EARLY_CONCAT,18
1450.0,EARLY_CONCAT,18
1450.5,EARLY_CONCAT,18
1451.0,EARLY_CONCAT,18
1451.5,EARLY_CONCAT,18
1452.0,EARLY_CONCAT,18
1452.5,EARLY_CONCAT,18
1453.0,EARLY_CONCAT,18
1453.5,EARLY_CONCAT,18
1454.0,EARLY_CONCAT,18
1454.5,EARLY_CONCAT,18
1455.0,EARLY_CONCAT,18
1455.5,EARLY_CONCAT,18
1456.0,EARLY_CONCAT,18
1456.5,EARLY_CONCAT,18
1457.0,EARLY_CONCAT,18
1457.5,EARLY_CONCAT,18
1458.0,EARLY_CONCAT,18
1458.5,EARLY_CONCAT,18
1459.0,EARLY_CONCAT,18
1459.5,EARLY_CONCAT,18
1460.0,EARLY_CONCAT,18
1460.5,EARLY_CONCAT,18
1461.0,EARLY_CONCAT,18
1461.5,EARLY_CONCAT,18
1462.0,EARLY_CONCAT,18
1462.5,EARLY_CONCAT,18
1463.0,EARLY_CONCAT,18
1463.5,EARLY_CONCAT,18
1464.0,EARLY_CONCAT,18
1464.5,EARLY_CONCAT,18
1465.0,EARLY_CONCAT,18
1465.5,EARLY_CONCAT,18
1466.0,EARLY_CONCAT,18
1466.5,EARLY_CONCAT,18
1467.0,EARLY_CONCAT,18
1467.5,EARLY_CONCAT,18
1468.0,EARLY_CONCAT,18
1468.5,EARLY_CONCAT,18
1469.0,EARLY_CONCAT,18
1469.5,EARLY_CONCAT,18
1470.0,EARLY_CONCAT,18
1470.5,EARLY_CONCAT,18
1471.0,EARLY_CONCAT,18
1471.5,EARLY_CONCAT,18
1472.0,EARLY_CONCAT,18
1472.5,EARLY_CONCAT,18
1473.0,EARLY_CONCAT,18
1473.5,EARLY_CONCAT,18
1474.0,EARLY_CONCAT,18
1474.5,EARLY_CONCAT,18
1475.0,EARLY_CONCAT,18
1475.5,EARLY_CONCAT,18
1476.0,EARLY_CONCAT,18
1476.5,EARLY_CONCAT,18
1477.0,EARLY_CONCAT,18
1477.5,EARLY_CONCAT,18
1478.0,EARLY_CONCAT,18
1478.5,EARLY_CONCAT,18
1479.0,EARLY_CONCAT,18
1479.5,EARLY_CONCAT,18
1480.0,EARLY_CONCAT,18
1480.5,EARLY_CONCAT,18
1481.0,EARLY_CONCAT,18
1481.5,EARLY_CONCAT,18
1482.0,EARLY_CONCAT,18
1482.5,EARLY_CONCAT,18
1483.0,EARLY_CONCAT,18
1483.5,EARLY_CONCAT,18
1484.0,EARLY_CONCAT,18
1484.5,EARLY_CONCAT,18
1485.0,EARLY_CONCAT,18
1485.5,EARLY_CONCAT,18
1486.0,EARLY_CONCAT,18
1486.5,EARLY_CONCAT,18
1487.0,EARLY_CONCAT,18
1487.5,EARLY_CONCAT,18
1488.0,EARLY_CONCAT,18
1488.5,EARLY_CONCAT,18
1489.0,EARLY_CONCAT,18
1489.5,EARLY_CONCAT,18
1490.0,EARLY_CONCAT,18
1490.5,EARLY_CONCAT,18
1491.0,EARLY_CONCAT,18
1491.5,EARLY_CONCAT,18
1492.0,EARLY_CONCAT,18
1492.5,EARLY_CONCAT,18
1493.0,EARLY_CONCAT,18
1493.5,EARLY_CONCAT,18
1494.0,EARLY_CONCAT,18
1494.5,EARLY_CONCAT,18
1495.0,EARLY_CONCAT,18
1495.5,EARLY_CONCAT,18
1496.0,EARLY_CONCAT,18
1496.5,EARLY_CONCAT,18
1497.0,EARLY_CONCAT,18
1497.5,EARLY_CONCAT,18
1498.0,EARLY_CONCAT,18
1498.5,EARLY_CONCAT,18
1499.0,EARLY_CONCAT,18
1499.5,EARLY_CONCAT,18
1500.0,EARLY_CONCAT,18
1500.5,EARLY_CONCAT,18
1501.0,EARLY_CONCAT,18
1501.5,EARLY_CONCAT,18
1502.0,EARLY_CONCAT,18
1502.5,EARLY_CONCAT,18
1503.0,EARLY_CONCAT,18
1503.5,EARLY_CONCAT,18
1504.0,EARLY_CONCAT,18
1504.5,EARLY_CONCAT,18
1505.0,EARLY_CONCAT,18
1505.5,EARLY_CONCAT,18
1506.0,EARLY_CONCAT,18
1506.5,EARLY_CONCAT,18
1507.0,EARLY_CONCAT,18
1507.5,EARLY_CONCAT,18
1508.0,EARLY_CONCAT,18
1508.5,EARLY_CONCAT,18
1509.0,EARLY_CONCAT,18
1509.5,EARLY_CONCAT,18
1510.0,EARLY_CONCAT,18
1510.5,EARLY_CONCAT,18
1511.0,EARLY_CONCAT,18
1511.5,EARLY_CONCAT,18
1512.0,EARLY_CONCAT,18
1512.5,EARLY_CONCAT,18
1513.0,EARLY_CONCAT,18
1513.5,EARLY_CONCAT,18
1514.0,EARLY_CONCAT,18
1514.5,EARLY_CONCAT,18
1515.0,EARLY_CONCAT,18
1515.5,EARLY_CONCAT,18
1516.0,EARLY_CONCAT,18
1516.5,EARLY_CONCAT,18
1517.0,EARLY_CONCAT,18
1517.5,EARLY_CONCAT,18
1518.0,EARLY_CONCAT,18
1518.5,EARLY_CONCAT,18
1519.0,EARLY_CONCAT,18
1519.5,EARLY_CONCAT,18
1520.0,EARLY_CONCAT,18
1520.5,EARLY_CONCAT,18
1521.0,EARLY_CONCAT,18
1521.5,EARLY_CONCAT,18
1522.0,EARLY_CONCAT,18
1522.5,EARLY_CONCAT,18
1523.0,EARLY_CONCAT,18
1523.5,EARLY_CONCAT,18
1524.0,EARLY_CONCAT,18
1524.5,EARLY_CONCAT,18
1525.0,EARLY_CONCAT,18
1525.5,EARLY_CONCAT,18
1526.0,EARLY_CONCAT,18
1526.5,EARLY_CONCAT,18
1527.0,EARLY_CONCAT,18
1527.5,EARLY_CONCAT,18
1528.0,EARLY_CONCAT,18
1528.5,EARLY_CONCAT,18
1529.0,EARLY_CONCAT,18
1529.5,EARLY_CONCAT,18
1530.0,EARLY_CONCAT,18
1530.5,EARLY_CONCAT,18
1531.0,EARLY_CONCAT,18
1531.5,EARLY_CONCAT,18
1532.0,EARLY_CONCAT,18
1532.5,EARLY_CONCAT,18
1533.0,EARLY_CONCAT,18
1533.5,EARLY_CONCAT,18
1534.0,EARLY_CONCAT,18
1534.5,EARLY_CONCAT,18
1535.0,EARLY_CONCAT,18
1535.5,EARLY_CONCAT,18
1536.0,EARLY_CONCAT,18
1536.5,EARLY_CONCAT,18
1537.0,EARLY_CONCAT,18
1537.5,EARLY_CONCAT,18
1538.0,EARLY_CONCAT,18
1538.5,EARLY_CONCAT,18
1539.0,EARLY_CONCAT,18
1539.5,EARLY_CONCAT,18
1540.0,EARLY_CONCAT,18
1540.5,EARLY_CONCAT,18
1541.0,EARLY_CONCAT,18
1541.5,EARLY_CONCAT,18
1542.0,EARLY_CONCAT,18
1542.5,EARLY_CONCAT,18
1543.0,EARLY_CONCAT,18
1543.5,EARLY_CONCAT,18
1544.0,EARLY_CONCAT,18
1544.5,EARLY_CONCAT,18
1545.0,EARLY_CONCAT,18
1545.5,EARLY_CONCAT,18
1546.0,EARLY_CONCAT,18
1546.5,EARLY_CONCAT,18
1547.0,EARLY_CONCAT,18
1547.5,EARLY_CONCAT,18
1548.0,EARLY_CONCAT,18
1548.5,EARLY_CONCAT,18
1549.0,EARLY_CONCAT,18
1549.5,EARLY_CONCAT,18
1550.0,EARLY_CONCAT,18
1550.5,EARLY_CONCAT,18
1551.0,EARLY_CONCAT,18
1551.5,EARLY_CONCAT,18
1552.0,EARLY_CONCAT,18
1552.5,EARLY_CONCAT,18
1553.0,EARLY_CONCAT,18
1553.5,EARLY_CONCAT,18
1554.0,EARLY_CONCAT,18
1554.5,EARLY_CONCAT,18
1555.0,EARLY_CONCAT,18
1555.5,EARLY_CONCAT,18
1556.0,EARLY_CONCAT,18
1556.5,EARLY_CONCAT,18
1557.0,EARLY_CONCAT,18
1557.5,EARLY_CONCAT,18
1558.0,EARLY_CONCAT,18
1558.5,EARLY_CONCAT,18
1559.0,EARLY_CONCAT,18
1559.5,EARLY_CONCAT,18
1560.0,EARLY_CONCAT,18
1560.5,EARLY_CONCAT,18
1561.0,EARLY_CONCAT,18
1561.5,EARLY_CONCAT,18
1562.0,EARLY_CONCAT,18
1562.5,EARLY_CONCAT,18
1563.0,EARLY_CONCAT,18
1563.5,EARLY_CONCAT,18
1564.0,EARLY_CONCAT,18
1564.5,EARLY_CONCAT,18
1565.0,EARLY_CONCAT,18
1565.5,EARLY_CONCAT,18
1566.0,EARLY_CONCAT,18
1566.5,EARLY_CONCAT,18
1567.0,EARLY_CONCAT,18
1567.5,EARLY_CONCAT,18
1568.0,EARLY_CONCAT,18
1568.5,EARLY_CONCAT,18
1569.0,EARLY_CONCAT,18
1569.5,EARLY_CONCAT,18
1570.0,EARLY_CONCAT,18
1570.5,EARLY_CONCAT,18
1571.0,EARLY_CONCAT,18
1571.5,EARLY_CONCAT,18
1572.0,EARLY_CONCAT,18
1572.5,EARLY_CONCAT,18
1573.0,EARLY_CONCAT,18
1573.5,EARLY_CONCAT,18
1574.0,EARLY_CONCAT,18
1574.5,EARLY_CONCAT,18
1575.0,EARLY_CONCAT,18
1575.5,EARLY_CONCAT,18
1576.0,EARLY_CONCAT,18
1576.5,EARLY_CONCAT,18
1577.0,EARLY_CONCAT,18
1577.5,EARLY_CONCAT,18
1578.0,EARLY_CONCAT,18
1578.5,EARLY_CONCAT,18
1579.0,EARLY_CONCAT,18
1579.5,EARLY_CONCAT,18
1580.0,EARLY_CONCAT,18
1580.5,EARLY_CONCAT,18
1581.0,EARLY_CONCAT,18
1581.5,EARLY_CONCAT,18
1582.0,EARLY_CONCAT,18
1582.5,EARLY_CONCAT,18
1583.0,EARLY_CONCAT,18
1583.5,EARLY_CONCAT,18
1584.0,EARLY_CONCAT,18
1584.5,EARLY_CONCAT,18
1585.0,EARLY_CONCAT,18
1585.5,EARLY_CONCAT,18
1586.0,EARLY_CONCAT,18
1586.5,EARLY_CONCAT,18
1587.0,EARLY_CONCAT,18
1587.5,EARLY_CONCAT,18
1588.0,EARLY_CONCAT,18
1588.5,EARLY_CONCAT,18
1589.0,EARLY_CONCAT,18
1589.5,EARLY_CONCAT,18
1590.0,EARLY_CONCAT,18
1590.5,EARLY_CONCAT,18
1591.0,EARLY_CONCAT,18
1591.5,EARLY_CONCAT,18
1592.0,EARLY_CONCAT,18
1592.5,EARLY_CONCAT,18
1593.0,EARLY_CONCAT,18
1593.5,EARLY_CONCAT,18
1594.0,EARLY_CONCAT,18
1594.5,EARLY_CONCAT,18
1595.0,EARLY_CONCAT,18
1595.5,EARLY_CONCAT,18
1596.0,EARLY_CONCAT,18
1596.5,EARLY_CONCAT,18
1597.0,EARLY_CONCAT,11
1597.5,EARLY_CONCAT,11
1598.0,EARLY_CONCAT,11
1598.5,EARLY_CONCAT,11
1599.0,EARLY_CONCAT,11
1599.5,EARLY_CONCAT,11
1600.0,EARLY_CONCAT,11
1600.5,EARLY_CONCAT,11
1601.0,EARLY_CONCAT,11
1601.5,EARLY_CONCAT,11
1602.0,EARLY_CONCAT,11
1602.5,EARLY_CONCAT,11
1603.0,EARLY_CONCAT,11
1603.5,EARLY_CONCAT,11
1604.0,EARLY_CONCAT,11
1604.5,EARLY_CONCAT,11
1605.0,EARLY_CONCAT,11
1605.5,EARLY_CONCAT,11
1606.0,EARLY_CONCAT,11
1606.5,EARLY_CONCAT,11
1607.0,EARLY_CONCAT,11
1607.5,EARLY_CONCAT,11
1608.0,EARLY_CONCAT,11
1608.5,EARLY_CONCAT,11
1609.0,EARLY_CONCAT,11
1609.5,EARLY_CONCAT,11
1610.0,EARLY_CONCAT,11
1610.5,EARLY_CONCAT,11
1611.0,EARLY_CONCAT,11
1611.5,EARLY_CONCAT,11
1612.0,EARLY_CONCAT,11
1612.5,EARLY_CONCAT,11
1613.0,EARLY_CONCAT,11
1613.5,EARLY_CONCAT,11
1614.0,EARLY_CONCAT,11
1614.5,EARLY_CONCAT,11
1615.0,EARLY_CONCAT,11
1615.5,EARLY_CONCAT,11
1616.0,EARLY_CONCAT,11
1616.5,EARLY_CONCAT,11
1617.0,EARLY_CONCAT,11
1617.5,EARLY_CONCAT,11
1618.0,EARLY_CONCAT,11
1618.5,EARLY_CONCAT,11
1619.0,EARLY_CONCAT,11
1619.5,EARLY_CONCAT,11
1620.0,EARLY_CONCAT,11
1620.5,EARLY_CONCAT,11
1621.0,EARLY_CONCAT,11
1621.5,EARLY_CONCAT,11
1622.0,EARLY_CONCAT,11
1622.5,EARLY_CONCAT,11
1623.0,EARLY_CONCAT,11
1623.5,EARLY_CONCAT,11
1624.0,EARLY_CONCAT,11
1624.5,EARLY_CONCAT,11
1625.0,EARLY_CONCAT,11
1625.5,EARLY_CONCAT,11
1626.0,EARLY_CONCAT,11
1626.5,EARLY_CONCAT,11
1627.0,EARLY_CONCAT,11
1627.5,EARLY_CONCAT,11
1628.0,EARLY_CONCAT,11
1628.5,EARLY_CONCAT,11
1629.0,EARLY_CONCAT,11
1629.5,EARLY_CONCAT,11
1630.0,EARLY_CONCAT,11
1630.5,EARLY_CONCAT,11
1631.0,EARLY_CONCAT,11
1631.5,EARLY_CONCAT,11
1632.0,EARLY_CONCAT,11
1632.5,EARLY_CONCAT,11
1633.0,EARLY_CONCAT,11
1633.5,EARLY_CONCAT,11
1634.0,EARLY_CONCAT,11
1634.5,EARLY_CONCAT,11
1635.0,EARLY_CONCAT,11
1635.5,EARLY_CONCAT,11
1636.0,EARLY_CONCAT,11
1636.5,EARLY_CONCAT,11
1637.0,EARLY_CONCAT,11
1637.5,EARLY_CONCAT,11
1638.0,EARLY_CONCAT,11
1638.5,EARLY_CONCAT,11
1639.0,EARLY_CONCAT,11
1639.5,EARLY_CONCAT,11
1640.0,EARLY_CONCAT,11
1640.5,EARLY_CONCAT,11
1641.0,EARLY_CONCAT,11
1641.5,EARLY_CONCAT,11
1642.0,EARLY_CONCAT,11
1642.5,EARLY_CONCAT,11
1643.0,EARLY_CONCAT,11
1643.5,EARLY_CONCAT,11
1644.0,EARLY_CONCAT,11
1644.5,EARLY_CONCAT,11
1645.0,EARLY_CONCAT,11
1645.5,EARLY_CONCAT,11
1646.0,EARLY_CONCAT,11
1646.5,EARLY_CONCAT,11
1647.0,EARLY_CONCAT,11
1647.5,EARLY_CONCAT,11
1648.0,EARLY_CONCAT,11
1648.5,EARLY_CONCAT,11
1649.0,EARLY_CONCAT,11
1649.5,EARLY_CONCAT,11
1650.0,EARLY_CONCAT,11
1650.5,EARLY_CONCAT,11
1651.0,EARLY_CONCAT,11
1651.5,EARLY_CONCAT,11
1652.0,EARLY_CONCAT,11
1652.5,EARLY_CONCAT,11
1653.0,EARLY_CONCAT,11
1653.5,EARLY_CONCAT,11
1654.0,EARLY_CONCAT,11
1654.5,EARLY_CONCAT,11
1655.0,EARLY_CONCAT,11
1655.5,EARLY_CONCAT,11
1656.0,EARLY_CONCAT,11
1656.5,EARLY_CONCAT,11
1657.0,EARLY_CONCAT,11
1657.5,EARLY_CONCAT,11
1658.0,EARLY_CONCAT,11
1658.5,EARLY_CONCAT,11
1659.0,EARLY_CONCAT,11
1659.5,EARLY_CONCAT,11
1660.0,EARLY_CONCAT,11
1660.5,EARLY_CONCAT,11
1661.0,EARLY_CONCAT,11
1661.5,EARLY_CONCAT,11
1662.0,EARLY_CONCAT,11
1662.5,EARLY_CONCAT,11
1663.0,EARLY_CONCAT,11
1663.5,EARLY_CONCAT,11
1664.0,EARLY_CONCAT,11
1664.5,EARLY_CONCAT,11
1665.0,EARLY_CONCAT,11
1665.5,EARLY_CONCAT,11
1666.0,EARLY_CONCAT,11
1666.5,EARLY_CONCAT,11
1667.0,EARLY_CONCAT,11
1667.5,EARLY_CONCAT,11
1668.0,EARLY_CONCAT,11
1668.5,EARLY_CONCAT,11
1669.0,EARLY_CONCAT,11
1669.5,EARLY_CONCAT,11
1670.0,EARLY_CONCAT,11
1670.5,EARLY_CONCAT,11
1671.0,EARLY_CONCAT,11
1671.5,EARLY_CONCAT,11
1672.0,EARLY_CONCAT,11
1672.5,EARLY_CONCAT,11
1673.0,EARLY_CONCAT,11
1673.5,EARLY_CONCAT,11
1674.0,EARLY_CONCAT,11
1674.5,EARLY_CONCAT,11
1675.0,EARLY_CONCAT,11
1675.5,EARLY_CONCAT,11
1676.0,EARLY_CONCAT,11
1676.5,EARLY_CONCAT,11
1677.0,EARLY_CONCAT,11
1677.5,EARLY_CONCAT,11
1678.0,EARLY_CONCAT,11
1678.5,EARLY_CONCAT,11
1679.0,EARLY_CONCAT,11
1679.5,EARLY_CONCAT,11
1680.0,EARLY_CONCAT,11
1680.5,EARLY_CONCAT,11
1681.0,EARLY_CONCAT,11
1681.5,EARLY_CONCAT,11
1682.0,EARLY_CONCAT,11
1682.5,EARLY_CONCAT,11
1683.0,EARLY_CONCAT,11
1683.5,EARLY_CONCAT,11
1684.0,EARLY_CONCAT,11
1684.5,EARLY_CONCAT,11
1685.0,EARLY_CONCAT,11
1685.5,EARLY_CONCAT,11
1686.0,EARLY_CONCAT,11
1686.5,EARLY_CONCAT,18
1687.0,EARLY_CONCAT,18
1687.5,EARLY_CONCAT,18
1688.0,EARLY_CONCAT,18
1688.5,EARLY_CONCAT,18
1689.0,EARLY_CONCAT,18
1689.5,EARLY_CONCAT,18
1690.0,EARLY_CONCAT,18
1690.5,EARLY_CONCAT,18
1691.0,EARLY_CONCAT,18
1691.5,EARLY_CONCAT,18
1692.0,EARLY_CONCAT,18
1692.5,EARLY_CONCAT,18
1693.0,EARLY_CONCAT,18
1693.5,EARLY_CONCAT,18
1694.0,EARLY_CONCAT,18
1694.5,EARLY_CONCAT,18
1695.0,EARLY_CONCAT,18
1695.5,EARLY_CONCAT,18
1696.0,EARLY_CONCAT,18
1696.5,EARLY_CONCAT,18
1697.0,EARLY_CONCAT,18
1697.5,EARLY_CONCAT,18
1698.0,EARLY_CONCAT,18
1698.5,EARLY_CONCAT,18
1699.0,EARLY_CONCAT,18
1699.5,EARLY_CONCAT,18
1700.0,EARLY_CONCAT,18
1700.5,EARLY_CONCAT,18
1701.0,EARLY_CONCAT,18
1701.5,EARLY_CONCAT,18
1702.0,EARLY_CONCAT,18
1702.5,EARLY_CONCAT,18
1703.0,EARLY_CONCAT,18
1703.5,EARLY_CONCAT,18
1704.0,EARLY_CONCAT,18
1704.5,EARLY_CONCAT,18
1705.0,EARLY_CONCAT,18
1705.5,EARLY_CONCAT,18
1706.0,EARLY_CONCAT,18
1706.5,EARLY_CONCAT,18
1707.0,EARLY_CONCAT,18
1707.5,EARLY_CONCAT,18
1708.0,EARLY_CONCAT,18
1708.5,EARLY_CONCAT,18
1709.0,EARLY_CONCAT,18
1709.5,EARLY_CONCAT,18
1710.0,EARLY_CONCAT,18
1710.5,EARLY_CONCAT,18
1711.0,EARLY_CONCAT,18
1711.5,EARLY_CONCAT,18
1712.0,EARLY_CONCAT,18
1712.5,EARLY_CONCAT,18
1713.0,EARLY_CONCAT,18
1713.5,EARLY_CONCAT,18
1714.0,EARLY_CONCAT,18
1714.5,EARLY_CONCAT,18
1715.0,EARLY_CONCAT,18
1715.5,EARLY_CONCAT,18
1716.0,EARLY_CONCAT,18
1716.5,EARLY_CONCAT,18
1717.0,EARLY_CONCAT,18
1717.5,EARLY_CONCAT,18
1718.0,EARLY_CONCAT,18
1718.5,EARLY_CONCAT,18
1719.0,EARLY_CONCAT,18
1719.5,EARLY_CONCAT,18
1720.0,EARLY_CONCAT,18
1720.5,EARLY_CONCAT,18
1721.0,EARLY_CONCAT,18
1721.5,EARLY_CONCAT,18
1722.0,EARLY_CONCAT,18
1722.5,EARLY_CONCAT,18
1723.0,EARLY_CONCAT,18
1723.5,EARLY_CONCAT,18
1724.0,EARLY_CONCAT,18
1724.5,EARLY_CONCAT,18
1725.0,EARLY_CONCAT,18
1725.5,EARLY_CONCAT,18
1726.0,EARLY_CONCAT,18
1726.5,EARLY_CONCAT,18
1727.0,EARLY_CONCAT,18
1727.5,EARLY_CONCAT,18
1728.0,EARLY_CONCAT,18
1728.5,EARLY_CONCAT,18
1729.0,EARLY_CONCAT,18
1729.5,EARLY_CONCAT,18
1730.0,EARLY_CONCAT,18
1730.5,EARLY_CONCAT,18
1731.0,EARLY_CONCAT,18
1731.5,EARLY_CONCAT,18
1732.0,EARLY_CONCAT,18
1732.5,EARLY_CONCAT,18
1733.0,EARLY_CONCAT,18
1733.5,EARLY_CONCAT,18
1734.0,EARLY_CONCAT,18
1734.5,EARLY_CONCAT,18
1735.0,EARLY_CONCAT,18
1735.5,EARLY_CONCAT,18
1736.0,EARLY_CONCAT,18
1736.5,EARLY_CONCAT,8
1737.0,EARLY_CONCAT,8
1737.5,EARLY_CONCAT,8
1738.0,EARLY_CONCAT,8
1738.5,EARLY_CONCAT,8
1739.0,EARLY_CONCAT,8
1739.5,EARLY_CONCAT,8
1740.0,EARLY_CONCAT,8
1740.5,EARLY_CONCAT,8
1741.0,EARLY_CONCAT,8
1741.5,EARLY_CONCAT,8
1742.0,EARLY_CONCAT,8
1742.5,EARLY_CONCAT,8
1743.0,EARLY_CONCAT,8
1743.5,EARLY_CONCAT,8
1744.0,EARLY_CONCAT,8
1744.5,EARLY_CONCAT,8
1745.0,EARLY_CONCAT,8
1745.5,EARLY_CONCAT,8
1746.0,EARLY_CONCAT,8
1746.5,EARLY_CONCAT,8
1747.0,EARLY_CONCAT,8
1747.5,EARLY_CONCAT,8
1748.0,EARLY_CONCAT,8
1748.5,EARLY_CONCAT,8
1749.0,EARLY_CONCAT,8
1749.5,EARLY_CONCAT,8
1750.0,EARLY_CONCAT,8
1750.5,EARLY_CONCAT,8
1751.0,EARLY_CONCAT,8
1751.5,EARLY_CONCAT,8
1752.0,EARLY_CONCAT,8
1752.5,EARLY_CONCAT,8
1753.0,EARLY_CONCAT,8
1753.5,EARLY_CONCAT,8
1754.0,EARLY_CONCAT,8
1754.5,EARLY_CONCAT,8
1755.0,EARLY_CONCAT,8
1755.5,EARLY_CONCAT,8
1756.0,EARLY_CONCAT,8
1756.5,EARLY_CONCAT,8
1757.0,EARLY_CONCAT,8
1757.5,EARLY_CONCAT,8
1758.0,EARLY_CONCAT,8
1758.5,EARLY_CONCAT,8
1759.0,EARLY_CONCAT,8
1759.5,EARLY_CONCAT,8
1760.0,EARLY_CONCAT,8
1760.5,EARLY_CONCAT,8
1761.0,EARLY_CONCAT,8
1761.5,EARLY_CONCAT,8
1762.0,EARLY_CONCAT,8
1762.5,EARLY_CONCAT,8
1763.0,EARLY_CONCAT,18
1763.5,EARLY_CONCAT,18
1764.0,EARLY_CONCAT,18
1764.5,EARLY_CONCAT,18
1765.0,EARLY_CONCAT,18
1765.5,EARLY_CONCAT,18
1766.0,EARLY_CONCAT,18
1766.5,EARLY_CONCAT,18
1767.0,EARLY_CONCAT,18
1767.5,EARLY_CONCAT,18
1768.0,EARLY_CONCAT,18
1768.5,EARLY_CONCAT,18
1769.0,EARLY_CONCAT,18
1769.5,EARLY_CONCAT,18
1770.0,EARLY_CONCAT,18
1770.5,EARLY_CONCAT,18
1771.0,EARLY_CONCAT,18
1771.5,EARLY_CONCAT,18
1772.0,EARLY_CONCAT,18
1772.5,EARLY_CONCAT,18
1773.0,EARLY_CONCAT,8
1773.5,EARLY_CONCAT,8
1774.0,EARLY_CONCAT,8
1774.5,EARLY_CONCAT,8
1775.0,EARLY_CONCAT,8
1775.5,EARLY_CONCAT,8
1776.0,EARLY_CONCAT,8
1776.5,EARLY_CONCAT,8
1777.0,EARLY_CONCAT,8
1777.5,EARLY_CONCAT,8
1778.0,EARLY_CONCAT,8
1778.5,EARLY_CONCAT,8
1779.0,EARLY_CONCAT,8
1779.5,EARLY_CONCAT,8
1780.0,EARLY_CONCAT,8
1780.5,EARLY_CONCAT,8
1781.0,EARLY_CONCAT,8
1781.5,EARLY_CONCAT,8
1782.0,EARLY_CONCAT,8
1782.5,EARLY_CONCAT,8
1783.0,EARLY_CONCAT,8
1783.5,EARLY_CONCAT,8
1784.0,EARLY_CONCAT,8
1784.5,EARLY_CONCAT,8
1785.0,EARLY_CONCAT,8
1785.5,EARLY_CONCAT,8
1786.0,EARLY_CONCAT,8
1786.5,EARLY_CONCAT,8
1787.0,EARLY_CONCAT,8
1787.5,EARLY_CONCAT,8
1788.0,EARLY_CONCAT,8
1788.5,EARLY_CONCAT,8
1789.0,EARLY_CONCAT,8
1789.5,EARLY_CONCAT,8
1790.0,EARLY_CONCAT,8
1790.5,EARLY_CONCAT,8
1791.0,EARLY_CONCAT,8
1791.5,EARLY_CONCAT,8
1792.0,EARLY_CONCAT,8
1792.5,EARLY_CONCAT,8
1793.0,EARLY_CONCAT,8
1793.5,EARLY_CONCAT,8
1794.0,EARLY_CONCAT,8
1794.5,EARLY_CONCAT,8
1795.0,EARLY_CONCAT,8
1795.5,EARLY_CONCAT,8
1796.0,EARLY_CONCAT,8
1796.5,EARLY_CONCAT,8
1797.0,EARLY_CONCAT,8
1797.5,EARLY_CONCAT,8
1798.0,EARLY_CONCAT,8
1798.5,EARLY_CONCAT,8
1799.0,EARLY_CONCAT,8
1799.5,EARLY_CONCAT,8
1800.0,EARLY_CONCAT,18
1800.5,EARLY_CONCAT,18
1801.0,EARLY_CONCAT,18
1801.5,EARLY_CONCAT,18
1802.0,EARLY_CONCAT,18
1802.5,EARLY_CONCAT,18
1803.0,EARLY_CONCAT,18
1803.5,EARLY_CONCAT,18
1804.0,EARLY_CONCAT,18
1804.5,EARLY_CONCAT,18
1805.0,EARLY_CONCAT,18
1805.5,EARLY_CONCAT,18
1806.0,EARLY_CONCAT,18
1806.5,EARLY_CONCAT,18
1807.0,EARLY_CONCAT,18
1807.5,EARLY_CONCAT,18
1808.0,EARLY_CONCAT,18
1808.5,EARLY_CONCAT,18
1809.0,EARLY_CONCAT,18
1809.5,EARLY_CONCAT,18
1810.0,EARLY_CONCAT,18
1810.5,EARLY_CONCAT,18
1811.0,EARLY_CONCAT,18
1811.5,EARLY_CONCAT,18
1812.0,EARLY_CONCAT,18
1812.5,EARLY_CONCAT,18
1813.0,EARLY_CONCAT,18
1813.5,EARLY_CONCAT,18
1814.0,EARLY_CONCAT,18
1814.5,EARLY_CONCAT,18
1815.0,EARLY_CONCAT,18
1815.5,EARLY_CONCAT,18
1816.0,EARLY_CONCAT,18
1816.5,EARLY_CONCAT,18
1817.0,EARLY_CONCAT,18
1817.5,EARLY_CONCAT,18
1818.0,EARLY_CONCAT,18
1818.5,EARLY_CONCAT,18
1819.0,EARLY_CONCAT,18
1819.5,EARLY_CONCAT,18
1820.0,EARLY_CONCAT,18
1820.5,EARLY_CONCAT,18
1821.0,EARLY_CONCAT,18
1821.5,EARLY_CONCAT,18
1822.0,EARLY_CONCAT,18
1822.5,EARLY_CONCAT,18
1823.0,EARLY_CONCAT,18
1823.5,EARLY_CONCAT,18
1824.0,EARLY_CONCAT,18
1824.5,EARLY_CONCAT,18
1825.0,EARLY_CONCAT,18
1825.5,EARLY_CONCAT,18
1826.0,EARLY_CONCAT,18
1826.5,EARLY_CONCAT,18
1827.0,EARLY_CONCAT,18
1827.5,EARLY_CONCAT,18
1828.0,EARLY_CONCAT,18
1828.5,EARLY_CONCAT,18
1829.0,EARLY_CONCAT,18
1829.5,EARLY_CONCAT,18
1830.0,EARLY_CONCAT,18
1830.5,EARLY_CONCAT,18
1831.0,EARLY_CONCAT,18
1831.5,EARLY_CONCAT,18
1832.0,EARLY_CONCAT,18
1832.5,EARLY_CONCAT,18
1833.0,EARLY_CONCAT,18
1833.5,EARLY_CONCAT,18
1834.0,EARLY_CONCAT,18
1834.5,EARLY_CONCAT,18
1835.0,EARLY_CONCAT,18
1835.5,EARLY_CONCAT,18
1836.0,EARLY_CONCAT,9
1836.5,EARLY_CONCAT,9
1837.0,EARLY_CONCAT,9
1837.5,EARLY_CONCAT,9
1838.0,EARLY_CONCAT,9
1838.5,EARLY_CONCAT,9
1839.0,EARLY_CONCAT,9
1839.5,EARLY_CONCAT,9
1840.0,EARLY_CONCAT,9
1840.5,EARLY_CONCAT,9
1841.0,EARLY_CONCAT,9
1841.5,EARLY_CONCAT,9
1842.0,EARLY_CONCAT,9
1842.5,EARLY_CONCAT,9
1843.0,EARLY_CONCAT,9
1843.5,EARLY_CONCAT,9
1844.0,EARLY_CONCAT,9
1844.5,EARLY_CONCAT,9
1845.0,EARLY_CONCAT,9
1845.5,EARLY_CONCAT,9
1846.0,EARLY_CONCAT,9
1846.5,EARLY_CONCAT,9
1847.0,EARLY_CONCAT,9
1847.5,EARLY_CONCAT,9
1848.0,EARLY_CONCAT,9
1848.5,EARLY_CONCAT,9
1849.0,EARLY_CONCAT,9
1849.5,EARLY_CONCAT,9
1850.0,EARLY_CONCAT,9
1850.5,EARLY_CONCAT,9
1851.0,EARLY_CONCAT,9
1851.5,EARLY_CONCAT,9
1852.0,EARLY_CONCAT,9
1852.5,EARLY_CONCAT,9
1853.0,EARLY_CONCAT,9
1853.5,EARLY_CONCAT,9
1854.0,EARLY_CONCAT,9
1854.5,EARLY_CONCAT,9
1855.0,EARLY_CONCAT,9
1855.5,EARLY_CONCAT,9
1856.0,EARLY_CONCAT,9
1856.5,EARLY_CONCAT,9
1857.0,EARLY_CONCAT,9
1857.5,EARLY_CONCAT,9
1858.0,EARLY_CONCAT,9
1858.5,EARLY_CONCAT,9
1859.0,EARLY_CONCAT,9
1859.5,EARLY_CONCAT,9
1860.0,EARLY_CONCAT,9
1860.5,EARLY_CONCAT,9
1861.0,EARLY_CONCAT,9
1861.5,EARLY_CONCAT,9
1862.0,EARLY_CONCAT,9
1862.5,EARLY_CONCAT,9
1863.0,EARLY_CONCAT,9
1863.5,EARLY_CONCAT,9
1864.0,EARLY_CONCAT,9
1864.5,EARLY_CONCAT,9
1865.0,EARLY_CONCAT,9
1865.5,EARLY_CONCAT,9
1866.0,EARLY_CONCAT,9
1866.5,EARLY_CONCAT,9
1867.0,EARLY_CONCAT,9
1867.5,EARLY_CONCAT,9
1868.0,EARLY_CONCAT,9
1868.5,EARLY_CONCAT,9
1869.0,EARLY_CONCAT,9
1869.5,EARLY_CONCAT,9
1870.0,EARLY_CONCAT,9
1870.5,EARLY_CONCAT,9
1871.0,EARLY_CONCAT,9
1871.5,EARLY_CONCAT,9
1872.0,EARLY_CONCAT,9
1872.5,EARLY_CONCAT,9
1873.0,EARLY_CONCAT,9
1873.5,EARLY_CONCAT,9
1874.0,EARLY_CONCAT,9
1874.5,EARLY_CONCAT,9
1875.0,EARLY_CONCAT,9
1875.5,EARLY_CONCAT,9
1876.0,EARLY_CONCAT,9
1876.5,EARLY_CONCAT,9
1877.0,EARLY_CONCAT,9
1877.5,EARLY_CONCAT,9
1878.0,EARLY_CONCAT,9
1878.5,EARLY_CONCAT,9
1879.0,EARLY_CONCAT,9
1879.5,EARLY_CONCAT,9
1880.0,EARLY_CONCAT,9
1880.5,EARLY_CONCAT,9
1881.0,EARLY_CONCAT,9
1881.5,EARLY_CONCAT,9
1882.0,EARLY_CONCAT,9
1882.5,EARLY_CONCAT,9
1883.0,EARLY_CONCAT,9
1883.5,EARLY_CONCAT,9
1884.0,EARLY_CONCAT,9
1884.5,EARLY_CONCAT,9
1885.0,EARLY_CONCAT,9
1885.5,EARLY_CONCAT,9
1886.0,EARLY_CONCAT,9
1886.5,EARLY_CONCAT,9
1887.0,EARLY_CONCAT,9
1887.5,EARLY_CONCAT,9
1888.0,EARLY_CONCAT,9
1888.5,EARLY_CONCAT,9
1889.0,EARLY_CONCAT,9
1889.5,EARLY_CONCAT,9
1890.0,EARLY_CONCAT,9
1890.5,EARLY_CONCAT,9
1891.0,EARLY_CONCAT,9
1891.5,EARLY_CONCAT,9
1892.0,EARLY_CONCAT,9
1892.5,EARLY_CONCAT,9
1893.0,EARLY_CONCAT,9
1893.5,EARLY_CONCAT,9
1894.0,EARLY_CONCAT,9
1894.5,EARLY_CONCAT,9
1895.0,EARLY_CONCAT,9
1895.5,EARLY_CONCAT,9
1896.0,EARLY_CONCAT,9
1896.5,EARLY_CONCAT,9
1897.0,EARLY_CONCAT,9
1897.5,EARLY_CONCAT,9
1898.0,EARLY_CONCAT,9
1898.5,EARLY_CONCAT,9
1899.0,EARLY_CONCAT,9
1899.5,EARLY_CONCAT,9
1900.0,EARLY_CONCAT,9
1900.5,EARLY_CONCAT,9
1901.0,EARLY_CONCAT,9
1901.5,EARLY_CONCAT,9
1902.0,EARLY_CONCAT,9
1902.5,EARLY_CONCAT,9
1903.0,EARLY_CONCAT,9
1903.5,EARLY_CONCAT,9
1904.0,EARLY_CONCAT,9
1904.5,EARLY_CONCAT,9
1905.0,EARLY_CONCAT,9
1905.5,EARLY_CONCAT,9
1906.0,EARLY_CONCAT,9
1906.5,EARLY_CONCAT,9
1907.0,EARLY_CONCAT,9
1907.5,EARLY_CONCAT,9
1908.0,EARLY_CONCAT,9
1908.5,EARLY_CONCAT,9
1909.0,EARLY_CONCAT,9
1909.5,EARLY_CONCAT,9
1910.0,EARLY_CONCAT,9
1910.5,EARLY_CONCAT,9
1911.0,EARLY_CONCAT,9
1911.5,EARLY_CONCAT,9
1912.0,EARLY_CONCAT,9
1912.5,EARLY_CONCAT,9
1913.0,EARLY_CONCAT,9
1913.5,EARLY_CONCAT,9
1914.0,EARLY_CONCAT,9
1914.5,EARLY_CONCAT,9
1915.0,EARLY_CONCAT,9
1915.5,EARLY_CONCAT,9
1916.0,EARLY_CONCAT,9
1916.5,EARLY_CONCAT,9
1917.0,EARLY_CONCAT,9
1917.5,EARLY_CONCAT,9
1918.0,EARLY_CONCAT,9
1918.5,EARLY_CONCAT,9
1919.0,EARLY_CONCAT,9
1919.5,EARLY_CONCAT,9
1920.0,EARLY_CONCAT,9
1920.5,EARLY_CONCAT,9
1921.0,EARLY_CONCAT,9
1921.5,EARLY_CONCAT,9
1922.0,EARLY_CONCAT,18
1922.5,EARLY_CONCAT,18
1923.0,EARLY_CONCAT,18
1923.5,EARLY_CONCAT,18
1924.0,EARLY_CONCAT,18
1924.5,EARLY_CONCAT,18
1925.0,EARLY_CONCAT,18
1925.5,EARLY_CONCAT,18
1926.0,EARLY_CONCAT,18
1926.5,EARLY_CONCAT,18
1927.0,EARLY_CONCAT,18
1927.5,EARLY_CONCAT,18
1928.0,EARLY_CONCAT,18
1928.5,EARLY_CONCAT,18
1929.0,EARLY_CONCAT,18
1929.5,EARLY_CONCAT,18
1930.0,EARLY_CONCAT,18
1930.5,EARLY_CONCAT,18
1931.0,EARLY_CONCAT,18
1931.5,EARLY_CONCAT,18
1932.0,EARLY_CONCAT,18
1932.5,EARLY_CONCAT,18
1933.0,EARLY_CONCAT,18
1933.5,EARLY_CONCAT,18
1934.0,EARLY_CONCAT,18
1934.5,EARLY_CONCAT,18
1935.0,EARLY_CONCAT,18
1935.5,EARLY_CONCAT,18
1936.0,EARLY_CONCAT,18
1936.5,EARLY_CONCAT,18
1937.0,EARLY_CONCAT,18
1937.5,EARLY_CONCAT,18
1938.0,EARLY_CONCAT,18
1938.5,EARLY_CONCAT,18
1939.0,EARLY_CONCAT,18
1939.5,EARLY_CONCAT,18
1940.0,EARLY_CONCAT,18
1940.5,EARLY_CONCAT,18
1941.0,EARLY_CONCAT,18
1941.5,EARLY_CONCAT,18
1942.0,EARLY_CONCAT,18
1942.5,EARLY_CONCAT,18
1943.0,EARLY_CONCAT,18
1943.5,EARLY_CONCAT,18
1944.0,EARLY_CONCAT,18
1944.5,EARLY_CONCAT,18
1945.0,EARLY_CONCAT,18
1945.5,EARLY_CONCAT,16
1946.0,EARLY_CONCAT,16
1946.5,EARLY_CONCAT,16
1947.0,EARLY_CONCAT,16
1947.5,EARLY_CONCAT,16
1948.0,EARLY_CONCAT,16
1948.5,EARLY_CONCAT,16
1949.0,EARLY_CONCAT,16
1949.5,EARLY_CONCAT,16
1950.0,EARLY_CONCAT,16
1950.5,EARLY_CONCAT,16
1951.0,EARLY_CONCAT,16
1951.5,EARLY_CONCAT,16
1952.0,EARLY_CONCAT,16
1952.5,EARLY_CONCAT,16
1953.0,EARLY_CONCAT,16
1953.5,EARLY_CONCAT,16
1954.0,EARLY_CONCAT,16
1954.5,EARLY_CONCAT,16
1955.0,EARLY_CONCAT,16
1955.5,EARLY_CONCAT,16
1956.0,EARLY_CONCAT,16
1956.5,EARLY_CONCAT,16
1957.0,EARLY_CONCAT,16
1957.5,EARLY_CONCAT,16
1958.0,EARLY_CONCAT,16
1958.5,EARLY_CONCAT,16
1959.0,EARLY_CONCAT,16
1959.5,EARLY_CONCAT,16
1960.0,EARLY_CONCAT,16
1960.5,EARLY_CONCAT,16
1961.0,EARLY_CONCAT,16
1961.5,EARLY_CONCAT,16
1962.0,EARLY_CONCAT,16
1962.5,EARLY_CONCAT,16
1963.0,EARLY_CONCAT,16
1963.5,EARLY_CONCAT,16
1964.0,EARLY_CONCAT,16
1964.5,EARLY_CONCAT,16
1965.0,EARLY_CONCAT,16
1965.5,EARLY_CONCAT,16
1966.0,EARLY_CONCAT,16
1966.5,EARLY_CONCAT,16
1967.0,EARLY_CONCAT,16
1967.5,EARLY_CONCAT,16
1968.0,EARLY_CONCAT,16
1968.5,EARLY_CONCAT,16
1969.0,EARLY_CONCAT,16
1969.5,EARLY_CONCAT,16
1970.0,EARLY_CONCAT,16
1970.5,EARLY_CONCAT,16
1971.0,EARLY_CONCAT,16
1971.5,EARLY_CONCAT,16
1972.0,EARLY_CONCAT,16
1972.5,EARLY_CONCAT,16
1973.0,EARLY_CONCAT,16
1973.5,EARLY_CONCAT,16
1974.0,EARLY_CONCAT,16
1974.5,EARLY_CONCAT,16
1975.0,EARLY_CONCAT,16
1975.5,EARLY_CONCAT,16
1976.0,EARLY_CONCAT,16
1976.5,EARLY_CONCAT,16
1977.0,EARLY_CONCAT,16
1977.5,EARLY_CONCAT,16
1978.0,EARLY_CONCAT,16
1978.5,EARLY_CONCAT,16
1979.0,EARLY_CONCAT,16
1979.5,EARLY_CONCAT,16
1980.0,EARLY_CONCAT,16
1980.5,EARLY_CONCAT,16
1981.0,EARLY_CONCAT,16
1981.5,EARLY_CONCAT,16
1982.0,EARLY_CONCAT,16
1982.5,EARLY_CONCAT,16
1983.0,EARLY_CONCAT,16
1983.5,EARLY_CONCAT,16
1984.0,EARLY_CONCAT,16
1984.5,EARLY_CONCAT,16
1985.0,EARLY_CONCAT,16
1985.5,EARLY_CONCAT,16
1986.0,EARLY_CONCAT,16
1986.5,EARLY_CONCAT,16
1987.0,EARLY_CONCAT,16
1987.5,EARLY_CONCAT,16
1988.0,EARLY_CONCAT,16
1988.5,EARLY_CONCAT,16
1989.0,EARLY_CONCAT,16
1989.5,EARLY_CONCAT,16
1990.0,EARLY_CONCAT,16
1990.5,EARLY_CONCAT,16
1991.0,EARLY_CONCAT,16
1991.5,EARLY_CONCAT,16
1992.0,EARLY_CONCAT,16
1992.5,EARLY_CONCAT,16
1993.0,EARLY_CONCAT,16
1993.5,EARLY_CONCAT,16
1994.0,EARLY_CONCAT,16
1994.5,EARLY_CONCAT,16
1995.0,EARLY_CONCAT,16
1995.5,EARLY_CONCAT,16
1996.0,EARLY_CONCAT,16
1996.5,EARLY_CONCAT,16
1997.0,EARLY_CONCAT,16
1997.5,EARLY_CONCAT,16
1998.0,EARLY_CONCAT,16
1998.5,EARLY_CONCAT,16
1999.0,EARLY_CONCAT,16
1999.5,EARLY_CONCAT,16
2000.0,EARLY_CONCAT,16
2000.5,EARLY_CONCAT,16
2001.0,EARLY_CONCAT,16
2001.5,EARLY_CONCAT,16
2002.0,EARLY_CONCAT,16
2002.5,EARLY_CONCAT,16
2003.0,EARLY_CONCAT,18
2003.5,EARLY_CONCAT,18
2004.0,EARLY_CONCAT,18
2004.5,EARLY_CONCAT,18
2005.0,EARLY_CONCAT,18
2005.5,EARLY_CONCAT,18
2006.0,EARLY_CONCAT,18
2006.5,EARLY_CONCAT,18
2007.0,EARLY_CONCAT,18
2007.5,EARLY_CONCAT,18
2008.0,EARLY_CONCAT,18
2008.5,EARLY_CONCAT,18
2009.0,EARLY_CONCAT,18
2009.5,EARLY_CONCAT,18
2010.0,EARLY_CONCAT,18
2010.5,EARLY_CONCAT,18
2011.0,EARLY_CONCAT,18
2011.5,EARLY_CONCAT,18
2012.0,EARLY_CONCAT,18
2012.5,EARLY_CONCAT,18
2013.0,EARLY_CONCAT,18
2013.5,EARLY_CONCAT,18
2014.0,EARLY_CONCAT,18
2014.5,EARLY_CONCAT,18
2015.0,EARLY_CONCAT,18
2015.5,EARLY_CONCAT,18
2016.0,EARLY_CONCAT,18
2016.5,EARLY_CONCAT,18
2017.0,EARLY_CONCAT,18
2017.5,EARLY_CONCAT,18
2018.0,EARLY_CONCAT,18
2018.5,EARLY_CONCAT,18
2019.0,EARLY_CONCAT,18
2019.5,EARLY_CONCAT,18
2020.0,EARLY_CONCAT,18
2020.5,EARLY_CONCAT,18
2021.0,EARLY_CONCAT,18
2021.5,EARLY_CONCAT,18
2022.0,EARLY_CONCAT,18
2022.5,EARLY_CONCAT,18
2023.0,EARLY_CONCAT,18
2023.5,EARLY_CONCAT,18
2024.0,EARLY_CONCAT,18
2024.5,EARLY_CONCAT,18
2025.0,EARLY_CONCAT,18
2025.5,EARLY_CONCAT,18
2026.0,EARLY_CONCAT,18
2026.5,EARLY_CONCAT,18
2027.0,EARLY_CONCAT,11
2027.5,EARLY_CONCAT,11
2028.0,EARLY_CONCAT,11
2028.5,EARLY_CONCAT,11
2029.0,EARLY_CONCAT,11
2029.5,EARLY_CONCAT,11
2030.0,EARLY_CONCAT,11
2030.5,EARLY_CONCAT,11
2031.0,EARLY_CONCAT,11
2031.5,EARLY_CONCAT,11
2032.0,EARLY_CONCAT,11
2032.5,EARLY_CONCAT,11
2033.0,EARLY_CONCAT,11
2033.5,EARLY_CONCAT,11
2034.0,EARLY_CONCAT,11
2034.5,EARLY_CONCAT,11
2035.0,EARLY_CONCAT,11
2035.5,EARLY_CONCAT,11
2036.0,EARLY_CONCAT,11
2036.5,EARLY_CONCAT,11
2037.0,EARLY_CONCAT,11
2037.5,EARLY_CONCAT,11
2038.0,EARLY_CONCAT,11
2038.5,EARLY_CONCAT,11
2039.0,EARLY_CONCAT,11
2039.5,EARLY_CONCAT,11
2040.0,EARLY_CONCAT,11
2040.5,EARLY_CONCAT,11
2041.0,EARLY_CONCAT,11
2041.5,EARLY_CONCAT,18
2042.0,EARLY_CONCAT,18
2042.5,EARLY_CONCAT,18
2043.0,EARLY_CONCAT,18
2043.5,EARLY_CONCAT,18
2044.0,EARLY_CONCAT,18
2044.5,EARLY_CONCAT,18
2045.0,EARLY_CONCAT,18
2045.5,EARLY_CONCAT,18
2046.0,EARLY_CONCAT,18
2046.5,EARLY_CONCAT,18
2047.0,EARLY_CONCAT,18
2047.5,EARLY_CONCAT,18
2048.0,EARLY_CONCAT,18
2048.5,EARLY_CONCAT,18
2049.0,EARLY_CONCAT,18
2049.5,EARLY_CONCAT,18
2050.0,EARLY_CONCAT,18
2050.5,EARLY_CONCAT,18
2051.0,EARLY_CONCAT,18
2051.5,EARLY_CONCAT,18
2052.0,EARLY_CONCAT,18
2052.5,EARLY_CONCAT,18
2053.0,EARLY_CONCAT,18
2053.5,EARLY_CONCAT,18
2054.0,EARLY_CONCAT,18
2054.5,EARLY_CONCAT,18
2055.0,EARLY_CONCAT,18
2055.5,EARLY_CONCAT,18
2056.0,EARLY_CONCAT,18
2056.5,EARLY_CONCAT,18
2057.0,EARLY_CONCAT,18
2057.5,EARLY_CONCAT,18
2058.0,EARLY_CONCAT,18
2058.5,EARLY_CONCAT,18
2059.0,EARLY_CONCAT,18
2059.5,EARLY_CONCAT,18
2060.0,EARLY_CONCAT,18
2060.5,EARLY_CONCAT,18
2061.0,EARLY_CONCAT,18
2061.5,EARLY_CONCAT,18
2062.0,EARLY_CONCAT,18
2062.5,EARLY_CONCAT,18
2063.0,EARLY_CONCAT,18
2063.5,EARLY_CONCAT,18
2064.0,EARLY_CONCAT,18
2064.5,EARLY_CONCAT,18
2065.0,EARLY_CONCAT,18
2065.5,EARLY_CONCAT,18
2066.0,EARLY_CONCAT,18
2066.5,EARLY_CONCAT,18
2067.0,EARLY_CONCAT,18
2067.5,EARLY_CONCAT,18
2068.0,EARLY_CONCAT,18
2068.5,EARLY_CONCAT,18
2069.0,EARLY_CONCAT,18
2069.5,EARLY_CONCAT,18
2070.0,EARLY_CONCAT,18
2070.5,EARLY_CONCAT,18
2071.0,EARLY_CONCAT,18
2071.5,EARLY_CONCAT,18
2072.0,EARLY_CONCAT,18
2072.5,EARLY_CONCAT,18
2073.0,EARLY_CONCAT,18
2073.5,EARLY_CONCAT,18
2074.0,EARLY_CONCAT,18
2074.5,EARLY_CONCAT,18
2075.0,EARLY_CONCAT,18
2075.5,EARLY_CONCAT,18
2076.0,EARLY_CONCAT,18
2076.5,EARLY_CONCAT,18
2077.0,EARLY_CONCAT,18
2077.5,EARLY_CONCAT,18
2078.0,EARLY_CONCAT,18
2078.5,EARLY_CONCAT,18
2079.0,EARLY_CONCAT,18
2079.5,EARLY_CONCAT,18
2080.0,EARLY_CONCAT,18
2080.5,EARLY_CONCAT,18
2081.0,EARLY_CONCAT,18
2081.5,EARLY_CONCAT,18
2082.0,EARLY_CONCAT,18
2082.5,EARLY_CONCAT,18
2083.0,EARLY_CONCAT,18
2083.5,EARLY_CONCAT,18
2084.0,EARLY_CONCAT,18
2084.5,EARLY_CONCAT,18
2085.0,EARLY_CONCAT,18
2085.5,EARLY_CONCAT,18
2086.0,EARLY_CONCAT,18
2086.5,EARLY_CONCAT,18
2087.0,EARLY_CONCAT,18
2087.5,EARLY_CONCAT,18
2088.0,EARLY_CONCAT,18
2088.5,EARLY_CONCAT,18
2089.0,EARLY_CONCAT,18
2089.5,EARLY_CONCAT,18
2090.0,EARLY_CONCAT,18
2090.5,EARLY_CONCAT,18
2091.0,EARLY_CONCAT,18
2091.5,EARLY_CONCAT,18
2092.0,EARLY_CONCAT,18
2092.5,EARLY_CONCAT,18
2093.0,EARLY_CONCAT,18
2093.5,EARLY_CONCAT,18
2094.0,EARLY_CONCAT,18
2094.5,EARLY_CONCAT,18
2095.0,EARLY_CONCAT,18
2095.5,EARLY_CONCAT,18
2096.0,EARLY_CONCAT,18
2096.5,EARLY_CONCAT,18
2097.0,EARLY_CONCAT,18
2097.5,EARLY_CONCAT,18
2098.0,EARLY_CONCAT,18
2098.5,EARLY_CONCAT,18
2099.0,EARLY_CONCAT,18
2099.5,EARLY_CONCAT,18
2100.0,EARLY_CONCAT,18
2100.5,EARLY_CONCAT,18
2101.0,EARLY_CONCAT,18
2101.5,EARLY_CONCAT,18
2102.0,EARLY_CONCAT,18
2102.5,EARLY_CONCAT,18
2103.0,EARLY_CONCAT,18
2103.5,EARLY_CONCAT,18
2104.0,EARLY_CONCAT,18
2104.5,EARLY_CONCAT,18
2105.0,EARLY_CONCAT,18
2105.5,EARLY_CONCAT,18
2106.0,EARLY_CONCAT,18
2106.5,EARLY_CONCAT,18
2107.0,EARLY_CONCAT,18
2107.5,EARLY_CONCAT,18
2108.0,EARLY_CONCAT,18
2108.5,EARLY_CONCAT,18
2109.0,EARLY_CONCAT,18
2109.5,EARLY_CONCAT,18
2110.0,EARLY_CONCAT,18
2110.5,EARLY_CONCAT,18
2111.0,EARLY_CONCAT,18
2111.5,EARLY_CONCAT,18
2112.0,EARLY_CONCAT,18
2112.5,EARLY_CONCAT,18
2113.0,EARLY_CONCAT,18
2113.5,EARLY_CONCAT,18
2114.0,EARLY_CONCAT,18
2114.5,EARLY_CONCAT,18
2115.0,EARLY_CONCAT,18
2115.5,EARLY_CONCAT,18
2116.0,EARLY_CONCAT,18
2116.5,EARLY_CONCAT,18
2117.0,EARLY_CONCAT,18
2117.5,EARLY_CONCAT,18
2118.0,EARLY_CONCAT,18
2118.5,EARLY_CONCAT,18
2119.0,EARLY_CONCAT,18
2119.5,EARLY_CONCAT,18
2120.0,EARLY_CONCAT,18
2120.5,EARLY_CONCAT,18
2121.0,EARLY_CONCAT,18
2121.5,EARLY_CONCAT,18
2122.0,EARLY_CONCAT,18
2122.5,EARLY_CONCAT,18
2123.0,EARLY_CONCAT,18
2123.5,EARLY_CONCAT,18
2124.0,EARLY_CONCAT,18
2124.5,EARLY_CONCAT,18
2125.0,EARLY_CONCAT,18
2125.5,EARLY_CONCAT,18
2126.0,EARLY_CONCAT,18
2126.5,EARLY_CONCAT,18
2127.0,EARLY_CONCAT,18
2127.5,EARLY_CONCAT,18
2128.0,EARLY_CONCAT,18
2128.5,EARLY_CONCAT,18
2129.0,EARLY_CONCAT,18
2129.5,EARLY_CONCAT,18
2130.0,EARLY_CONCAT,18
2130.5,EARLY_CONCAT,18
2131.0,EARLY_CONCAT,18
2131.5,EARLY_CONCAT,18
2132.0,EARLY_CONCAT,18
2132.5,EARLY_CONCAT,18
2133.0,EARLY_CONCAT,18
2133.5,EARLY_CONCAT,18
2134.0,EARLY_CONCAT,18
2134.5,EARLY_CONCAT,18
2135.0,EARLY_CONCAT,18
2135.5,EARLY_CONCAT,18
2136.0,EARLY_CONCAT,18
2136.5,EARLY_CONCAT,18
2137.0,EARLY_CONCAT,18
2137.5,EARLY_CONCAT,18
2138.0,EARLY_CONCAT,18
2138.5,EARLY_CONCAT,18
2139.0,EARLY_CONCAT,18
2139.5,EARLY_CONCAT,18
2140.0,EARLY_CONCAT,18
2140.5,EARLY_CONCAT,18
2141.0,EARLY_CONCAT,18
2141.5,EARLY_CONCAT,18
2142.0,EARLY_CONCAT,18
2142.5,EARLY_CONCAT,18
2143.0,EARLY_CONCAT,18
2143.5,EARLY_CONCAT,18
2144.0,EARLY_CONCAT,18
2144.5,EARLY_CONCAT,18
2145.0,EARLY_CONCAT,18
2145.5,EARLY_CONCAT,18
2146.0,EARLY_CONCAT,18
2146.5,EARLY_CONCAT,18
2147.0,EARLY_CONCAT,18
2147.5,EARLY_CONCAT,18
2148.0,EARLY_CONCAT,18
2148.5,EARLY_CONCAT,18
2149.0,EARLY_CONCAT,18
2149.5,EARLY_CONCAT,18
2150.0,EARLY_CONCAT,18
2150.5,EARLY_CONCAT,18
2151.0,EARLY_CONCAT,18
2151.5,EARLY_CONCAT,18
2152.0,EARLY_CONCAT,18
2152.5,EARLY_CONCAT,18
2153.0,EARLY_CONCAT,18
2153.5,EARLY_CONCAT,18
2154.0,EARLY_CONCAT,18
2154.5,EARLY_CONCAT,18
2155.0,EARLY_CONCAT,18
2155.5,EARLY_CONCAT,18
2156.0,EARLY_CONCAT,18
2156.5,EARLY_CONCAT,18
2157.0,EARLY_CONCAT,18
2157.5,EARLY_CONCAT,18
2158.0,EARLY_CONCAT,18
2158.5,EARLY_CONCAT,18
2159.0,EARLY_CONCAT,18
2159.5,EARLY_CONCAT,18
2160.0,EARLY_CONCAT,18
2160.5,EARLY_CONCAT,18
2161.0,EARLY_CONCAT,18
2161.5,EARLY_CONCAT,18
2162.0,EARLY_CONCAT,18
2162.5,EARLY_CONCAT,18
2163.0,EARLY_CONCAT,18
2163.5,EARLY_CONCAT,18
2164.0,EARLY_CONCAT,18
2164.5,EARLY_CONCAT,18
2165.0,EARLY_CONCAT,18
0.5,FIXED_WINDOW_ATTENTION,18
1.0,FIXED_WINDOW_ATTENTION,18
1.5,FIXED_WINDOW_ATTENTION,18
2.0,FIXED_WINDOW_ATTENTION,18
2.5,FIXED_WINDOW_ATTENTION,18
3.0,FIXED_WINDOW_ATTENTION,18
3.5,FIXED_WINDOW_ATTENTION,18
4.0,FIXED_WINDOW_ATTENTION,18
4.5,FIXED_WINDOW_ATTENTION,18
5.0,FIXED_WINDOW_ATTENTION,18
5.5,FIXED_WINDOW_ATTENTION,18
6.0,FIXED_WINDOW_ATTENTION,18
6.5,FIXED_WINDOW_ATTENTION,18
7.0,FIXED_WINDOW_ATTENTION,18
7.5,FIXED_WINDOW_ATTENTION,18
8.0,FIXED_WINDOW_ATTENTION,18
8.5,FIXED_WINDOW_ATTENTION,18
9.0,FIXED_WINDOW_ATTENTION,18
9.5,FIXED_WINDOW_ATTENTION,18
10.0,FIXED_WINDOW_ATTENTION,18
10.5,FIXED_WINDOW_ATTENTION,18
11.0,FIXED_WINDOW_ATTENTION,18
11.5,FIXED_WINDOW_ATTENTION,18
12.0,FIXED_WINDOW_ATTENTION,18
12.5,FIXED_WINDOW_ATTENTION,18
13.0,FIXED_WINDOW_ATTENTION,18
13.5,FIXED_WINDOW_ATTENTION,18
14.0,FIXED_WINDOW_ATTENTION,18
14.5,FIXED_WINDOW_ATTENTION,18
15.0,FIXED_WINDOW_ATTENTION,18
15.5,FIXED_WINDOW_ATTENTION,18
16.0,FIXED_WINDOW_ATTENTION,18
16.5,FIXED_WINDOW_ATTENTION,18
17.0,FIXED_WINDOW_ATTENTION,18
17.5,FIXED_WINDOW_ATTENTION,18
18.0,FIXED_WINDOW_ATTENTION,18
18.5,FIXED_WINDOW_ATTENTION,18
19.0,FIXED_WINDOW_ATTENTION,18
19.5,FIXED_WINDOW_ATTENTION,18
20.0,FIXED_WINDOW_ATTENTION,18
20.5,FIXED_WINDOW_ATTENTION,18
21.0,FIXED_WINDOW_ATTENTION,18
21.5,FIXED_WINDOW_ATTENTION,18
22.0,FIXED_WINDOW_ATTENTION,18
22.5,FIXED_WINDOW_ATTENTION,18
23.0,FIXED_WINDOW_ATTENTION,18
23.5,FIXED_WINDOW_ATTENTION,18
24.0,FIXED_WINDOW_ATTENTION,18
24.5,FIXED_WINDOW_ATTENTION,18
25.0,FIXED_WINDOW_ATTENTION,18
25.5,FIXED_WINDOW_ATTENTION,18
26.0,FIXED_WINDOW_ATTENTION,18
26.5,FIXED_WINDOW_ATTENTION,18
27.0,FIXED_WINDOW_ATTENTION,18
27.5,FIXED_WINDOW_ATTENTION,18
28.0,FIXED_WINDOW_ATTENTION,18
28.5,FIXED_WINDOW_ATTENTION,18
29.0,FIXED_WINDOW_ATTENTION,18
29.5,FIXED_WINDOW_ATTENTION,18
30.0,FIXED_WINDOW_ATTENTION,18
30.5,FIXED_WINDOW_ATTENTION,18
31.0,FIXED_WINDOW_ATTENTION,18
31.5,FIXED_WINDOW_ATTENTION,18
32.0,FIXED_WINDOW_ATTENTION,18
32.5,FIXED_WINDOW_ATTENTION,18
33.0,FIXED_WINDOW_ATTENTION,18
33.5,FIXED_WINDOW_ATTENTION,18
34.0,FIXED_WINDOW_ATTENTION,18
34.5,FIXED_WINDOW_ATTENTION,18
35.0,FIXED_WINDOW_ATTENTION,18
35.5,FIXED_WINDOW_ATTENTION,18
36.0,FIXED_WINDOW_ATTENTION,18
36.5,FIXED_WINDOW_ATTENTION,18
37.0,FIXED_WINDOW_ATTENTION,18
37.5,FIXED_WINDOW_ATTENTION,18
38.0,FIXED_WINDOW_ATTENTION,18
38.5,FIXED_WINDOW_ATTENTION,18
39.0,FIXED_WINDOW_ATTENTION,18
39.5,FIXED_WINDOW_ATTENTION,18
40.0,FIXED_WINDOW_ATTENTION,18
40.5,FIXED_WINDOW_ATTENTION,18
41.0,FIXED_WINDOW_ATTENTION,18
41.5,FIXED_WINDOW_ATTENTION,18
42.0,FIXED_WINDOW_ATTENTION,18
42.5,FIXED_WINDOW_ATTENTION,18
43.0,FIXED_WINDOW_ATTENTION,18
43.5,FIXED_WINDOW_ATTENTION,18
44.0,FIXED_WINDOW_ATTENTION,18
44.5,FIXED_WINDOW_ATTENTION,18
45.0,FIXED_WINDOW_ATTENTION,18
45.5,FIXED_WINDOW_ATTENTION,18
46.0,FIXED_WINDOW_ATTENTION,18
46.5,FIXED_WINDOW_ATTENTION,18
47.0,FIXED_WINDOW_ATTENTION,18
47.5,FIXED_WINDOW_ATTENTION,18
48.0,FIXED_WINDOW_ATTENTION,18
48.5,FIXED_WINDOW_ATTENTION,18
49.0,FIXED_WINDOW_ATTENTION,18
49.5,FIXED_WINDOW_ATTENTION,18
50.0,FIXED_WINDOW_ATTENTION,18
50.5,FIXED_WINDOW_ATTENTION,18
51.0,FIXED_WINDOW_ATTENTION,18
51.5,FIXED_WINDOW_ATTENTION,18
52.0,FIXED_WINDOW_ATTENTION,18
52.5,FIXED_WINDOW_ATTENTION,18
53.0,FIXED_WINDOW_ATTENTION,18
53.5,FIXED_WINDOW_ATTENTION,18
54.0,FIXED_WINDOW_ATTENTION,18
54.5,FIXED_WINDOW_ATTENTION,18
55.0,FIXED_WINDOW_ATTENTION,18
55.5,FIXED_WINDOW_ATTENTION,18
56.0,FIXED_WINDOW_ATTENTION,18
56.5,FIXED_WINDOW_ATTENTION,18
57.0,FIXED_WINDOW_ATTENTION,18
57.5,FIXED_WINDOW_ATTENTION,18
58.0,FIXED_WINDOW_ATTENTION,18
58.5,FIXED_WINDOW_ATTENTION,18
59.0,FIXED_WINDOW_ATTENTION,18
59.5,FIXED_WINDOW_ATTENTION,18
60.0,FIXED_WINDOW_ATTENTION,18
60.5,FIXED_WINDOW_ATTENTION,18
61.0,FIXED_WINDOW_ATTENTION,18
61.5,FIXED_WINDOW_ATTENTION,18
62.0,FIXED_WINDOW_ATTENTION,18
62.5,FIXED_WINDOW_ATTENTION,18
63.0,FIXED_WINDOW_ATTENTION,18
63.5,FIXED_WINDOW_ATTENTION,18
64.0,FIXED_WINDOW_ATTENTION,18
64.5,FIXED_WINDOW_ATTENTION,18
65.0,FIXED_WINDOW_ATTENTION,18
65.5,FIXED_WINDOW_ATTENTION,18
66.0,FIXED_WINDOW_ATTENTION,18
66.5,FIXED_WINDOW_ATTENTION,18
67.0,FIXED_WINDOW_ATTENTION,18
67.5,FIXED_WINDOW_ATTENTION,18
68.0,FIXED_WINDOW_ATTENTION,18
68.5,FIXED_WINDOW_ATTENTION,18
69.0,FIXED_WINDOW_ATTENTION,18
69.5,FIXED_WINDOW_ATTENTION,18
70.0,FIXED_WINDOW_ATTENTION,18
70.5,FIXED_WINDOW_ATTENTION,18
71.0,FIXED_WINDOW_ATTENTION,18
71.5,FIXED_WINDOW_ATTENTION,18
72.0,FIXED_WINDOW_ATTENTION,18
72.5,FIXED_WINDOW_ATTENTION,18
73.0,FIXED_WINDOW_ATTENTION,18
73.5,FIXED_WINDOW_ATTENTION,18
74.0,FIXED_WINDOW_ATTENTION,18
74.5,FIXED_WINDOW_ATTENTION,18
75.0,FIXED_WINDOW_ATTENTION,18
75.5,FIXED_WINDOW_ATTENTION,18
76.0,FIXED_WINDOW_ATTENTION,18
76.5,FIXED_WINDOW_ATTENTION,18
77.0,FIXED_WINDOW_ATTENTION,18
77.5,FIXED_WINDOW_ATTENTION,18
78.0,FIXED_WINDOW_ATTENTION,18
78.5,FIXED_WINDOW_ATTENTION,18
79.0,FIXED_WINDOW_ATTENTION,18
79.5,FIXED_WINDOW_ATTENTION,18
80.0,FIXED_WINDOW_ATTENTION,18
80.5,FIXED_WINDOW_ATTENTION,18
81.0,FIXED_WINDOW_ATTENTION,18
81.5,FIXED_WINDOW_ATTENTION,18
82.0,FIXED_WINDOW_ATTENTION,18
82.5,FIXED_WINDOW_ATTENTION,18
83.0,FIXED_WINDOW_ATTENTION,18
83.5,FIXED_WINDOW_ATTENTION,18
84.0,FIXED_WINDOW_ATTENTION,18
84.5,FIXED_WINDOW_ATTENTION,18
85.0,FIXED_WINDOW_ATTENTION,18
85.5,FIXED_WINDOW_ATTENTION,18
86.0,FIXED_WINDOW_ATTENTION,18
86.5,FIXED_WINDOW_ATTENTION,18
87.0,FIXED_WINDOW_ATTENTION,18
87.5,FIXED_WINDOW_ATTENTION,18
88.0,FIXED_WINDOW_ATTENTION,18
88.5,FIXED_WINDOW_ATTENTION,18
89.0,FIXED_WINDOW_ATTENTION,18
89.5,FIXED_WINDOW_ATTENTION,18
90.0,FIXED_WINDOW_ATTENTION,18
90.5,FIXED_WINDOW_ATTENTION,18
91.0,FIXED_WINDOW_ATTENTION,18
91.5,FIXED_WINDOW_ATTENTION,18
92.0,FIXED_WINDOW_ATTENTION,18
92.5,FIXED_WINDOW_ATTENTION,18
93.0,FIXED_WINDOW_ATTENTION,18
93.5,FIXED_WINDOW_ATTENTION,18
94.0,FIXED_WINDOW_ATTENTION,18
94.5,FIXED_WINDOW_ATTENTION,18
95.0,FIXED_WINDOW_ATTENTION,18
95.5,FIXED_WINDOW_ATTENTION,18
96.0,FIXED_WINDOW_ATTENTION,18
96.5,FIXED_WINDOW_ATTENTION,18
97.0,FIXED_WINDOW_ATTENTION,18
97.5,FIXED_WINDOW_ATTENTION,18
98.0,FIXED_WINDOW_ATTENTION,18
98.5,FIXED_WINDOW_ATTENTION,18
99.0,FIXED_WINDOW_ATTENTION,18
99.5,FIXED_WINDOW_ATTENTION,18
100.0,FIXED_WINDOW_ATTENTION,18
100.5,FIXED_WINDOW_ATTENTION,18
101.0,FIXED_WINDOW_ATTENTION,18
101.5,FIXED_WINDOW_ATTENTION,18
102.0,FIXED_WINDOW_ATTENTION,18
102.5,FIXED_WINDOW_ATTENTION,18
103.0,FIXED_WINDOW_ATTENTION,18
103.5,FIXED_WINDOW_ATTENTION,18
104.0,FIXED_WINDOW_ATTENTION,18
104.5,FIXED_WINDOW_ATTENTION,18
105.0,FIXED_WINDOW_ATTENTION,18
105.5,FIXED_WINDOW_ATTENTION,18
106.0,FIXED_WINDOW_ATTENTION,18
106.5,FIXED_WINDOW_ATTENTION,18
107.0,FIXED_WINDOW_ATTENTION,18
107.5,FIXED_WINDOW_ATTENTION,18
108.0,FIXED_WINDOW_ATTENTION,18
108.5,FIXED_WINDOW_ATTENTION,18
109.0,FIXED_WINDOW_ATTENTION,18
109.5,FIXED_WINDOW_ATTENTION,18
110.0,FIXED_WINDOW_ATTENTION,18
110.5,FIXED_WINDOW_ATTENTION,18
111.0,FIXED_WINDOW_ATTENTION,11
111.5,FIXED_WINDOW_ATTENTION,11
112.0,FIXED_WINDOW_ATTENTION,11
112.5,FIXED_WINDOW_ATTENTION,11
113.0,FIXED_WINDOW_ATTENTION,11
113.5,FIXED_WINDOW_ATTENTION,11
114.0,FIXED_WINDOW_ATTENTION,11
114.5,FIXED_WINDOW_ATTENTION,11
115.0,FIXED_WINDOW_ATTENTION,11
115.5,FIXED_WINDOW_ATTENTION,11
116.0,FIXED_WINDOW_ATTENTION,11
116.5,FIXED_WINDOW_ATTENTION,11
117.0,FIXED_WINDOW_ATTENTION,11
117.5,FIXED_WINDOW_ATTENTION,11
118.0,FIXED_WINDOW_ATTENTION,11
118.5,FIXED_WINDOW_ATTENTION,11
119.0,FIXED_WINDOW_ATTENTION,11
119.5,FIXED_WINDOW_ATTENTION,11
120.0,FIXED_WINDOW_ATTENTION,11
120.5,FIXED_WINDOW_ATTENTION,11
121.0,FIXED_WINDOW_ATTENTION,11
121.5,FIXED_WINDOW_ATTENTION,11
122.0,FIXED_WINDOW_ATTENTION,11
122.5,FIXED_WINDOW_ATTENTION,11
123.0,FIXED_WINDOW_ATTENTION,11
123.5,FIXED_WINDOW_ATTENTION,11
124.0,FIXED_WINDOW_ATTENTION,11
124.5,FIXED_WINDOW_ATTENTION,11
125.0,FIXED_WINDOW_ATTENTION,11
125.5,FIXED_WINDOW_ATTENTION,11
126.0,FIXED_WINDOW_ATTENTION,11
126.5,FIXED_WINDOW_ATTENTION,11
127.0,FIXED_WINDOW_ATTENTION,11
127.5,FIXED_WINDOW_ATTENTION,11
128.0,FIXED_WINDOW_ATTENTION,11
128.5,FIXED_WINDOW_ATTENTION,11
129.0,FIXED_WINDOW_ATTENTION,11
129.5,FIXED_WINDOW_ATTENTION,11
130.0,FIXED_WINDOW_ATTENTION,11
130.5,FIXED_WINDOW_ATTENTION,11
131.0,FIXED_WINDOW_ATTENTION,11
131.5,FIXED_WINDOW_ATTENTION,11
132.0,FIXED_WINDOW_ATTENTION,11
132.5,FIXED_WINDOW_ATTENTION,11
133.0,FIXED_WINDOW_ATTENTION,11
133.5,FIXED_WINDOW_ATTENTION,11
134.0,FIXED_WINDOW_ATTENTION,11
134.5,FIXED_WINDOW_ATTENTION,11
135.0,FIXED_WINDOW_ATTENTION,11
135.5,FIXED_WINDOW_ATTENTION,11
136.0,FIXED_WINDOW_ATTENTION,11
136.5,FIXED_WINDOW_ATTENTION,11
137.0,FIXED_WINDOW_ATTENTION,11
137.5,FIXED_WINDOW_ATTENTION,11
138.0,FIXED_WINDOW_ATTENTION,11
138.5,FIXED_WINDOW_ATTENTION,11
139.0,FIXED_WINDOW_ATTENTION,11
139.5,FIXED_WINDOW_ATTENTION,11
140.0,FIXED_WINDOW_ATTENTION,11
140.5,FIXED_WINDOW_ATTENTION,11
141.0,FIXED_WINDOW_ATTENTION,11
141.5,FIXED_WINDOW_ATTENTION,11
142.0,FIXED_WINDOW_ATTENTION,11
142.5,FIXED_WINDOW_ATTENTION,11
143.0,FIXED_WINDOW_ATTENTION,11
143.5,FIXED_WINDOW_ATTENTION,11
144.0,FIXED_WINDOW_ATTENTION,11
144.5,FIXED_WINDOW_ATTENTION,11
145.0,FIXED_WINDOW_ATTENTION,11
145.5,FIXED_WINDOW_ATTENTION,11
146.0,FIXED_WINDOW_ATTENTION,11
146.5,FIXED_WINDOW_ATTENTION,11
147.0,FIXED_WINDOW_ATTENTION,11
147.5,FIXED_WINDOW_ATTENTION,11
148.0,FIXED_WINDOW_ATTENTION,11
148.5,FIXED_WINDOW_ATTENTION,11
149.0,FIXED_WINDOW_ATTENTION,11
149.5,FIXED_WINDOW_ATTENTION,11
150.0,FIXED_WINDOW_ATTENTION,11
150.5,FIXED_WINDOW_ATTENTION,11
151.0,FIXED_WINDOW_ATTENTION,11
151.5,FIXED_WINDOW_ATTENTION,11
152.0,FIXED_WINDOW_ATTENTION,11
152.5,FIXED_WINDOW_ATTENTION,11
153.0,FIXED_WINDOW_ATTENTION,11
153.5,FIXED_WINDOW_ATTENTION,11
154.0,FIXED_WINDOW_ATTENTION,11
154.5,FIXED_WINDOW_ATTENTION,11
155.0,FIXED_WINDOW_ATTENTION,11
155.5,FIXED_WINDOW_ATTENTION,11
156.0,FIXED_WINDOW_ATTENTION,11
156.5,FIXED_WINDOW_ATTENTION,11
157.0,FIXED_WINDOW_ATTENTION,11
157.5,FIXED_WINDOW_ATTENTION,11
158.0,FIXED_WINDOW_ATTENTION,11
158.5,FIXED_WINDOW_ATTENTION,11
159.0,FIXED_WINDOW_ATTENTION,11
159.5,FIXED_WINDOW_ATTENTION,11
160.0,FIXED_WINDOW_ATTENTION,11
160.5,FIXED_WINDOW_ATTENTION,11
161.0,FIXED_WINDOW_ATTENTION,11
161.5,FIXED_WINDOW_ATTENTION,11
162.0,FIXED_WINDOW_ATTENTION,11
162.5,FIXED_WINDOW_ATTENTION,11
163.0,FIXED_WINDOW_ATTENTION,11
163.5,FIXED_WINDOW_ATTENTION,11
164.0,FIXED_WINDOW_ATTENTION,11
164.5,FIXED_WINDOW_ATTENTION,11
165.0,FIXED_WINDOW_ATTENTION,11
165.5,FIXED_WINDOW_ATTENTION,11
166.0,FIXED_WINDOW_ATTENTION,11
166.5,FIXED_WINDOW_ATTENTION,11
167.0,FIXED_WINDOW_ATTENTION,11
167.5,FIXED_WINDOW_ATTENTION,11
168.0,FIXED_WINDOW_ATTENTION,11
168.5,FIXED_WINDOW_ATTENTION,11
169.0,FIXED_WINDOW_ATTENTION,11
169.5,FIXED_WINDOW_ATTENTION,11
170.0,FIXED_WINDOW_ATTENTION,11
170.5,FIXED_WINDOW_ATTENTION,11
171.0,FIXED_WINDOW_ATTENTION,11
171.5,FIXED_WINDOW_ATTENTION,11
172.0,FIXED_WINDOW_ATTENTION,11
172.5,FIXED_WINDOW_ATTENTION,11
173.0,FIXED_WINDOW_ATTENTION,11
173.5,FIXED_WINDOW_ATTENTION,11
174.0,FIXED_WINDOW_ATTENTION,11
174.5,FIXED_WINDOW_ATTENTION,11
175.0,FIXED_WINDOW_ATTENTION,11
175.5,FIXED_WINDOW_ATTENTION,11
176.0,FIXED_WINDOW_ATTENTION,11
176.5,FIXED_WINDOW_ATTENTION,11
177.0,FIXED_WINDOW_ATTENTION,11
177.5,FIXED_WINDOW_ATTENTION,11
178.0,FIXED_WINDOW_ATTENTION,11
178.5,FIXED_WINDOW_ATTENTION,11
179.0,FIXED_WINDOW_ATTENTION,11
179.5,FIXED_WINDOW_ATTENTION,11
180.0,FIXED_WINDOW_ATTENTION,11
180.5,FIXED_WINDOW_ATTENTION,11
181.0,FIXED_WINDOW_ATTENTION,11
181.5,FIXED_WINDOW_ATTENTION,11
182.0,FIXED_WINDOW_ATTENTION,11
182.5,FIXED_WINDOW_ATTENTION,11
183.0,FIXED_WINDOW_ATTENTION,11
183.5,FIXED_WINDOW_ATTENTION,11
184.0,FIXED_WINDOW_ATTENTION,11
184.5,FIXED_WINDOW_ATTENTION,11
185.0,FIXED_WINDOW_ATTENTION,18
185.5,FIXED_WINDOW_ATTENTION,18
186.0,FIXED_WINDOW_ATTENTION,18
186.5,FIXED_WINDOW_ATTENTION,18
187.0,FIXED_WINDOW_ATTENTION,18
187.5,FIXED_WINDOW_ATTENTION,18
188.0,FIXED_WINDOW_ATTENTION,18
188.5,FIXED_WINDOW_ATTENTION,18
189.0,FIXED_WINDOW_ATTENTION,18
189.5,FIXED_WINDOW_ATTENTION,18
190.0,FIXED_WINDOW_ATTENTION,18
190.5,FIXED_WINDOW_ATTENTION,18
191.0,FIXED_WINDOW_ATTENTION,18
191.5,FIXED_WINDOW_ATTENTION,18
192.0,FIXED_WINDOW_ATTENTION,18
192.5,FIXED_WINDOW_ATTENTION,18
193.0,FIXED_WINDOW_ATTENTION,18
193.5,FIXED_WINDOW_ATTENTION,18
194.0,FIXED_WINDOW_ATTENTION,18
194.5,FIXED_WINDOW_ATTENTION,18
195.0,FIXED_WINDOW_ATTENTION,18
195.5,FIXED_WINDOW_ATTENTION,18
196.0,FIXED_WINDOW_ATTENTION,18
196.5,FIXED_WINDOW_ATTENTION,18
197.0,FIXED_WINDOW_ATTENTION,18
197.5,FIXED_WINDOW_ATTENTION,18
198.0,FIXED_WINDOW_ATTENTION,18
198.5,FIXED_WINDOW_ATTENTION,18
199.0,FIXED_WINDOW_ATTENTION,18
199.5,FIXED_WINDOW_ATTENTION,18
200.0,FIXED_WINDOW_ATTENTION,18
200.5,FIXED_WINDOW_ATTENTION,18
201.0,FIXED_WINDOW_ATTENTION,18
201.5,FIXED_WINDOW_ATTENTION,18
202.0,FIXED_WINDOW_ATTENTION,18
202.5,FIXED_WINDOW_ATTENTION,18
203.0,FIXED_WINDOW_ATTENTION,18
203.5,FIXED_WINDOW_ATTENTION,18
204.0,FIXED_WINDOW_ATTENTION,18
204.5,FIXED_WINDOW_ATTENTION,18
205.0,FIXED_WINDOW_ATTENTION,18
205.5,FIXED_WINDOW_ATTENTION,18
206.0,FIXED_WINDOW_ATTENTION,18
206.5,FIXED_WINDOW_ATTENTION,18
207.0,FIXED_WINDOW_ATTENTION,18
207.5,FIXED_WINDOW_ATTENTION,18
208.0,FIXED_WINDOW_ATTENTION,18
208.5,FIXED_WINDOW_ATTENTION,18
209.0,FIXED_WINDOW_ATTENTION,18
209.5,FIXED_WINDOW_ATTENTION,18
210.0,FIXED_WINDOW_ATTENTION,18
210.5,FIXED_WINDOW_ATTENTION,18
211.0,FIXED_WINDOW_ATTENTION,18
211.5,FIXED_WINDOW_ATTENTION,18
212.0,FIXED_WINDOW_ATTENTION,18
212.5,FIXED_WINDOW_ATTENTION,18
213.0,FIXED_WINDOW_ATTENTION,18
213.5,FIXED_WINDOW_ATTENTION,18
214.0,FIXED_WINDOW_ATTENTION,18
214.5,FIXED_WINDOW_ATTENTION,18
215.0,FIXED_WINDOW_ATTENTION,18
215.5,FIXED_WINDOW_ATTENTION,18
216.0,FIXED_WINDOW_ATTENTION,18
216.5,FIXED_WINDOW_ATTENTION,18
217.0,FIXED_WINDOW_ATTENTION,18
217.5,FIXED_WINDOW_ATTENTION,18
218.0,FIXED_WINDOW_ATTENTION,18
218.5,FIXED_WINDOW_ATTENTION,18
219.0,FIXED_WINDOW_ATTENTION,18
219.5,FIXED_WINDOW_ATTENTION,18
220.0,FIXED_WINDOW_ATTENTION,18
220.5,FIXED_WINDOW_ATTENTION,18
221.0,FIXED_WINDOW_ATTENTION,18
221.5,FIXED_WINDOW_ATTENTION,18
222.0,FIXED_WINDOW_ATTENTION,18
222.5,FIXED_WINDOW_ATTENTION,18
223.0,FIXED_WINDOW_ATTENTION,18
223.5,FIXED_WINDOW_ATTENTION,18
224.0,FIXED_WINDOW_ATTENTION,18
224.5,FIXED_WINDOW_ATTENTION,18
225.0,FIXED_WINDOW_ATTENTION,18
225.5,FIXED_WINDOW_ATTENTION,18
226.0,FIXED_WINDOW_ATTENTION,18
226.5,FIXED_WINDOW_ATTENTION,18
227.0,FIXED_WINDOW_ATTENTION,18
227.5,FIXED_WINDOW_ATTENTION,18
228.0,FIXED_WINDOW_ATTENTION,18
228.5,FIXED_WINDOW_ATTENTION,18
229.0,FIXED_WINDOW_ATTENTION,18
229.5,FIXED_WINDOW_ATTENTION,18
230.0,FIXED_WINDOW_ATTENTION,18
230.5,FIXED_WINDOW_ATTENTION,18
231.0,FIXED_WINDOW_ATTENTION,18
231.5,FIXED_WINDOW_ATTENTION,18
232.0,FIXED_WINDOW_ATTENTION,18
232.5,FIXED_WINDOW_ATTENTION,18
233.0,FIXED_WINDOW_ATTENTION,18
233.5,FIXED_WINDOW_ATTENTION,18
234.0,FIXED_WINDOW_ATTENTION,18
234.5,FIXED_WINDOW_ATTENTION,18
235.0,FIXED_WINDOW_ATTENTION,18
235.5,FIXED_WINDOW_ATTENTION,18
236.0,FIXED_WINDOW_ATTENTION,18
236.5,FIXED_WINDOW_ATTENTION,18
237.0,FIXED_WINDOW_ATTENTION,18
237.5,FIXED_WINDOW_ATTENTION,18
238.0,FIXED_WINDOW_ATTENTION,18
238.5,FIXED_WINDOW_ATTENTION,18
239.0,FIXED_WINDOW_ATTENTION,18
239.5,FIXED_WINDOW_ATTENTION,18
240.0,FIXED_WINDOW_ATTENTION,18
240.5,FIXED_WINDOW_ATTENTION,18
241.0,FIXED_WINDOW_ATTENTION,18
241.5,FIXED_WINDOW_ATTENTION,18
242.0,FIXED_WINDOW_ATTENTION,18
242.5,FIXED_WINDOW_ATTENTION,18
243.0,FIXED_WINDOW_ATTENTION,18
243.5,FIXED_WINDOW_ATTENTION,18
244.0,FIXED_WINDOW_ATTENTION,18
244.5,FIXED_WINDOW_ATTENTION,18
245.0,FIXED_WINDOW_ATTENTION,18
245.5,FIXED_WINDOW_ATTENTION,18
246.0,FIXED_WINDOW_ATTENTION,18
246.5,FIXED_WINDOW_ATTENTION,18
247.0,FIXED_WINDOW_ATTENTION,18
247.5,FIXED_WINDOW_ATTENTION,18
248.0,FIXED_WINDOW_ATTENTION,18
248.5,FIXED_WINDOW_ATTENTION,18
249.0,FIXED_WINDOW_ATTENTION,18
249.5,FIXED_WINDOW_ATTENTION,18
250.0,FIXED_WINDOW_ATTENTION,18
250.5,FIXED_WINDOW_ATTENTION,18
251.0,FIXED_WINDOW_ATTENTION,18
251.5,FIXED_WINDOW_ATTENTION,18
252.0,FIXED_WINDOW_ATTENTION,18
252.5,FIXED_WINDOW_ATTENTION,18
253.0,FIXED_WINDOW_ATTENTION,18
253.5,FIXED_WINDOW_ATTENTION,18
254.0,FIXED_WINDOW_ATTENTION,18
254.5,FIXED_WINDOW_ATTENTION,18
255.0,FIXED_WINDOW_ATTENTION,18
255.5,FIXED_WINDOW_ATTENTION,18
256.0,FIXED_WINDOW_ATTENTION,18
256.5,FIXED_WINDOW_ATTENTION,18
257.0,FIXED_WINDOW_ATTENTION,18
257.5,FIXED_WINDOW_ATTENTION,18
258.0,FIXED_WINDOW_ATTENTION,18
258.5,FIXED_WINDOW_ATTENTION,18
259.0,FIXED_WINDOW_ATTENTION,18
259.5,FIXED_WINDOW_ATTENTION,18
260.0,FIXED_WINDOW_ATTENTION,18
260.5,FIXED_WINDOW_ATTENTION,18
261.0,FIXED_WINDOW_ATTENTION,18
261.5,FIXED_WINDOW_ATTENTION,18
262.0,FIXED_WINDOW_ATTENTION,18
262.5,FIXED_WINDOW_ATTENTION,18
263.0,FIXED_WINDOW_ATTENTION,18
263.5,FIXED_WINDOW_ATTENTION,18
264.0,FIXED_WINDOW_ATTENTION,18
264.5,FIXED_WINDOW_ATTENTION,18
265.0,FIXED_WINDOW_ATTENTION,18
265.5,FIXED_WINDOW_ATTENTION,18
266.0,FIXED_WINDOW_ATTENTION,18
266.5,FIXED_WINDOW_ATTENTION,18
267.0,FIXED_WINDOW_ATTENTION,18
267.5,FIXED_WINDOW_ATTENTION,18
268.0,FIXED_WINDOW_ATTENTION,18
268.5,FIXED_WINDOW_ATTENTION,18
269.0,FIXED_WINDOW_ATTENTION,18
269.5,FIXED_WINDOW_ATTENTION,18
270.0,FIXED_WINDOW_ATTENTION,18
270.5,FIXED_WINDOW_ATTENTION,18
271.0,FIXED_WINDOW_ATTENTION,18
271.5,FIXED_WINDOW_ATTENTION,18
272.0,FIXED_WINDOW_ATTENTION,18
272.5,FIXED_WINDOW_ATTENTION,18
273.0,FIXED_WINDOW_ATTENTION,18
273.5,FIXED_WINDOW_ATTENTION,18
274.0,FIXED_WINDOW_ATTENTION,18
274.5,FIXED_WINDOW_ATTENTION,18
275.0,FIXED_WINDOW_ATTENTION,18
275.5,FIXED_WINDOW_ATTENTION,18
276.0,FIXED_WINDOW_ATTENTION,18
276.5,FIXED_WINDOW_ATTENTION,18
277.0,FIXED_WINDOW_ATTENTION,18
277.5,FIXED_WINDOW_ATTENTION,18
278.0,FIXED_WINDOW_ATTENTION,18
278.5,FIXED_WINDOW_ATTENTION,18
279.0,FIXED_WINDOW_ATTENTION,18
279.5,FIXED_WINDOW_ATTENTION,18
280.0,FIXED_WINDOW_ATTENTION,18
280.5,FIXED_WINDOW_ATTENTION,18
281.0,FIXED_WINDOW_ATTENTION,18
281.5,FIXED_WINDOW_ATTENTION,18
282.0,FIXED_WINDOW_ATTENTION,18
282.5,FIXED_WINDOW_ATTENTION,18
283.0,FIXED_WINDOW_ATTENTION,18
283.5,FIXED_WINDOW_ATTENTION,18
284.0,FIXED_WINDOW_ATTENTION,18
284.5,FIXED_WINDOW_ATTENTION,18
285.0,FIXED_WINDOW_ATTENTION,18
285.5,FIXED_WINDOW_ATTENTION,18
286.0,FIXED_WINDOW_ATTENTION,18
286.5,FIXED_WINDOW_ATTENTION,18
287.0,FIXED_WINDOW_ATTENTION,18
287.5,FIXED_WINDOW_ATTENTION,18
288.0,FIXED_WINDOW_ATTENTION,18
288.5,FIXED_WINDOW_ATTENTION,18
289.0,FIXED_WINDOW_ATTENTION,18
289.5,FIXED_WINDOW_ATTENTION,18
290.0,FIXED_WINDOW_ATTENTION,18
290.5,FIXED_WINDOW_ATTENTION,18
291.0,FIXED_WINDOW_ATTENTION,18
291.5,FIXED_WINDOW_ATTENTION,18
292.0,FIXED_WINDOW_ATTENTION,18
292.5,FIXED_WINDOW_ATTENTION,18
293.0,FIXED_WINDOW_ATTENTION,18
293.5,FIXED_WINDOW_ATTENTION,18
294.0,FIXED_WINDOW_ATTENTION,18
294.5,FIXED_WINDOW_ATTENTION,18
295.0,FIXED_WINDOW_ATTENTION,18
295.5,FIXED_WINDOW_ATTENTION,18
296.0,FIXED_WINDOW_ATTENTION,18
296.5,FIXED_WINDOW_ATTENTION,18
297.0,FIXED_WINDOW_ATTENTION,18
297.5,FIXED_WINDOW_ATTENTION,18
298.0,FIXED_WINDOW_ATTENTION,18
298.5,FIXED_WINDOW_ATTENTION,18
299.0,FIXED_WINDOW_ATTENTION,18
299.5,FIXED_WINDOW_ATTENTION,18
300.0,FIXED_WINDOW_ATTENTION,18
300.5,FIXED_WINDOW_ATTENTION,18
301.0,FIXED_WINDOW_ATTENTION,18
301.5,FIXED_WINDOW_ATTENTION,18
302.0,FIXED_WINDOW_ATTENTION,18
302.5,FIXED_WINDOW_ATTENTION,18
303.0,FIXED_WINDOW_ATTENTION,18
303.5,FIXED_WINDOW_ATTENTION,18
304.0,FIXED_WINDOW_ATTENTION,18
304.5,FIXED_WINDOW_ATTENTION,18
305.0,FIXED_WINDOW_ATTENTION,18
305.5,FIXED_WINDOW_ATTENTION,18
306.0,FIXED_WINDOW_ATTENTION,18
306.5,FIXED_WINDOW_ATTENTION,18
307.0,FIXED_WINDOW_ATTENTION,18
307.5,FIXED_WINDOW_ATTENTION,18
308.0,FIXED_WINDOW_ATTENTION,18
308.5,FIXED_WINDOW_ATTENTION,18
309.0,FIXED_WINDOW_ATTENTION,18
309.5,FIXED_WINDOW_ATTENTION,18
310.0,FIXED_WINDOW_ATTENTION,18
310.5,FIXED_WINDOW_ATTENTION,18
311.0,FIXED_WINDOW_ATTENTION,18
311.5,FIXED_WINDOW_ATTENTION,18
312.0,FIXED_WINDOW_ATTENTION,18
312.5,FIXED_WINDOW_ATTENTION,18
313.0,FIXED_WINDOW_ATTENTION,18
313.5,FIXED_WINDOW_ATTENTION,18
314.0,FIXED_WINDOW_ATTENTION,18
314.5,FIXED_WINDOW_ATTENTION,18
315.0,FIXED_WINDOW_ATTENTION,18
315.5,FIXED_WINDOW_ATTENTION,18
316.0,FIXED_WINDOW_ATTENTION,18
316.5,FIXED_WINDOW_ATTENTION,18
317.0,FIXED_WINDOW_ATTENTION,18
317.5,FIXED_WINDOW_ATTENTION,18
318.0,FIXED_WINDOW_ATTENTION,18
318.5,FIXED_WINDOW_ATTENTION,18
319.0,FIXED_WINDOW_ATTENTION,18
319.5,FIXED_WINDOW_ATTENTION,18
320.0,FIXED_WINDOW_ATTENTION,18
320.5,FIXED_WINDOW_ATTENTION,18
321.0,FIXED_WINDOW_ATTENTION,18
321.5,FIXED_WINDOW_ATTENTION,18
322.0,FIXED_WINDOW_ATTENTION,18
322.5,FIXED_WINDOW_ATTENTION,18
323.0,FIXED_WINDOW_ATTENTION,18
323.5,FIXED_WINDOW_ATTENTION,18
324.0,FIXED_WINDOW_ATTENTION,18
324.5,FIXED_WINDOW_ATTENTION,18
325.0,FIXED_WINDOW_ATTENTION,18
325.5,FIXED_WINDOW_ATTENTION,18
326.0,FIXED_WINDOW_ATTENTION,18
326.5,FIXED_WINDOW_ATTENTION,18
327.0,FIXED_WINDOW_ATTENTION,18
327.5,FIXED_WINDOW_ATTENTION,18
328.0,FIXED_WINDOW_ATTENTION,18
328.5,FIXED_WINDOW_ATTENTION,18
329.0,FIXED_WINDOW_ATTENTION,18
329.5,FIXED_WINDOW_ATTENTION,18
330.0,FIXED_WINDOW_ATTENTION,18
330.5,FIXED_WINDOW_ATTENTION,18
331.0,FIXED_WINDOW_ATTENTION,18
331.5,FIXED_WINDOW_ATTENTION,18
332.0,FIXED_WINDOW_ATTENTION,18
332.5,FIXED_WINDOW_ATTENTION,18
333.0,FIXED_WINDOW_ATTENTION,18
333.5,FIXED_WINDOW_ATTENTION,18
334.0,FIXED_WINDOW_ATTENTION,18
334.5,FIXED_WINDOW_ATTENTION,18
335.0,FIXED_WINDOW_ATTENTION,18
335.5,FIXED_WINDOW_ATTENTION,18
336.0,FIXED_WINDOW_ATTENTION,18
336.5,FIXED_WINDOW_ATTENTION,18
337.0,FIXED_WINDOW_ATTENTION,18
337.5,FIXED_WINDOW_ATTENTION,18
338.0,FIXED_WINDOW_ATTENTION,18
338.5,FIXED_WINDOW_ATTENTION,18
339.0,FIXED_WINDOW_ATTENTION,18
339.5,FIXED_WINDOW_ATTENTION,18
340.0,FIXED_WINDOW_ATTENTION,18
340.5,FIXED_WINDOW_ATTENTION,18
341.0,FIXED_WINDOW_ATTENTION,18
341.5,FIXED_WINDOW_ATTENTION,18
342.0,FIXED_WINDOW_ATTENTION,18
342.5,FIXED_WINDOW_ATTENTION,18
343.0,FIXED_WINDOW_ATTENTION,18
343.5,FIXED_WINDOW_ATTENTION,18
344.0,FIXED_WINDOW_ATTENTION,18
344.5,FIXED_WINDOW_ATTENTION,18
345.0,FIXED_WINDOW_ATTENTION,18
345.5,FIXED_WINDOW_ATTENTION,18
346.0,FIXED_WINDOW_ATTENTION,18
346.5,FIXED_WINDOW_ATTENTION,18
347.0,FIXED_WINDOW_ATTENTION,18
347.5,FIXED_WINDOW_ATTENTION,18
348.0,FIXED_WINDOW_ATTENTION,18
348.5,FIXED_WINDOW_ATTENTION,18
349.0,FIXED_WINDOW_ATTENTION,18
349.5,FIXED_WINDOW_ATTENTION,18
350.0,FIXED_WINDOW_ATTENTION,18
350.5,FIXED_WINDOW_ATTENTION,18
351.0,FIXED_WINDOW_ATTENTION,18
351.5,FIXED_WINDOW_ATTENTION,18
352.0,FIXED_WINDOW_ATTENTION,18
352.5,FIXED_WINDOW_ATTENTION,18
353.0,FIXED_WINDOW_ATTENTION,18
353.5,FIXED_WINDOW_ATTENTION,18
354.0,FIXED_WINDOW_ATTENTION,18
354.5,FIXED_WINDOW_ATTENTION,18
355.0,FIXED_WINDOW_ATTENTION,18
355.5,FIXED_WINDOW_ATTENTION,18
356.0,FIXED_WINDOW_ATTENTION,18
356.5,FIXED_WINDOW_ATTENTION,18
357.0,FIXED_WINDOW_ATTENTION,18
357.5,FIXED_WINDOW_ATTENTION,18
358.0,FIXED_WINDOW_ATTENTION,18
358.5,FIXED_WINDOW_ATTENTION,18
359.0,FIXED_WINDOW_ATTENTION,18
359.5,FIXED_WINDOW_ATTENTION,10
360.0,FIXED_WINDOW_ATTENTION,10
360.5,FIXED_WINDOW_ATTENTION,10
361.0,FIXED_WINDOW_ATTENTION,10
361.5,FIXED_WINDOW_ATTENTION,10
362.0,FIXED_WINDOW_ATTENTION,10
362.5,FIXED_WINDOW_ATTENTION,10
363.0,FIXED_WINDOW_ATTENTION,10
363.5,FIXED_WINDOW_ATTENTION,10
364.0,FIXED_WINDOW_ATTENTION,10
364.5,FIXED_WINDOW_ATTENTION,10
365.0,FIXED_WINDOW_ATTENTION,10
365.5,FIXED_WINDOW_ATTENTION,10
366.0,FIXED_WINDOW_ATTENTION,10
366.5,FIXED_WINDOW_ATTENTION,10
367.0,FIXED_WINDOW_ATTENTION,10
367.5,FIXED_WINDOW_ATTENTION,10
368.0,FIXED_WINDOW_ATTENTION,10
368.5,FIXED_WINDOW_ATTENTION,10
369.0,FIXED_WINDOW_ATTENTION,10
369.5,FIXED_WINDOW_ATTENTION,10
370.0,FIXED_WINDOW_ATTENTION,10
370.5,FIXED_WINDOW_ATTENTION,10
371.0,FIXED_WINDOW_ATTENTION,10
371.5,FIXED_WINDOW_ATTENTION,10
372.0,FIXED_WINDOW_ATTENTION,10
372.5,FIXED_WINDOW_ATTENTION,10
373.0,FIXED_WINDOW_ATTENTION,10
373.5,FIXED_WINDOW_ATTENTION,10
374.0,FIXED_WINDOW_ATTENTION,10
374.5,FIXED_WINDOW_ATTENTION,10
375.0,FIXED_WINDOW_ATTENTION,10
375.5,FIXED_WINDOW_ATTENTION,10
376.0,FIXED_WINDOW_ATTENTION,10
376.5,FIXED_WINDOW_ATTENTION,10
377.0,FIXED_WINDOW_ATTENTION,10
377.5,FIXED_WINDOW_ATTENTION,10
378.0,FIXED_WINDOW_ATTENTION,10
378.5,FIXED_WINDOW_ATTENTION,10
379.0,FIXED_WINDOW_ATTENTION,10
379.5,FIXED_WINDOW_ATTENTION,10
380.0,FIXED_WINDOW_ATTENTION,10
380.5,FIXED_WINDOW_ATTENTION,10
381.0,FIXED_WINDOW_ATTENTION,10
381.5,FIXED_WINDOW_ATTENTION,10
382.0,FIXED_WINDOW_ATTENTION,10
382.5,FIXED_WINDOW_ATTENTION,10
383.0,FIXED_WINDOW_ATTENTION,10
383.5,FIXED_WINDOW_ATTENTION,10
384.0,FIXED_WINDOW_ATTENTION,10
384.5,FIXED_WINDOW_ATTENTION,10
385.0,FIXED_WINDOW_ATTENTION,10
385.5,FIXED_WINDOW_ATTENTION,10
386.0,FIXED_WINDOW_ATTENTION,10
386.5,FIXED_WINDOW_ATTENTION,10
387.0,FIXED_WINDOW_ATTENTION,10
387.5,FIXED_WINDOW_ATTENTION,10
388.0,FIXED_WINDOW_ATTENTION,10
388.5,FIXED_WINDOW_ATTENTION,10
389.0,FIXED_WINDOW_ATTENTION,10
389.5,FIXED_WINDOW_ATTENTION,10
390.0,FIXED_WINDOW_ATTENTION,10
390.5,FIXED_WINDOW_ATTENTION,10
391.0,FIXED_WINDOW_ATTENTION,10
391.5,FIXED_WINDOW_ATTENTION,10
392.0,FIXED_WINDOW_ATTENTION,10
392.5,FIXED_WINDOW_ATTENTION,10
393.0,FIXED_WINDOW_ATTENTION,10
393.5,FIXED_WINDOW_ATTENTION,10
394.0,FIXED_WINDOW_ATTENTION,10
394.5,FIXED_WINDOW_ATTENTION,10
395.0,FIXED_WINDOW_ATTENTION,10
395.5,FIXED_WINDOW_ATTENTION,10
396.0,FIXED_WINDOW_ATTENTION,10
396.5,FIXED_WINDOW_ATTENTION,10
397.0,FIXED_WINDOW_ATTENTION,10
397.5,FIXED_WINDOW_ATTENTION,10
398.0,FIXED_WINDOW_ATTENTION,10
398.5,FIXED_WINDOW_ATTENTION,10
399.0,FIXED_WINDOW_ATTENTION,10
399.5,FIXED_WINDOW_ATTENTION,10
400.0,FIXED_WINDOW_ATTENTION,10
400.5,FIXED_WINDOW_ATTENTION,10
401.0,FIXED_WINDOW_ATTENTION,10
401.5,FIXED_WINDOW_ATTENTION,10
402.0,FIXED_WINDOW_ATTENTION,10
402.5,FIXED_WINDOW_ATTENTION,10
403.0,FIXED_WINDOW_ATTENTION,10
403.5,FIXED_WINDOW_ATTENTION,10
404.0,FIXED_WINDOW_ATTENTION,10
404.5,FIXED_WINDOW_ATTENTION,10
405.0,FIXED_WINDOW_ATTENTION,10
405.5,FIXED_WINDOW_ATTENTION,10
406.0,FIXED_WINDOW_ATTENTION,10
406.5,FIXED_WINDOW_ATTENTION,10
407.0,FIXED_WINDOW_ATTENTION,10
407.5,FIXED_WINDOW_ATTENTION,10
408.0,FIXED_WINDOW_ATTENTION,10
408.5,FIXED_WINDOW_ATTENTION,10
409.0,FIXED_WINDOW_ATTENTION,10
409.5,FIXED_WINDOW_ATTENTION,10
410.0,FIXED_WINDOW_ATTENTION,10
410.5,FIXED_WINDOW_ATTENTION,10
411.0,FIXED_WINDOW_ATTENTION,10
411.5,FIXED_WINDOW_ATTENTION,10
412.0,FIXED_WINDOW_ATTENTION,10
412.5,FIXED_WINDOW_ATTENTION,10
413.0,FIXED_WINDOW_ATTENTION,10
413.5,FIXED_WINDOW_ATTENTION,10
414.0,FIXED_WINDOW_ATTENTION,10
414.5,FIXED_WINDOW_ATTENTION,10
415.0,FIXED_WINDOW_ATTENTION,10
415.5,FIXED_WINDOW_ATTENTION,10
416.0,FIXED_WINDOW_ATTENTION,10
416.5,FIXED_WINDOW_ATTENTION,10
417.0,FIXED_WINDOW_ATTENTION,10
417.5,FIXED_WINDOW_ATTENTION,10
418.0,FIXED_WINDOW_ATTENTION,10
418.5,FIXED_WINDOW_ATTENTION,10
419.0,FIXED_WINDOW_ATTENTION,10
419.5,FIXED_WINDOW_ATTENTION,10
420.0,FIXED_WINDOW_ATTENTION,10
420.5,FIXED_WINDOW_ATTENTION,10
421.0,FIXED_WINDOW_ATTENTION,10
421.5,FIXED_WINDOW_ATTENTION,10
422.0,FIXED_WINDOW_ATTENTION,10
422.5,FIXED_WINDOW_ATTENTION,10
423.0,FIXED_WINDOW_ATTENTION,10
423.5,FIXED_WINDOW_ATTENTION,10
424.0,FIXED_WINDOW_ATTENTION,10
424.5,FIXED_WINDOW_ATTENTION,10
425.0,FIXED_WINDOW_ATTENTION,10
425.5,FIXED_WINDOW_ATTENTION,10
426.0,FIXED_WINDOW_ATTENTION,10
426.5,FIXED_WINDOW_ATTENTION,10
427.0,FIXED_WINDOW_ATTENTION,10
427.5,FIXED_WINDOW_ATTENTION,10
428.0,FIXED_WINDOW_ATTENTION,10
428.5,FIXED_WINDOW_ATTENTION,10
429.0,FIXED_WINDOW_ATTENTION,10
429.5,FIXED_WINDOW_ATTENTION,10
430.0,FIXED_WINDOW_ATTENTION,10
430.5,FIXED_WINDOW_ATTENTION,10
431.0,FIXED_WINDOW_ATTENTION,10
431.5,FIXED_WINDOW_ATTENTION,10
432.0,FIXED_WINDOW_ATTENTION,10
432.5,FIXED_WINDOW_ATTENTION,10
433.0,FIXED_WINDOW_ATTENTION,10
433.5,FIXED_WINDOW_ATTENTION,10
434.0,FIXED_WINDOW_ATTENTION,10
434.5,FIXED_WINDOW_ATTENTION,10
435.0,FIXED_WINDOW_ATTENTION,10
435.5,FIXED_WINDOW_ATTENTION,10
436.0,FIXED_WINDOW_ATTENTION,10
436.5,FIXED_WINDOW_ATTENTION,10
437.0,FIXED_WINDOW_ATTENTION,10
437.5,FIXED_WINDOW_ATTENTION,10
438.0,FIXED_WINDOW_ATTENTION,10
438.5,FIXED_WINDOW_ATTENTION,10
439.0,FIXED_WINDOW_ATTENTION,10
439.5,FIXED_WINDOW_ATTENTION,10
440.0,FIXED_WINDOW_ATTENTION,10
440.5,FIXED_WINDOW_ATTENTION,10
441.0,FIXED_WINDOW_ATTENTION,10
441.5,FIXED_WINDOW_ATTENTION,10
442.0,FIXED_WINDOW_ATTENTION,10
442.5,FIXED_WINDOW_ATTENTION,10
443.0,FIXED_WINDOW_ATTENTION,10
443.5,FIXED_WINDOW_ATTENTION,10
444.0,FIXED_WINDOW_ATTENTION,10
444.5,FIXED_WINDOW_ATTENTION,10
445.0,FIXED_WINDOW_ATTENTION,10
445.5,FIXED_WINDOW_ATTENTION,10
446.0,FIXED_WINDOW_ATTENTION,10
446.5,FIXED_WINDOW_ATTENTION,10
447.0,FIXED_WINDOW_ATTENTION,10
447.5,FIXED_WINDOW_ATTENTION,10
448.0,FIXED_WINDOW_ATTENTION,10
448.5,FIXED_WINDOW_ATTENTION,10
449.0,FIXED_WINDOW_ATTENTION,10
449.5,FIXED_WINDOW_ATTENTION,10
450.0,FIXED_WINDOW_ATTENTION,10
450.5,FIXED_WINDOW_ATTENTION,10
451.0,FIXED_WINDOW_ATTENTION,10
451.5,FIXED_WINDOW_ATTENTION,10
452.0,FIXED_WINDOW_ATTENTION,10
452.5,FIXED_WINDOW_ATTENTION,10
453.0,FIXED_WINDOW_ATTENTION,10
453.5,FIXED_WINDOW_ATTENTION,10
454.0,FIXED_WINDOW_ATTENTION,10
454.5,FIXED_WINDOW_ATTENTION,10
455.0,FIXED_WINDOW_ATTENTION,10
455.5,FIXED_WINDOW_ATTENTION,10
456.0,FIXED_WINDOW_ATTENTION,10
456.5,FIXED_WINDOW_ATTENTION,10
457.0,FIXED_WINDOW_ATTENTION,10
457.5,FIXED_WINDOW_ATTENTION,10
458.0,FIXED_WINDOW_ATTENTION,10
458.5,FIXED_WINDOW_ATTENTION,18
459.0,FIXED_WINDOW_ATTENTION,18
459.5,FIXED_WINDOW_ATTENTION,18
460.0,FIXED_WINDOW_ATTENTION,18
460.5,FIXED_WINDOW_ATTENTION,18
461.0,FIXED_WINDOW_ATTENTION,18
461.5,FIXED_WINDOW_ATTENTION,18
462.0,FIXED_WINDOW_ATTENTION,18
462.5,FIXED_WINDOW_ATTENTION,18
463.0,FIXED_WINDOW_ATTENTION,18
463.5,FIXED_WINDOW_ATTENTION,18
464.0,FIXED_WINDOW_ATTENTION,18
464.5,FIXED_WINDOW_ATTENTION,18
465.0,FIXED_WINDOW_ATTENTION,18
465.5,FIXED_WINDOW_ATTENTION,18
466.0,FIXED_WINDOW_ATTENTION,18
466.5,FIXED_WINDOW_ATTENTION,18
467.0,FIXED_WINDOW_ATTENTION,18
467.5,FIXED_WINDOW_ATTENTION,18
468.0,FIXED_WINDOW_ATTENTION,18
468.5,FIXED_WINDOW_ATTENTION,18
469.0,FIXED_WINDOW_ATTENTION,18
469.5,FIXED_WINDOW_ATTENTION,18
470.0,FIXED_WINDOW_ATTENTION,18
470.5,FIXED_WINDOW_ATTENTION,18
471.0,FIXED_WINDOW_ATTENTION,18
471.5,FIXED_WINDOW_ATTENTION,18
472.0,FIXED_WINDOW_ATTENTION,18
472.5,FIXED_WINDOW_ATTENTION,18
473.0,FIXED_WINDOW_ATTENTION,18
473.5,FIXED_WINDOW_ATTENTION,18
474.0,FIXED_WINDOW_ATTENTION,18
474.5,FIXED_WINDOW_ATTENTION,18
475.0,FIXED_WINDOW_ATTENTION,18
475.5,FIXED_WINDOW_ATTENTION,18
476.0,FIXED_WINDOW_ATTENTION,18
476.5,FIXED_WINDOW_ATTENTION,18
477.0,FIXED_WINDOW_ATTENTION,18
477.5,FIXED_WINDOW_ATTENTION,18
478.0,FIXED_WINDOW_ATTENTION,18
478.5,FIXED_WINDOW_ATTENTION,18
479.0,FIXED_WINDOW_ATTENTION,18
479.5,FIXED_WINDOW_ATTENTION,18
480.0,FIXED_WINDOW_ATTENTION,18
480.5,FIXED_WINDOW_ATTENTION,18
481.0,FIXED_WINDOW_ATTENTION,18
481.5,FIXED_WINDOW_ATTENTION,18
482.0,FIXED_WINDOW_ATTENTION,18
482.5,FIXED_WINDOW_ATTENTION,18
483.0,FIXED_WINDOW_ATTENTION,18
483.5,FIXED_WINDOW_ATTENTION,18
484.0,FIXED_WINDOW_ATTENTION,18
484.5,FIXED_WINDOW_ATTENTION,18
485.0,FIXED_WINDOW_ATTENTION,18
485.5,FIXED_WINDOW_ATTENTION,18
486.0,FIXED_WINDOW_ATTENTION,18
486.5,FIXED_WINDOW_ATTENTION,18
487.0,FIXED_WINDOW_ATTENTION,18
487.5,FIXED_WINDOW_ATTENTION,18
488.0,FIXED_WINDOW_ATTENTION,18
488.5,FIXED_WINDOW_ATTENTION,18
489.0,FIXED_WINDOW_ATTENTION,18
489.5,FIXED_WINDOW_ATTENTION,18
490.0,FIXED_WINDOW_ATTENTION,18
490.5,FIXED_WINDOW_ATTENTION,18
491.0,FIXED_WINDOW_ATTENTION,18
491.5,FIXED_WINDOW_ATTENTION,18
492.0,FIXED_WINDOW_ATTENTION,18
492.5,FIXED_WINDOW_ATTENTION,18
493.0,FIXED_WINDOW_ATTENTION,18
493.5,FIXED_WINDOW_ATTENTION,18
494.0,FIXED_WINDOW_ATTENTION,18
494.5,FIXED_WINDOW_ATTENTION,18
495.0,FIXED_WINDOW_ATTENTION,18
495.5,FIXED_WINDOW_ATTENTION,18
496.0,FIXED_WINDOW_ATTENTION,18
496.5,FIXED_WINDOW_ATTENTION,18
497.0,FIXED_WINDOW_ATTENTION,18
497.5,FIXED_WINDOW_ATTENTION,18
498.0,FIXED_WINDOW_ATTENTION,18
498.5,FIXED_WINDOW_ATTENTION,18
499.0,FIXED_WINDOW_ATTENTION,18
499.5,FIXED_WINDOW_ATTENTION,18
500.0,FIXED_WINDOW_ATTENTION,18
500.5,FIXED_WINDOW_ATTENTION,18
501.0,FIXED_WINDOW_ATTENTION,18
501.5,FIXED_WINDOW_ATTENTION,18
502.0,FIXED_WINDOW_ATTENTION,18
502.5,FIXED_WINDOW_ATTENTION,18
503.0,FIXED_WINDOW_ATTENTION,18
503.5,FIXED_WINDOW_ATTENTION,18
504.0,FIXED_WINDOW_ATTENTION,18
504.5,FIXED_WINDOW_ATTENTION,18
505.0,FIXED_WINDOW_ATTENTION,18
505.5,FIXED_WINDOW_ATTENTION,18
506.0,FIXED_WINDOW_ATTENTION,18
506.5,FIXED_WINDOW_ATTENTION,18
507.0,FIXED_WINDOW_ATTENTION,18
507.5,FIXED_WINDOW_ATTENTION,18
508.0,FIXED_WINDOW_ATTENTION,18
508.5,FIXED_WINDOW_ATTENTION,18
509.0,FIXED_WINDOW_ATTENTION,18
509.5,FIXED_WINDOW_ATTENTION,18
510.0,FIXED_WINDOW_ATTENTION,18
510.5,FIXED_WINDOW_ATTENTION,18
511.0,FIXED_WINDOW_ATTENTION,18
511.5,FIXED_WINDOW_ATTENTION,18
512.0,FIXED_WINDOW_ATTENTION,18
512.5,FIXED_WINDOW_ATTENTION,18
513.0,FIXED_WINDOW_ATTENTION,18
513.5,FIXED_WINDOW_ATTENTION,18
514.0,FIXED_WINDOW_ATTENTION,18
514.5,FIXED_WINDOW_ATTENTION,18
515.0,FIXED_WINDOW_ATTENTION,18
515.5,FIXED_WINDOW_ATTENTION,18
516.0,FIXED_WINDOW_ATTENTION,18
516.5,FIXED_WINDOW_ATTENTION,18
517.0,FIXED_WINDOW_ATTENTION,18
517.5,FIXED_WINDOW_ATTENTION,18
518.0,FIXED_WINDOW_ATTENTION,18
518.5,FIXED_WINDOW_ATTENTION,18
519.0,FIXED_WINDOW_ATTENTION,18
519.5,FIXED_WINDOW_ATTENTION,18
520.0,FIXED_WINDOW_ATTENTION,18
520.5,FIXED_WINDOW_ATTENTION,18
521.0,FIXED_WINDOW_ATTENTION,18
521.5,FIXED_WINDOW_ATTENTION,18
522.0,FIXED_WINDOW_ATTENTION,18
522.5,FIXED_WINDOW_ATTENTION,18
523.0,FIXED_WINDOW_ATTENTION,18
523.5,FIXED_WINDOW_ATTENTION,18
524.0,FIXED_WINDOW_ATTENTION,18
524.5,FIXED_WINDOW_ATTENTION,18
525.0,FIXED_WINDOW_ATTENTION,18
525.5,FIXED_WINDOW_ATTENTION,18
526.0,FIXED_WINDOW_ATTENTION,18
526.5,FIXED_WINDOW_ATTENTION,18
527.0,FIXED_WINDOW_ATTENTION,18
527.5,FIXED_WINDOW_ATTENTION,18
528.0,FIXED_WINDOW_ATTENTION,18
528.5,FIXED_WINDOW_ATTENTION,18
529.0,FIXED_WINDOW_ATTENTION,18
529.5,FIXED_WINDOW_ATTENTION,18
530.0,FIXED_WINDOW_ATTENTION,18
530.5,FIXED_WINDOW_ATTENTION,18
531.0,FIXED_WINDOW_ATTENTION,18
531.5,FIXED_WINDOW_ATTENTION,18
532.0,FIXED_WINDOW_ATTENTION,18
532.5,FIXED_WINDOW_ATTENTION,18
533.0,FIXED_WINDOW_ATTENTION,18
533.5,FIXED_WINDOW_ATTENTION,18
534.0,FIXED_WINDOW_ATTENTION,18
534.5,FIXED_WINDOW_ATTENTION,18
535.0,FIXED_WINDOW_ATTENTION,18
535.5,FIXED_WINDOW_ATTENTION,18
536.0,FIXED_WINDOW_ATTENTION,18
536.5,FIXED_WINDOW_ATTENTION,18
537.0,FIXED_WINDOW_ATTENTION,18
537.5,FIXED_WINDOW_ATTENTION,18
538.0,FIXED_WINDOW_ATTENTION,18
538.5,FIXED_WINDOW_ATTENTION,18
539.0,FIXED_WINDOW_ATTENTION,18
539.5,FIXED_WINDOW_ATTENTION,18
540.0,FIXED_WINDOW_ATTENTION,18
540.5,FIXED_WINDOW_ATTENTION,18
541.0,FIXED_WINDOW_ATTENTION,18
541.5,FIXED_WINDOW_ATTENTION,18
542.0,FIXED_WINDOW_ATTENTION,18
542.5,FIXED_WINDOW_ATTENTION,18
543.0,FIXED_WINDOW_ATTENTION,18
543.5,FIXED_WINDOW_ATTENTION,18
544.0,FIXED_WINDOW_ATTENTION,18
544.5,FIXED_WINDOW_ATTENTION,18
545.0,FIXED_WINDOW_ATTENTION,18
545.5,FIXED_WINDOW_ATTENTION,18
546.0,FIXED_WINDOW_ATTENTION,18
546.5,FIXED_WINDOW_ATTENTION,18
547.0,FIXED_WINDOW_ATTENTION,18
547.5,FIXED_WINDOW_ATTENTION,18
548.0,FIXED_WINDOW_ATTENTION,18
548.5,FIXED_WINDOW_ATTENTION,18
549.0,FIXED_WINDOW_ATTENTION,18
549.5,FIXED_WINDOW_ATTENTION,18
550.0,FIXED_WINDOW_ATTENTION,18
550.5,FIXED_WINDOW_ATTENTION,18
551.0,FIXED_WINDOW_ATTENTION,18
551.5,FIXED_WINDOW_ATTENTION,18
552.0,FIXED_WINDOW_ATTENTION,18
552.5,FIXED_WINDOW_ATTENTION,18
553.0,FIXED_WINDOW_ATTENTION,18
553.5,FIXED_WINDOW_ATTENTION,18
554.0,FIXED_WINDOW_ATTENTION,18
554.5,FIXED_WINDOW_ATTENTION,18
555.0,FIXED_WINDOW_ATTENTION,18
555.5,FIXED_WINDOW_ATTENTION,18
556.0,FIXED_WINDOW_ATTENTION,18
556.5,FIXED_WINDOW_ATTENTION,18
557.0,FIXED_WINDOW_ATTENTION,18
557.5,FIXED_WINDOW_ATTENTION,18
558.0,FIXED_WINDOW_ATTENTION,18
558.5,FIXED_WINDOW_ATTENTION,18
559.0,FIXED_WINDOW_ATTENTION,18
559.5,FIXED_WINDOW_ATTENTION,18
560.0,FIXED_WINDOW_ATTENTION,18
560.5,FIXED_WINDOW_ATTENTION,18
561.0,FIXED_WINDOW_ATTENTION,18
561.5,FIXED_WINDOW_ATTENTION,18
562.0,FIXED_WINDOW_ATTENTION,18
562.5,FIXED_WINDOW_ATTENTION,18
563.0,FIXED_WINDOW_ATTENTION,18
563.5,FIXED_WINDOW_ATTENTION,18
564.0,FIXED_WINDOW_ATTENTION,18
564.5,FIXED_WINDOW_ATTENTION,18
565.0,FIXED_WINDOW_ATTENTION,18
565.5,FIXED_WINDOW_ATTENTION,18
566.0,FIXED_WINDOW_ATTENTION,18
566.5,FIXED_WINDOW_ATTENTION,18
567.0,FIXED_WINDOW_ATTENTION,18
567.5,FIXED_WINDOW_ATTENTION,18
568.0,FIXED_WINDOW_ATTENTION,18
568.5,FIXED_WINDOW_ATTENTION,18
569.0,FIXED_WINDOW_ATTENTION,18
569.5,FIXED_WINDOW_ATTENTION,18
570.0,FIXED_WINDOW_ATTENTION,18
570.5,FIXED_WINDOW_ATTENTION,18
571.0,FIXED_WINDOW_ATTENTION,18
571.5,FIXED_WINDOW_ATTENTION,18
572.0,FIXED_WINDOW_ATTENTION,18
572.5,FIXED_WINDOW_ATTENTION,18
573.0,FIXED_WINDOW_ATTENTION,18
573.5,FIXED_WINDOW_ATTENTION,18
574.0,FIXED_WINDOW_ATTENTION,18
574.5,FIXED_WINDOW_ATTENTION,18
575.0,FIXED_WINDOW_ATTENTION,18
575.5,FIXED_WINDOW_ATTENTION,18
576.0,FIXED_WINDOW_ATTENTION,18
576.5,FIXED_WINDOW_ATTENTION,18
577.0,FIXED_WINDOW_ATTENTION,18
577.5,FIXED_WINDOW_ATTENTION,18
578.0,FIXED_WINDOW_ATTENTION,18
578.5,FIXED_WINDOW_ATTENTION,18
579.0,FIXED_WINDOW_ATTENTION,18
579.5,FIXED_WINDOW_ATTENTION,18
580.0,FIXED_WINDOW_ATTENTION,18
580.5,FIXED_WINDOW_ATTENTION,18
581.0,FIXED_WINDOW_ATTENTION,18
581.5,FIXED_WINDOW_ATTENTION,18
582.0,FIXED_WINDOW_ATTENTION,18
582.5,FIXED_WINDOW_ATTENTION,18
583.0,FIXED_WINDOW_ATTENTION,18
583.5,FIXED_WINDOW_ATTENTION,18
584.0,FIXED_WINDOW_ATTENTION,18
584.5,FIXED_WINDOW_ATTENTION,18
585.0,FIXED_WINDOW_ATTENTION,18
585.5,FIXED_WINDOW_ATTENTION,18
586.0,FIXED_WINDOW_ATTENTION,18
586.5,FIXED_WINDOW_ATTENTION,18
587.0,FIXED_WINDOW_ATTENTION,18
587.5,FIXED_WINDOW_ATTENTION,18
588.0,FIXED_WINDOW_ATTENTION,18
588.5,FIXED_WINDOW_ATTENTION,18
589.0,FIXED_WINDOW_ATTENTION,18
589.5,FIXED_WINDOW_ATTENTION,18
590.0,FIXED_WINDOW_ATTENTION,18
590.5,FIXED_WINDOW_ATTENTION,18
591.0,FIXED_WINDOW_ATTENTION,18
591.5,FIXED_WINDOW_ATTENTION,18
592.0,FIXED_WINDOW_ATTENTION,18
592.5,FIXED_WINDOW_ATTENTION,18
593.0,FIXED_WINDOW_ATTENTION,18
593.5,FIXED_WINDOW_ATTENTION,18
594.0,FIXED_WINDOW_ATTENTION,18
594.5,FIXED_WINDOW_ATTENTION,18
595.0,FIXED_WINDOW_ATTENTION,18
595.5,FIXED_WINDOW_ATTENTION,18
596.0,FIXED_WINDOW_ATTENTION,18
596.5,FIXED_WINDOW_ATTENTION,18
597.0,FIXED_WINDOW_ATTENTION,18
597.5,FIXED_WINDOW_ATTENTION,18
598.0,FIXED_WINDOW_ATTENTION,18
598.5,FIXED_WINDOW_ATTENTION,18
599.0,FIXED_WINDOW_ATTENTION,18
599.5,FIXED_WINDOW_ATTENTION,18
600.0,FIXED_WINDOW_ATTENTION,18
600.5,FIXED_WINDOW_ATTENTION,18
601.0,FIXED_WINDOW_ATTENTION,18
601.5,FIXED_WINDOW_ATTENTION,18
602.0,FIXED_WINDOW_ATTENTION,18
602.5,FIXED_WINDOW_ATTENTION,18
603.0,FIXED_WINDOW_ATTENTION,18
603.5,FIXED_WINDOW_ATTENTION,18
604.0,FIXED_WINDOW_ATTENTION,18
604.5,FIXED_WINDOW_ATTENTION,18
605.0,FIXED_WINDOW_ATTENTION,18
605.5,FIXED_WINDOW_ATTENTION,18
606.0,FIXED_WINDOW_ATTENTION,18
606.5,FIXED_WINDOW_ATTENTION,18
607.0,FIXED_WINDOW_ATTENTION,18
607.5,FIXED_WINDOW_ATTENTION,18
608.0,FIXED_WINDOW_ATTENTION,18
608.5,FIXED_WINDOW_ATTENTION,18
609.0,FIXED_WINDOW_ATTENTION,18
609.5,FIXED_WINDOW_ATTENTION,18
610.0,FIXED_WINDOW_ATTENTION,18
610.5,FIXED_WINDOW_ATTENTION,18
611.0,FIXED_WINDOW_ATTENTION,18
611.5,FIXED_WINDOW_ATTENTION,18
612.0,FIXED_WINDOW_ATTENTION,18
612.5,FIXED_WINDOW_ATTENTION,18
613.0,FIXED_WINDOW_ATTENTION,18
613.5,FIXED_WINDOW_ATTENTION,18
614.0,FIXED_WINDOW_ATTENTION,18
614.5,FIXED_WINDOW_ATTENTION,18
615.0,FIXED_WINDOW_ATTENTION,18
615.5,FIXED_WINDOW_ATTENTION,18
616.0,FIXED_WINDOW_ATTENTION,18
616.5,FIXED_WINDOW_ATTENTION,18
617.0,FIXED_WINDOW_ATTENTION,18
617.5,FIXED_WINDOW_ATTENTION,18
618.0,FIXED_WINDOW_ATTENTION,18
618.5,FIXED_WINDOW_ATTENTION,18
619.0,FIXED_WINDOW_ATTENTION,18
619.5,FIXED_WINDOW_ATTENTION,18
620.0,FIXED_WINDOW_ATTENTION,18
620.5,FIXED_WINDOW_ATTENTION,18
621.0,FIXED_WINDOW_ATTENTION,18
621.5,FIXED_WINDOW_ATTENTION,18
622.0,FIXED_WINDOW_ATTENTION,18
622.5,FIXED_WINDOW_ATTENTION,18
623.0,FIXED_WINDOW_ATTENTION,18
623.5,FIXED_WINDOW_ATTENTION,18
624.0,FIXED_WINDOW_ATTENTION,18
624.5,FIXED_WINDOW_ATTENTION,18
625.0,FIXED_WINDOW_ATTENTION,18
625.5,FIXED_WINDOW_ATTENTION,18
626.0,FIXED_WINDOW_ATTENTION,18
626.5,FIXED_WINDOW_ATTENTION,18
627.0,FIXED_WINDOW_ATTENTION,18
627.5,FIXED_WINDOW_ATTENTION,18
628.0,FIXED_WINDOW_ATTENTION,18
628.5,FIXED_WINDOW_ATTENTION,18
629.0,FIXED_WINDOW_ATTENTION,18
629.5,FIXED_WINDOW_ATTENTION,18
630.0,FIXED_WINDOW_ATTENTION,18
630.5,FIXED_WINDOW_ATTENTION,18
631.0,FIXED_WINDOW_ATTENTION,18
631.5,FIXED_WINDOW_ATTENTION,18
632.0,FIXED_WINDOW_ATTENTION,18
632.5,FIXED_WINDOW_ATTENTION,18
633.0,FIXED_WINDOW_ATTENTION,18
633.5,FIXED_WINDOW_ATTENTION,18
634.0,FIXED_WINDOW_ATTENTION,18
634.5,FIXED_WINDOW_ATTENTION,18
635.0,FIXED_WINDOW_ATTENTION,18
635.5,FIXED_WINDOW_ATTENTION,18
636.0,FIXED_WINDOW_ATTENTION,18
636.5,FIXED_WINDOW_ATTENTION,18
637.0,FIXED_WINDOW_ATTENTION,18
637.5,FIXED_WINDOW_ATTENTION,18
638.0,FIXED_WINDOW_ATTENTION,18
638.5,FIXED_WINDOW_ATTENTION,18
639.0,FIXED_WINDOW_ATTENTION,18
639.5,FIXED_WINDOW_ATTENTION,18
640.0,FIXED_WINDOW_ATTENTION,18
640.5,FIXED_WINDOW_ATTENTION,18
641.0,FIXED_WINDOW_ATTENTION,18
641.5,FIXED_WINDOW_ATTENTION,18
642.0,FIXED_WINDOW_ATTENTION,18
642.5,FIXED_WINDOW_ATTENTION,18
643.0,FIXED_WINDOW_ATTENTION,18
643.5,FIXED_WINDOW_ATTENTION,18
644.0,FIXED_WINDOW_ATTENTION,18
644.5,FIXED_WINDOW_ATTENTION,18
645.0,FIXED_WINDOW_ATTENTION,18
645.5,FIXED_WINDOW_ATTENTION,18
646.0,FIXED_WINDOW_ATTENTION,18
646.5,FIXED_WINDOW_ATTENTION,18
647.0,FIXED_WINDOW_ATTENTION,18
647.5,FIXED_WINDOW_ATTENTION,18
648.0,FIXED_WINDOW_ATTENTION,18
648.5,FIXED_WINDOW_ATTENTION,18
649.0,FIXED_WINDOW_ATTENTION,18
649.5,FIXED_WINDOW_ATTENTION,18
650.0,FIXED_WINDOW_ATTENTION,18
650.5,FIXED_WINDOW_ATTENTION,18
651.0,FIXED_WINDOW_ATTENTION,18
651.5,FIXED_WINDOW_ATTENTION,18
652.0,FIXED_WINDOW_ATTENTION,18
652.5,FIXED_WINDOW_ATTENTION,18
653.0,FIXED_WINDOW_ATTENTION,18
653.5,FIXED_WINDOW_ATTENTION,18
654.0,FIXED_WINDOW_ATTENTION,18
654.5,FIXED_WINDOW_ATTENTION,18
655.0,FIXED_WINDOW_ATTENTION,18
655.5,FIXED_WINDOW_ATTENTION,18
656.0,FIXED_WINDOW_ATTENTION,18
656.5,FIXED_WINDOW_ATTENTION,18
657.0,FIXED_WINDOW_ATTENTION,18
657.5,FIXED_WINDOW_ATTENTION,18
658.0,FIXED_WINDOW_ATTENTION,18
658.5,FIXED_WINDOW_ATTENTION,18
659.0,FIXED_WINDOW_ATTENTION,18
659.5,FIXED_WINDOW_ATTENTION,18
660.0,FIXED_WINDOW_ATTENTION,18
660.5,FIXED_WINDOW_ATTENTION,18
661.0,FIXED_WINDOW_ATTENTION,18
661.5,FIXED_WINDOW_ATTENTION,18
662.0,FIXED_WINDOW_ATTENTION,18
662.5,FIXED_WINDOW_ATTENTION,18
663.0,FIXED_WINDOW_ATTENTION,18
663.5,FIXED_WINDOW_ATTENTION,18
664.0,FIXED_WINDOW_ATTENTION,18
664.5,FIXED_WINDOW_ATTENTION,18
665.0,FIXED_WINDOW_ATTENTION,18
665.5,FIXED_WINDOW_ATTENTION,18
666.0,FIXED_WINDOW_ATTENTION,18
666.5,FIXED_WINDOW_ATTENTION,18
667.0,FIXED_WINDOW_ATTENTION,18
667.5,FIXED_WINDOW_ATTENTION,18
668.0,FIXED_WINDOW_ATTENTION,18
668.5,FIXED_WINDOW_ATTENTION,18
669.0,FIXED_WINDOW_ATTENTION,18
669.5,FIXED_WINDOW_ATTENTION,18
670.0,FIXED_WINDOW_ATTENTION,18
670.5,FIXED_WINDOW_ATTENTION,18
671.0,FIXED_WINDOW_ATTENTION,18
671.5,FIXED_WINDOW_ATTENTION,18
672.0,FIXED_WINDOW_ATTENTION,18
672.5,FIXED_WINDOW_ATTENTION,18
673.0,FIXED_WINDOW_ATTENTION,18
673.5,FIXED_WINDOW_ATTENTION,18
674.0,FIXED_WINDOW_ATTENTION,18
674.5,FIXED_WINDOW_ATTENTION,18
675.0,FIXED_WINDOW_ATTENTION,18
675.5,FIXED_WINDOW_ATTENTION,18
676.0,FIXED_WINDOW_ATTENTION,18
676.5,FIXED_WINDOW_ATTENTION,18
677.0,FIXED_WINDOW_ATTENTION,18
677.5,FIXED_WINDOW_ATTENTION,18
678.0,FIXED_WINDOW_ATTENTION,18
678.5,FIXED_WINDOW_ATTENTION,18
679.0,FIXED_WINDOW_ATTENTION,18
679.5,FIXED_WINDOW_ATTENTION,18
680.0,FIXED_WINDOW_ATTENTION,18
680.5,FIXED_WINDOW_ATTENTION,18
681.0,FIXED_WINDOW_ATTENTION,18
681.5,FIXED_WINDOW_ATTENTION,18
682.0,FIXED_WINDOW_ATTENTION,18
682.5,FIXED_WINDOW_ATTENTION,18
683.0,FIXED_WINDOW_ATTENTION,18
683.5,FIXED_WINDOW_ATTENTION,18
684.0,FIXED_WINDOW_ATTENTION,18
684.5,FIXED_WINDOW_ATTENTION,18
685.0,FIXED_WINDOW_ATTENTION,18
685.5,FIXED_WINDOW_ATTENTION,18
686.0,FIXED_WINDOW_ATTENTION,18
686.5,FIXED_WINDOW_ATTENTION,18
687.0,FIXED_WINDOW_ATTENTION,18
687.5,FIXED_WINDOW_ATTENTION,18
688.0,FIXED_WINDOW_ATTENTION,18
688.5,FIXED_WINDOW_ATTENTION,18
689.0,FIXED_WINDOW_ATTENTION,18
689.5,FIXED_WINDOW_ATTENTION,18
690.0,FIXED_WINDOW_ATTENTION,18
690.5,FIXED_WINDOW_ATTENTION,18
691.0,FIXED_WINDOW_ATTENTION,18
691.5,FIXED_WINDOW_ATTENTION,18
692.0,FIXED_WINDOW_ATTENTION,18
692.5,FIXED_WINDOW_ATTENTION,18
693.0,FIXED_WINDOW_ATTENTION,18
693.5,FIXED_WINDOW_ATTENTION,18
694.0,FIXED_WINDOW_ATTENTION,18
694.5,FIXED_WINDOW_ATTENTION,18
695.0,FIXED_WINDOW_ATTENTION,18
695.5,FIXED_WINDOW_ATTENTION,18
696.0,FIXED_WINDOW_ATTENTION,18
696.5,FIXED_WINDOW_ATTENTION,18
697.0,FIXED_WINDOW_ATTENTION,18
697.5,FIXED_WINDOW_ATTENTION,18
698.0,FIXED_WINDOW_ATTENTION,18
698.5,FIXED_WINDOW_ATTENTION,18
699.0,FIXED_WINDOW_ATTENTION,18
699.5,FIXED_WINDOW_ATTENTION,18
700.0,FIXED_WINDOW_ATTENTION,18
700.5,FIXED_WINDOW_ATTENTION,18
701.0,FIXED_WINDOW_ATTENTION,18
701.5,FIXED_WINDOW_ATTENTION,18
702.0,FIXED_WINDOW_ATTENTION,18
702.5,FIXED_WINDOW_ATTENTION,18
703.0,FIXED_WINDOW_ATTENTION,18
703.5,FIXED_WINDOW_ATTENTION,18
704.0,FIXED_WINDOW_ATTENTION,18
704.5,FIXED_WINDOW_ATTENTION,18
705.0,FIXED_WINDOW_ATTENTION,18
705.5,FIXED_WINDOW_ATTENTION,18
706.0,FIXED_WINDOW_ATTENTION,18
706.5,FIXED_WINDOW_ATTENTION,18
707.0,FIXED_WINDOW_ATTENTION,18
707.5,FIXED_WINDOW_ATTENTION,18
708.0,FIXED_WINDOW_ATTENTION,18
708.5,FIXED_WINDOW_ATTENTION,18
709.0,FIXED_WINDOW_ATTENTION,18
709.5,FIXED_WINDOW_ATTENTION,18
710.0,FIXED_WINDOW_ATTENTION,18
710.5,FIXED_WINDOW_ATTENTION,18
711.0,FIXED_WINDOW_ATTENTION,18
711.5,FIXED_WINDOW_ATTENTION,18
712.0,FIXED_WINDOW_ATTENTION,18
712.5,FIXED_WINDOW_ATTENTION,18
713.0,FIXED_WINDOW_ATTENTION,18
713.5,FIXED_WINDOW_ATTENTION,18
714.0,FIXED_WINDOW_ATTENTION,18
714.5,FIXED_WINDOW_ATTENTION,18
715.0,FIXED_WINDOW_ATTENTION,18
715.5,FIXED_WINDOW_ATTENTION,18
716.0,FIXED_WINDOW_ATTENTION,18
716.5,FIXED_WINDOW_ATTENTION,18
717.0,FIXED_WINDOW_ATTENTION,18
717.5,FIXED_WINDOW_ATTENTION,18
718.0,FIXED_WINDOW_ATTENTION,18
718.5,FIXED_WINDOW_ATTENTION,18
719.0,FIXED_WINDOW_ATTENTION,18
719.5,FIXED_WINDOW_ATTENTION,18
720.0,FIXED_WINDOW_ATTENTION,18
720.5,FIXED_WINDOW_ATTENTION,18
721.0,FIXED_WINDOW_ATTENTION,18
721.5,FIXED_WINDOW_ATTENTION,18
722.0,FIXED_WINDOW_ATTENTION,18
722.5,FIXED_WINDOW_ATTENTION,18
723.0,FIXED_WINDOW_ATTENTION,18
723.5,FIXED_WINDOW_ATTENTION,18
724.0,FIXED_WINDOW_ATTENTION,18
724.5,FIXED_WINDOW_ATTENTION,18
725.0,FIXED_WINDOW_ATTENTION,18
725.5,FIXED_WINDOW_ATTENTION,18
726.0,FIXED_WINDOW_ATTENTION,18
726.5,FIXED_WINDOW_ATTENTION,18
727.0,FIXED_WINDOW_ATTENTION,18
727.5,FIXED_WINDOW_ATTENTION,18
728.0,FIXED_WINDOW_ATTENTION,18
728.5,FIXED_WINDOW_ATTENTION,18
729.0,FIXED_WINDOW_ATTENTION,18
729.5,FIXED_WINDOW_ATTENTION,18
730.0,FIXED_WINDOW_ATTENTION,18
730.5,FIXED_WINDOW_ATTENTION,18
731.0,FIXED_WINDOW_ATTENTION,18
731.5,FIXED_WINDOW_ATTENTION,18
732.0,FIXED_WINDOW_ATTENTION,18
732.5,FIXED_WINDOW_ATTENTION,18
733.0,FIXED_WINDOW_ATTENTION,18
733.5,FIXED_WINDOW_ATTENTION,18
734.0,FIXED_WINDOW_ATTENTION,18
734.5,FIXED_WINDOW_ATTENTION,18
735.0,FIXED_WINDOW_ATTENTION,18
735.5,FIXED_WINDOW_ATTENTION,18
736.0,FIXED_WINDOW_ATTENTION,18
736.5,FIXED_WINDOW_ATTENTION,18
737.0,FIXED_WINDOW_ATTENTION,18
737.5,FIXED_WINDOW_ATTENTION,18
738.0,FIXED_WINDOW_ATTENTION,18
738.5,FIXED_WINDOW_ATTENTION,18
739.0,FIXED_WINDOW_ATTENTION,18
739.5,FIXED_WINDOW_ATTENTION,18
740.0,FIXED_WINDOW_ATTENTION,18
740.5,FIXED_WINDOW_ATTENTION,18
741.0,FIXED_WINDOW_ATTENTION,18
741.5,FIXED_WINDOW_ATTENTION,18
742.0,FIXED_WINDOW_ATTENTION,18
742.5,FIXED_WINDOW_ATTENTION,18
743.0,FIXED_WINDOW_ATTENTION,18
743.5,FIXED_WINDOW_ATTENTION,18
744.0,FIXED_WINDOW_ATTENTION,18
744.5,FIXED_WINDOW_ATTENTION,18
745.0,FIXED_WINDOW_ATTENTION,18
745.5,FIXED_WINDOW_ATTENTION,18
746.0,FIXED_WINDOW_ATTENTION,18
746.5,FIXED_WINDOW_ATTENTION,18
747.0,FIXED_WINDOW_ATTENTION,18
747.5,FIXED_WINDOW_ATTENTION,18
748.0,FIXED_WINDOW_ATTENTION,18
748.5,FIXED_WINDOW_ATTENTION,18
749.0,FIXED_WINDOW_ATTENTION,18
749.5,FIXED_WINDOW_ATTENTION,18
750.0,FIXED_WINDOW_ATTENTION,18
750.5,FIXED_WINDOW_ATTENTION,18
751.0,FIXED_WINDOW_ATTENTION,18
751.5,FIXED_WINDOW_ATTENTION,18
752.0,FIXED_WINDOW_ATTENTION,18
752.5,FIXED_WINDOW_ATTENTION,18
753.0,FIXED_WINDOW_ATTENTION,18
753.5,FIXED_WINDOW_ATTENTION,18
754.0,FIXED_WINDOW_ATTENTION,18
754.5,FIXED_WINDOW_ATTENTION,18
755.0,FIXED_WINDOW_ATTENTION,18
755.5,FIXED_WINDOW_ATTENTION,18
756.0,FIXED_WINDOW_ATTENTION,18
756.5,FIXED_WINDOW_ATTENTION,18
757.0,FIXED_WINDOW_ATTENTION,18
757.5,FIXED_WINDOW_ATTENTION,18
758.0,FIXED_WINDOW_ATTENTION,18
758.5,FIXED_WINDOW_ATTENTION,18
759.0,FIXED_WINDOW_ATTENTION,18
759.5,FIXED_WINDOW_ATTENTION,18
760.0,FIXED_WINDOW_ATTENTION,18
760.5,FIXED_WINDOW_ATTENTION,18
761.0,FIXED_WINDOW_ATTENTION,18
761.5,FIXED_WINDOW_ATTENTION,18
762.0,FIXED_WINDOW_ATTENTION,18
762.5,FIXED_WINDOW_ATTENTION,18
763.0,FIXED_WINDOW_ATTENTION,18
763.5,FIXED_WINDOW_ATTENTION,18
764.0,FIXED_WINDOW_ATTENTION,18
764.5,FIXED_WINDOW_ATTENTION,18
765.0,FIXED_WINDOW_ATTENTION,18
765.5,FIXED_WINDOW_ATTENTION,18
766.0,FIXED_WINDOW_ATTENTION,18
766.5,FIXED_WINDOW_ATTENTION,18
767.0,FIXED_WINDOW_ATTENTION,18
767.5,FIXED_WINDOW_ATTENTION,18
768.0,FIXED_WINDOW_ATTENTION,18
768.5,FIXED_WINDOW_ATTENTION,18
769.0,FIXED_WINDOW_ATTENTION,18
769.5,FIXED_WINDOW_ATTENTION,18
770.0,FIXED_WINDOW_ATTENTION,18
770.5,FIXED_WINDOW_ATTENTION,18
771.0,FIXED_WINDOW_ATTENTION,18
771.5,FIXED_WINDOW_ATTENTION,18
772.0,FIXED_WINDOW_ATTENTION,18
772.5,FIXED_WINDOW_ATTENTION,18
773.0,FIXED_WINDOW_ATTENTION,18
773.5,FIXED_WINDOW_ATTENTION,18
774.0,FIXED_WINDOW_ATTENTION,18
774.5,FIXED_WINDOW_ATTENTION,18
775.0,FIXED_WINDOW_ATTENTION,18
775.5,FIXED_WINDOW_ATTENTION,18
776.0,FIXED_WINDOW_ATTENTION,18
776.5,FIXED_WINDOW_ATTENTION,18
777.0,FIXED_WINDOW_ATTENTION,18
777.5,FIXED_WINDOW_ATTENTION,18
778.0,FIXED_WINDOW_ATTENTION,18
778.5,FIXED_WINDOW_ATTENTION,18
779.0,FIXED_WINDOW_ATTENTION,18
779.5,FIXED_WINDOW_ATTENTION,18
780.0,FIXED_WINDOW_ATTENTION,18
780.5,FIXED_WINDOW_ATTENTION,18
781.0,FIXED_WINDOW_ATTENTION,18
781.5,FIXED_WINDOW_ATTENTION,18
782.0,FIXED_WINDOW_ATTENTION,18
782.5,FIXED_WINDOW_ATTENTION,18
783.0,FIXED_WINDOW_ATTENTION,18
783.5,FIXED_WINDOW_ATTENTION,18
784.0,FIXED_WINDOW_ATTENTION,18
784.5,FIXED_WINDOW_ATTENTION,18
785.0,FIXED_WINDOW_ATTENTION,18
785.5,FIXED_WINDOW_ATTENTION,18
786.0,FIXED_WINDOW_ATTENTION,18
786.5,FIXED_WINDOW_ATTENTION,18
787.0,FIXED_WINDOW_ATTENTION,18
787.5,FIXED_WINDOW_ATTENTION,18
788.0,FIXED_WINDOW_ATTENTION,18
788.5,FIXED_WINDOW_ATTENTION,18
789.0,FIXED_WINDOW_ATTENTION,18
789.5,FIXED_WINDOW_ATTENTION,18
790.0,FIXED_WINDOW_ATTENTION,18
790.5,FIXED_WINDOW_ATTENTION,18
791.0,FIXED_WINDOW_ATTENTION,18
791.5,FIXED_WINDOW_ATTENTION,18
792.0,FIXED_WINDOW_ATTENTION,18
792.5,FIXED_WINDOW_ATTENTION,18
793.0,FIXED_WINDOW_ATTENTION,18
793.5,FIXED_WINDOW_ATTENTION,18
794.0,FIXED_WINDOW_ATTENTION,18
794.5,FIXED_WINDOW_ATTENTION,18
795.0,FIXED_WINDOW_ATTENTION,18
795.5,FIXED_WINDOW_ATTENTION,18
796.0,FIXED_WINDOW_ATTENTION,18
796.5,FIXED_WINDOW_ATTENTION,18
797.0,FIXED_WINDOW_ATTENTION,18
797.5,FIXED_WINDOW_ATTENTION,18
798.0,FIXED_WINDOW_ATTENTION,18
798.5,FIXED_WINDOW_ATTENTION,18
799.0,FIXED_WINDOW_ATTENTION,18
799.5,FIXED_WINDOW_ATTENTION,18
800.0,FIXED_WINDOW_ATTENTION,16
800.5,FIXED_WINDOW_ATTENTION,16
801.0,FIXED_WINDOW_ATTENTION,16
801.5,FIXED_WINDOW_ATTENTION,16
802.0,FIXED_WINDOW_ATTENTION,16
802.5,FIXED_WINDOW_ATTENTION,16
803.0,FIXED_WINDOW_ATTENTION,16
803.5,FIXED_WINDOW_ATTENTION,16
804.0,FIXED_WINDOW_ATTENTION,16
804.5,FIXED_WINDOW_ATTENTION,16
805.0,FIXED_WINDOW_ATTENTION,16
805.5,FIXED_WINDOW_ATTENTION,16
806.0,FIXED_WINDOW_ATTENTION,16
806.5,FIXED_WINDOW_ATTENTION,16
807.0,FIXED_WINDOW_ATTENTION,16
807.5,FIXED_WINDOW_ATTENTION,16
808.0,FIXED_WINDOW_ATTENTION,16
808.5,FIXED_WINDOW_ATTENTION,16
809.0,FIXED_WINDOW_ATTENTION,16
809.5,FIXED_WINDOW_ATTENTION,16
810.0,FIXED_WINDOW_ATTENTION,16
810.5,FIXED_WINDOW_ATTENTION,16
811.0,FIXED_WINDOW_ATTENTION,16
811.5,FIXED_WINDOW_ATTENTION,16
812.0,FIXED_WINDOW_ATTENTION,16
812.5,FIXED_WINDOW_ATTENTION,16
813.0,FIXED_WINDOW_ATTENTION,16
813.5,FIXED_WINDOW_ATTENTION,16
814.0,FIXED_WINDOW_ATTENTION,16
814.5,FIXED_WINDOW_ATTENTION,16
815.0,FIXED_WINDOW_ATTENTION,16
815.5,FIXED_WINDOW_ATTENTION,16
816.0,FIXED_WINDOW_ATTENTION,16
816.5,FIXED_WINDOW_ATTENTION,16
817.0,FIXED_WINDOW_ATTENTION,16
817.5,FIXED_WINDOW_ATTENTION,16
818.0,FIXED_WINDOW_ATTENTION,16
818.5,FIXED_WINDOW_ATTENTION,16
819.0,FIXED_WINDOW_ATTENTION,16
819.5,FIXED_WINDOW_ATTENTION,16
820.0,FIXED_WINDOW_ATTENTION,16
820.5,FIXED_WINDOW_ATTENTION,16
821.0,FIXED_WINDOW_ATTENTION,16
821.5,FIXED_WINDOW_ATTENTION,16
822.0,FIXED_WINDOW_ATTENTION,16
822.5,FIXED_WINDOW_ATTENTION,16
823.0,FIXED_WINDOW_ATTENTION,16
823.5,FIXED_WINDOW_ATTENTION,16
824.0,FIXED_WINDOW_ATTENTION,16
824.5,FIXED_WINDOW_ATTENTION,16
825.0,FIXED_WINDOW_ATTENTION,16
825.5,FIXED_WINDOW_ATTENTION,16
826.0,FIXED_WINDOW_ATTENTION,16
826.5,FIXED_WINDOW_ATTENTION,16
827.0,FIXED_WINDOW_ATTENTION,16
827.5,FIXED_WINDOW_ATTENTION,16
828.0,FIXED_WINDOW_ATTENTION,16
828.5,FIXED_WINDOW_ATTENTION,16
829.0,FIXED_WINDOW_ATTENTION,16
829.5,FIXED_WINDOW_ATTENTION,16
830.0,FIXED_WINDOW_ATTENTION,16
830.5,FIXED_WINDOW_ATTENTION,16
831.0,FIXED_WINDOW_ATTENTION,16
831.5,FIXED_WINDOW_ATTENTION,16
832.0,FIXED_WINDOW_ATTENTION,16
832.5,FIXED_WINDOW_ATTENTION,16
833.0,FIXED_WINDOW_ATTENTION,16
833.5,FIXED_WINDOW_ATTENTION,16
834.0,FIXED_WINDOW_ATTENTION,16
834.5,FIXED_WINDOW_ATTENTION,16
835.0,FIXED_WINDOW_ATTENTION,16
835.5,FIXED_WINDOW_ATTENTION,16
836.0,FIXED_WINDOW_ATTENTION,16
836.5,FIXED_WINDOW_ATTENTION,16
837.0,FIXED_WINDOW_ATTENTION,16
837.5,FIXED_WINDOW_ATTENTION,16
838.0,FIXED_WINDOW_ATTENTION,16
838.5,FIXED_WINDOW_ATTENTION,16
839.0,FIXED_WINDOW_ATTENTION,16
839.5,FIXED_WINDOW_ATTENTION,16
840.0,FIXED_WINDOW_ATTENTION,16
840.5,FIXED_WINDOW_ATTENTION,16
841.0,FIXED_WINDOW_ATTENTION,16
841.5,FIXED_WINDOW_ATTENTION,16
842.0,FIXED_WINDOW_ATTENTION,16
842.5,FIXED_WINDOW_ATTENTION,16
843.0,FIXED_WINDOW_ATTENTION,16
843.5,FIXED_WINDOW_ATTENTION,16
844.0,FIXED_WINDOW_ATTENTION,16
844.5,FIXED_WINDOW_ATTENTION,16
845.0,FIXED_WINDOW_ATTENTION,16
845.5,FIXED_WINDOW_ATTENTION,16
846.0,FIXED_WINDOW_ATTENTION,16
846.5,FIXED_WINDOW_ATTENTION,16
847.0,FIXED_WINDOW_ATTENTION,16
847.5,FIXED_WINDOW_ATTENTION,16
848.0,FIXED_WINDOW_ATTENTION,16
848.5,FIXED_WINDOW_ATTENTION,16
849.0,FIXED_WINDOW_ATTENTION,16
849.5,FIXED_WINDOW_ATTENTION,16
850.0,FIXED_WINDOW_ATTENTION,16
850.5,FIXED_WINDOW_ATTENTION,16
851.0,FIXED_WINDOW_ATTENTION,16
851.5,FIXED_WINDOW_ATTENTION,16
852.0,FIXED_WINDOW_ATTENTION,16
852.5,FIXED_WINDOW_ATTENTION,16
853.0,FIXED_WINDOW_ATTENTION,16
853.5,FIXED_WINDOW_ATTENTION,16
854.0,FIXED_WINDOW_ATTENTION,16
854.5,FIXED_WINDOW_ATTENTION,16
855.0,FIXED_WINDOW_ATTENTION,16
855.5,FIXED_WINDOW_ATTENTION,16
856.0,FIXED_WINDOW_ATTENTION,16
856.5,FIXED_WINDOW_ATTENTION,16
857.0,FIXED_WINDOW_ATTENTION,16
857.5,FIXED_WINDOW_ATTENTION,16
858.0,FIXED_WINDOW_ATTENTION,16
858.5,FIXED_WINDOW_ATTENTION,16
859.0,FIXED_WINDOW_ATTENTION,16
859.5,FIXED_WINDOW_ATTENTION,16
860.0,FIXED_WINDOW_ATTENTION,16
860.5,FIXED_WINDOW_ATTENTION,16
861.0,FIXED_WINDOW_ATTENTION,16
861.5,FIXED_WINDOW_ATTENTION,16
862.0,FIXED_WINDOW_ATTENTION,16
862.5,FIXED_WINDOW_ATTENTION,16
863.0,FIXED_WINDOW_ATTENTION,16
863.5,FIXED_WINDOW_ATTENTION,16
864.0,FIXED_WINDOW_ATTENTION,16
864.5,FIXED_WINDOW_ATTENTION,16
865.0,FIXED_WINDOW_ATTENTION,16
865.5,FIXED_WINDOW_ATTENTION,16
866.0,FIXED_WINDOW_ATTENTION,16
866.5,FIXED_WINDOW_ATTENTION,16
867.0,FIXED_WINDOW_ATTENTION,16
867.5,FIXED_WINDOW_ATTENTION,16
868.0,FIXED_WINDOW_ATTENTION,16
868.5,FIXED_WINDOW_ATTENTION,16
869.0,FIXED_WINDOW_ATTENTION,16
869.5,FIXED_WINDOW_ATTENTION,16
870.0,FIXED_WINDOW_ATTENTION,16
870.5,FIXED_WINDOW_ATTENTION,16
871.0,FIXED_WINDOW_ATTENTION,16
871.5,FIXED_WINDOW_ATTENTION,16
872.0,FIXED_WINDOW_ATTENTION,16
872.5,FIXED_WINDOW_ATTENTION,16
873.0,FIXED_WINDOW_ATTENTION,16
873.5,FIXED_WINDOW_ATTENTION,16
874.0,FIXED_WINDOW_ATTENTION,16
874.5,FIXED_WINDOW_ATTENTION,16
875.0,FIXED_WINDOW_ATTENTION,16
875.5,FIXED_WINDOW_ATTENTION,16
876.0,FIXED_WINDOW_ATTENTION,16
876.5,FIXED_WINDOW_ATTENTION,16
877.0,FIXED_WINDOW_ATTENTION,16
877.5,FIXED_WINDOW_ATTENTION,16
878.0,FIXED_WINDOW_ATTENTION,16
878.5,FIXED_WINDOW_ATTENTION,16
879.0,FIXED_WINDOW_ATTENTION,16
879.5,FIXED_WINDOW_ATTENTION,16
880.0,FIXED_WINDOW_ATTENTION,16
880.5,FIXED_WINDOW_ATTENTION,16
881.0,FIXED_WINDOW_ATTENTION,16
881.5,FIXED_WINDOW_ATTENTION,16
882.0,FIXED_WINDOW_ATTENTION,16
882.5,FIXED_WINDOW_ATTENTION,16
883.0,FIXED_WINDOW_ATTENTION,16
883.5,FIXED_WINDOW_ATTENTION,16
884.0,FIXED_WINDOW_ATTENTION,18
884.5,FIXED_WINDOW_ATTENTION,18
885.0,FIXED_WINDOW_ATTENTION,18
885.5,FIXED_WINDOW_ATTENTION,18
886.0,FIXED_WINDOW_ATTENTION,18
886.5,FIXED_WINDOW_ATTENTION,18
887.0,FIXED_WINDOW_ATTENTION,18
887.5,FIXED_WINDOW_ATTENTION,18
888.0,FIXED_WINDOW_ATTENTION,18
888.5,FIXED_WINDOW_ATTENTION,18
889.0,FIXED_WINDOW_ATTENTION,18
889.5,FIXED_WINDOW_ATTENTION,18
890.0,FIXED_WINDOW_ATTENTION,18
890.5,FIXED_WINDOW_ATTENTION,18
891.0,FIXED_WINDOW_ATTENTION,18
891.5,FIXED_WINDOW_ATTENTION,18
892.0,FIXED_WINDOW_ATTENTION,18
892.5,FIXED_WINDOW_ATTENTION,18
893.0,FIXED_WINDOW_ATTENTION,18
893.5,FIXED_WINDOW_ATTENTION,18
894.0,FIXED_WINDOW_ATTENTION,18
894.5,FIXED_WINDOW_ATTENTION,18
895.0,FIXED_WINDOW_ATTENTION,18
895.5,FIXED_WINDOW_ATTENTION,18
896.0,FIXED_WINDOW_ATTENTION,18
896.5,FIXED_WINDOW_ATTENTION,18
897.0,FIXED_WINDOW_ATTENTION,18
897.5,FIXED_WINDOW_ATTENTION,18
898.0,FIXED_WINDOW_ATTENTION,18
898.5,FIXED_WINDOW_ATTENTION,18
899.0,FIXED_WINDOW_ATTENTION,18
899.5,FIXED_WINDOW_ATTENTION,18
900.0,FIXED_WINDOW_ATTENTION,18
900.5,FIXED_WINDOW_ATTENTION,18
901.0,FIXED_WINDOW_ATTENTION,18
901.5,FIXED_WINDOW_ATTENTION,18
902.0,FIXED_WINDOW_ATTENTION,18
902.5,FIXED_WINDOW_ATTENTION,18
903.0,FIXED_WINDOW_ATTENTION,18
903.5,FIXED_WINDOW_ATTENTION,18
904.0,FIXED_WINDOW_ATTENTION,18
904.5,FIXED_WINDOW_ATTENTION,18
905.0,FIXED_WINDOW_ATTENTION,18
905.5,FIXED_WINDOW_ATTENTION,18
906.0,FIXED_WINDOW_ATTENTION,18
906.5,FIXED_WINDOW_ATTENTION,18
907.0,FIXED_WINDOW_ATTENTION,18
907.5,FIXED_WINDOW_ATTENTION,18
908.0,FIXED_WINDOW_ATTENTION,18
908.5,FIXED_WINDOW_ATTENTION,18
909.0,FIXED_WINDOW_ATTENTION,18
909.5,FIXED_WINDOW_ATTENTION,18
910.0,FIXED_WINDOW_ATTENTION,18
910.5,FIXED_WINDOW_ATTENTION,18
911.0,FIXED_WINDOW_ATTENTION,18
911.5,FIXED_WINDOW_ATTENTION,18
912.0,FIXED_WINDOW_ATTENTION,18
912.5,FIXED_WINDOW_ATTENTION,18
913.0,FIXED_WINDOW_ATTENTION,18
913.5,FIXED_WINDOW_ATTENTION,18
914.0,FIXED_WINDOW_ATTENTION,18
914.5,FIXED_WINDOW_ATTENTION,18
915.0,FIXED_WINDOW_ATTENTION,18
915.5,FIXED_WINDOW_ATTENTION,18
916.0,FIXED_WINDOW_ATTENTION,18
916.5,FIXED_WINDOW_ATTENTION,18
917.0,FIXED_WINDOW_ATTENTION,18
917.5,FIXED_WINDOW_ATTENTION,18
918.0,FIXED_WINDOW_ATTENTION,18
918.5,FIXED_WINDOW_ATTENTION,18
919.0,FIXED_WINDOW_ATTENTION,18
919.5,FIXED_WINDOW_ATTENTION,18
920.0,FIXED_WINDOW_ATTENTION,18
920.5,FIXED_WINDOW_ATTENTION,18
921.0,FIXED_WINDOW_ATTENTION,18
921.5,FIXED_WINDOW_ATTENTION,18
922.0,FIXED_WINDOW_ATTENTION,18
922.5,FIXED_WINDOW_ATTENTION,18
923.0,FIXED_WINDOW_ATTENTION,18
923.5,FIXED_WINDOW_ATTENTION,18
924.0,FIXED_WINDOW_ATTENTION,18
924.5,FIXED_WINDOW_ATTENTION,18
925.0,FIXED_WINDOW_ATTENTION,18
925.5,FIXED_WINDOW_ATTENTION,18
926.0,FIXED_WINDOW_ATTENTION,18
926.5,FIXED_WINDOW_ATTENTION,18
927.0,FIXED_WINDOW_ATTENTION,18
927.5,FIXED_WINDOW_ATTENTION,18
928.0,FIXED_WINDOW_ATTENTION,18
928.5,FIXED_WINDOW_ATTENTION,18
929.0,FIXED_WINDOW_ATTENTION,18
929.5,FIXED_WINDOW_ATTENTION,18
930.0,FIXED_WINDOW_ATTENTION,18
930.5,FIXED_WINDOW_ATTENTION,18
931.0,FIXED_WINDOW_ATTENTION,18
931.5,FIXED_WINDOW_ATTENTION,18
932.0,FIXED_WINDOW_ATTENTION,18
932.5,FIXED_WINDOW_ATTENTION,18
933.0,FIXED_WINDOW_ATTENTION,18
933.5,FIXED_WINDOW_ATTENTION,18
934.0,FIXED_WINDOW_ATTENTION,18
934.5,FIXED_WINDOW_ATTENTION,18
935.0,FIXED_WINDOW_ATTENTION,18
935.5,FIXED_WINDOW_ATTENTION,18
936.0,FIXED_WINDOW_ATTENTION,18
936.5,FIXED_WINDOW_ATTENTION,18
937.0,FIXED_WINDOW_ATTENTION,18
937.5,FIXED_WINDOW_ATTENTION,18
938.0,FIXED_WINDOW_ATTENTION,18
938.5,FIXED_WINDOW_ATTENTION,18
939.0,FIXED_WINDOW_ATTENTION,18
939.5,FIXED_WINDOW_ATTENTION,18
940.0,FIXED_WINDOW_ATTENTION,18
940.5,FIXED_WINDOW_ATTENTION,18
941.0,FIXED_WINDOW_ATTENTION,18
941.5,FIXED_WINDOW_ATTENTION,18
942.0,FIXED_WINDOW_ATTENTION,18
942.5,FIXED_WINDOW_ATTENTION,18
943.0,FIXED_WINDOW_ATTENTION,18
943.5,FIXED_WINDOW_ATTENTION,18
944.0,FIXED_WINDOW_ATTENTION,18
944.5,FIXED_WINDOW_ATTENTION,18
945.0,FIXED_WINDOW_ATTENTION,18
945.5,FIXED_WINDOW_ATTENTION,18
946.0,FIXED_WINDOW_ATTENTION,18
946.5,FIXED_WINDOW_ATTENTION,18
947.0,FIXED_WINDOW_ATTENTION,18
947.5,FIXED_WINDOW_ATTENTION,18
948.0,FIXED_WINDOW_ATTENTION,18
948.5,FIXED_WINDOW_ATTENTION,18
949.0,FIXED_WINDOW_ATTENTION,18
949.5,FIXED_WINDOW_ATTENTION,18
950.0,FIXED_WINDOW_ATTENTION,18
950.5,FIXED_WINDOW_ATTENTION,18
951.0,FIXED_WINDOW_ATTENTION,18
951.5,FIXED_WINDOW_ATTENTION,18
952.0,FIXED_WINDOW_ATTENTION,18
952.5,FIXED_WINDOW_ATTENTION,18
953.0,FIXED_WINDOW_ATTENTION,18
953.5,FIXED_WINDOW_ATTENTION,18
954.0,FIXED_WINDOW_ATTENTION,18
954.5,FIXED_WINDOW_ATTENTION,18
955.0,FIXED_WINDOW_ATTENTION,18
955.5,FIXED_WINDOW_ATTENTION,18
956.0,FIXED_WINDOW_ATTENTION,18
956.5,FIXED_WINDOW_ATTENTION,18
957.0,FIXED_WINDOW_ATTENTION,18
957.5,FIXED_WINDOW_ATTENTION,18
958.0,FIXED_WINDOW_ATTENTION,18
958.5,FIXED_WINDOW_ATTENTION,18
959.0,FIXED_WINDOW_ATTENTION,18
959.5,FIXED_WINDOW_ATTENTION,18
960.0,FIXED_WINDOW_ATTENTION,18
960.5,FIXED_WINDOW_ATTENTION,18
961.0,FIXED_WINDOW_ATTENTION,18
961.5,FIXED_WINDOW_ATTENTION,18
962.0,FIXED_WINDOW_ATTENTION,18
962.5,FIXED_WINDOW_ATTENTION,18
963.0,FIXED_WINDOW_ATTENTION,18
963.5,FIXED_WINDOW_ATTENTION,18
964.0,FIXED_WINDOW_ATTENTION,18
964.5,FIXED_WINDOW_ATTENTION,18
965.0,FIXED_WINDOW_ATTENTION,18
965.5,FIXED_WINDOW_ATTENTION,18
966.0,FIXED_WINDOW_ATTENTION,18
966.5,FIXED_WINDOW_ATTENTION,18
967.0,FIXED_WINDOW_ATTENTION,18
967.5,FIXED_WINDOW_ATTENTION,18
968.0,FIXED_WINDOW_ATTENTION,18
968.5,FIXED_WINDOW_ATTENTION,18
969.0,FIXED_WINDOW_ATTENTION,18
969.5,FIXED_WINDOW_ATTENTION,18
970.0,FIXED_WINDOW_ATTENTION,18
970.5,FIXED_WINDOW_ATTENTION,18
971.0,FIXED_WINDOW_ATTENTION,18
971.5,FIXED_WINDOW_ATTENTION,18
972.0,FIXED_WINDOW_ATTENTION,18
972.5,FIXED_WINDOW_ATTENTION,18
973.0,FIXED_WINDOW_ATTENTION,18
973.5,FIXED_WINDOW_ATTENTION,18
974.0,FIXED_WINDOW_ATTENTION,18
974.5,FIXED_WINDOW_ATTENTION,18
975.0,FIXED_WINDOW_ATTENTION,18
975.5,FIXED_WINDOW_ATTENTION,18
976.0,FIXED_WINDOW_ATTENTION,18
976.5,FIXED_WINDOW_ATTENTION,18
977.0,FIXED_WINDOW_ATTENTION,18
977.5,FIXED_WINDOW_ATTENTION,18
978.0,FIXED_WINDOW_ATTENTION,18
978.5,FIXED_WINDOW_ATTENTION,18
979.0,FIXED_WINDOW_ATTENTION,18
979.5,FIXED_WINDOW_ATTENTION,18
980.0,FIXED_WINDOW_ATTENTION,18
980.5,FIXED_WINDOW_ATTENTION,18
981.0,FIXED_WINDOW_ATTENTION,18
981.5,FIXED_WINDOW_ATTENTION,18
982.0,FIXED_WINDOW_ATTENTION,18
982.5,FIXED_WINDOW_ATTENTION,18
983.0,FIXED_WINDOW_ATTENTION,18
983.5,FIXED_WINDOW_ATTENTION,18
984.0,FIXED_WINDOW_ATTENTION,18
984.5,FIXED_WINDOW_ATTENTION,18
985.0,FIXED_WINDOW_ATTENTION,18
985.5,FIXED_WINDOW_ATTENTION,18
986.0,FIXED_WINDOW_ATTENTION,18
986.5,FIXED_WINDOW_ATTENTION,18
987.0,FIXED_WINDOW_ATTENTION,18
987.5,FIXED_WINDOW_ATTENTION,18
988.0,FIXED_WINDOW_ATTENTION,18
988.5,FIXED_WINDOW_ATTENTION,18
989.0,FIXED_WINDOW_ATTENTION,18
989.5,FIXED_WINDOW_ATTENTION,18
990.0,FIXED_WINDOW_ATTENTION,18
990.5,FIXED_WINDOW_ATTENTION,18
991.0,FIXED_WINDOW_ATTENTION,18
991.5,FIXED_WINDOW_ATTENTION,18
992.0,FIXED_WINDOW_ATTENTION,18
992.5,FIXED_WINDOW_ATTENTION,18
993.0,FIXED_WINDOW_ATTENTION,18
993.5,FIXED_WINDOW_ATTENTION,18
994.0,FIXED_WINDOW_ATTENTION,18
994.5,FIXED_WINDOW_ATTENTION,18
995.0,FIXED_WINDOW_ATTENTION,18
995.5,FIXED_WINDOW_ATTENTION,18
996.0,FIXED_WINDOW_ATTENTION,18
996.5,FIXED_WINDOW_ATTENTION,18
997.0,FIXED_WINDOW_ATTENTION,18
997.5,FIXED_WINDOW_ATTENTION,18
998.0,FIXED_WINDOW_ATTENTION,18
998.5,FIXED_WINDOW_ATTENTION,18
999.0,FIXED_WINDOW_ATTENTION,18
999.5,FIXED_WINDOW_ATTENTION,18
1000.0,FIXED_WINDOW_ATTENTION,18
1000.5,FIXED_WINDOW_ATTENTION,18
1001.0,FIXED_WINDOW_ATTENTION,18
1001.5,FIXED_WINDOW_ATTENTION,18
1002.0,FIXED_WINDOW_ATTENTION,18
1002.5,FIXED_WINDOW_ATTENTION,18
1003.0,FIXED_WINDOW_ATTENTION,18
1003.5,FIXED_WINDOW_ATTENTION,18
1004.0,FIXED_WINDOW_ATTENTION,18
1004.5,FIXED_WINDOW_ATTENTION,18
1005.0,FIXED_WINDOW_ATTENTION,18
1005.5,FIXED_WINDOW_ATTENTION,18
1006.0,FIXED_WINDOW_ATTENTION,18
1006.5,FIXED_WINDOW_ATTENTION,18
1007.0,FIXED_WINDOW_ATTENTION,18
1007.5,FIXED_WINDOW_ATTENTION,18
1008.0,FIXED_WINDOW_ATTENTION,18
1008.5,FIXED_WINDOW_ATTENTION,18
1009.0,FIXED_WINDOW_ATTENTION,18
1009.5,FIXED_WINDOW_ATTENTION,18
1010.0,FIXED_WINDOW_ATTENTION,18
1010.5,FIXED_WINDOW_ATTENTION,18
1011.0,FIXED_WINDOW_ATTENTION,18
1011.5,FIXED_WINDOW_ATTENTION,18
1012.0,FIXED_WINDOW_ATTENTION,18
1012.5,FIXED_WINDOW_ATTENTION,18
1013.0,FIXED_WINDOW_ATTENTION,18
1013.5,FIXED_WINDOW_ATTENTION,18
1014.0,FIXED_WINDOW_ATTENTION,18
1014.5,FIXED_WINDOW_ATTENTION,18
1015.0,FIXED_WINDOW_ATTENTION,18
1015.5,FIXED_WINDOW_ATTENTION,18
1016.0,FIXED_WINDOW_ATTENTION,18
1016.5,FIXED_WINDOW_ATTENTION,18
1017.0,FIXED_WINDOW_ATTENTION,18
1017.5,FIXED_WINDOW_ATTENTION,18
1018.0,FIXED_WINDOW_ATTENTION,18
1018.5,FIXED_WINDOW_ATTENTION,18
1019.0,FIXED_WINDOW_ATTENTION,18
1019.5,FIXED_WINDOW_ATTENTION,18
1020.0,FIXED_WINDOW_ATTENTION,18
1020.5,FIXED_WINDOW_ATTENTION,18
1021.0,FIXED_WINDOW_ATTENTION,18
1021.5,FIXED_WINDOW_ATTENTION,18
1022.0,FIXED_WINDOW_ATTENTION,18
1022.5,FIXED_WINDOW_ATTENTION,18
1023.0,FIXED_WINDOW_ATTENTION,18
1023.5,FIXED_WINDOW_ATTENTION,18
1024.0,FIXED_WINDOW_ATTENTION,18
1024.5,FIXED_WINDOW_ATTENTION,18
1025.0,FIXED_WINDOW_ATTENTION,18
1025.5,FIXED_WINDOW_ATTENTION,18
1026.0,FIXED_WINDOW_ATTENTION,18
1026.5,FIXED_WINDOW_ATTENTION,18
1027.0,FIXED_WINDOW_ATTENTION,18
1027.5,FIXED_WINDOW_ATTENTION,11
1028.0,FIXED_WINDOW_ATTENTION,11
1028.5,FIXED_WINDOW_ATTENTION,11
1029.0,FIXED_WINDOW_ATTENTION,11
1029.5,FIXED_WINDOW_ATTENTION,11
1030.0,FIXED_WINDOW_ATTENTION,11
1030.5,FIXED_WINDOW_ATTENTION,11
1031.0,FIXED_WINDOW_ATTENTION,11
1031.5,FIXED_WINDOW_ATTENTION,11
1032.0,FIXED_WINDOW_ATTENTION,11
1032.5,FIXED_WINDOW_ATTENTION,11
1033.0,FIXED_WINDOW_ATTENTION,11
1033.5,FIXED_WINDOW_ATTENTION,11
1034.0,FIXED_WINDOW_ATTENTION,11
1034.5,FIXED_WINDOW_ATTENTION,11
1035.0,FIXED_WINDOW_ATTENTION,11
1035.5,FIXED_WINDOW_ATTENTION,11
1036.0,FIXED_WINDOW_ATTENTION,11
1036.5,FIXED_WINDOW_ATTENTION,11
1037.0,FIXED_WINDOW_ATTENTION,11
1037.5,FIXED_WINDOW_ATTENTION,11
1038.0,FIXED_WINDOW_ATTENTION,11
1038.5,FIXED_WINDOW_ATTENTION,11
1039.0,FIXED_WINDOW_ATTENTION,11
1039.5,FIXED_WINDOW_ATTENTION,11
1040.0,FIXED_WINDOW_ATTENTION,11
1040.5,FIXED_WINDOW_ATTENTION,11
1041.0,FIXED_WINDOW_ATTENTION,11
1041.5,FIXED_WINDOW_ATTENTION,11
1042.0,FIXED_WINDOW_ATTENTION,11
1042.5,FIXED_WINDOW_ATTENTION,11
1043.0,FIXED_WINDOW_ATTENTION,11
1043.5,FIXED_WINDOW_ATTENTION,11
1044.0,FIXED_WINDOW_ATTENTION,11
1044.5,FIXED_WINDOW_ATTENTION,11
1045.0,FIXED_WINDOW_ATTENTION,11
1045.5,FIXED_WINDOW_ATTENTION,11
1046.0,FIXED_WINDOW_ATTENTION,11
1046.5,FIXED_WINDOW_ATTENTION,11
1047.0,FIXED_WINDOW_ATTENTION,11
1047.5,FIXED_WINDOW_ATTENTION,11
1048.0,FIXED_WINDOW_ATTENTION,11
1048.5,FIXED_WINDOW_ATTENTION,11
1049.0,FIXED_WINDOW_ATTENTION,11
1049.5,FIXED_WINDOW_ATTENTION,11
1050.0,FIXED_WINDOW_ATTENTION,11
1050.5,FIXED_WINDOW_ATTENTION,11
1051.0,FIXED_WINDOW_ATTENTION,11
1051.5,FIXED_WINDOW_ATTENTION,11
1052.0,FIXED_WINDOW_ATTENTION,11
1052.5,FIXED_WINDOW_ATTENTION,11
1053.0,FIXED_WINDOW_ATTENTION,11
1053.5,FIXED_WINDOW_ATTENTION,11
1054.0,FIXED_WINDOW_ATTENTION,11
1054.5,FIXED_WINDOW_ATTENTION,11
1055.0,FIXED_WINDOW_ATTENTION,11
1055.5,FIXED_WINDOW_ATTENTION,11
1056.0,FIXED_WINDOW_ATTENTION,11
1056.5,FIXED_WINDOW_ATTENTION,11
1057.0,FIXED_WINDOW_ATTENTION,11
1057.5,FIXED_WINDOW_ATTENTION,11
1058.0,FIXED_WINDOW_ATTENTION,11
1058.5,FIXED_WINDOW_ATTENTION,11
1059.0,FIXED_WINDOW_ATTENTION,11
1059.5,FIXED_WINDOW_ATTENTION,11
1060.0,FIXED_WINDOW_ATTENTION,11
1060.5,FIXED_WINDOW_ATTENTION,11
1061.0,FIXED_WINDOW_ATTENTION,11
1061.5,FIXED_WINDOW_ATTENTION,11
1062.0,FIXED_WINDOW_ATTENTION,11
1062.5,FIXED_WINDOW_ATTENTION,11
1063.0,FIXED_WINDOW_ATTENTION,11
1063.5,FIXED_WINDOW_ATTENTION,11
1064.0,FIXED_WINDOW_ATTENTION,11
1064.5,FIXED_WINDOW_ATTENTION,11
1065.0,FIXED_WINDOW_ATTENTION,11
1065.5,FIXED_WINDOW_ATTENTION,11
1066.0,FIXED_WINDOW_ATTENTION,11
1066.5,FIXED_WINDOW_ATTENTION,11
1067.0,FIXED_WINDOW_ATTENTION,11
1067.5,FIXED_WINDOW_ATTENTION,11
1068.0,FIXED_WINDOW_ATTENTION,11
1068.5,FIXED_WINDOW_ATTENTION,11
1069.0,FIXED_WINDOW_ATTENTION,11
1069.5,FIXED_WINDOW_ATTENTION,11
1070.0,FIXED_WINDOW_ATTENTION,11
1070.5,FIXED_WINDOW_ATTENTION,11
1071.0,FIXED_WINDOW_ATTENTION,11
1071.5,FIXED_WINDOW_ATTENTION,11
1072.0,FIXED_WINDOW_ATTENTION,11
1072.5,FIXED_WINDOW_ATTENTION,11
1073.0,FIXED_WINDOW_ATTENTION,11
1073.5,FIXED_WINDOW_ATTENTION,11
1074.0,FIXED_WINDOW_ATTENTION,11
1074.5,FIXED_WINDOW_ATTENTION,11
1075.0,FIXED_WINDOW_ATTENTION,11
1075.5,FIXED_WINDOW_ATTENTION,11
1076.0,FIXED_WINDOW_ATTENTION,11
1076.5,FIXED_WINDOW_ATTENTION,11
1077.0,FIXED_WINDOW_ATTENTION,11
1077.5,FIXED_WINDOW_ATTENTION,11
1078.0,FIXED_WINDOW_ATTENTION,11
1078.5,FIXED_WINDOW_ATTENTION,11
1079.0,FIXED_WINDOW_ATTENTION,11
1079.5,FIXED_WINDOW_ATTENTION,11
1080.0,FIXED_WINDOW_ATTENTION,11
1080.5,FIXED_WINDOW_ATTENTION,11
1081.0,FIXED_WINDOW_ATTENTION,11
1081.5,FIXED_WINDOW_ATTENTION,11
1082.0,FIXED_WINDOW_ATTENTION,11
1082.5,FIXED_WINDOW_ATTENTION,11
1083.0,FIXED_WINDOW_ATTENTION,11
1083.5,FIXED_WINDOW_ATTENTION,11
1084.0,FIXED_WINDOW_ATTENTION,11
1084.5,FIXED_WINDOW_ATTENTION,11
1085.0,FIXED_WINDOW_ATTENTION,11
1085.5,FIXED_WINDOW_ATTENTION,11
1086.0,FIXED_WINDOW_ATTENTION,11
1086.5,FIXED_WINDOW_ATTENTION,11
1087.0,FIXED_WINDOW_ATTENTION,11
1087.5,FIXED_WINDOW_ATTENTION,11
1088.0,FIXED_WINDOW_ATTENTION,11
1088.5,FIXED_WINDOW_ATTENTION,11
1089.0,FIXED_WINDOW_ATTENTION,11
1089.5,FIXED_WINDOW_ATTENTION,11
1090.0,FIXED_WINDOW_ATTENTION,11
1090.5,FIXED_WINDOW_ATTENTION,11
1091.0,FIXED_WINDOW_ATTENTION,11
1091.5,FIXED_WINDOW_ATTENTION,11
1092.0,FIXED_WINDOW_ATTENTION,11
1092.5,FIXED_WINDOW_ATTENTION,11
1093.0,FIXED_WINDOW_ATTENTION,11
1093.5,FIXED_WINDOW_ATTENTION,11
1094.0,FIXED_WINDOW_ATTENTION,11
1094.5,FIXED_WINDOW_ATTENTION,11
1095.0,FIXED_WINDOW_ATTENTION,11
1095.5,FIXED_WINDOW_ATTENTION,11
1096.0,FIXED_WINDOW_ATTENTION,11
1096.5,FIXED_WINDOW_ATTENTION,11
1097.0,FIXED_WINDOW_ATTENTION,11
1097.5,FIXED_WINDOW_ATTENTION,11
1098.0,FIXED_WINDOW_ATTENTION,11
1098.5,FIXED_WINDOW_ATTENTION,11
1099.0,FIXED_WINDOW_ATTENTION,11
1099.5,FIXED_WINDOW_ATTENTION,11
1100.0,FIXED_WINDOW_ATTENTION,11
1100.5,FIXED_WINDOW_ATTENTION,11
1101.0,FIXED_WINDOW_ATTENTION,11
1101.5,FIXED_WINDOW_ATTENTION,11
1102.0,FIXED_WINDOW_ATTENTION,11
1102.5,FIXED_WINDOW_ATTENTION,11
1103.0,FIXED_WINDOW_ATTENTION,11
1103.5,FIXED_WINDOW_ATTENTION,11
1104.0,FIXED_WINDOW_ATTENTION,11
1104.5,FIXED_WINDOW_ATTENTION,11
1105.0,FIXED_WINDOW_ATTENTION,11
1105.5,FIXED_WINDOW_ATTENTION,11
1106.0,FIXED_WINDOW_ATTENTION,11
1106.5,FIXED_WINDOW_ATTENTION,11
1107.0,FIXED_WINDOW_ATTENTION,11
1107.5,FIXED_WINDOW_ATTENTION,11
1108.0,FIXED_WINDOW_ATTENTION,11
1108.5,FIXED_WINDOW_ATTENTION,11
1109.0,FIXED_WINDOW_ATTENTION,11
1109.5,FIXED_WINDOW_ATTENTION,11
1110.0,FIXED_WINDOW_ATTENTION,11
1110.5,FIXED_WINDOW_ATTENTION,11
1111.0,FIXED_WINDOW_ATTENTION,11
1111.5,FIXED_WINDOW_ATTENTION,11
1112.0,FIXED_WINDOW_ATTENTION,11
1112.5,FIXED_WINDOW_ATTENTION,11
1113.0,FIXED_WINDOW_ATTENTION,11
1113.5,FIXED_WINDOW_ATTENTION,11
1114.0,FIXED_WINDOW_ATTENTION,11
1114.5,FIXED_WINDOW_ATTENTION,11
1115.0,FIXED_WINDOW_ATTENTION,11
1115.5,FIXED_WINDOW_ATTENTION,11
1116.0,FIXED_WINDOW_ATTENTION,11
1116.5,FIXED_WINDOW_ATTENTION,11
1117.0,FIXED_WINDOW_ATTENTION,11
1117.5,FIXED_WINDOW_ATTENTION,11
1118.0,FIXED_WINDOW_ATTENTION,11
1118.5,FIXED_WINDOW_ATTENTION,11
1119.0,FIXED_WINDOW_ATTENTION,11
1119.5,FIXED_WINDOW_ATTENTION,11
1120.0,FIXED_WINDOW_ATTENTION,11
1120.5,FIXED_WINDOW_ATTENTION,11
1121.0,FIXED_WINDOW_ATTENTION,18
1121.5,FIXED_WINDOW_ATTENTION,18
1122.0,FIXED_WINDOW_ATTENTION,18
1122.5,FIXED_WINDOW_ATTENTION,18
1123.0,FIXED_WINDOW_ATTENTION,18
1123.5,FIXED_WINDOW_ATTENTION,18
1124.0,FIXED_WINDOW_ATTENTION,18
1124.5,FIXED_WINDOW_ATTENTION,18
1125.0,FIXED_WINDOW_ATTENTION,18
1125.5,FIXED_WINDOW_ATTENTION,18
1126.0,FIXED_WINDOW_ATTENTION,18
1126.5,FIXED_WINDOW_ATTENTION,18
1127.0,FIXED_WINDOW_ATTENTION,18
1127.5,FIXED_WINDOW_ATTENTION,18
1128.0,FIXED_WINDOW_ATTENTION,18
1128.5,FIXED_WINDOW_ATTENTION,18
1129.0,FIXED_WINDOW_ATTENTION,18
1129.5,FIXED_WINDOW_ATTENTION,18
1130.0,FIXED_WINDOW_ATTENTION,18
1130.5,FIXED_WINDOW_ATTENTION,18
1131.0,FIXED_WINDOW_ATTENTION,18
1131.5,FIXED_WINDOW_ATTENTION,18
1132.0,FIXED_WINDOW_ATTENTION,18
1132.5,FIXED_WINDOW_ATTENTION,18
1133.0,FIXED_WINDOW_ATTENTION,18
1133.5,FIXED_WINDOW_ATTENTION,18
1134.0,FIXED_WINDOW_ATTENTION,18
1134.5,FIXED_WINDOW_ATTENTION,18
1135.0,FIXED_WINDOW_ATTENTION,18
1135.5,FIXED_WINDOW_ATTENTION,18
1136.0,FIXED_WINDOW_ATTENTION,18
1136.5,FIXED_WINDOW_ATTENTION,18
1137.0,FIXED_WINDOW_ATTENTION,18
1137.5,FIXED_WINDOW_ATTENTION,18
1138.0,FIXED_WINDOW_ATTENTION,18
1138.5,FIXED_WINDOW_ATTENTION,18
1139.0,FIXED_WINDOW_ATTENTION,18
1139.5,FIXED_WINDOW_ATTENTION,18
1140.0,FIXED_WINDOW_ATTENTION,18
1140.5,FIXED_WINDOW_ATTENTION,18
1141.0,FIXED_WINDOW_ATTENTION,18
1141.5,FIXED_WINDOW_ATTENTION,18
1142.0,FIXED_WINDOW_ATTENTION,18
1142.5,FIXED_WINDOW_ATTENTION,18
1143.0,FIXED_WINDOW_ATTENTION,18
1143.5,FIXED_WINDOW_ATTENTION,18
1144.0,FIXED_WINDOW_ATTENTION,18
1144.5,FIXED_WINDOW_ATTENTION,18
1145.0,FIXED_WINDOW_ATTENTION,18
1145.5,FIXED_WINDOW_ATTENTION,18
1146.0,FIXED_WINDOW_ATTENTION,18
1146.5,FIXED_WINDOW_ATTENTION,18
1147.0,FIXED_WINDOW_ATTENTION,18
1147.5,FIXED_WINDOW_ATTENTION,18
1148.0,FIXED_WINDOW_ATTENTION,18
1148.5,FIXED_WINDOW_ATTENTION,18
1149.0,FIXED_WINDOW_ATTENTION,18
1149.5,FIXED_WINDOW_ATTENTION,18
1150.0,FIXED_WINDOW_ATTENTION,18
1150.5,FIXED_WINDOW_ATTENTION,18
1151.0,FIXED_WINDOW_ATTENTION,18
1151.5,FIXED_WINDOW_ATTENTION,18
1152.0,FIXED_WINDOW_ATTENTION,18
1152.5,FIXED_WINDOW_ATTENTION,18
1153.0,FIXED_WINDOW_ATTENTION,18
1153.5,FIXED_WINDOW_ATTENTION,18
1154.0,FIXED_WINDOW_ATTENTION,18
1154.5,FIXED_WINDOW_ATTENTION,18
1155.0,FIXED_WINDOW_ATTENTION,18
1155.5,FIXED_WINDOW_ATTENTION,18
1156.0,FIXED_WINDOW_ATTENTION,18
1156.5,FIXED_WINDOW_ATTENTION,18
1157.0,FIXED_WINDOW_ATTENTION,18
1157.5,FIXED_WINDOW_ATTENTION,18
1158.0,FIXED_WINDOW_ATTENTION,18
1158.5,FIXED_WINDOW_ATTENTION,18
1159.0,FIXED_WINDOW_ATTENTION,18
1159.5,FIXED_WINDOW_ATTENTION,18
1160.0,FIXED_WINDOW_ATTENTION,18
1160.5,FIXED_WINDOW_ATTENTION,18
1161.0,FIXED_WINDOW_ATTENTION,18
1161.5,FIXED_WINDOW_ATTENTION,18
1162.0,FIXED_WINDOW_ATTENTION,18
1162.5,FIXED_WINDOW_ATTENTION,18
1163.0,FIXED_WINDOW_ATTENTION,18
1163.5,FIXED_WINDOW_ATTENTION,18
1164.0,FIXED_WINDOW_ATTENTION,18
1164.5,FIXED_WINDOW_ATTENTION,18
1165.0,FIXED_WINDOW_ATTENTION,18
1165.5,FIXED_WINDOW_ATTENTION,18
1166.0,FIXED_WINDOW_ATTENTION,18
1166.5,FIXED_WINDOW_ATTENTION,18
1167.0,FIXED_WINDOW_ATTENTION,18
1167.5,FIXED_WINDOW_ATTENTION,18
1168.0,FIXED_WINDOW_ATTENTION,18
1168.5,FIXED_WINDOW_ATTENTION,18
1169.0,FIXED_WINDOW_ATTENTION,18
1169.5,FIXED_WINDOW_ATTENTION,18
1170.0,FIXED_WINDOW_ATTENTION,18
1170.5,FIXED_WINDOW_ATTENTION,18
1171.0,FIXED_WINDOW_ATTENTION,18
1171.5,FIXED_WINDOW_ATTENTION,18
1172.0,FIXED_WINDOW_ATTENTION,18
1172.5,FIXED_WINDOW_ATTENTION,18
1173.0,FIXED_WINDOW_ATTENTION,18
1173.5,FIXED_WINDOW_ATTENTION,18
1174.0,FIXED_WINDOW_ATTENTION,18
1174.5,FIXED_WINDOW_ATTENTION,18
1175.0,FIXED_WINDOW_ATTENTION,18
1175.5,FIXED_WINDOW_ATTENTION,18
1176.0,FIXED_WINDOW_ATTENTION,11
1176.5,FIXED_WINDOW_ATTENTION,11
1177.0,FIXED_WINDOW_ATTENTION,11
1177.5,FIXED_WINDOW_ATTENTION,11
1178.0,FIXED_WINDOW_ATTENTION,11
1178.5,FIXED_WINDOW_ATTENTION,11
1179.0,FIXED_WINDOW_ATTENTION,11
1179.5,FIXED_WINDOW_ATTENTION,11
1180.0,FIXED_WINDOW_ATTENTION,11
1180.5,FIXED_WINDOW_ATTENTION,11
1181.0,FIXED_WINDOW_ATTENTION,11
1181.5,FIXED_WINDOW_ATTENTION,11
1182.0,FIXED_WINDOW_ATTENTION,11
1182.5,FIXED_WINDOW_ATTENTION,11
1183.0,FIXED_WINDOW_ATTENTION,11
1183.5,FIXED_WINDOW_ATTENTION,11
1184.0,FIXED_WINDOW_ATTENTION,11
1184.5,FIXED_WINDOW_ATTENTION,11
1185.0,FIXED_WINDOW_ATTENTION,18
1185.5,FIXED_WINDOW_ATTENTION,18
1186.0,FIXED_WINDOW_ATTENTION,18
1186.5,FIXED_WINDOW_ATTENTION,18
1187.0,FIXED_WINDOW_ATTENTION,18
1187.5,FIXED_WINDOW_ATTENTION,18
1188.0,FIXED_WINDOW_ATTENTION,18
1188.5,FIXED_WINDOW_ATTENTION,18
1189.0,FIXED_WINDOW_ATTENTION,18
1189.5,FIXED_WINDOW_ATTENTION,18
1190.0,FIXED_WINDOW_ATTENTION,18
1190.5,FIXED_WINDOW_ATTENTION,18
1191.0,FIXED_WINDOW_ATTENTION,18
1191.5,FIXED_WINDOW_ATTENTION,18
1192.0,FIXED_WINDOW_ATTENTION,18
1192.5,FIXED_WINDOW_ATTENTION,18
1193.0,FIXED_WINDOW_ATTENTION,18
1193.5,FIXED_WINDOW_ATTENTION,18
1194.0,FIXED_WINDOW_ATTENTION,18
1194.5,FIXED_WINDOW_ATTENTION,18
1195.0,FIXED_WINDOW_ATTENTION,18
1195.5,FIXED_WINDOW_ATTENTION,18
1196.0,FIXED_WINDOW_ATTENTION,18
1196.5,FIXED_WINDOW_ATTENTION,18
1197.0,FIXED_WINDOW_ATTENTION,18
1197.5,FIXED_WINDOW_ATTENTION,18
1198.0,FIXED_WINDOW_ATTENTION,18
1198.5,FIXED_WINDOW_ATTENTION,18
1199.0,FIXED_WINDOW_ATTENTION,18
1199.5,FIXED_WINDOW_ATTENTION,18
1200.0,FIXED_WINDOW_ATTENTION,18
1200.5,FIXED_WINDOW_ATTENTION,18
1201.0,FIXED_WINDOW_ATTENTION,18
1201.5,FIXED_WINDOW_ATTENTION,18
1202.0,FIXED_WINDOW_ATTENTION,18
1202.5,FIXED_WINDOW_ATTENTION,18
1203.0,FIXED_WINDOW_ATTENTION,18
1203.5,FIXED_WINDOW_ATTENTION,18
1204.0,FIXED_WINDOW_ATTENTION,18
1204.5,FIXED_WINDOW_ATTENTION,18
1205.0,FIXED_WINDOW_ATTENTION,18
1205.5,FIXED_WINDOW_ATTENTION,18
1206.0,FIXED_WINDOW_ATTENTION,18
1206.5,FIXED_WINDOW_ATTENTION,18
1207.0,FIXED_WINDOW_ATTENTION,18
1207.5,FIXED_WINDOW_ATTENTION,18
1208.0,FIXED_WINDOW_ATTENTION,18
1208.5,FIXED_WINDOW_ATTENTION,18
1209.0,FIXED_WINDOW_ATTENTION,18
1209.5,FIXED_WINDOW_ATTENTION,18
1210.0,FIXED_WINDOW_ATTENTION,18
1210.5,FIXED_WINDOW_ATTENTION,18
1211.0,FIXED_WINDOW_ATTENTION,18
1211.5,FIXED_WINDOW_ATTENTION,18
1212.0,FIXED_WINDOW_ATTENTION,18
1212.5,FIXED_WINDOW_ATTENTION,18
1213.0,FIXED_WINDOW_ATTENTION,18
1213.5,FIXED_WINDOW_ATTENTION,18
1214.0,FIXED_WINDOW_ATTENTION,18
1214.5,FIXED_WINDOW_ATTENTION,18
1215.0,FIXED_WINDOW_ATTENTION,18
1215.5,FIXED_WINDOW_ATTENTION,18
1216.0,FIXED_WINDOW_ATTENTION,18
1216.5,FIXED_WINDOW_ATTENTION,18
1217.0,FIXED_WINDOW_ATTENTION,18
1217.5,FIXED_WINDOW_ATTENTION,18
1218.0,FIXED_WINDOW_ATTENTION,18
1218.5,FIXED_WINDOW_ATTENTION,18
1219.0,FIXED_WINDOW_ATTENTION,18
1219.5,FIXED_WINDOW_ATTENTION,18
1220.0,FIXED_WINDOW_ATTENTION,18
1220.5,FIXED_WINDOW_ATTENTION,18
1221.0,FIXED_WINDOW_ATTENTION,18
1221.5,FIXED_WINDOW_ATTENTION,18
1222.0,FIXED_WINDOW_ATTENTION,18
1222.5,FIXED_WINDOW_ATTENTION,18
1223.0,FIXED_WINDOW_ATTENTION,18
1223.5,FIXED_WINDOW_ATTENTION,18
1224.0,FIXED_WINDOW_ATTENTION,18
1224.5,FIXED_WINDOW_ATTENTION,18
1225.0,FIXED_WINDOW_ATTENTION,18
1225.5,FIXED_WINDOW_ATTENTION,18
1226.0,FIXED_WINDOW_ATTENTION,18
1226.5,FIXED_WINDOW_ATTENTION,18
1227.0,FIXED_WINDOW_ATTENTION,18
1227.5,FIXED_WINDOW_ATTENTION,18
1228.0,FIXED_WINDOW_ATTENTION,18
1228.5,FIXED_WINDOW_ATTENTION,18
1229.0,FIXED_WINDOW_ATTENTION,18
1229.5,FIXED_WINDOW_ATTENTION,18
1230.0,FIXED_WINDOW_ATTENTION,18
1230.5,FIXED_WINDOW_ATTENTION,18
1231.0,FIXED_WINDOW_ATTENTION,18
1231.5,FIXED_WINDOW_ATTENTION,18
1232.0,FIXED_WINDOW_ATTENTION,18
1232.5,FIXED_WINDOW_ATTENTION,18
1233.0,FIXED_WINDOW_ATTENTION,18
1233.5,FIXED_WINDOW_ATTENTION,18
1234.0,FIXED_WINDOW_ATTENTION,18
1234.5,FIXED_WINDOW_ATTENTION,18
1235.0,FIXED_WINDOW_ATTENTION,18
1235.5,FIXED_WINDOW_ATTENTION,18
1236.0,FIXED_WINDOW_ATTENTION,18
1236.5,FIXED_WINDOW_ATTENTION,18
1237.0,FIXED_WINDOW_ATTENTION,18
1237.5,FIXED_WINDOW_ATTENTION,18
1238.0,FIXED_WINDOW_ATTENTION,18
1238.5,FIXED_WINDOW_ATTENTION,18
1239.0,FIXED_WINDOW_ATTENTION,18
1239.5,FIXED_WINDOW_ATTENTION,18
1240.0,FIXED_WINDOW_ATTENTION,18
1240.5,FIXED_WINDOW_ATTENTION,18
1241.0,FIXED_WINDOW_ATTENTION,18
1241.5,FIXED_WINDOW_ATTENTION,18
1242.0,FIXED_WINDOW_ATTENTION,18
1242.5,FIXED_WINDOW_ATTENTION,18
1243.0,FIXED_WINDOW_ATTENTION,18
1243.5,FIXED_WINDOW_ATTENTION,18
1244.0,FIXED_WINDOW_ATTENTION,18
1244.5,FIXED_WINDOW_ATTENTION,18
1245.0,FIXED_WINDOW_ATTENTION,18
1245.5,FIXED_WINDOW_ATTENTION,18
1246.0,FIXED_WINDOW_ATTENTION,18
1246.5,FIXED_WINDOW_ATTENTION,18
1247.0,FIXED_WINDOW_ATTENTION,18
1247.5,FIXED_WINDOW_ATTENTION,18
1248.0,FIXED_WINDOW_ATTENTION,18
1248.5,FIXED_WINDOW_ATTENTION,18
1249.0,FIXED_WINDOW_ATTENTION,18
1249.5,FIXED_WINDOW_ATTENTION,18
1250.0,FIXED_WINDOW_ATTENTION,18
1250.5,FIXED_WINDOW_ATTENTION,18
1251.0,FIXED_WINDOW_ATTENTION,18
1251.5,FIXED_WINDOW_ATTENTION,18
1252.0,FIXED_WINDOW_ATTENTION,18
1252.5,FIXED_WINDOW_ATTENTION,18
1253.0,FIXED_WINDOW_ATTENTION,18
1253.5,FIXED_WINDOW_ATTENTION,18
1254.0,FIXED_WINDOW_ATTENTION,18
1254.5,FIXED_WINDOW_ATTENTION,18
1255.0,FIXED_WINDOW_ATTENTION,18
1255.5,FIXED_WINDOW_ATTENTION,18
1256.0,FIXED_WINDOW_ATTENTION,18
1256.5,FIXED_WINDOW_ATTENTION,18
1257.0,FIXED_WINDOW_ATTENTION,18
1257.5,FIXED_WINDOW_ATTENTION,18
1258.0,FIXED_WINDOW_ATTENTION,18
1258.5,FIXED_WINDOW_ATTENTION,11
1259.0,FIXED_WINDOW_ATTENTION,11
1259.5,FIXED_WINDOW_ATTENTION,11
1260.0,FIXED_WINDOW_ATTENTION,11
1260.5,FIXED_WINDOW_ATTENTION,11
1261.0,FIXED_WINDOW_ATTENTION,11
1261.5,FIXED_WINDOW_ATTENTION,11
1262.0,FIXED_WINDOW_ATTENTION,11
1262.5,FIXED_WINDOW_ATTENTION,11
1263.0,FIXED_WINDOW_ATTENTION,11
1263.5,FIXED_WINDOW_ATTENTION,11
1264.0,FIXED_WINDOW_ATTENTION,11
1264.5,FIXED_WINDOW_ATTENTION,11
1265.0,FIXED_WINDOW_ATTENTION,11
1265.5,FIXED_WINDOW_ATTENTION,11
1266.0,FIXED_WINDOW_ATTENTION,11
1266.5,FIXED_WINDOW_ATTENTION,11
1267.0,FIXED_WINDOW_ATTENTION,11
1267.5,FIXED_WINDOW_ATTENTION,11
1268.0,FIXED_WINDOW_ATTENTION,11
1268.5,FIXED_WINDOW_ATTENTION,11
1269.0,FIXED_WINDOW_ATTENTION,11
1269.5,FIXED_WINDOW_ATTENTION,11
1270.0,FIXED_WINDOW_ATTENTION,11
1270.5,FIXED_WINDOW_ATTENTION,11
1271.0,FIXED_WINDOW_ATTENTION,11
1271.5,FIXED_WINDOW_ATTENTION,11
1272.0,FIXED_WINDOW_ATTENTION,11
1272.5,FIXED_WINDOW_ATTENTION,11
1273.0,FIXED_WINDOW_ATTENTION,11
1273.5,FIXED_WINDOW_ATTENTION,11
1274.0,FIXED_WINDOW_ATTENTION,11
1274.5,FIXED_WINDOW_ATTENTION,11
1275.0,FIXED_WINDOW_ATTENTION,11
1275.5,FIXED_WINDOW_ATTENTION,11
1276.0,FIXED_WINDOW_ATTENTION,11
1276.5,FIXED_WINDOW_ATTENTION,11
1277.0,FIXED_WINDOW_ATTENTION,11
1277.5,FIXED_WINDOW_ATTENTION,11
1278.0,FIXED_WINDOW_ATTENTION,11
1278.5,FIXED_WINDOW_ATTENTION,11
1279.0,FIXED_WINDOW_ATTENTION,11
1279.5,FIXED_WINDOW_ATTENTION,11
1280.0,FIXED_WINDOW_ATTENTION,11
1280.5,FIXED_WINDOW_ATTENTION,11
1281.0,FIXED_WINDOW_ATTENTION,11
1281.5,FIXED_WINDOW_ATTENTION,11
1282.0,FIXED_WINDOW_ATTENTION,11
1282.5,FIXED_WINDOW_ATTENTION,11
1283.0,FIXED_WINDOW_ATTENTION,11
1283.5,FIXED_WINDOW_ATTENTION,11
1284.0,FIXED_WINDOW_ATTENTION,11
1284.5,FIXED_WINDOW_ATTENTION,11
1285.0,FIXED_WINDOW_ATTENTION,11
1285.5,FIXED_WINDOW_ATTENTION,11
1286.0,FIXED_WINDOW_ATTENTION,11
1286.5,FIXED_WINDOW_ATTENTION,11
1287.0,FIXED_WINDOW_ATTENTION,11
1287.5,FIXED_WINDOW_ATTENTION,11
1288.0,FIXED_WINDOW_ATTENTION,11
1288.5,FIXED_WINDOW_ATTENTION,11
1289.0,FIXED_WINDOW_ATTENTION,11
1289.5,FIXED_WINDOW_ATTENTION,11
1290.0,FIXED_WINDOW_ATTENTION,11
1290.5,FIXED_WINDOW_ATTENTION,11
1291.0,FIXED_WINDOW_ATTENTION,11
1291.5,FIXED_WINDOW_ATTENTION,11
1292.0,FIXED_WINDOW_ATTENTION,11
1292.5,FIXED_WINDOW_ATTENTION,11
1293.0,FIXED_WINDOW_ATTENTION,11
1293.5,FIXED_WINDOW_ATTENTION,11
1294.0,FIXED_WINDOW_ATTENTION,11
1294.5,FIXED_WINDOW_ATTENTION,11
1295.0,FIXED_WINDOW_ATTENTION,11
1295.5,FIXED_WINDOW_ATTENTION,11
1296.0,FIXED_WINDOW_ATTENTION,11
1296.5,FIXED_WINDOW_ATTENTION,11
1297.0,FIXED_WINDOW_ATTENTION,11
1297.5,FIXED_WINDOW_ATTENTION,11
1298.0,FIXED_WINDOW_ATTENTION,11
1298.5,FIXED_WINDOW_ATTENTION,11
1299.0,FIXED_WINDOW_ATTENTION,11
1299.5,FIXED_WINDOW_ATTENTION,11
1300.0,FIXED_WINDOW_ATTENTION,11
1300.5,FIXED_WINDOW_ATTENTION,11
1301.0,FIXED_WINDOW_ATTENTION,11
1301.5,FIXED_WINDOW_ATTENTION,11
1302.0,FIXED_WINDOW_ATTENTION,11
1302.5,FIXED_WINDOW_ATTENTION,11
1303.0,FIXED_WINDOW_ATTENTION,11
1303.5,FIXED_WINDOW_ATTENTION,11
1304.0,FIXED_WINDOW_ATTENTION,11
1304.5,FIXED_WINDOW_ATTENTION,11
1305.0,FIXED_WINDOW_ATTENTION,11
1305.5,FIXED_WINDOW_ATTENTION,11
1306.0,FIXED_WINDOW_ATTENTION,11
1306.5,FIXED_WINDOW_ATTENTION,11
1307.0,FIXED_WINDOW_ATTENTION,11
1307.5,FIXED_WINDOW_ATTENTION,11
1308.0,FIXED_WINDOW_ATTENTION,11
1308.5,FIXED_WINDOW_ATTENTION,11
1309.0,FIXED_WINDOW_ATTENTION,11
1309.5,FIXED_WINDOW_ATTENTION,11
1310.0,FIXED_WINDOW_ATTENTION,11
1310.5,FIXED_WINDOW_ATTENTION,11
1311.0,FIXED_WINDOW_ATTENTION,11
1311.5,FIXED_WINDOW_ATTENTION,11
1312.0,FIXED_WINDOW_ATTENTION,11
1312.5,FIXED_WINDOW_ATTENTION,11
1313.0,FIXED_WINDOW_ATTENTION,11
1313.5,FIXED_WINDOW_ATTENTION,11
1314.0,FIXED_WINDOW_ATTENTION,11
1314.5,FIXED_WINDOW_ATTENTION,11
1315.0,FIXED_WINDOW_ATTENTION,11
1315.5,FIXED_WINDOW_ATTENTION,11
1316.0,FIXED_WINDOW_ATTENTION,11
1316.5,FIXED_WINDOW_ATTENTION,11
1317.0,FIXED_WINDOW_ATTENTION,11
1317.5,FIXED_WINDOW_ATTENTION,11
1318.0,FIXED_WINDOW_ATTENTION,11
1318.5,FIXED_WINDOW_ATTENTION,11
1319.0,FIXED_WINDOW_ATTENTION,11
1319.5,FIXED_WINDOW_ATTENTION,11
1320.0,FIXED_WINDOW_ATTENTION,11
1320.5,FIXED_WINDOW_ATTENTION,11
1321.0,FIXED_WINDOW_ATTENTION,11
1321.5,FIXED_WINDOW_ATTENTION,11
1322.0,FIXED_WINDOW_ATTENTION,11
1322.5,FIXED_WINDOW_ATTENTION,11
1323.0,FIXED_WINDOW_ATTENTION,11
1323.5,FIXED_WINDOW_ATTENTION,11
1324.0,FIXED_WINDOW_ATTENTION,11
1324.5,FIXED_WINDOW_ATTENTION,11
1325.0,FIXED_WINDOW_ATTENTION,11
1325.5,FIXED_WINDOW_ATTENTION,11
1326.0,FIXED_WINDOW_ATTENTION,11
1326.5,FIXED_WINDOW_ATTENTION,11
1327.0,FIXED_WINDOW_ATTENTION,11
1327.5,FIXED_WINDOW_ATTENTION,11
1328.0,FIXED_WINDOW_ATTENTION,11
1328.5,FIXED_WINDOW_ATTENTION,11
1329.0,FIXED_WINDOW_ATTENTION,11
1329.5,FIXED_WINDOW_ATTENTION,11
1330.0,FIXED_WINDOW_ATTENTION,11
1330.5,FIXED_WINDOW_ATTENTION,11
1331.0,FIXED_WINDOW_ATTENTION,11
1331.5,FIXED_WINDOW_ATTENTION,11
1332.0,FIXED_WINDOW_ATTENTION,11
1332.5,FIXED_WINDOW_ATTENTION,11
1333.0,FIXED_WINDOW_ATTENTION,11
1333.5,FIXED_WINDOW_ATTENTION,11
1334.0,FIXED_WINDOW_ATTENTION,11
1334.5,FIXED_WINDOW_ATTENTION,11
1335.0,FIXED_WINDOW_ATTENTION,11
1335.5,FIXED_WINDOW_ATTENTION,11
1336.0,FIXED_WINDOW_ATTENTION,11
1336.5,FIXED_WINDOW_ATTENTION,11
1337.0,FIXED_WINDOW_ATTENTION,11
1337.5,FIXED_WINDOW_ATTENTION,11
1338.0,FIXED_WINDOW_ATTENTION,11
1338.5,FIXED_WINDOW_ATTENTION,11
1339.0,FIXED_WINDOW_ATTENTION,11
1339.5,FIXED_WINDOW_ATTENTION,11
1340.0,FIXED_WINDOW_ATTENTION,11
1340.5,FIXED_WINDOW_ATTENTION,11
1341.0,FIXED_WINDOW_ATTENTION,11
1341.5,FIXED_WINDOW_ATTENTION,11
1342.0,FIXED_WINDOW_ATTENTION,11
1342.5,FIXED_WINDOW_ATTENTION,11
1343.0,FIXED_WINDOW_ATTENTION,11
1343.5,FIXED_WINDOW_ATTENTION,11
1344.0,FIXED_WINDOW_ATTENTION,11
1344.5,FIXED_WINDOW_ATTENTION,11
1345.0,FIXED_WINDOW_ATTENTION,11
1345.5,FIXED_WINDOW_ATTENTION,11
1346.0,FIXED_WINDOW_ATTENTION,11
1346.5,FIXED_WINDOW_ATTENTION,11
1347.0,FIXED_WINDOW_ATTENTION,11
1347.5,FIXED_WINDOW_ATTENTION,18
1348.0,FIXED_WINDOW_ATTENTION,18
1348.5,FIXED_WINDOW_ATTENTION,18
1349.0,FIXED_WINDOW_ATTENTION,18
1349.5,FIXED_WINDOW_ATTENTION,18
1350.0,FIXED_WINDOW_ATTENTION,18
1350.5,FIXED_WINDOW_ATTENTION,18
1351.0,FIXED_WINDOW_ATTENTION,18
1351.5,FIXED_WINDOW_ATTENTION,18
1352.0,FIXED_WINDOW_ATTENTION,18
1352.5,FIXED_WINDOW_ATTENTION,18
1353.0,FIXED_WINDOW_ATTENTION,18
1353.5,FIXED_WINDOW_ATTENTION,18
1354.0,FIXED_WINDOW_ATTENTION,18
1354.5,FIXED_WINDOW_ATTENTION,18
1355.0,FIXED_WINDOW_ATTENTION,18
1355.5,FIXED_WINDOW_ATTENTION,18
1356.0,FIXED_WINDOW_ATTENTION,18
1356.5,FIXED_WINDOW_ATTENTION,18
1357.0,FIXED_WINDOW_ATTENTION,18
1357.5,FIXED_WINDOW_ATTENTION,18
1358.0,FIXED_WINDOW_ATTENTION,18
1358.5,FIXED_WINDOW_ATTENTION,18
1359.0,FIXED_WINDOW_ATTENTION,18
1359.5,FIXED_WINDOW_ATTENTION,18
1360.0,FIXED_WINDOW_ATTENTION,18
1360.5,FIXED_WINDOW_ATTENTION,18
1361.0,FIXED_WINDOW_ATTENTION,18
1361.5,FIXED_WINDOW_ATTENTION,18
1362.0,FIXED_WINDOW_ATTENTION,18
1362.5,FIXED_WINDOW_ATTENTION,18
1363.0,FIXED_WINDOW_ATTENTION,18
1363.5,FIXED_WINDOW_ATTENTION,18
1364.0,FIXED_WINDOW_ATTENTION,18
1364.5,FIXED_WINDOW_ATTENTION,18
1365.0,FIXED_WINDOW_ATTENTION,18
1365.5,FIXED_WINDOW_ATTENTION,18
1366.0,FIXED_WINDOW_ATTENTION,18
1366.5,FIXED_WINDOW_ATTENTION,18
1367.0,FIXED_WINDOW_ATTENTION,18
1367.5,FIXED_WINDOW_ATTENTION,18
1368.0,FIXED_WINDOW_ATTENTION,18
1368.5,FIXED_WINDOW_ATTENTION,18
1369.0,FIXED_WINDOW_ATTENTION,18
1369.5,FIXED_WINDOW_ATTENTION,18
1370.0,FIXED_WINDOW_ATTENTION,18
1370.5,FIXED_WINDOW_ATTENTION,18
1371.0,FIXED_WINDOW_ATTENTION,18
1371.5,FIXED_WINDOW_ATTENTION,18
1372.0,FIXED_WINDOW_ATTENTION,18
1372.5,FIXED_WINDOW_ATTENTION,18
1373.0,FIXED_WINDOW_ATTENTION,18
1373.5,FIXED_WINDOW_ATTENTION,18
1374.0,FIXED_WINDOW_ATTENTION,18
1374.5,FIXED_WINDOW_ATTENTION,18
1375.0,FIXED_WINDOW_ATTENTION,18
1375.5,FIXED_WINDOW_ATTENTION,18
1376.0,FIXED_WINDOW_ATTENTION,18
1376.5,FIXED_WINDOW_ATTENTION,18
1377.0,FIXED_WINDOW_ATTENTION,18
1377.5,FIXED_WINDOW_ATTENTION,18
1378.0,FIXED_WINDOW_ATTENTION,18
1378.5,FIXED_WINDOW_ATTENTION,18
1379.0,FIXED_WINDOW_ATTENTION,18
1379.5,FIXED_WINDOW_ATTENTION,18
1380.0,FIXED_WINDOW_ATTENTION,18
1380.5,FIXED_WINDOW_ATTENTION,18
1381.0,FIXED_WINDOW_ATTENTION,18
1381.5,FIXED_WINDOW_ATTENTION,18
1382.0,FIXED_WINDOW_ATTENTION,18
1382.5,FIXED_WINDOW_ATTENTION,18
1383.0,FIXED_WINDOW_ATTENTION,18
1383.5,FIXED_WINDOW_ATTENTION,18
1384.0,FIXED_WINDOW_ATTENTION,18
1384.5,FIXED_WINDOW_ATTENTION,18
1385.0,FIXED_WINDOW_ATTENTION,18
1385.5,FIXED_WINDOW_ATTENTION,18
1386.0,FIXED_WINDOW_ATTENTION,18
1386.5,FIXED_WINDOW_ATTENTION,18
1387.0,FIXED_WINDOW_ATTENTION,18
1387.5,FIXED_WINDOW_ATTENTION,18
1388.0,FIXED_WINDOW_ATTENTION,18
1388.5,FIXED_WINDOW_ATTENTION,18
1389.0,FIXED_WINDOW_ATTENTION,18
1389.5,FIXED_WINDOW_ATTENTION,18
1390.0,FIXED_WINDOW_ATTENTION,18
1390.5,FIXED_WINDOW_ATTENTION,18
1391.0,FIXED_WINDOW_ATTENTION,18
1391.5,FIXED_WINDOW_ATTENTION,18
1392.0,FIXED_WINDOW_ATTENTION,18
1392.5,FIXED_WINDOW_ATTENTION,18
1393.0,FIXED_WINDOW_ATTENTION,18
1393.5,FIXED_WINDOW_ATTENTION,18
1394.0,FIXED_WINDOW_ATTENTION,18
1394.5,FIXED_WINDOW_ATTENTION,18
1395.0,FIXED_WINDOW_ATTENTION,18
1395.5,FIXED_WINDOW_ATTENTION,18
1396.0,FIXED_WINDOW_ATTENTION,18
1396.5,FIXED_WINDOW_ATTENTION,18
1397.0,FIXED_WINDOW_ATTENTION,18
1397.5,FIXED_WINDOW_ATTENTION,18
1398.0,FIXED_WINDOW_ATTENTION,18
1398.5,FIXED_WINDOW_ATTENTION,18
1399.0,FIXED_WINDOW_ATTENTION,18
1399.5,FIXED_WINDOW_ATTENTION,18
1400.0,FIXED_WINDOW_ATTENTION,18
1400.5,FIXED_WINDOW_ATTENTION,18
1401.0,FIXED_WINDOW_ATTENTION,18
1401.5,FIXED_WINDOW_ATTENTION,18
1402.0,FIXED_WINDOW_ATTENTION,18
1402.5,FIXED_WINDOW_ATTENTION,18
1403.0,FIXED_WINDOW_ATTENTION,18
1403.5,FIXED_WINDOW_ATTENTION,18
1404.0,FIXED_WINDOW_ATTENTION,18
1404.5,FIXED_WINDOW_ATTENTION,18
1405.0,FIXED_WINDOW_ATTENTION,18
1405.5,FIXED_WINDOW_ATTENTION,18
1406.0,FIXED_WINDOW_ATTENTION,18
1406.5,FIXED_WINDOW_ATTENTION,18
1407.0,FIXED_WINDOW_ATTENTION,18
1407.5,FIXED_WINDOW_ATTENTION,18
1408.0,FIXED_WINDOW_ATTENTION,18
1408.5,FIXED_WINDOW_ATTENTION,18
1409.0,FIXED_WINDOW_ATTENTION,18
1409.5,FIXED_WINDOW_ATTENTION,18
1410.0,FIXED_WINDOW_ATTENTION,18
1410.5,FIXED_WINDOW_ATTENTION,18
1411.0,FIXED_WINDOW_ATTENTION,18
1411.5,FIXED_WINDOW_ATTENTION,18
1412.0,FIXED_WINDOW_ATTENTION,18
1412.5,FIXED_WINDOW_ATTENTION,18
1413.0,FIXED_WINDOW_ATTENTION,18
1413.5,FIXED_WINDOW_ATTENTION,18
1414.0,FIXED_WINDOW_ATTENTION,18
1414.5,FIXED_WINDOW_ATTENTION,18
1415.0,FIXED_WINDOW_ATTENTION,18
1415.5,FIXED_WINDOW_ATTENTION,18
1416.0,FIXED_WINDOW_ATTENTION,18
1416.5,FIXED_WINDOW_ATTENTION,18
1417.0,FIXED_WINDOW_ATTENTION,18
1417.5,FIXED_WINDOW_ATTENTION,18
1418.0,FIXED_WINDOW_ATTENTION,18
1418.5,FIXED_WINDOW_ATTENTION,18
1419.0,FIXED_WINDOW_ATTENTION,18
1419.5,FIXED_WINDOW_ATTENTION,18
1420.0,FIXED_WINDOW_ATTENTION,18
1420.5,FIXED_WINDOW_ATTENTION,18
1421.0,FIXED_WINDOW_ATTENTION,18
1421.5,FIXED_WINDOW_ATTENTION,18
1422.0,FIXED_WINDOW_ATTENTION,18
1422.5,FIXED_WINDOW_ATTENTION,18
1423.0,FIXED_WINDOW_ATTENTION,18
1423.5,FIXED_WINDOW_ATTENTION,18
1424.0,FIXED_WINDOW_ATTENTION,18
1424.5,FIXED_WINDOW_ATTENTION,18
1425.0,FIXED_WINDOW_ATTENTION,18
1425.5,FIXED_WINDOW_ATTENTION,18
1426.0,FIXED_WINDOW_ATTENTION,18
1426.5,FIXED_WINDOW_ATTENTION,18
1427.0,FIXED_WINDOW_ATTENTION,18
1427.5,FIXED_WINDOW_ATTENTION,18
1428.0,FIXED_WINDOW_ATTENTION,18
1428.5,FIXED_WINDOW_ATTENTION,18
1429.0,FIXED_WINDOW_ATTENTION,18
1429.5,FIXED_WINDOW_ATTENTION,18
1430.0,FIXED_WINDOW_ATTENTION,18
1430.5,FIXED_WINDOW_ATTENTION,18
1431.0,FIXED_WINDOW_ATTENTION,18
1431.5,FIXED_WINDOW_ATTENTION,18
1432.0,FIXED_WINDOW_ATTENTION,18
1432.5,FIXED_WINDOW_ATTENTION,18
1433.0,FIXED_WINDOW_ATTENTION,18
1433.5,FIXED_WINDOW_ATTENTION,18
1434.0,FIXED_WINDOW_ATTENTION,18
1434.5,FIXED_WINDOW_ATTENTION,18
1435.0,FIXED_WINDOW_ATTENTION,18
1435.5,FIXED_WINDOW_ATTENTION,18
1436.0,FIXED_WINDOW_ATTENTION,18
1436.5,FIXED_WINDOW_ATTENTION,18
1437.0,FIXED_WINDOW_ATTENTION,18
1437.5,FIXED_WINDOW_ATTENTION,18
1438.0,FIXED_WINDOW_ATTENTION,18
1438.5,FIXED_WINDOW_ATTENTION,18
1439.0,FIXED_WINDOW_ATTENTION,18
1439.5,FIXED_WINDOW_ATTENTION,18
1440.0,FIXED_WINDOW_ATTENTION,18
1440.5,FIXED_WINDOW_ATTENTION,18
1441.0,FIXED_WINDOW_ATTENTION,18
1441.5,FIXED_WINDOW_ATTENTION,18
1442.0,FIXED_WINDOW_ATTENTION,18
1442.5,FIXED_WINDOW_ATTENTION,18
1443.0,FIXED_WINDOW_ATTENTION,18
1443.5,FIXED_WINDOW_ATTENTION,18
1444.0,FIXED_WINDOW_ATTENTION,18
1444.5,FIXED_WINDOW_ATTENTION,18
1445.0,FIXED_WINDOW_ATTENTION,18
1445.5,FIXED_WINDOW_ATTENTION,18
1446.0,FIXED_WINDOW_ATTENTION,18
1446.5,FIXED_WINDOW_ATTENTION,18
1447.0,FIXED_WINDOW_ATTENTION,18
1447.5,FIXED_WINDOW_ATTENTION,18
1448.0,FIXED_WINDOW_ATTENTION,18
1448.5,FIXED_WINDOW_ATTENTION,18
1449.0,FIXED_WINDOW_ATTENTION,18
1449.5,FIXED_WINDOW_ATTENTION,18
1450.0,FIXED_WINDOW_ATTENTION,18
1450.5,FIXED_WINDOW_ATTENTION,18
1451.0,FIXED_WINDOW_ATTENTION,18
1451.5,FIXED_WINDOW_ATTENTION,18
1452.0,FIXED_WINDOW_ATTENTION,18
1452.5,FIXED_WINDOW_ATTENTION,18
1453.0,FIXED_WINDOW_ATTENTION,18
1453.5,FIXED_WINDOW_ATTENTION,18
1454.0,FIXED_WINDOW_ATTENTION,18
1454.5,FIXED_WINDOW_ATTENTION,18
1455.0,FIXED_WINDOW_ATTENTION,18
1455.5,FIXED_WINDOW_ATTENTION,18
1456.0,FIXED_WINDOW_ATTENTION,18
1456.5,FIXED_WINDOW_ATTENTION,18
1457.0,FIXED_WINDOW_ATTENTION,18
1457.5,FIXED_WINDOW_ATTENTION,18
1458.0,FIXED_WINDOW_ATTENTION,18
1458.5,FIXED_WINDOW_ATTENTION,18
1459.0,FIXED_WINDOW_ATTENTION,18
1459.5,FIXED_WINDOW_ATTENTION,18
1460.0,FIXED_WINDOW_ATTENTION,18
1460.5,FIXED_WINDOW_ATTENTION,18
1461.0,FIXED_WINDOW_ATTENTION,18
1461.5,FIXED_WINDOW_ATTENTION,18
1462.0,FIXED_WINDOW_ATTENTION,18
1462.5,FIXED_WINDOW_ATTENTION,18
1463.0,FIXED_WINDOW_ATTENTION,18
1463.5,FIXED_WINDOW_ATTENTION,18
1464.0,FIXED_WINDOW_ATTENTION,18
1464.5,FIXED_WINDOW_ATTENTION,18
1465.0,FIXED_WINDOW_ATTENTION,18
1465.5,FIXED_WINDOW_ATTENTION,8
1466.0,FIXED_WINDOW_ATTENTION,8
1466.5,FIXED_WINDOW_ATTENTION,8
1467.0,FIXED_WINDOW_ATTENTION,8
1467.5,FIXED_WINDOW_ATTENTION,8
1468.0,FIXED_WINDOW_ATTENTION,8
1468.5,FIXED_WINDOW_ATTENTION,8
1469.0,FIXED_WINDOW_ATTENTION,8
1469.5,FIXED_WINDOW_ATTENTION,8
1470.0,FIXED_WINDOW_ATTENTION,8
1470.5,FIXED_WINDOW_ATTENTION,8
1471.0,FIXED_WINDOW_ATTENTION,8
1471.5,FIXED_WINDOW_ATTENTION,8
1472.0,FIXED_WINDOW_ATTENTION,8
1472.5,FIXED_WINDOW_ATTENTION,8
1473.0,FIXED_WINDOW_ATTENTION,8
1473.5,FIXED_WINDOW_ATTENTION,8
1474.0,FIXED_WINDOW_ATTENTION,8
1474.5,FIXED_WINDOW_ATTENTION,8
1475.0,FIXED_WINDOW_ATTENTION,8
1475.5,FIXED_WINDOW_ATTENTION,8
1476.0,FIXED_WINDOW_ATTENTION,8
1476.5,FIXED_WINDOW_ATTENTION,8
1477.0,FIXED_WINDOW_ATTENTION,8
1477.5,FIXED_WINDOW_ATTENTION,8
1478.0,FIXED_WINDOW_ATTENTION,8
1478.5,FIXED_WINDOW_ATTENTION,8
1479.0,FIXED_WINDOW_ATTENTION,8
1479.5,FIXED_WINDOW_ATTENTION,8
1480.0,FIXED_WINDOW_ATTENTION,8
1480.5,FIXED_WINDOW_ATTENTION,8
1481.0,FIXED_WINDOW_ATTENTION,8
1481.5,FIXED_WINDOW_ATTENTION,8
1482.0,FIXED_WINDOW_ATTENTION,8
1482.5,FIXED_WINDOW_ATTENTION,8
1483.0,FIXED_WINDOW_ATTENTION,8
1483.5,FIXED_WINDOW_ATTENTION,8
1484.0,FIXED_WINDOW_ATTENTION,8
1484.5,FIXED_WINDOW_ATTENTION,8
1485.0,FIXED_WINDOW_ATTENTION,8
1485.5,FIXED_WINDOW_ATTENTION,8
1486.0,FIXED_WINDOW_ATTENTION,8
1486.5,FIXED_WINDOW_ATTENTION,8
1487.0,FIXED_WINDOW_ATTENTION,8
1487.5,FIXED_WINDOW_ATTENTION,8
1488.0,FIXED_WINDOW_ATTENTION,8
1488.5,FIXED_WINDOW_ATTENTION,8
1489.0,FIXED_WINDOW_ATTENTION,8
1489.5,FIXED_WINDOW_ATTENTION,8
1490.0,FIXED_WINDOW_ATTENTION,8
1490.5,FIXED_WINDOW_ATTENTION,8
1491.0,FIXED_WINDOW_ATTENTION,8
1491.5,FIXED_WINDOW_ATTENTION,8
1492.0,FIXED_WINDOW_ATTENTION,8
1492.5,FIXED_WINDOW_ATTENTION,8
1493.0,FIXED_WINDOW_ATTENTION,8
1493.5,FIXED_WINDOW_ATTENTION,8
1494.0,FIXED_WINDOW_ATTENTION,8
1494.5,FIXED_WINDOW_ATTENTION,8
1495.0,FIXED_WINDOW_ATTENTION,8
1495.5,FIXED_WINDOW_ATTENTION,8
1496.0,FIXED_WINDOW_ATTENTION,8
1496.5,FIXED_WINDOW_ATTENTION,8
1497.0,FIXED_WINDOW_ATTENTION,8
1497.5,FIXED_WINDOW_ATTENTION,8
1498.0,FIXED_WINDOW_ATTENTION,8
1498.5,FIXED_WINDOW_ATTENTION,8
1499.0,FIXED_WINDOW_ATTENTION,8
1499.5,FIXED_WINDOW_ATTENTION,8
1500.0,FIXED_WINDOW_ATTENTION,8
1500.5,FIXED_WINDOW_ATTENTION,8
1501.0,FIXED_WINDOW_ATTENTION,8
1501.5,FIXED_WINDOW_ATTENTION,8
1502.0,FIXED_WINDOW_ATTENTION,8
1502.5,FIXED_WINDOW_ATTENTION,8
1503.0,FIXED_WINDOW_ATTENTION,8
1503.5,FIXED_WINDOW_ATTENTION,8
1504.0,FIXED_WINDOW_ATTENTION,8
1504.5,FIXED_WINDOW_ATTENTION,8
1505.0,FIXED_WINDOW_ATTENTION,8
1505.5,FIXED_WINDOW_ATTENTION,8
1506.0,FIXED_WINDOW_ATTENTION,8
1506.5,FIXED_WINDOW_ATTENTION,8
1507.0,FIXED_WINDOW_ATTENTION,8
1507.5,FIXED_WINDOW_ATTENTION,8
1508.0,FIXED_WINDOW_ATTENTION,8
1508.5,FIXED_WINDOW_ATTENTION,8
1509.0,FIXED_WINDOW_ATTENTION,8
1509.5,FIXED_WINDOW_ATTENTION,8
1510.0,FIXED_WINDOW_ATTENTION,8
1510.5,FIXED_WINDOW_ATTENTION,8
1511.0,FIXED_WINDOW_ATTENTION,8
1511.5,FIXED_WINDOW_ATTENTION,8
1512.0,FIXED_WINDOW_ATTENTION,8
1512.5,FIXED_WINDOW_ATTENTION,8
1513.0,FIXED_WINDOW_ATTENTION,8
1513.5,FIXED_WINDOW_ATTENTION,8
1514.0,FIXED_WINDOW_ATTENTION,8
1514.5,FIXED_WINDOW_ATTENTION,8
1515.0,FIXED_WINDOW_ATTENTION,8
1515.5,FIXED_WINDOW_ATTENTION,8
1516.0,FIXED_WINDOW_ATTENTION,8
1516.5,FIXED_WINDOW_ATTENTION,8
1517.0,FIXED_WINDOW_ATTENTION,8
1517.5,FIXED_WINDOW_ATTENTION,8
1518.0,FIXED_WINDOW_ATTENTION,8
1518.5,FIXED_WINDOW_ATTENTION,8
1519.0,FIXED_WINDOW_ATTENTION,8
1519.5,FIXED_WINDOW_ATTENTION,8
1520.0,FIXED_WINDOW_ATTENTION,8
1520.5,FIXED_WINDOW_ATTENTION,8
1521.0,FIXED_WINDOW_ATTENTION,8
1521.5,FIXED_WINDOW_ATTENTION,8
1522.0,FIXED_WINDOW_ATTENTION,8
1522.5,FIXED_WINDOW_ATTENTION,8
1523.0,FIXED_WINDOW_ATTENTION,8
1523.5,FIXED_WINDOW_ATTENTION,8
1524.0,FIXED_WINDOW_ATTENTION,8
1524.5,FIXED_WINDOW_ATTENTION,8
1525.0,FIXED_WINDOW_ATTENTION,8
1525.5,FIXED_WINDOW_ATTENTION,8
1526.0,FIXED_WINDOW_ATTENTION,8
1526.5,FIXED_WINDOW_ATTENTION,8
1527.0,FIXED_WINDOW_ATTENTION,8
1527.5,FIXED_WINDOW_ATTENTION,8
1528.0,FIXED_WINDOW_ATTENTION,8
1528.5,FIXED_WINDOW_ATTENTION,8
1529.0,FIXED_WINDOW_ATTENTION,8
1529.5,FIXED_WINDOW_ATTENTION,8
1530.0,FIXED_WINDOW_ATTENTION,8
1530.5,FIXED_WINDOW_ATTENTION,18
1531.0,FIXED_WINDOW_ATTENTION,18
1531.5,FIXED_WINDOW_ATTENTION,18
1532.0,FIXED_WINDOW_ATTENTION,18
1532.5,FIXED_WINDOW_ATTENTION,18
1533.0,FIXED_WINDOW_ATTENTION,18
1533.5,FIXED_WINDOW_ATTENTION,18
1534.0,FIXED_WINDOW_ATTENTION,18
1534.5,FIXED_WINDOW_ATTENTION,18
1535.0,FIXED_WINDOW_ATTENTION,18
1535.5,FIXED_WINDOW_ATTENTION,18
1536.0,FIXED_WINDOW_ATTENTION,18
1536.5,FIXED_WINDOW_ATTENTION,18
1537.0,FIXED_WINDOW_ATTENTION,18
1537.5,FIXED_WINDOW_ATTENTION,18
1538.0,FIXED_WINDOW_ATTENTION,18
1538.5,FIXED_WINDOW_ATTENTION,18
1539.0,FIXED_WINDOW_ATTENTION,18
1539.5,FIXED_WINDOW_ATTENTION,18
1540.0,FIXED_WINDOW_ATTENTION,18
1540.5,FIXED_WINDOW_ATTENTION,18
1541.0,FIXED_WINDOW_ATTENTION,18
1541.5,FIXED_WINDOW_ATTENTION,18
1542.0,FIXED_WINDOW_ATTENTION,18
1542.5,FIXED_WINDOW_ATTENTION,18
1543.0,FIXED_WINDOW_ATTENTION,18
1543.5,FIXED_WINDOW_ATTENTION,18
1544.0,FIXED_WINDOW_ATTENTION,18
1544.5,FIXED_WINDOW_ATTENTION,18
1545.0,FIXED_WINDOW_ATTENTION,18
1545.5,FIXED_WINDOW_ATTENTION,18
1546.0,FIXED_WINDOW_ATTENTION,18
1546.5,FIXED_WINDOW_ATTENTION,18
1547.0,FIXED_WINDOW_ATTENTION,18
1547.5,FIXED_WINDOW_ATTENTION,18
1548.0,FIXED_WINDOW_ATTENTION,18
1548.5,FIXED_WINDOW_ATTENTION,18
1549.0,FIXED_WINDOW_ATTENTION,18
1549.5,FIXED_WINDOW_ATTENTION,18
1550.0,FIXED_WINDOW_ATTENTION,18
1550.5,FIXED_WINDOW_ATTENTION,18
1551.0,FIXED_WINDOW_ATTENTION,18
1551.5,FIXED_WINDOW_ATTENTION,18
1552.0,FIXED_WINDOW_ATTENTION,18
1552.5,FIXED_WINDOW_ATTENTION,18
1553.0,FIXED_WINDOW_ATTENTION,18
1553.5,FIXED_WINDOW_ATTENTION,18
1554.0,FIXED_WINDOW_ATTENTION,18
1554.5,FIXED_WINDOW_ATTENTION,18
1555.0,FIXED_WINDOW_ATTENTION,18
1555.5,FIXED_WINDOW_ATTENTION,18
1556.0,FIXED_WINDOW_ATTENTION,18
1556.5,FIXED_WINDOW_ATTENTION,18
1557.0,FIXED_WINDOW_ATTENTION,18
1557.5,FIXED_WINDOW_ATTENTION,18
1558.0,FIXED_WINDOW_ATTENTION,18
1558.5,FIXED_WINDOW_ATTENTION,18
1559.0,FIXED_WINDOW_ATTENTION,18
1559.5,FIXED_WINDOW_ATTENTION,18
1560.0,FIXED_WINDOW_ATTENTION,18
1560.5,FIXED_WINDOW_ATTENTION,18
1561.0,FIXED_WINDOW_ATTENTION,18
1561.5,FIXED_WINDOW_ATTENTION,18
1562.0,FIXED_WINDOW_ATTENTION,18
1562.5,FIXED_WINDOW_ATTENTION,18
1563.0,FIXED_WINDOW_ATTENTION,18
1563.5,FIXED_WINDOW_ATTENTION,18
1564.0,FIXED_WINDOW_ATTENTION,18
1564.5,FIXED_WINDOW_ATTENTION,18
1565.0,FIXED_WINDOW_ATTENTION,18
1565.5,FIXED_WINDOW_ATTENTION,18
1566.0,FIXED_WINDOW_ATTENTION,18
1566.5,FIXED_WINDOW_ATTENTION,18
1567.0,FIXED_WINDOW_ATTENTION,18
1567.5,FIXED_WINDOW_ATTENTION,18
1568.0,FIXED_WINDOW_ATTENTION,18
1568.5,FIXED_WINDOW_ATTENTION,18
1569.0,FIXED_WINDOW_ATTENTION,18
1569.5,FIXED_WINDOW_ATTENTION,18
1570.0,FIXED_WINDOW_ATTENTION,18
1570.5,FIXED_WINDOW_ATTENTION,18
1571.0,FIXED_WINDOW_ATTENTION,18
1571.5,FIXED_WINDOW_ATTENTION,18
1572.0,FIXED_WINDOW_ATTENTION,18
1572.5,FIXED_WINDOW_ATTENTION,18
1573.0,FIXED_WINDOW_ATTENTION,18
1573.5,FIXED_WINDOW_ATTENTION,18
1574.0,FIXED_WINDOW_ATTENTION,18
1574.5,FIXED_WINDOW_ATTENTION,18
1575.0,FIXED_WINDOW_ATTENTION,18
1575.5,FIXED_WINDOW_ATTENTION,18
1576.0,FIXED_WINDOW_ATTENTION,18
1576.5,FIXED_WINDOW_ATTENTION,18
1577.0,FIXED_WINDOW_ATTENTION,18
1577.5,FIXED_WINDOW_ATTENTION,18
1578.0,FIXED_WINDOW_ATTENTION,18
1578.5,FIXED_WINDOW_ATTENTION,18
1579.0,FIXED_WINDOW_ATTENTION,18
1579.5,FIXED_WINDOW_ATTENTION,18
1580.0,FIXED_WINDOW_ATTENTION,18
1580.5,FIXED_WINDOW_ATTENTION,18
1581.0,FIXED_WINDOW_ATTENTION,18
1581.5,FIXED_WINDOW_ATTENTION,18
1582.0,FIXED_WINDOW_ATTENTION,18
1582.5,FIXED_WINDOW_ATTENTION,18
1583.0,FIXED_WINDOW_ATTENTION,18
1583.5,FIXED_WINDOW_ATTENTION,18
1584.0,FIXED_WINDOW_ATTENTION,18
1584.5,FIXED_WINDOW_ATTENTION,18
1585.0,FIXED_WINDOW_ATTENTION,18
1585.5,FIXED_WINDOW_ATTENTION,18
1586.0,FIXED_WINDOW_ATTENTION,18
1586.5,FIXED_WINDOW_ATTENTION,18
1587.0,FIXED_WINDOW_ATTENTION,18
1587.5,FIXED_WINDOW_ATTENTION,18
1588.0,FIXED_WINDOW_ATTENTION,18
1588.5,FIXED_WINDOW_ATTENTION,18
1589.0,FIXED_WINDOW_ATTENTION,18
1589.5,FIXED_WINDOW_ATTENTION,18
1590.0,FIXED_WINDOW_ATTENTION,18
1590.5,FIXED_WINDOW_ATTENTION,18
1591.0,FIXED_WINDOW_ATTENTION,18
1591.5,FIXED_WINDOW_ATTENTION,18
1592.0,FIXED_WINDOW_ATTENTION,18
1592.5,FIXED_WINDOW_ATTENTION,18
1593.0,FIXED_WINDOW_ATTENTION,18
1593.5,FIXED_WINDOW_ATTENTION,18
1594.0,FIXED_WINDOW_ATTENTION,18
1594.5,FIXED_WINDOW_ATTENTION,18
1595.0,FIXED_WINDOW_ATTENTION,18
1595.5,FIXED_WINDOW_ATTENTION,18
1596.0,FIXED_WINDOW_ATTENTION,18
1596.5,FIXED_WINDOW_ATTENTION,18
1597.0,FIXED_WINDOW_ATTENTION,18
1597.5,FIXED_WINDOW_ATTENTION,18
1598.0,FIXED_WINDOW_ATTENTION,11
1598.5,FIXED_WINDOW_ATTENTION,11
1599.0,FIXED_WINDOW_ATTENTION,11
1599.5,FIXED_WINDOW_ATTENTION,11
1600.0,FIXED_WINDOW_ATTENTION,11
1600.5,FIXED_WINDOW_ATTENTION,11
1601.0,FIXED_WINDOW_ATTENTION,11
1601.5,FIXED_WINDOW_ATTENTION,11
1602.0,FIXED_WINDOW_ATTENTION,11
1602.5,FIXED_WINDOW_ATTENTION,11
1603.0,FIXED_WINDOW_ATTENTION,11
1603.5,FIXED_WINDOW_ATTENTION,11
1604.0,FIXED_WINDOW_ATTENTION,11
1604.5,FIXED_WINDOW_ATTENTION,11
1605.0,FIXED_WINDOW_ATTENTION,11
1605.5,FIXED_WINDOW_ATTENTION,11
1606.0,FIXED_WINDOW_ATTENTION,11
1606.5,FIXED_WINDOW_ATTENTION,11
1607.0,FIXED_WINDOW_ATTENTION,11
1607.5,FIXED_WINDOW_ATTENTION,11
1608.0,FIXED_WINDOW_ATTENTION,11
1608.5,FIXED_WINDOW_ATTENTION,11
1609.0,FIXED_WINDOW_ATTENTION,11
1609.5,FIXED_WINDOW_ATTENTION,11
1610.0,FIXED_WINDOW_ATTENTION,11
1610.5,FIXED_WINDOW_ATTENTION,11
1611.0,FIXED_WINDOW_ATTENTION,11
1611.5,FIXED_WINDOW_ATTENTION,11
1612.0,FIXED_WINDOW_ATTENTION,11
1612.5,FIXED_WINDOW_ATTENTION,11
1613.0,FIXED_WINDOW_ATTENTION,11
1613.5,FIXED_WINDOW_ATTENTION,11
1614.0,FIXED_WINDOW_ATTENTION,11
1614.5,FIXED_WINDOW_ATTENTION,11
1615.0,FIXED_WINDOW_ATTENTION,11
1615.5,FIXED_WINDOW_ATTENTION,11
1616.0,FIXED_WINDOW_ATTENTION,11
1616.5,FIXED_WINDOW_ATTENTION,11
1617.0,FIXED_WINDOW_ATTENTION,11
1617.5,FIXED_WINDOW_ATTENTION,11
1618.0,FIXED_WINDOW_ATTENTION,11
1618.5,FIXED_WINDOW_ATTENTION,11
1619.0,FIXED_WINDOW_ATTENTION,11
1619.5,FIXED_WINDOW_ATTENTION,11
1620.0,FIXED_WINDOW_ATTENTION,11
1620.5,FIXED_WINDOW_ATTENTION,11
1621.0,FIXED_WINDOW_ATTENTION,11
1621.5,FIXED_WINDOW_ATTENTION,11
1622.0,FIXED_WINDOW_ATTENTION,11
1622.5,FIXED_WINDOW_ATTENTION,11
1623.0,FIXED_WINDOW_ATTENTION,11
1623.5,FIXED_WINDOW_ATTENTION,11
1624.0,FIXED_WINDOW_ATTENTION,11
1624.5,FIXED_WINDOW_ATTENTION,11
1625.0,FIXED_WINDOW_ATTENTION,11
1625.5,FIXED_WINDOW_ATTENTION,11
1626.0,FIXED_WINDOW_ATTENTION,11
1626.5,FIXED_WINDOW_ATTENTION,11
1627.0,FIXED_WINDOW_ATTENTION,11
1627.5,FIXED_WINDOW_ATTENTION,11
1628.0,FIXED_WINDOW_ATTENTION,11
1628.5,FIXED_WINDOW_ATTENTION,11
1629.0,FIXED_WINDOW_ATTENTION,11
1629.5,FIXED_WINDOW_ATTENTION,11
1630.0,FIXED_WINDOW_ATTENTION,11
1630.5,FIXED_WINDOW_ATTENTION,11
1631.0,FIXED_WINDOW_ATTENTION,11
1631.5,FIXED_WINDOW_ATTENTION,11
1632.0,FIXED_WINDOW_ATTENTION,11
1632.5,FIXED_WINDOW_ATTENTION,11
1633.0,FIXED_WINDOW_ATTENTION,11
1633.5,FIXED_WINDOW_ATTENTION,11
1634.0,FIXED_WINDOW_ATTENTION,11
1634.5,FIXED_WINDOW_ATTENTION,11
1635.0,FIXED_WINDOW_ATTENTION,11
1635.5,FIXED_WINDOW_ATTENTION,11
1636.0,FIXED_WINDOW_ATTENTION,11
1636.5,FIXED_WINDOW_ATTENTION,11
1637.0,FIXED_WINDOW_ATTENTION,11
1637.5,FIXED_WINDOW_ATTENTION,11
1638.0,FIXED_WINDOW_ATTENTION,11
1638.5,FIXED_WINDOW_ATTENTION,11
1639.0,FIXED_WINDOW_ATTENTION,11
1639.5,FIXED_WINDOW_ATTENTION,11
1640.0,FIXED_WINDOW_ATTENTION,11
1640.5,FIXED_WINDOW_ATTENTION,11
1641.0,FIXED_WINDOW_ATTENTION,11
1641.5,FIXED_WINDOW_ATTENTION,11
1642.0,FIXED_WINDOW_ATTENTION,11
1642.5,FIXED_WINDOW_ATTENTION,11
1643.0,FIXED_WINDOW_ATTENTION,11
1643.5,FIXED_WINDOW_ATTENTION,11
1644.0,FIXED_WINDOW_ATTENTION,11
1644.5,FIXED_WINDOW_ATTENTION,11
1645.0,FIXED_WINDOW_ATTENTION,11
1645.5,FIXED_WINDOW_ATTENTION,11
1646.0,FIXED_WINDOW_ATTENTION,11
1646.5,FIXED_WINDOW_ATTENTION,11
1647.0,FIXED_WINDOW_ATTENTION,11
1647.5,FIXED_WINDOW_ATTENTION,11
1648.0,FIXED_WINDOW_ATTENTION,11
1648.5,FIXED_WINDOW_ATTENTION,11
1649.0,FIXED_WINDOW_ATTENTION,11
1649.5,FIXED_WINDOW_ATTENTION,11
1650.0,FIXED_WINDOW_ATTENTION,11
1650.5,FIXED_WINDOW_ATTENTION,11
1651.0,FIXED_WINDOW_ATTENTION,11
1651.5,FIXED_WINDOW_ATTENTION,11
1652.0,FIXED_WINDOW_ATTENTION,11
1652.5,FIXED_WINDOW_ATTENTION,11
1653.0,FIXED_WINDOW_ATTENTION,11
1653.5,FIXED_WINDOW_ATTENTION,11
1654.0,FIXED_WINDOW_ATTENTION,11
1654.5,FIXED_WINDOW_ATTENTION,11
1655.0,FIXED_WINDOW_ATTENTION,11
1655.5,FIXED_WINDOW_ATTENTION,11
1656.0,FIXED_WINDOW_ATTENTION,11
1656.5,FIXED_WINDOW_ATTENTION,11
1657.0,FIXED_WINDOW_ATTENTION,11
1657.5,FIXED_WINDOW_ATTENTION,11
1658.0,FIXED_WINDOW_ATTENTION,11
1658.5,FIXED_WINDOW_ATTENTION,11
1659.0,FIXED_WINDOW_ATTENTION,11
1659.5,FIXED_WINDOW_ATTENTION,11
1660.0,FIXED_WINDOW_ATTENTION,11
1660.5,FIXED_WINDOW_ATTENTION,11
1661.0,FIXED_WINDOW_ATTENTION,11
1661.5,FIXED_WINDOW_ATTENTION,11
1662.0,FIXED_WINDOW_ATTENTION,11
1662.5,FIXED_WINDOW_ATTENTION,11
1663.0,FIXED_WINDOW_ATTENTION,11
1663.5,FIXED_WINDOW_ATTENTION,11
1664.0,FIXED_WINDOW_ATTENTION,11
1664.5,FIXED_WINDOW_ATTENTION,11
1665.0,FIXED_WINDOW_ATTENTION,11
1665.5,FIXED_WINDOW_ATTENTION,11
1666.0,FIXED_WINDOW_ATTENTION,11
1666.5,FIXED_WINDOW_ATTENTION,11
1667.0,FIXED_WINDOW_ATTENTION,11
1667.5,FIXED_WINDOW_ATTENTION,11
1668.0,FIXED_WINDOW_ATTENTION,11
1668.5,FIXED_WINDOW_ATTENTION,11
1669.0,FIXED_WINDOW_ATTENTION,11
1669.5,FIXED_WINDOW_ATTENTION,11
1670.0,FIXED_WINDOW_ATTENTION,11
1670.5,FIXED_WINDOW_ATTENTION,11
1671.0,FIXED_WINDOW_ATTENTION,11
1671.5,FIXED_WINDOW_ATTENTION,11
1672.0,FIXED_WINDOW_ATTENTION,11
1672.5,FIXED_WINDOW_ATTENTION,11
1673.0,FIXED_WINDOW_ATTENTION,11
1673.5,FIXED_WINDOW_ATTENTION,11
1674.0,FIXED_WINDOW_ATTENTION,11
1674.5,FIXED_WINDOW_ATTENTION,11
1675.0,FIXED_WINDOW_ATTENTION,11
1675.5,FIXED_WINDOW_ATTENTION,11
1676.0,FIXED_WINDOW_ATTENTION,11
1676.5,FIXED_WINDOW_ATTENTION,11
1677.0,FIXED_WINDOW_ATTENTION,11
1677.5,FIXED_WINDOW_ATTENTION,11
1678.0,FIXED_WINDOW_ATTENTION,11
1678.5,FIXED_WINDOW_ATTENTION,11
1679.0,FIXED_WINDOW_ATTENTION,11
1679.5,FIXED_WINDOW_ATTENTION,11
1680.0,FIXED_WINDOW_ATTENTION,11
1680.5,FIXED_WINDOW_ATTENTION,11
1681.0,FIXED_WINDOW_ATTENTION,11
1681.5,FIXED_WINDOW_ATTENTION,11
1682.0,FIXED_WINDOW_ATTENTION,11
1682.5,FIXED_WINDOW_ATTENTION,11
1683.0,FIXED_WINDOW_ATTENTION,11
1683.5,FIXED_WINDOW_ATTENTION,18
1684.0,FIXED_WINDOW_ATTENTION,18
1684.5,FIXED_WINDOW_ATTENTION,18
1685.0,FIXED_WINDOW_ATTENTION,18
1685.5,FIXED_WINDOW_ATTENTION,18
1686.0,FIXED_WINDOW_ATTENTION,18
1686.5,FIXED_WINDOW_ATTENTION,18
1687.0,FIXED_WINDOW_ATTENTION,18
1687.5,FIXED_WINDOW_ATTENTION,18
1688.0,FIXED_WINDOW_ATTENTION,18
1688.5,FIXED_WINDOW_ATTENTION,18
1689.0,FIXED_WINDOW_ATTENTION,18
1689.5,FIXED_WINDOW_ATTENTION,18
1690.0,FIXED_WINDOW_ATTENTION,18
1690.5,FIXED_WINDOW_ATTENTION,18
1691.0,FIXED_WINDOW_ATTENTION,18
1691.5,FIXED_WINDOW_ATTENTION,18
1692.0,FIXED_WINDOW_ATTENTION,18
1692.5,FIXED_WINDOW_ATTENTION,18
1693.0,FIXED_WINDOW_ATTENTION,18
1693.5,FIXED_WINDOW_ATTENTION,18
1694.0,FIXED_WINDOW_ATTENTION,18
1694.5,FIXED_WINDOW_ATTENTION,18
1695.0,FIXED_WINDOW_ATTENTION,18
1695.5,FIXED_WINDOW_ATTENTION,18
1696.0,FIXED_WINDOW_ATTENTION,18
1696.5,FIXED_WINDOW_ATTENTION,18
1697.0,FIXED_WINDOW_ATTENTION,18
1697.5,FIXED_WINDOW_ATTENTION,18
1698.0,FIXED_WINDOW_ATTENTION,18
1698.5,FIXED_WINDOW_ATTENTION,18
1699.0,FIXED_WINDOW_ATTENTION,18
1699.5,FIXED_WINDOW_ATTENTION,18
1700.0,FIXED_WINDOW_ATTENTION,18
1700.5,FIXED_WINDOW_ATTENTION,18
1701.0,FIXED_WINDOW_ATTENTION,18
1701.5,FIXED_WINDOW_ATTENTION,18
1702.0,FIXED_WINDOW_ATTENTION,18
1702.5,FIXED_WINDOW_ATTENTION,18
1703.0,FIXED_WINDOW_ATTENTION,18
1703.5,FIXED_WINDOW_ATTENTION,18
1704.0,FIXED_WINDOW_ATTENTION,18
1704.5,FIXED_WINDOW_ATTENTION,18
1705.0,FIXED_WINDOW_ATTENTION,18
1705.5,FIXED_WINDOW_ATTENTION,18
1706.0,FIXED_WINDOW_ATTENTION,18
1706.5,FIXED_WINDOW_ATTENTION,18
1707.0,FIXED_WINDOW_ATTENTION,18
1707.5,FIXED_WINDOW_ATTENTION,18
1708.0,FIXED_WINDOW_ATTENTION,18
1708.5,FIXED_WINDOW_ATTENTION,18
1709.0,FIXED_WINDOW_ATTENTION,18
1709.5,FIXED_WINDOW_ATTENTION,18
1710.0,FIXED_WINDOW_ATTENTION,18
1710.5,FIXED_WINDOW_ATTENTION,18
1711.0,FIXED_WINDOW_ATTENTION,18
1711.5,FIXED_WINDOW_ATTENTION,18
1712.0,FIXED_WINDOW_ATTENTION,18
1712.5,FIXED_WINDOW_ATTENTION,18
1713.0,FIXED_WINDOW_ATTENTION,18
1713.5,FIXED_WINDOW_ATTENTION,18
1714.0,FIXED_WINDOW_ATTENTION,18
1714.5,FIXED_WINDOW_ATTENTION,18
1715.0,FIXED_WINDOW_ATTENTION,18
1715.5,FIXED_WINDOW_ATTENTION,18
1716.0,FIXED_WINDOW_ATTENTION,18
1716.5,FIXED_WINDOW_ATTENTION,18
1717.0,FIXED_WINDOW_ATTENTION,18
1717.5,FIXED_WINDOW_ATTENTION,18
1718.0,FIXED_WINDOW_ATTENTION,18
1718.5,FIXED_WINDOW_ATTENTION,18
1719.0,FIXED_WINDOW_ATTENTION,18
1719.5,FIXED_WINDOW_ATTENTION,18
1720.0,FIXED_WINDOW_ATTENTION,18
1720.5,FIXED_WINDOW_ATTENTION,18
1721.0,FIXED_WINDOW_ATTENTION,18
1721.5,FIXED_WINDOW_ATTENTION,18
1722.0,FIXED_WINDOW_ATTENTION,18
1722.5,FIXED_WINDOW_ATTENTION,18
1723.0,FIXED_WINDOW_ATTENTION,18
1723.5,FIXED_WINDOW_ATTENTION,18
1724.0,FIXED_WINDOW_ATTENTION,18
1724.5,FIXED_WINDOW_ATTENTION,18
1725.0,FIXED_WINDOW_ATTENTION,18
1725.5,FIXED_WINDOW_ATTENTION,18
1726.0,FIXED_WINDOW_ATTENTION,18
1726.5,FIXED_WINDOW_ATTENTION,18
1727.0,FIXED_WINDOW_ATTENTION,18
1727.5,FIXED_WINDOW_ATTENTION,18
1728.0,FIXED_WINDOW_ATTENTION,18
1728.5,FIXED_WINDOW_ATTENTION,18
1729.0,FIXED_WINDOW_ATTENTION,18
1729.5,FIXED_WINDOW_ATTENTION,18
1730.0,FIXED_WINDOW_ATTENTION,18
1730.5,FIXED_WINDOW_ATTENTION,18
1731.0,FIXED_WINDOW_ATTENTION,18
1731.5,FIXED_WINDOW_ATTENTION,8
1732.0,FIXED_WINDOW_ATTENTION,8
1732.5,FIXED_WINDOW_ATTENTION,8
1733.0,FIXED_WINDOW_ATTENTION,8
1733.5,FIXED_WINDOW_ATTENTION,8
1734.0,FIXED_WINDOW_ATTENTION,8
1734.5,FIXED_WINDOW_ATTENTION,8
1735.0,FIXED_WINDOW_ATTENTION,8
1735.5,FIXED_WINDOW_ATTENTION,8
1736.0,FIXED_WINDOW_ATTENTION,8
1736.5,FIXED_WINDOW_ATTENTION,8
1737.0,FIXED_WINDOW_ATTENTION,8
1737.5,FIXED_WINDOW_ATTENTION,8
1738.0,FIXED_WINDOW_ATTENTION,8
1738.5,FIXED_WINDOW_ATTENTION,8
1739.0,FIXED_WINDOW_ATTENTION,8
1739.5,FIXED_WINDOW_ATTENTION,8
1740.0,FIXED_WINDOW_ATTENTION,8
1740.5,FIXED_WINDOW_ATTENTION,8
1741.0,FIXED_WINDOW_ATTENTION,8
1741.5,FIXED_WINDOW_ATTENTION,8
1742.0,FIXED_WINDOW_ATTENTION,8
1742.5,FIXED_WINDOW_ATTENTION,8
1743.0,FIXED_WINDOW_ATTENTION,8
1743.5,FIXED_WINDOW_ATTENTION,8
1744.0,FIXED_WINDOW_ATTENTION,8
1744.5,FIXED_WINDOW_ATTENTION,8
1745.0,FIXED_WINDOW_ATTENTION,8
1745.5,FIXED_WINDOW_ATTENTION,8
1746.0,FIXED_WINDOW_ATTENTION,8
1746.5,FIXED_WINDOW_ATTENTION,8
1747.0,FIXED_WINDOW_ATTENTION,8
1747.5,FIXED_WINDOW_ATTENTION,8
1748.0,FIXED_WINDOW_ATTENTION,8
1748.5,FIXED_WINDOW_ATTENTION,8
1749.0,FIXED_WINDOW_ATTENTION,8
1749.5,FIXED_WINDOW_ATTENTION,8
1750.0,FIXED_WINDOW_ATTENTION,8
1750.5,FIXED_WINDOW_ATTENTION,8
1751.0,FIXED_WINDOW_ATTENTION,8
1751.5,FIXED_WINDOW_ATTENTION,8
1752.0,FIXED_WINDOW_ATTENTION,8
1752.5,FIXED_WINDOW_ATTENTION,8
1753.0,FIXED_WINDOW_ATTENTION,8
1753.5,FIXED_WINDOW_ATTENTION,8
1754.0,FIXED_WINDOW_ATTENTION,8
1754.5,FIXED_WINDOW_ATTENTION,8
1755.0,FIXED_WINDOW_ATTENTION,8
1755.5,FIXED_WINDOW_ATTENTION,8
1756.0,FIXED_WINDOW_ATTENTION,8
1756.5,FIXED_WINDOW_ATTENTION,8
1757.0,FIXED_WINDOW_ATTENTION,8
1757.5,FIXED_WINDOW_ATTENTION,8
1758.0,FIXED_WINDOW_ATTENTION,8
1758.5,FIXED_WINDOW_ATTENTION,8
1759.0,FIXED_WINDOW_ATTENTION,8
1759.5,FIXED_WINDOW_ATTENTION,8
1760.0,FIXED_WINDOW_ATTENTION,8
1760.5,FIXED_WINDOW_ATTENTION,8
1761.0,FIXED_WINDOW_ATTENTION,8
1761.5,FIXED_WINDOW_ATTENTION,8
1762.0,FIXED_WINDOW_ATTENTION,18
1762.5,FIXED_WINDOW_ATTENTION,18
1763.0,FIXED_WINDOW_ATTENTION,18
1763.5,FIXED_WINDOW_ATTENTION,18
1764.0,FIXED_WINDOW_ATTENTION,18
1764.5,FIXED_WINDOW_ATTENTION,18
1765.0,FIXED_WINDOW_ATTENTION,18
1765.5,FIXED_WINDOW_ATTENTION,18
1766.0,FIXED_WINDOW_ATTENTION,18
1766.5,FIXED_WINDOW_ATTENTION,18
1767.0,FIXED_WINDOW_ATTENTION,18
1767.5,FIXED_WINDOW_ATTENTION,18
1768.0,FIXED_WINDOW_ATTENTION,18
1768.5,FIXED_WINDOW_ATTENTION,18
1769.0,FIXED_WINDOW_ATTENTION,18
1769.5,FIXED_WINDOW_ATTENTION,18
1770.0,FIXED_WINDOW_ATTENTION,18
1770.5,FIXED_WINDOW_ATTENTION,18
1771.0,FIXED_WINDOW_ATTENTION,18
1771.5,FIXED_WINDOW_ATTENTION,18
1772.0,FIXED_WINDOW_ATTENTION,18
1772.5,FIXED_WINDOW_ATTENTION,18
1773.0,FIXED_WINDOW_ATTENTION,18
1773.5,FIXED_WINDOW_ATTENTION,8
1774.0,FIXED_WINDOW_ATTENTION,8
1774.5,FIXED_WINDOW_ATTENTION,8
1775.0,FIXED_WINDOW_ATTENTION,8
1775.5,FIXED_WINDOW_ATTENTION,8
1776.0,FIXED_WINDOW_ATTENTION,8
1776.5,FIXED_WINDOW_ATTENTION,8
1777.0,FIXED_WINDOW_ATTENTION,8
1777.5,FIXED_WINDOW_ATTENTION,8
1778.0,FIXED_WINDOW_ATTENTION,8
1778.5,FIXED_WINDOW_ATTENTION,8
1779.0,FIXED_WINDOW_ATTENTION,8
1779.5,FIXED_WINDOW_ATTENTION,8
1780.0,FIXED_WINDOW_ATTENTION,8
1780.5,FIXED_WINDOW_ATTENTION,8
1781.0,FIXED_WINDOW_ATTENTION,8
1781.5,FIXED_WINDOW_ATTENTION,8
1782.0,FIXED_WINDOW_ATTENTION,8
1782.5,FIXED_WINDOW_ATTENTION,8
1783.0,FIXED_WINDOW_ATTENTION,8
1783.5,FIXED_WINDOW_ATTENTION,8
1784.0,FIXED_WINDOW_ATTENTION,8
1784.5,FIXED_WINDOW_ATTENTION,8
1785.0,FIXED_WINDOW_ATTENTION,8
1785.5,FIXED_WINDOW_ATTENTION,8
1786.0,FIXED_WINDOW_ATTENTION,8
1786.5,FIXED_WINDOW_ATTENTION,8
1787.0,FIXED_WINDOW_ATTENTION,8
1787.5,FIXED_WINDOW_ATTENTION,8
1788.0,FIXED_WINDOW_ATTENTION,8
1788.5,FIXED_WINDOW_ATTENTION,8
1789.0,FIXED_WINDOW_ATTENTION,8
1789.5,FIXED_WINDOW_ATTENTION,8
1790.0,FIXED_WINDOW_ATTENTION,8
1790.5,FIXED_WINDOW_ATTENTION,8
1791.0,FIXED_WINDOW_ATTENTION,8
1791.5,FIXED_WINDOW_ATTENTION,8
1792.0,FIXED_WINDOW_ATTENTION,8
1792.5,FIXED_WINDOW_ATTENTION,8
1793.0,FIXED_WINDOW_ATTENTION,8
1793.5,FIXED_WINDOW_ATTENTION,8
1794.0,FIXED_WINDOW_ATTENTION,8
1794.5,FIXED_WINDOW_ATTENTION,8
1795.0,FIXED_WINDOW_ATTENTION,8
1795.5,FIXED_WINDOW_ATTENTION,8
1796.0,FIXED_WINDOW_ATTENTION,8
1796.5,FIXED_WINDOW_ATTENTION,8
1797.0,FIXED_WINDOW_ATTENTION,8
1797.5,FIXED_WINDOW_ATTENTION,18
1798.0,FIXED_WINDOW_ATTENTION,18
1798.5,FIXED_WINDOW_ATTENTION,18
1799.0,FIXED_WINDOW_ATTENTION,18
1799.5,FIXED_WINDOW_ATTENTION,18
1800.0,FIXED_WINDOW_ATTENTION,18
1800.5,FIXED_WINDOW_ATTENTION,18
1801.0,FIXED_WINDOW_ATTENTION,18
1801.5,FIXED_WINDOW_ATTENTION,18
1802.0,FIXED_WINDOW_ATTENTION,18
1802.5,FIXED_WINDOW_ATTENTION,18
1803.0,FIXED_WINDOW_ATTENTION,18
1803.5,FIXED_WINDOW_ATTENTION,18
1804.0,FIXED_WINDOW_ATTENTION,18
1804.5,FIXED_WINDOW_ATTENTION,18
1805.0,FIXED_WINDOW_ATTENTION,18
1805.5,FIXED_WINDOW_ATTENTION,18
1806.0,FIXED_WINDOW_ATTENTION,18
1806.5,FIXED_WINDOW_ATTENTION,18
1807.0,FIXED_WINDOW_ATTENTION,18
1807.5,FIXED_WINDOW_ATTENTION,18
1808.0,FIXED_WINDOW_ATTENTION,18
1808.5,FIXED_WINDOW_ATTENTION,18
1809.0,FIXED_WINDOW_ATTENTION,18
1809.5,FIXED_WINDOW_ATTENTION,18
1810.0,FIXED_WINDOW_ATTENTION,18
1810.5,FIXED_WINDOW_ATTENTION,18
1811.0,FIXED_WINDOW_ATTENTION,18
1811.5,FIXED_WINDOW_ATTENTION,18
1812.0,FIXED_WINDOW_ATTENTION,18
1812.5,FIXED_WINDOW_ATTENTION,18
1813.0,FIXED_WINDOW_ATTENTION,18
1813.5,FIXED_WINDOW_ATTENTION,18
1814.0,FIXED_WINDOW_ATTENTION,18
1814.5,FIXED_WINDOW_ATTENTION,18
1815.0,FIXED_WINDOW_ATTENTION,18
1815.5,FIXED_WINDOW_ATTENTION,18
1816.0,FIXED_WINDOW_ATTENTION,18
1816.5,FIXED_WINDOW_ATTENTION,18
1817.0,FIXED_WINDOW_ATTENTION,18
1817.5,FIXED_WINDOW_ATTENTION,18
1818.0,FIXED_WINDOW_ATTENTION,18
1818.5,FIXED_WINDOW_ATTENTION,18
1819.0,FIXED_WINDOW_ATTENTION,18
1819.5,FIXED_WINDOW_ATTENTION,18
1820.0,FIXED_WINDOW_ATTENTION,18
1820.5,FIXED_WINDOW_ATTENTION,18
1821.0,FIXED_WINDOW_ATTENTION,18
1821.5,FIXED_WINDOW_ATTENTION,18
1822.0,FIXED_WINDOW_ATTENTION,18
1822.5,FIXED_WINDOW_ATTENTION,18
1823.0,FIXED_WINDOW_ATTENTION,18
1823.5,FIXED_WINDOW_ATTENTION,18
1824.0,FIXED_WINDOW_ATTENTION,18
1824.5,FIXED_WINDOW_ATTENTION,18
1825.0,FIXED_WINDOW_ATTENTION,18
1825.5,FIXED_WINDOW_ATTENTION,18
1826.0,FIXED_WINDOW_ATTENTION,18
1826.5,FIXED_WINDOW_ATTENTION,18
1827.0,FIXED_WINDOW_ATTENTION,18
1827.5,FIXED_WINDOW_ATTENTION,18
1828.0,FIXED_WINDOW_ATTENTION,18
1828.5,FIXED_WINDOW_ATTENTION,18
1829.0,FIXED_WINDOW_ATTENTION,18
1829.5,FIXED_WINDOW_ATTENTION,18
1830.0,FIXED_WINDOW_ATTENTION,18
1830.5,FIXED_WINDOW_ATTENTION,18
1831.0,FIXED_WINDOW_ATTENTION,18
1831.5,FIXED_WINDOW_ATTENTION,18
1832.0,FIXED_WINDOW_ATTENTION,18
1832.5,FIXED_WINDOW_ATTENTION,18
1833.0,FIXED_WINDOW_ATTENTION,18
1833.5,FIXED_WINDOW_ATTENTION,18
1834.0,FIXED_WINDOW_ATTENTION,18
1834.5,FIXED_WINDOW_ATTENTION,18
1835.0,FIXED_WINDOW_ATTENTION,18
1835.5,FIXED_WINDOW_ATTENTION,18
1836.0,FIXED_WINDOW_ATTENTION,18
1836.5,FIXED_WINDOW_ATTENTION,18
1837.0,FIXED_WINDOW_ATTENTION,18
1837.5,FIXED_WINDOW_ATTENTION,18
1838.0,FIXED_WINDOW_ATTENTION,18
1838.5,FIXED_WINDOW_ATTENTION,18
1839.0,FIXED_WINDOW_ATTENTION,18
1839.5,FIXED_WINDOW_ATTENTION,18
1840.0,FIXED_WINDOW_ATTENTION,18
1840.5,FIXED_WINDOW_ATTENTION,18
1841.0,FIXED_WINDOW_ATTENTION,18
1841.5,FIXED_WINDOW_ATTENTION,9
1842.0,FIXED_WINDOW_ATTENTION,9
1842.5,FIXED_WINDOW_ATTENTION,9
1843.0,FIXED_WINDOW_ATTENTION,9
1843.5,FIXED_WINDOW_ATTENTION,9
1844.0,FIXED_WINDOW_ATTENTION,18
1844.5,FIXED_WINDOW_ATTENTION,18
1845.0,FIXED_WINDOW_ATTENTION,18
1845.5,FIXED_WINDOW_ATTENTION,18
1846.0,FIXED_WINDOW_ATTENTION,18
1846.5,FIXED_WINDOW_ATTENTION,18
1847.0,FIXED_WINDOW_ATTENTION,18
1847.5,FIXED_WINDOW_ATTENTION,18
1848.0,FIXED_WINDOW_ATTENTION,18
1848.5,FIXED_WINDOW_ATTENTION,18
1849.0,FIXED_WINDOW_ATTENTION,18
1849.5,FIXED_WINDOW_ATTENTION,18
1850.0,FIXED_WINDOW_ATTENTION,18
1850.5,FIXED_WINDOW_ATTENTION,18
1851.0,FIXED_WINDOW_ATTENTION,9
1851.5,FIXED_WINDOW_ATTENTION,9
1852.0,FIXED_WINDOW_ATTENTION,9
1852.5,FIXED_WINDOW_ATTENTION,9
1853.0,FIXED_WINDOW_ATTENTION,9
1853.5,FIXED_WINDOW_ATTENTION,9
1854.0,FIXED_WINDOW_ATTENTION,9
1854.5,FIXED_WINDOW_ATTENTION,9
1855.0,FIXED_WINDOW_ATTENTION,9
1855.5,FIXED_WINDOW_ATTENTION,9
1856.0,FIXED_WINDOW_ATTENTION,9
1856.5,FIXED_WINDOW_ATTENTION,9
1857.0,FIXED_WINDOW_ATTENTION,9
1857.5,FIXED_WINDOW_ATTENTION,9
1858.0,FIXED_WINDOW_ATTENTION,9
1858.5,FIXED_WINDOW_ATTENTION,9
1859.0,FIXED_WINDOW_ATTENTION,9
1859.5,FIXED_WINDOW_ATTENTION,9
1860.0,FIXED_WINDOW_ATTENTION,9
1860.5,FIXED_WINDOW_ATTENTION,9
1861.0,FIXED_WINDOW_ATTENTION,9
1861.5,FIXED_WINDOW_ATTENTION,9
1862.0,FIXED_WINDOW_ATTENTION,9
1862.5,FIXED_WINDOW_ATTENTION,9
1863.0,FIXED_WINDOW_ATTENTION,9
1863.5,FIXED_WINDOW_ATTENTION,9
1864.0,FIXED_WINDOW_ATTENTION,9
1864.5,FIXED_WINDOW_ATTENTION,9
1865.0,FIXED_WINDOW_ATTENTION,9
1865.5,FIXED_WINDOW_ATTENTION,9
1866.0,FIXED_WINDOW_ATTENTION,9
1866.5,FIXED_WINDOW_ATTENTION,9
1867.0,FIXED_WINDOW_ATTENTION,9
1867.5,FIXED_WINDOW_ATTENTION,9
1868.0,FIXED_WINDOW_ATTENTION,9
1868.5,FIXED_WINDOW_ATTENTION,9
1869.0,FIXED_WINDOW_ATTENTION,9
1869.5,FIXED_WINDOW_ATTENTION,9
1870.0,FIXED_WINDOW_ATTENTION,9
1870.5,FIXED_WINDOW_ATTENTION,9
1871.0,FIXED_WINDOW_ATTENTION,9
1871.5,FIXED_WINDOW_ATTENTION,9
1872.0,FIXED_WINDOW_ATTENTION,9
1872.5,FIXED_WINDOW_ATTENTION,9
1873.0,FIXED_WINDOW_ATTENTION,9
1873.5,FIXED_WINDOW_ATTENTION,9
1874.0,FIXED_WINDOW_ATTENTION,9
1874.5,FIXED_WINDOW_ATTENTION,9
1875.0,FIXED_WINDOW_ATTENTION,9
1875.5,FIXED_WINDOW_ATTENTION,9
1876.0,FIXED_WINDOW_ATTENTION,9
1876.5,FIXED_WINDOW_ATTENTION,18
1877.0,FIXED_WINDOW_ATTENTION,18
1877.5,FIXED_WINDOW_ATTENTION,18
1878.0,FIXED_WINDOW_ATTENTION,18
1878.5,FIXED_WINDOW_ATTENTION,18
1879.0,FIXED_WINDOW_ATTENTION,18
1879.5,FIXED_WINDOW_ATTENTION,9
1880.0,FIXED_WINDOW_ATTENTION,9
1880.5,FIXED_WINDOW_ATTENTION,9
1881.0,FIXED_WINDOW_ATTENTION,9
1881.5,FIXED_WINDOW_ATTENTION,9
1882.0,FIXED_WINDOW_ATTENTION,9
1882.5,FIXED_WINDOW_ATTENTION,9
1883.0,FIXED_WINDOW_ATTENTION,9
1883.5,FIXED_WINDOW_ATTENTION,9
1884.0,FIXED_WINDOW_ATTENTION,9
1884.5,FIXED_WINDOW_ATTENTION,9
1885.0,FIXED_WINDOW_ATTENTION,9
1885.5,FIXED_WINDOW_ATTENTION,9
1886.0,FIXED_WINDOW_ATTENTION,9
1886.5,FIXED_WINDOW_ATTENTION,9
1887.0,FIXED_WINDOW_ATTENTION,9
1887.5,FIXED_WINDOW_ATTENTION,9
1888.0,FIXED_WINDOW_ATTENTION,9
1888.5,FIXED_WINDOW_ATTENTION,9
1889.0,FIXED_WINDOW_ATTENTION,9
1889.5,FIXED_WINDOW_ATTENTION,9
1890.0,FIXED_WINDOW_ATTENTION,9
1890.5,FIXED_WINDOW_ATTENTION,9
1891.0,FIXED_WINDOW_ATTENTION,9
1891.5,FIXED_WINDOW_ATTENTION,9
1892.0,FIXED_WINDOW_ATTENTION,18
1892.5,FIXED_WINDOW_ATTENTION,18
1893.0,FIXED_WINDOW_ATTENTION,18
1893.5,FIXED_WINDOW_ATTENTION,18
1894.0,FIXED_WINDOW_ATTENTION,18
1894.5,FIXED_WINDOW_ATTENTION,18
1895.0,FIXED_WINDOW_ATTENTION,18
1895.5,FIXED_WINDOW_ATTENTION,18
1896.0,FIXED_WINDOW_ATTENTION,18
1896.5,FIXED_WINDOW_ATTENTION,18
1897.0,FIXED_WINDOW_ATTENTION,18
1897.5,FIXED_WINDOW_ATTENTION,18
1898.0,FIXED_WINDOW_ATTENTION,18
1898.5,FIXED_WINDOW_ATTENTION,18
1899.0,FIXED_WINDOW_ATTENTION,18
1899.5,FIXED_WINDOW_ATTENTION,18
1900.0,FIXED_WINDOW_ATTENTION,18
1900.5,FIXED_WINDOW_ATTENTION,9
1901.0,FIXED_WINDOW_ATTENTION,9
1901.5,FIXED_WINDOW_ATTENTION,9
1902.0,FIXED_WINDOW_ATTENTION,9
1902.5,FIXED_WINDOW_ATTENTION,9
1903.0,FIXED_WINDOW_ATTENTION,9
1903.5,FIXED_WINDOW_ATTENTION,9
1904.0,FIXED_WINDOW_ATTENTION,9
1904.5,FIXED_WINDOW_ATTENTION,9
1905.0,FIXED_WINDOW_ATTENTION,9
1905.5,FIXED_WINDOW_ATTENTION,9
1906.0,FIXED_WINDOW_ATTENTION,18
1906.5,FIXED_WINDOW_ATTENTION,18
1907.0,FIXED_WINDOW_ATTENTION,18
1907.5,FIXED_WINDOW_ATTENTION,18
1908.0,FIXED_WINDOW_ATTENTION,18
1908.5,FIXED_WINDOW_ATTENTION,18
1909.0,FIXED_WINDOW_ATTENTION,18
1909.5,FIXED_WINDOW_ATTENTION,18
1910.0,FIXED_WINDOW_ATTENTION,18
1910.5,FIXED_WINDOW_ATTENTION,18
1911.0,FIXED_WINDOW_ATTENTION,18
1911.5,FIXED_WINDOW_ATTENTION,18
1912.0,FIXED_WINDOW_ATTENTION,18
1912.5,FIXED_WINDOW_ATTENTION,18
1913.0,FIXED_WINDOW_ATTENTION,18
1913.5,FIXED_WINDOW_ATTENTION,18
1914.0,FIXED_WINDOW_ATTENTION,18
1914.5,FIXED_WINDOW_ATTENTION,18
1915.0,FIXED_WINDOW_ATTENTION,18
1915.5,FIXED_WINDOW_ATTENTION,18
1916.0,FIXED_WINDOW_ATTENTION,18
1916.5,FIXED_WINDOW_ATTENTION,18
1917.0,FIXED_WINDOW_ATTENTION,18
1917.5,FIXED_WINDOW_ATTENTION,18
1918.0,FIXED_WINDOW_ATTENTION,18
1918.5,FIXED_WINDOW_ATTENTION,18
1919.0,FIXED_WINDOW_ATTENTION,18
1919.5,FIXED_WINDOW_ATTENTION,18
1920.0,FIXED_WINDOW_ATTENTION,18
1920.5,FIXED_WINDOW_ATTENTION,18
1921.0,FIXED_WINDOW_ATTENTION,18
1921.5,FIXED_WINDOW_ATTENTION,18
1922.0,FIXED_WINDOW_ATTENTION,18
1922.5,FIXED_WINDOW_ATTENTION,18
1923.0,FIXED_WINDOW_ATTENTION,18
1923.5,FIXED_WINDOW_ATTENTION,18
1924.0,FIXED_WINDOW_ATTENTION,18
1924.5,FIXED_WINDOW_ATTENTION,18
1925.0,FIXED_WINDOW_ATTENTION,18
1925.5,FIXED_WINDOW_ATTENTION,18
1926.0,FIXED_WINDOW_ATTENTION,18
1926.5,FIXED_WINDOW_ATTENTION,18
1927.0,FIXED_WINDOW_ATTENTION,18
1927.5,FIXED_WINDOW_ATTENTION,18
1928.0,FIXED_WINDOW_ATTENTION,18
1928.5,FIXED_WINDOW_ATTENTION,18
1929.0,FIXED_WINDOW_ATTENTION,18
1929.5,FIXED_WINDOW_ATTENTION,18
1930.0,FIXED_WINDOW_ATTENTION,18
1930.5,FIXED_WINDOW_ATTENTION,18
1931.0,FIXED_WINDOW_ATTENTION,18
1931.5,FIXED_WINDOW_ATTENTION,18
1932.0,FIXED_WINDOW_ATTENTION,18
1932.5,FIXED_WINDOW_ATTENTION,18
1933.0,FIXED_WINDOW_ATTENTION,18
1933.5,FIXED_WINDOW_ATTENTION,18
1934.0,FIXED_WINDOW_ATTENTION,18
1934.5,FIXED_WINDOW_ATTENTION,18
1935.0,FIXED_WINDOW_ATTENTION,18
1935.5,FIXED_WINDOW_ATTENTION,18
1936.0,FIXED_WINDOW_ATTENTION,18
1936.5,FIXED_WINDOW_ATTENTION,18
1937.0,FIXED_WINDOW_ATTENTION,18
1937.5,FIXED_WINDOW_ATTENTION,18
1938.0,FIXED_WINDOW_ATTENTION,18
1938.5,FIXED_WINDOW_ATTENTION,18
1939.0,FIXED_WINDOW_ATTENTION,18
1939.5,FIXED_WINDOW_ATTENTION,16
1940.0,FIXED_WINDOW_ATTENTION,16
1940.5,FIXED_WINDOW_ATTENTION,16
1941.0,FIXED_WINDOW_ATTENTION,16
1941.5,FIXED_WINDOW_ATTENTION,16
1942.0,FIXED_WINDOW_ATTENTION,16
1942.5,FIXED_WINDOW_ATTENTION,16
1943.0,FIXED_WINDOW_ATTENTION,16
1943.5,FIXED_WINDOW_ATTENTION,16
1944.0,FIXED_WINDOW_ATTENTION,16
1944.5,FIXED_WINDOW_ATTENTION,16
1945.0,FIXED_WINDOW_ATTENTION,16
1945.5,FIXED_WINDOW_ATTENTION,16
1946.0,FIXED_WINDOW_ATTENTION,16
1946.5,FIXED_WINDOW_ATTENTION,16
1947.0,FIXED_WINDOW_ATTENTION,16
1947.5,FIXED_WINDOW_ATTENTION,16
1948.0,FIXED_WINDOW_ATTENTION,16
1948.5,FIXED_WINDOW_ATTENTION,16
1949.0,FIXED_WINDOW_ATTENTION,16
1949.5,FIXED_WINDOW_ATTENTION,16
1950.0,FIXED_WINDOW_ATTENTION,16
1950.5,FIXED_WINDOW_ATTENTION,16
1951.0,FIXED_WINDOW_ATTENTION,16
1951.5,FIXED_WINDOW_ATTENTION,16
1952.0,FIXED_WINDOW_ATTENTION,16
1952.5,FIXED_WINDOW_ATTENTION,16
1953.0,FIXED_WINDOW_ATTENTION,16
1953.5,FIXED_WINDOW_ATTENTION,16
1954.0,FIXED_WINDOW_ATTENTION,16
1954.5,FIXED_WINDOW_ATTENTION,16
1955.0,FIXED_WINDOW_ATTENTION,16
1955.5,FIXED_WINDOW_ATTENTION,16
1956.0,FIXED_WINDOW_ATTENTION,16
1956.5,FIXED_WINDOW_ATTENTION,16
1957.0,FIXED_WINDOW_ATTENTION,16
1957.5,FIXED_WINDOW_ATTENTION,16
1958.0,FIXED_WINDOW_ATTENTION,16
1958.5,FIXED_WINDOW_ATTENTION,16
1959.0,FIXED_WINDOW_ATTENTION,16
1959.5,FIXED_WINDOW_ATTENTION,16
1960.0,FIXED_WINDOW_ATTENTION,16
1960.5,FIXED_WINDOW_ATTENTION,16
1961.0,FIXED_WINDOW_ATTENTION,16
1961.5,FIXED_WINDOW_ATTENTION,16
1962.0,FIXED_WINDOW_ATTENTION,16
1962.5,FIXED_WINDOW_ATTENTION,16
1963.0,FIXED_WINDOW_ATTENTION,16
1963.5,FIXED_WINDOW_ATTENTION,16
1964.0,FIXED_WINDOW_ATTENTION,16
1964.5,FIXED_WINDOW_ATTENTION,16
1965.0,FIXED_WINDOW_ATTENTION,16
1965.5,FIXED_WINDOW_ATTENTION,16
1966.0,FIXED_WINDOW_ATTENTION,16
1966.5,FIXED_WINDOW_ATTENTION,16
1967.0,FIXED_WINDOW_ATTENTION,16
1967.5,FIXED_WINDOW_ATTENTION,16
1968.0,FIXED_WINDOW_ATTENTION,16
1968.5,FIXED_WINDOW_ATTENTION,16
1969.0,FIXED_WINDOW_ATTENTION,16
1969.5,FIXED_WINDOW_ATTENTION,16
1970.0,FIXED_WINDOW_ATTENTION,16
1970.5,FIXED_WINDOW_ATTENTION,16
1971.0,FIXED_WINDOW_ATTENTION,16
1971.5,FIXED_WINDOW_ATTENTION,16
1972.0,FIXED_WINDOW_ATTENTION,16
1972.5,FIXED_WINDOW_ATTENTION,16
1973.0,FIXED_WINDOW_ATTENTION,16
1973.5,FIXED_WINDOW_ATTENTION,16
1974.0,FIXED_WINDOW_ATTENTION,16
1974.5,FIXED_WINDOW_ATTENTION,16
1975.0,FIXED_WINDOW_ATTENTION,16
1975.5,FIXED_WINDOW_ATTENTION,16
1976.0,FIXED_WINDOW_ATTENTION,16
1976.5,FIXED_WINDOW_ATTENTION,16
1977.0,FIXED_WINDOW_ATTENTION,16
1977.5,FIXED_WINDOW_ATTENTION,16
1978.0,FIXED_WINDOW_ATTENTION,16
1978.5,FIXED_WINDOW_ATTENTION,16
1979.0,FIXED_WINDOW_ATTENTION,16
1979.5,FIXED_WINDOW_ATTENTION,16
1980.0,FIXED_WINDOW_ATTENTION,16
1980.5,FIXED_WINDOW_ATTENTION,16
1981.0,FIXED_WINDOW_ATTENTION,16
1981.5,FIXED_WINDOW_ATTENTION,16
1982.0,FIXED_WINDOW_ATTENTION,16
1982.5,FIXED_WINDOW_ATTENTION,16
1983.0,FIXED_WINDOW_ATTENTION,16
1983.5,FIXED_WINDOW_ATTENTION,16
1984.0,FIXED_WINDOW_ATTENTION,16
1984.5,FIXED_WINDOW_ATTENTION,16
1985.0,FIXED_WINDOW_ATTENTION,16
1985.5,FIXED_WINDOW_ATTENTION,16
1986.0,FIXED_WINDOW_ATTENTION,16
1986.5,FIXED_WINDOW_ATTENTION,16
1987.0,FIXED_WINDOW_ATTENTION,16
1987.5,FIXED_WINDOW_ATTENTION,16
1988.0,FIXED_WINDOW_ATTENTION,16
1988.5,FIXED_WINDOW_ATTENTION,16
1989.0,FIXED_WINDOW_ATTENTION,16
1989.5,FIXED_WINDOW_ATTENTION,16
1990.0,FIXED_WINDOW_ATTENTION,16
1990.5,FIXED_WINDOW_ATTENTION,16
1991.0,FIXED_WINDOW_ATTENTION,16
1991.5,FIXED_WINDOW_ATTENTION,16
1992.0,FIXED_WINDOW_ATTENTION,16
1992.5,FIXED_WINDOW_ATTENTION,16
1993.0,FIXED_WINDOW_ATTENTION,16
1993.5,FIXED_WINDOW_ATTENTION,16
1994.0,FIXED_WINDOW_ATTENTION,16
1994.5,FIXED_WINDOW_ATTENTION,16
1995.0,FIXED_WINDOW_ATTENTION,16
1995.5,FIXED_WINDOW_ATTENTION,16
1996.0,FIXED_WINDOW_ATTENTION,16
1996.5,FIXED_WINDOW_ATTENTION,16
1997.0,FIXED_WINDOW_ATTENTION,16
1997.5,FIXED_WINDOW_ATTENTION,16
1998.0,FIXED_WINDOW_ATTENTION,16
1998.5,FIXED_WINDOW_ATTENTION,16
1999.0,FIXED_WINDOW_ATTENTION,16
1999.5,FIXED_WINDOW_ATTENTION,16
2000.0,FIXED_WINDOW_ATTENTION,16
2000.5,FIXED_WINDOW_ATTENTION,16
2001.0,FIXED_WINDOW_ATTENTION,16
2001.5,FIXED_WINDOW_ATTENTION,16
2002.0,FIXED_WINDOW_ATTENTION,16
2002.5,FIXED_WINDOW_ATTENTION,16
2003.0,FIXED_WINDOW_ATTENTION,16
2003.5,FIXED_WINDOW_ATTENTION,16
2004.0,FIXED_WINDOW_ATTENTION,16
2004.5,FIXED_WINDOW_ATTENTION,16
2005.0,FIXED_WINDOW_ATTENTION,16
2005.5,FIXED_WINDOW_ATTENTION,16
2006.0,FIXED_WINDOW_ATTENTION,16
2006.5,FIXED_WINDOW_ATTENTION,16
2007.0,FIXED_WINDOW_ATTENTION,16
2007.5,FIXED_WINDOW_ATTENTION,16
2008.0,FIXED_WINDOW_ATTENTION,16
2008.5,FIXED_WINDOW_ATTENTION,16
2009.0,FIXED_WINDOW_ATTENTION,16
2009.5,FIXED_WINDOW_ATTENTION,16
2010.0,FIXED_WINDOW_ATTENTION,16
2010.5,FIXED_WINDOW_ATTENTION,16
2011.0,FIXED_WINDOW_ATTENTION,16
2011.5,FIXED_WINDOW_ATTENTION,16
2012.0,FIXED_WINDOW_ATTENTION,16
2012.5,FIXED_WINDOW_ATTENTION,16
2013.0,FIXED_WINDOW_ATTENTION,16
2013.5,FIXED_WINDOW_ATTENTION,16
2014.0,FIXED_WINDOW_ATTENTION,16
2014.5,FIXED_WINDOW_ATTENTION,16
2015.0,FIXED_WINDOW_ATTENTION,16
2015.5,FIXED_WINDOW_ATTENTION,16
2016.0,FIXED_WINDOW_ATTENTION,16
2016.5,FIXED_WINDOW_ATTENTION,16
2017.0,FIXED_WINDOW_ATTENTION,16
2017.5,FIXED_WINDOW_ATTENTION,16
2018.0,FIXED_WINDOW_ATTENTION,16
2018.5,FIXED_WINDOW_ATTENTION,16
2019.0,FIXED_WINDOW_ATTENTION,16
2019.5,FIXED_WINDOW_ATTENTION,16
2020.0,FIXED_WINDOW_ATTENTION,16
2020.5,FIXED_WINDOW_ATTENTION,16
2021.0,FIXED_WINDOW_ATTENTION,16
2021.5,FIXED_WINDOW_ATTENTION,16
2022.0,FIXED_WINDOW_ATTENTION,16
2022.5,FIXED_WINDOW_ATTENTION,16
2023.0,FIXED_WINDOW_ATTENTION,16
2023.5,FIXED_WINDOW_ATTENTION,16
2024.0,FIXED_WINDOW_ATTENTION,16
2024.5,FIXED_WINDOW_ATTENTION,16
2025.0,FIXED_WINDOW_ATTENTION,16
2025.5,FIXED_WINDOW_ATTENTION,16
2026.0,FIXED_WINDOW_ATTENTION,16
2026.5,FIXED_WINDOW_ATTENTION,16
2027.0,FIXED_WINDOW_ATTENTION,16
2027.5,FIXED_WINDOW_ATTENTION,16
2028.0,FIXED_WINDOW_ATTENTION,16
2028.5,FIXED_WINDOW_ATTENTION,16
2029.0,FIXED_WINDOW_ATTENTION,16
2029.5,FIXED_WINDOW_ATTENTION,16
2030.0,FIXED_WINDOW_ATTENTION,16
2030.5,FIXED_WINDOW_ATTENTION,16
2031.0,FIXED_WINDOW_ATTENTION,16
2031.5,FIXED_WINDOW_ATTENTION,16
2032.0,FIXED_WINDOW_ATTENTION,16
2032.5,FIXED_WINDOW_ATTENTION,16
2033.0,FIXED_WINDOW_ATTENTION,16
2033.5,FIXED_WINDOW_ATTENTION,16
2034.0,FIXED_WINDOW_ATTENTION,16
2034.5,FIXED_WINDOW_ATTENTION,16
2035.0,FIXED_WINDOW_ATTENTION,16
2035.5,FIXED_WINDOW_ATTENTION,16
2036.0,FIXED_WINDOW_ATTENTION,16
2036.5,FIXED_WINDOW_ATTENTION,16
2037.0,FIXED_WINDOW_ATTENTION,16
2037.5,FIXED_WINDOW_ATTENTION,16
2038.0,FIXED_WINDOW_ATTENTION,16
2038.5,FIXED_WINDOW_ATTENTION,16
2039.0,FIXED_WINDOW_ATTENTION,16
2039.5,FIXED_WINDOW_ATTENTION,16
2040.0,FIXED_WINDOW_ATTENTION,16
2040.5,FIXED_WINDOW_ATTENTION,16
2041.0,FIXED_WINDOW_ATTENTION,16
2041.5,FIXED_WINDOW_ATTENTION,16
2042.0,FIXED_WINDOW_ATTENTION,16
2042.5,FIXED_WINDOW_ATTENTION,16
2043.0,FIXED_WINDOW_ATTENTION,16
2043.5,FIXED_WINDOW_ATTENTION,16
2044.0,FIXED_WINDOW_ATTENTION,16
2044.5,FIXED_WINDOW_ATTENTION,16
2045.0,FIXED_WINDOW_ATTENTION,16
2045.5,FIXED_WINDOW_ATTENTION,16
2046.0,FIXED_WINDOW_ATTENTION,18
2046.5,FIXED_WINDOW_ATTENTION,18
2047.0,FIXED_WINDOW_ATTENTION,18
2047.5,FIXED_WINDOW_ATTENTION,18
2048.0,FIXED_WINDOW_ATTENTION,18
2048.5,FIXED_WINDOW_ATTENTION,18
2049.0,FIXED_WINDOW_ATTENTION,18
2049.5,FIXED_WINDOW_ATTENTION,18
2050.0,FIXED_WINDOW_ATTENTION,18
2050.5,FIXED_WINDOW_ATTENTION,18
2051.0,FIXED_WINDOW_ATTENTION,18
2051.5,FIXED_WINDOW_ATTENTION,18
2052.0,FIXED_WINDOW_ATTENTION,18
2052.5,FIXED_WINDOW_ATTENTION,18
2053.0,FIXED_WINDOW_ATTENTION,18
2053.5,FIXED_WINDOW_ATTENTION,18
2054.0,FIXED_WINDOW_ATTENTION,18
2054.5,FIXED_WINDOW_ATTENTION,18
2055.0,FIXED_WINDOW_ATTENTION,18
2055.5,FIXED_WINDOW_ATTENTION,18
2056.0,FIXED_WINDOW_ATTENTION,18
2056.5,FIXED_WINDOW_ATTENTION,18
2057.0,FIXED_WINDOW_ATTENTION,18
2057.5,FIXED_WINDOW_ATTENTION,18
2058.0,FIXED_WINDOW_ATTENTION,18
2058.5,FIXED_WINDOW_ATTENTION,18
2059.0,FIXED_WINDOW_ATTENTION,18
2059.5,FIXED_WINDOW_ATTENTION,18
2060.0,FIXED_WINDOW_ATTENTION,18
2060.5,FIXED_WINDOW_ATTENTION,18
2061.0,FIXED_WINDOW_ATTENTION,18
2061.5,FIXED_WINDOW_ATTENTION,18
2062.0,FIXED_WINDOW_ATTENTION,18
2062.5,FIXED_WINDOW_ATTENTION,18
2063.0,FIXED_WINDOW_ATTENTION,18
2063.5,FIXED_WINDOW_ATTENTION,18
2064.0,FIXED_WINDOW_ATTENTION,18
2064.5,FIXED_WINDOW_ATTENTION,18
2065.0,FIXED_WINDOW_ATTENTION,18
2065.5,FIXED_WINDOW_ATTENTION,18
2066.0,FIXED_WINDOW_ATTENTION,18
2066.5,FIXED_WINDOW_ATTENTION,18
2067.0,FIXED_WINDOW_ATTENTION,18
2067.5,FIXED_WINDOW_ATTENTION,18
2068.0,FIXED_WINDOW_ATTENTION,18
2068.5,FIXED_WINDOW_ATTENTION,18
2069.0,FIXED_WINDOW_ATTENTION,18
2069.5,FIXED_WINDOW_ATTENTION,18
2070.0,FIXED_WINDOW_ATTENTION,18
2070.5,FIXED_WINDOW_ATTENTION,18
2071.0,FIXED_WINDOW_ATTENTION,18
2071.5,FIXED_WINDOW_ATTENTION,18
2072.0,FIXED_WINDOW_ATTENTION,18
2072.5,FIXED_WINDOW_ATTENTION,18
2073.0,FIXED_WINDOW_ATTENTION,18
2073.5,FIXED_WINDOW_ATTENTION,18
2074.0,FIXED_WINDOW_ATTENTION,18
2074.5,FIXED_WINDOW_ATTENTION,18
2075.0,FIXED_WINDOW_ATTENTION,18
2075.5,FIXED_WINDOW_ATTENTION,18
2076.0,FIXED_WINDOW_ATTENTION,18
2076.5,FIXED_WINDOW_ATTENTION,18
2077.0,FIXED_WINDOW_ATTENTION,18
2077.5,FIXED_WINDOW_ATTENTION,18
2078.0,FIXED_WINDOW_ATTENTION,18
2078.5,FIXED_WINDOW_ATTENTION,18
2079.0,FIXED_WINDOW_ATTENTION,18
2079.5,FIXED_WINDOW_ATTENTION,18
2080.0,FIXED_WINDOW_ATTENTION,18
2080.5,FIXED_WINDOW_ATTENTION,18
2081.0,FIXED_WINDOW_ATTENTION,18
2081.5,FIXED_WINDOW_ATTENTION,18
2082.0,FIXED_WINDOW_ATTENTION,18
2082.5,FIXED_WINDOW_ATTENTION,18
2083.0,FIXED_WINDOW_ATTENTION,18
2083.5,FIXED_WINDOW_ATTENTION,18
2084.0,FIXED_WINDOW_ATTENTION,18
2084.5,FIXED_WINDOW_ATTENTION,18
2085.0,FIXED_WINDOW_ATTENTION,18
2085.5,FIXED_WINDOW_ATTENTION,18
2086.0,FIXED_WINDOW_ATTENTION,18
2086.5,FIXED_WINDOW_ATTENTION,18
2087.0,FIXED_WINDOW_ATTENTION,18
2087.5,FIXED_WINDOW_ATTENTION,18
2088.0,FIXED_WINDOW_ATTENTION,18
2088.5,FIXED_WINDOW_ATTENTION,18
2089.0,FIXED_WINDOW_ATTENTION,18
2089.5,FIXED_WINDOW_ATTENTION,18
2090.0,FIXED_WINDOW_ATTENTION,18
2090.5,FIXED_WINDOW_ATTENTION,18
2091.0,FIXED_WINDOW_ATTENTION,18
2091.5,FIXED_WINDOW_ATTENTION,18
2092.0,FIXED_WINDOW_ATTENTION,18
2092.5,FIXED_WINDOW_ATTENTION,18
2093.0,FIXED_WINDOW_ATTENTION,18
2093.5,FIXED_WINDOW_ATTENTION,18
2094.0,FIXED_WINDOW_ATTENTION,18
2094.5,FIXED_WINDOW_ATTENTION,18
2095.0,FIXED_WINDOW_ATTENTION,18
2095.5,FIXED_WINDOW_ATTENTION,18
2096.0,FIXED_WINDOW_ATTENTION,18
2096.5,FIXED_WINDOW_ATTENTION,18
2097.0,FIXED_WINDOW_ATTENTION,18
2097.5,FIXED_WINDOW_ATTENTION,18
2098.0,FIXED_WINDOW_ATTENTION,18
2098.5,FIXED_WINDOW_ATTENTION,18
2099.0,FIXED_WINDOW_ATTENTION,18
2099.5,FIXED_WINDOW_ATTENTION,18
2100.0,FIXED_WINDOW_ATTENTION,18
2100.5,FIXED_WINDOW_ATTENTION,18
2101.0,FIXED_WINDOW_ATTENTION,18
2101.5,FIXED_WINDOW_ATTENTION,18
2102.0,FIXED_WINDOW_ATTENTION,18
2102.5,FIXED_WINDOW_ATTENTION,18
2103.0,FIXED_WINDOW_ATTENTION,18
2103.5,FIXED_WINDOW_ATTENTION,18
2104.0,FIXED_WINDOW_ATTENTION,18
2104.5,FIXED_WINDOW_ATTENTION,18
2105.0,FIXED_WINDOW_ATTENTION,18
2105.5,FIXED_WINDOW_ATTENTION,18
2106.0,FIXED_WINDOW_ATTENTION,18
2106.5,FIXED_WINDOW_ATTENTION,18
2107.0,FIXED_WINDOW_ATTENTION,18
2107.5,FIXED_WINDOW_ATTENTION,18
2108.0,FIXED_WINDOW_ATTENTION,18
2108.5,FIXED_WINDOW_ATTENTION,18
2109.0,FIXED_WINDOW_ATTENTION,18
2109.5,FIXED_WINDOW_ATTENTION,18
2110.0,FIXED_WINDOW_ATTENTION,18
2110.5,FIXED_WINDOW_ATTENTION,18
2111.0,FIXED_WINDOW_ATTENTION,18
2111.5,FIXED_WINDOW_ATTENTION,18
2112.0,FIXED_WINDOW_ATTENTION,18
2112.5,FIXED_WINDOW_ATTENTION,18
2113.0,FIXED_WINDOW_ATTENTION,18
2113.5,FIXED_WINDOW_ATTENTION,18
2114.0,FIXED_WINDOW_ATTENTION,18
2114.5,FIXED_WINDOW_ATTENTION,18
2115.0,FIXED_WINDOW_ATTENTION,18
2115.5,FIXED_WINDOW_ATTENTION,18
2116.0,FIXED_WINDOW_ATTENTION,18
2116.5,FIXED_WINDOW_ATTENTION,18
2117.0,FIXED_WINDOW_ATTENTION,18
2117.5,FIXED_WINDOW_ATTENTION,18
2118.0,FIXED_WINDOW_ATTENTION,18
2118.5,FIXED_WINDOW_ATTENTION,18
2119.0,FIXED_WINDOW_ATTENTION,18
2119.5,FIXED_WINDOW_ATTENTION,18
2120.0,FIXED_WINDOW_ATTENTION,18
2120.5,FIXED_WINDOW_ATTENTION,18
2121.0,FIXED_WINDOW_ATTENTION,18
2121.5,FIXED_WINDOW_ATTENTION,18
2122.0,FIXED_WINDOW_ATTENTION,18
2122.5,FIXED_WINDOW_ATTENTION,18
2123.0,FIXED_WINDOW_ATTENTION,18
2123.5,FIXED_WINDOW_ATTENTION,18
2124.0,FIXED_WINDOW_ATTENTION,18
2124.5,FIXED_WINDOW_ATTENTION,18
2125.0,FIXED_WINDOW_ATTENTION,18
2125.5,FIXED_WINDOW_ATTENTION,18
2126.0,FIXED_WINDOW_ATTENTION,18
2126.5,FIXED_WINDOW_ATTENTION,18
2127.0,FIXED_WINDOW_ATTENTION,18
2127.5,FIXED_WINDOW_ATTENTION,18
2128.0,FIXED_WINDOW_ATTENTION,18
2128.5,FIXED_WINDOW_ATTENTION,18
2129.0,FIXED_WINDOW_ATTENTION,18
2129.5,FIXED_WINDOW_ATTENTION,18
2130.0,FIXED_WINDOW_ATTENTION,18
2130.5,FIXED_WINDOW_ATTENTION,18
2131.0,FIXED_WINDOW_ATTENTION,18
2131.5,FIXED_WINDOW_ATTENTION,18
2132.0,FIXED_WINDOW_ATTENTION,18
2132.5,FIXED_WINDOW_ATTENTION,18
2133.0,FIXED_WINDOW_ATTENTION,18
2133.5,FIXED_WINDOW_ATTENTION,18
2134.0,FIXED_WINDOW_ATTENTION,18
2134.5,FIXED_WINDOW_ATTENTION,18
2135.0,FIXED_WINDOW_ATTENTION,18
2135.5,FIXED_WINDOW_ATTENTION,18
2136.0,FIXED_WINDOW_ATTENTION,18
2136.5,FIXED_WINDOW_ATTENTION,18
2137.0,FIXED_WINDOW_ATTENTION,18
2137.5,FIXED_WINDOW_ATTENTION,18
2138.0,FIXED_WINDOW_ATTENTION,18
2138.5,FIXED_WINDOW_ATTENTION,18
2139.0,FIXED_WINDOW_ATTENTION,18
2139.5,FIXED_WINDOW_ATTENTION,18
2140.0,FIXED_WINDOW_ATTENTION,18
2140.5,FIXED_WINDOW_ATTENTION,18
2141.0,FIXED_WINDOW_ATTENTION,18
2141.5,FIXED_WINDOW_ATTENTION,18
2142.0,FIXED_WINDOW_ATTENTION,18
2142.5,FIXED_WINDOW_ATTENTION,18
2143.0,FIXED_WINDOW_ATTENTION,18
2143.5,FIXED_WINDOW_ATTENTION,18
2144.0,FIXED_WINDOW_ATTENTION,18
2144.5,FIXED_WINDOW_ATTENTION,18
2145.0,FIXED_WINDOW_ATTENTION,18
2145.5,FIXED_WINDOW_ATTENTION,18
2146.0,FIXED_WINDOW_ATTENTION,18
2146.5,FIXED_WINDOW_ATTENTION,18
2147.0,FIXED_WINDOW_ATTENTION,18
2147.5,FIXED_WINDOW_ATTENTION,18
2148.0,FIXED_WINDOW_ATTENTION,18
2148.5,FIXED_WINDOW_ATTENTION,18
2149.0,FIXED_WINDOW_ATTENTION,18
2149.5,FIXED_WINDOW_ATTENTION,18
2150.0,FIXED_WINDOW_ATTENTION,18
2150.5,FIXED_WINDOW_ATTENTION,18
2151.0,FIXED_WINDOW_ATTENTION,18
2151.5,FIXED_WINDOW_ATTENTION,18
2152.0,FIXED_WINDOW_ATTENTION,18
2152.5,FIXED_WINDOW_ATTENTION,18
2153.0,FIXED_WINDOW_ATTENTION,18
2153.5,FIXED_WINDOW_ATTENTION,18
2154.0,FIXED_WINDOW_ATTENTION,18
2154.5,FIXED_WINDOW_ATTENTION,18
2155.0,FIXED_WINDOW_ATTENTION,18
2155.5,FIXED_WINDOW_ATTENTION,18
2156.0,FIXED_WINDOW_ATTENTION,18
2156.5,FIXED_WINDOW_ATTENTION,18
2157.0,FIXED_WINDOW_ATTENTION,18
2157.5,FIXED_WINDOW_ATTENTION,18
2158.0,FIXED_WINDOW_ATTENTION,18
2158.5,FIXED_WINDOW_ATTENTION,18
2159.0,FIXED_WINDOW_ATTENTION,18
2159.5,FIXED_WINDOW_ATTENTION,18
2160.0,FIXED_WINDOW_ATTENTION,18
2160.5,FIXED_WINDOW_ATTENTION,18
2161.0,FIXED_WINDOW_ATTENTION,18
2161.5,FIXED_WINDOW_ATTENTION,18
2162.0,FIXED_WINDOW_ATTENTION,18
2162.5,FIXED_WINDOW_ATTENTION,18
2163.0,FIXED_WINDOW_ATTENTION,18
2163.5,FIXED_WINDOW_ATTENTION,18
2164.0,FIXED_WINDOW_ATTENTION,18
2164.5,FIXED_WINDOW_ATTENTION,18
2165.0,FIXED_WINDOW_ATTENTION,18
0.5,FINAL_MODEL,18
1.0,FINAL_MODEL,18
1.5,FINAL_MODEL,18
2.0,FINAL_MODEL,18
2.5,FINAL_MODEL,18
3.0,FINAL_MODEL,18
3.5,FINAL_MODEL,18
4.0,FINAL_MODEL,18
4.5,FINAL_MODEL,0
5.0,FINAL_MODEL,0
5.5,FINAL_MODEL,0
6.0,FINAL_MODEL,0
6.5,FINAL_MODEL,0
7.0,FINAL_MODEL,0
7.5,FINAL_MODEL,0
8.0,FINAL_MODEL,0
8.5,FINAL_MODEL,0
9.0,FINAL_MODEL,0
9.5,FINAL_MODEL,0
10.0,FINAL_MODEL,0
10.5,FINAL_MODEL,0
11.0,FINAL_MODEL,0
11.5,FINAL_MODEL,0
12.0,FINAL_MODEL,0
12.5,FINAL_MODEL,0
13.0,FINAL_MODEL,0
13.5,FINAL_MODEL,0
14.0,FINAL_MODEL,0
14.5,FINAL_MODEL,0
15.0,FINAL_MODEL,0
15.5,FINAL_MODEL,0
16.0,FINAL_MODEL,0
16.5,FINAL_MODEL,0
17.0,FINAL_MODEL,0
17.5,FINAL_MODEL,0
18.0,FINAL_MODEL,0
18.5,FINAL_MODEL,0
19.0,FINAL_MODEL,0
19.5,FINAL_MODEL,0
20.0,FINAL_MODEL,0
20.5,FINAL_MODEL,0
21.0,FINAL_MODEL,0
21.5,FINAL_MODEL,0
22.0,FINAL_MODEL,0
22.5,FINAL_MODEL,0
23.0,FINAL_MODEL,0
23.5,FINAL_MODEL,0
24.0,FINAL_MODEL,0
24.5,FINAL_MODEL,0
25.0,FINAL_MODEL,0
25.5,FINAL_MODEL,0
26.0,FINAL_MODEL,0
26.5,FINAL_MODEL,0
27.0,FINAL_MODEL,0
27.5,FINAL_MODEL,0
28.0,FINAL_MODEL,0
28.5,FINAL_MODEL,0
29.0,FINAL_MODEL,0
29.5,FINAL_MODEL,0
30.0,FINAL_MODEL,0
30.5,FINAL_MODEL,0
31.0,FINAL_MODEL,0
31.5,FINAL_MODEL,0
32.0,FINAL_MODEL,0
32.5,FINAL_MODEL,0
33.0,FINAL_MODEL,0
33.5,FINAL_MODEL,0
34.0,FINAL_MODEL,0
34.5,FINAL_MODEL,0
35.0,FINAL_MODEL,0
35.5,FINAL_MODEL,0
36.0,FINAL_MODEL,0
36.5,FINAL_MODEL,0
37.0,FINAL_MODEL,0
37.5,FINAL_MODEL,0
38.0,FINAL_MODEL,0
38.5,FINAL_MODEL,0
39.0,FINAL_MODEL,0
39.5,FINAL_MODEL,0
40.0,FINAL_MODEL,0
40.5,FINAL_MODEL,0
41.0,FINAL_MODEL,0
41.5,FINAL_MODEL,0
42.0,FINAL_MODEL,0
42.5,FINAL_MODEL,0
43.0,FINAL_MODEL,0
43.5,FINAL_MODEL,0
44.0,FINAL_MODEL,0
44.5,FINAL_MODEL,0
45.0,FINAL_MODEL,0
45.5,FINAL_MODEL,0
46.0,FINAL_MODEL,0
46.5,FINAL_MODEL,0
47.0,FINAL_MODEL,0
47.5,FINAL_MODEL,0
48.0,FINAL_MODEL,0
48.5,FINAL_MODEL,0
49.0,FINAL_MODEL,0
49.5,FINAL_MODEL,0
50.0,FINAL_MODEL,0
50.5,FINAL_MODEL,0
51.0,FINAL_MODEL,0
51.5,FINAL_MODEL,0
52.0,FINAL_MODEL,0
52.5,FINAL_MODEL,0
53.0,FINAL_MODEL,0
53.5,FINAL_MODEL,0
54.0,FINAL_MODEL,0
54.5,FINAL_MODEL,0
55.0,FINAL_MODEL,0
55.5,FINAL_MODEL,0
56.0,FINAL_MODEL,0
56.5,FINAL_MODEL,0
57.0,FINAL_MODEL,0
57.5,FINAL_MODEL,0
58.0,FINAL_MODEL,0
58.5,FINAL_MODEL,0
59.0,FINAL_MODEL,0
59.5,FINAL_MODEL,0
60.0,FINAL_MODEL,0
60.5,FINAL_MODEL,0
61.0,FINAL_MODEL,0
61.5,FINAL_MODEL,0
62.0,FINAL_MODEL,0
62.5,FINAL_MODEL,0
63.0,FINAL_MODEL,0
63.5,FINAL_MODEL,0
64.0,FINAL_MODEL,0
64.5,FINAL_MODEL,0
65.0,FINAL_MODEL,0
65.5,FINAL_MODEL,0
66.0,FINAL_MODEL,0
66.5,FINAL_MODEL,0
67.0,FINAL_MODEL,0
67.5,FINAL_MODEL,0
68.0,FINAL_MODEL,0
68.5,FINAL_MODEL,0
69.0,FINAL_MODEL,0
69.5,FINAL_MODEL,0
70.0,FINAL_MODEL,0
70.5,FINAL_MODEL,0
71.0,FINAL_MODEL,0
71.5,FINAL_MODEL,0
72.0,FINAL_MODEL,0
72.5,FINAL_MODEL,0
73.0,FINAL_MODEL,0
73.5,FINAL_MODEL,0
74.0,FINAL_MODEL,0
74.5,FINAL_MODEL,0
75.0,FINAL_MODEL,0
75.5,FINAL_MODEL,0
76.0,FINAL_MODEL,0
76.5,FINAL_MODEL,0
77.0,FINAL_MODEL,0
77.5,FINAL_MODEL,0
78.0,FINAL_MODEL,0
78.5,FINAL_MODEL,0
79.0,FINAL_MODEL,0
79.5,FINAL_MODEL,0
80.0,FINAL_MODEL,0
80.5,FINAL_MODEL,0
81.0,FINAL_MODEL,0
81.5,FINAL_MODEL,0
82.0,FINAL_MODEL,0
82.5,FINAL_MODEL,0
83.0,FINAL_MODEL,0
83.5,FINAL_MODEL,0
84.0,FINAL_MODEL,0
84.5,FINAL_MODEL,0
85.0,FINAL_MODEL,0
85.5,FINAL_MODEL,0
86.0,FINAL_MODEL,0
86.5,FINAL_MODEL,16
87.0,FINAL_MODEL,16
87.5,FINAL_MODEL,16
88.0,FINAL_MODEL,16
88.5,FINAL_MODEL,16
89.0,FINAL_MODEL,16
89.5,FINAL_MODEL,16
90.0,FINAL_MODEL,16
90.5,FINAL_MODEL,16
91.0,FINAL_MODEL,16
91.5,FINAL_MODEL,16
92.0,FINAL_MODEL,16
92.5,FINAL_MODEL,16
93.0,FINAL_MODEL,16
93.5,FINAL_MODEL,16
94.0,FINAL_MODEL,16
94.5,FINAL_MODEL,16
95.0,FINAL_MODEL,16
95.5,FINAL_MODEL,16
96.0,FINAL_MODEL,16
96.5,FINAL_MODEL,16
97.0,FINAL_MODEL,16
97.5,FINAL_MODEL,16
98.0,FINAL_MODEL,16
98.5,FINAL_MODEL,16
99.0,FINAL_MODEL,16
99.5,FINAL_MODEL,16
100.0,FINAL_MODEL,16
100.5,FINAL_MODEL,16
101.0,FINAL_MODEL,16
101.5,FINAL_MODEL,16
102.0,FINAL_MODEL,16
102.5,FINAL_MODEL,16
103.0,FINAL_MODEL,16
103.5,FINAL_MODEL,16
104.0,FINAL_MODEL,16
104.5,FINAL_MODEL,16
105.0,FINAL_MODEL,16
105.5,FINAL_MODEL,16
106.0,FINAL_MODEL,16
106.5,FINAL_MODEL,16
107.0,FINAL_MODEL,16
107.5,FINAL_MODEL,16
108.0,FINAL_MODEL,16
108.5,FINAL_MODEL,16
109.0,FINAL_MODEL,16
109.5,FINAL_MODEL,16
110.0,FINAL_MODEL,16
110.5,FINAL_MODEL,16
111.0,FINAL_MODEL,16
111.5,FINAL_MODEL,16
112.0,FINAL_MODEL,16
112.5,FINAL_MODEL,16
113.0,FINAL_MODEL,16
113.5,FINAL_MODEL,16
114.0,FINAL_MODEL,16
114.5,FINAL_MODEL,16
115.0,FINAL_MODEL,16
115.5,FINAL_MODEL,16
116.0,FINAL_MODEL,16
116.5,FINAL_MODEL,16
117.0,FINAL_MODEL,16
117.5,FINAL_MODEL,16
118.0,FINAL_MODEL,16
118.5,FINAL_MODEL,16
119.0,FINAL_MODEL,16
119.5,FINAL_MODEL,16
120.0,FINAL_MODEL,16
120.5,FINAL_MODEL,16
121.0,FINAL_MODEL,16
121.5,FINAL_MODEL,16
122.0,FINAL_MODEL,16
122.5,FINAL_MODEL,16
123.0,FINAL_MODEL,16
123.5,FINAL_MODEL,16
124.0,FINAL_MODEL,16
124.5,FINAL_MODEL,16
125.0,FINAL_MODEL,16
125.5,FINAL_MODEL,16
126.0,FINAL_MODEL,16
126.5,FINAL_MODEL,16
127.0,FINAL_MODEL,16
127.5,FINAL_MODEL,16
128.0,FINAL_MODEL,16
128.5,FINAL_MODEL,16
129.0,FINAL_MODEL,16
129.5,FINAL_MODEL,16
130.0,FINAL_MODEL,16
130.5,FINAL_MODEL,16
131.0,FINAL_MODEL,16
131.5,FINAL_MODEL,16
132.0,FINAL_MODEL,16
132.5,FINAL_MODEL,16
133.0,FINAL_MODEL,16
133.5,FINAL_MODEL,16
134.0,FINAL_MODEL,16
134.5,FINAL_MODEL,16
135.0,FINAL_MODEL,16
135.5,FINAL_MODEL,16
136.0,FINAL_MODEL,16
136.5,FINAL_MODEL,16
137.0,FINAL_MODEL,16
137.5,FINAL_MODEL,16
138.0,FINAL_MODEL,16
138.5,FINAL_MODEL,16
139.0,FINAL_MODEL,16
139.5,FINAL_MODEL,16
140.0,FINAL_MODEL,16
140.5,FINAL_MODEL,16
141.0,FINAL_MODEL,16
141.5,FINAL_MODEL,16
142.0,FINAL_MODEL,16
142.5,FINAL_MODEL,16
143.0,FINAL_MODEL,16
143.5,FINAL_MODEL,16
144.0,FINAL_MODEL,16
144.5,FINAL_MODEL,16
145.0,FINAL_MODEL,16
145.5,FINAL_MODEL,16
146.0,FINAL_MODEL,16
146.5,FINAL_MODEL,16
147.0,FINAL_MODEL,16
147.5,FINAL_MODEL,16
148.0,FINAL_MODEL,16
148.5,FINAL_MODEL,16
149.0,FINAL_MODEL,16
149.5,FINAL_MODEL,16
150.0,FINAL_MODEL,16
150.5,FINAL_MODEL,16
151.0,FINAL_MODEL,16
151.5,FINAL_MODEL,16
152.0,FINAL_MODEL,16
152.5,FINAL_MODEL,16
153.0,FINAL_MODEL,16
153.5,FINAL_MODEL,16
154.0,FINAL_MODEL,16
154.5,FINAL_MODEL,16
155.0,FINAL_MODEL,16
155.5,FINAL_MODEL,16
156.0,FINAL_MODEL,16
156.5,FINAL_MODEL,16
157.0,FINAL_MODEL,16
157.5,FINAL_MODEL,16
158.0,FINAL_MODEL,16
158.5,FINAL_MODEL,16
159.0,FINAL_MODEL,16
159.5,FINAL_MODEL,16
160.0,FINAL_MODEL,16
160.5,FINAL_MODEL,16
161.0,FINAL_MODEL,16
161.5,FINAL_MODEL,16
162.0,FINAL_MODEL,16
162.5,FINAL_MODEL,16
163.0,FINAL_MODEL,16
163.5,FINAL_MODEL,16
164.0,FINAL_MODEL,16
164.5,FINAL_MODEL,16
165.0,FINAL_MODEL,16
165.5,FINAL_MODEL,16
166.0,FINAL_MODEL,16
166.5,FINAL_MODEL,16
167.0,FINAL_MODEL,16
167.5,FINAL_MODEL,16
168.0,FINAL_MODEL,16
168.5,FINAL_MODEL,16
169.0,FINAL_MODEL,16
169.5,FINAL_MODEL,16
170.0,FINAL_MODEL,16
170.5,FINAL_MODEL,16
171.0,FINAL_MODEL,16
171.5,FINAL_MODEL,16
172.0,FINAL_MODEL,16
172.5,FINAL_MODEL,16
173.0,FINAL_MODEL,16
173.5,FINAL_MODEL,16
174.0,FINAL_MODEL,16
174.5,FINAL_MODEL,16
175.0,FINAL_MODEL,16
175.5,FINAL_MODEL,16
176.0,FINAL_MODEL,16
176.5,FINAL_MODEL,16
177.0,FINAL_MODEL,16
177.5,FINAL_MODEL,16
178.0,FINAL_MODEL,16
178.5,FINAL_MODEL,16
179.0,FINAL_MODEL,16
179.5,FINAL_MODEL,16
180.0,FINAL_MODEL,16
180.5,FINAL_MODEL,16
181.0,FINAL_MODEL,16
181.5,FINAL_MODEL,16
182.0,FINAL_MODEL,16
182.5,FINAL_MODEL,16
183.0,FINAL_MODEL,16
183.5,FINAL_MODEL,16
184.0,FINAL_MODEL,16
184.5,FINAL_MODEL,16
185.0,FINAL_MODEL,16
185.5,FINAL_MODEL,16
186.0,FINAL_MODEL,16
186.5,FINAL_MODEL,16
187.0,FINAL_MODEL,16
187.5,FINAL_MODEL,16
188.0,FINAL_MODEL,16
188.5,FINAL_MODEL,16
189.0,FINAL_MODEL,16
189.5,FINAL_MODEL,16
190.0,FINAL_MODEL,16
190.5,FINAL_MODEL,16
191.0,FINAL_MODEL,16
191.5,FINAL_MODEL,16
192.0,FINAL_MODEL,16
192.5,FINAL_MODEL,16
193.0,FINAL_MODEL,16
193.5,FINAL_MODEL,16
194.0,FINAL_MODEL,16
194.5,FINAL_MODEL,16
195.0,FINAL_MODEL,16
195.5,FINAL_MODEL,16
196.0,FINAL_MODEL,16
196.5,FINAL_MODEL,16
197.0,FINAL_MODEL,18
197.5,FINAL_MODEL,18
198.0,FINAL_MODEL,18
198.5,FINAL_MODEL,18
199.0,FINAL_MODEL,18
199.5,FINAL_MODEL,18
200.0,FINAL_MODEL,18
200.5,FINAL_MODEL,18
201.0,FINAL_MODEL,18
201.5,FINAL_MODEL,18
202.0,FINAL_MODEL,18
202.5,FINAL_MODEL,18
203.0,FINAL_MODEL,18
203.5,FINAL_MODEL,18
204.0,FINAL_MODEL,18
204.5,FINAL_MODEL,18
205.0,FINAL_MODEL,18
205.5,FINAL_MODEL,18
206.0,FINAL_MODEL,18
206.5,FINAL_MODEL,18
207.0,FINAL_MODEL,18
207.5,FINAL_MODEL,18
208.0,FINAL_MODEL,18
208.5,FINAL_MODEL,18
209.0,FINAL_MODEL,18
209.5,FINAL_MODEL,18
210.0,FINAL_MODEL,18
210.5,FINAL_MODEL,18
211.0,FINAL_MODEL,2
211.5,FINAL_MODEL,2
212.0,FINAL_MODEL,2
212.5,FINAL_MODEL,2
213.0,FINAL_MODEL,2
213.5,FINAL_MODEL,2
214.0,FINAL_MODEL,2
214.5,FINAL_MODEL,2
215.0,FINAL_MODEL,2
215.5,FINAL_MODEL,2
216.0,FINAL_MODEL,2
216.5,FINAL_MODEL,2
217.0,FINAL_MODEL,2
217.5,FINAL_MODEL,2
218.0,FINAL_MODEL,2
218.5,FINAL_MODEL,2
219.0,FINAL_MODEL,2
219.5,FINAL_MODEL,2
220.0,FINAL_MODEL,2
220.5,FINAL_MODEL,2
221.0,FINAL_MODEL,2
221.5,FINAL_MODEL,2
222.0,FINAL_MODEL,2
222.5,FINAL_MODEL,2
223.0,FINAL_MODEL,2
223.5,FINAL_MODEL,2
224.0,FINAL_MODEL,2
224.5,FINAL_MODEL,2
225.0,FINAL_MODEL,2
225.5,FINAL_MODEL,2
226.0,FINAL_MODEL,2
226.5,FINAL_MODEL,2
227.0,FINAL_MODEL,2
227.5,FINAL_MODEL,2
228.0,FINAL_MODEL,2
228.5,FINAL_MODEL,2
229.0,FINAL_MODEL,2
229.5,FINAL_MODEL,2
230.0,FINAL_MODEL,2
230.5,FINAL_MODEL,2
231.0,FINAL_MODEL,2
231.5,FINAL_MODEL,2
232.0,FINAL_MODEL,2
232.5,FINAL_MODEL,2
233.0,FINAL_MODEL,2
233.5,FINAL_MODEL,2
234.0,FINAL_MODEL,2
234.5,FINAL_MODEL,2
235.0,FINAL_MODEL,2
235.5,FINAL_MODEL,2
236.0,FINAL_MODEL,2
236.5,FINAL_MODEL,2
237.0,FINAL_MODEL,2
237.5,FINAL_MODEL,2
238.0,FINAL_MODEL,2
238.5,FINAL_MODEL,2
239.0,FINAL_MODEL,2
239.5,FINAL_MODEL,2
240.0,FINAL_MODEL,2
240.5,FINAL_MODEL,2
241.0,FINAL_MODEL,2
241.5,FINAL_MODEL,2
242.0,FINAL_MODEL,2
242.5,FINAL_MODEL,2
243.0,FINAL_MODEL,2
243.5,FINAL_MODEL,2
244.0,FINAL_MODEL,2
244.5,FINAL_MODEL,2
245.0,FINAL_MODEL,2
245.5,FINAL_MODEL,2
246.0,FINAL_MODEL,2
246.5,FINAL_MODEL,2
247.0,FINAL_MODEL,2
247.5,FINAL_MODEL,2
248.0,FINAL_MODEL,2
248.5,FINAL_MODEL,2
249.0,FINAL_MODEL,2
249.5,FINAL_MODEL,2
250.0,FINAL_MODEL,2
250.5,FINAL_MODEL,2
251.0,FINAL_MODEL,2
251.5,FINAL_MODEL,2
252.0,FINAL_MODEL,2
252.5,FINAL_MODEL,2
253.0,FINAL_MODEL,2
253.5,FINAL_MODEL,2
254.0,FINAL_MODEL,2
254.5,FINAL_MODEL,2
255.0,FINAL_MODEL,2
255.5,FINAL_MODEL,2
256.0,FINAL_MODEL,2
256.5,FINAL_MODEL,2
257.0,FINAL_MODEL,2
257.5,FINAL_MODEL,2
258.0,FINAL_MODEL,2
258.5,FINAL_MODEL,2
259.0,FINAL_MODEL,2
259.5,FINAL_MODEL,2
260.0,FINAL_MODEL,2
260.5,FINAL_MODEL,2
261.0,FINAL_MODEL,2
261.5,FINAL_MODEL,2
262.0,FINAL_MODEL,2
262.5,FINAL_MODEL,2
263.0,FINAL_MODEL,2
263.5,FINAL_MODEL,2
264.0,FINAL_MODEL,2
264.5,FINAL_MODEL,2
265.0,FINAL_MODEL,2
265.5,FINAL_MODEL,2
266.0,FINAL_MODEL,2
266.5,FINAL_MODEL,2
267.0,FINAL_MODEL,2
267.5,FINAL_MODEL,2
268.0,FINAL_MODEL,2
268.5,FINAL_MODEL,2
269.0,FINAL_MODEL,2
269.5,FINAL_MODEL,2
270.0,FINAL_MODEL,2
270.5,FINAL_MODEL,2
271.0,FINAL_MODEL,2
271.5,FINAL_MODEL,2
272.0,FINAL_MODEL,2
272.5,FINAL_MODEL,2
273.0,FINAL_MODEL,2
273.5,FINAL_MODEL,2
274.0,FINAL_MODEL,2
274.5,FINAL_MODEL,2
275.0,FINAL_MODEL,2
275.5,FINAL_MODEL,2
276.0,FINAL_MODEL,2
276.5,FINAL_MODEL,2
277.0,FINAL_MODEL,2
277.5,FINAL_MODEL,2
278.0,FINAL_MODEL,2
278.5,FINAL_MODEL,2
279.0,FINAL_MODEL,2
279.5,FINAL_MODEL,2
280.0,FINAL_MODEL,2
280.5,FINAL_MODEL,2
281.0,FINAL_MODEL,2
281.5,FINAL_MODEL,2
282.0,FINAL_MODEL,2
282.5,FINAL_MODEL,2
283.0,FINAL_MODEL,2
283.5,FINAL_MODEL,2
284.0,FINAL_MODEL,2
284.5,FINAL_MODEL,2
285.0,FINAL_MODEL,2
285.5,FINAL_MODEL,2
286.0,FINAL_MODEL,2
286.5,FINAL_MODEL,2
287.0,FINAL_MODEL,2
287.5,FINAL_MODEL,2
288.0,FINAL_MODEL,2
288.5,FINAL_MODEL,2
289.0,FINAL_MODEL,2
289.5,FINAL_MODEL,2
290.0,FINAL_MODEL,2
290.5,FINAL_MODEL,2
291.0,FINAL_MODEL,2
291.5,FINAL_MODEL,2
292.0,FINAL_MODEL,2
292.5,FINAL_MODEL,2
293.0,FINAL_MODEL,2
293.5,FINAL_MODEL,2
294.0,FINAL_MODEL,2
294.5,FINAL_MODEL,2
295.0,FINAL_MODEL,2
295.5,FINAL_MODEL,2
296.0,FINAL_MODEL,2
296.5,FINAL_MODEL,2
297.0,FINAL_MODEL,2
297.5,FINAL_MODEL,2
298.0,FINAL_MODEL,2
298.5,FINAL_MODEL,2
299.0,FINAL_MODEL,2
299.5,FINAL_MODEL,2
300.0,FINAL_MODEL,2
300.5,FINAL_MODEL,2
301.0,FINAL_MODEL,2
301.5,FINAL_MODEL,2
302.0,FINAL_MODEL,18
302.5,FINAL_MODEL,18
303.0,FINAL_MODEL,18
303.5,FINAL_MODEL,18
304.0,FINAL_MODEL,18
304.5,FINAL_MODEL,18
305.0,FINAL_MODEL,18
305.5,FINAL_MODEL,18
306.0,FINAL_MODEL,18
306.5,FINAL_MODEL,18
307.0,FINAL_MODEL,18
307.5,FINAL_MODEL,18
308.0,FINAL_MODEL,18
308.5,FINAL_MODEL,18
309.0,FINAL_MODEL,18
309.5,FINAL_MODEL,18
310.0,FINAL_MODEL,18
310.5,FINAL_MODEL,18
311.0,FINAL_MODEL,18
311.5,FINAL_MODEL,18
312.0,FINAL_MODEL,18
312.5,FINAL_MODEL,18
313.0,FINAL_MODEL,18
313.5,FINAL_MODEL,18
314.0,FINAL_MODEL,18
314.5,FINAL_MODEL,18
315.0,FINAL_MODEL,18
315.5,FINAL_MODEL,18
316.0,FINAL_MODEL,18
316.5,FINAL_MODEL,18
317.0,FINAL_MODEL,18
317.5,FINAL_MODEL,18
318.0,FINAL_MODEL,18
318.5,FINAL_MODEL,18
319.0,FINAL_MODEL,18
319.5,FINAL_MODEL,18
320.0,FINAL_MODEL,18
320.5,FINAL_MODEL,18
321.0,FINAL_MODEL,18
321.5,FINAL_MODEL,18
322.0,FINAL_MODEL,18
322.5,FINAL_MODEL,18
323.0,FINAL_MODEL,18
323.5,FINAL_MODEL,18
324.0,FINAL_MODEL,18
324.5,FINAL_MODEL,18
325.0,FINAL_MODEL,18
325.5,FINAL_MODEL,18
326.0,FINAL_MODEL,18
326.5,FINAL_MODEL,18
327.0,FINAL_MODEL,18
327.5,FINAL_MODEL,18
328.0,FINAL_MODEL,18
328.5,FINAL_MODEL,18
329.0,FINAL_MODEL,18
329.5,FINAL_MODEL,18
330.0,FINAL_MODEL,18
330.5,FINAL_MODEL,18
331.0,FINAL_MODEL,18
331.5,FINAL_MODEL,18
332.0,FINAL_MODEL,18
332.5,FINAL_MODEL,18
333.0,FINAL_MODEL,18
333.5,FINAL_MODEL,18
334.0,FINAL_MODEL,18
334.5,FINAL_MODEL,18
335.0,FINAL_MODEL,18
335.5,FINAL_MODEL,18
336.0,FINAL_MODEL,18
336.5,FINAL_MODEL,18
337.0,FINAL_MODEL,18
337.5,FINAL_MODEL,18
338.0,FINAL_MODEL,18
338.5,FINAL_MODEL,18
339.0,FINAL_MODEL,18
339.5,FINAL_MODEL,18
340.0,FINAL_MODEL,18
340.5,FINAL_MODEL,18
341.0,FINAL_MODEL,18
341.5,FINAL_MODEL,18
342.0,FINAL_MODEL,18
342.5,FINAL_MODEL,18
343.0,FINAL_MODEL,18
343.5,FINAL_MODEL,18
344.0,FINAL_MODEL,18
344.5,FINAL_MODEL,18
345.0,FINAL_MODEL,18
345.5,FINAL_MODEL,18
346.0,FINAL_MODEL,18
346.5,FINAL_MODEL,18
347.0,FINAL_MODEL,18
347.5,FINAL_MODEL,18
348.0,FINAL_MODEL,18
348.5,FINAL_MODEL,18
349.0,FINAL_MODEL,18
349.5,FINAL_MODEL,18
350.0,FINAL_MODEL,18
350.5,FINAL_MODEL,18
351.0,FINAL_MODEL,18
351.5,FINAL_MODEL,18
352.0,FINAL_MODEL,18
352.5,FINAL_MODEL,18
353.0,FINAL_MODEL,18
353.5,FINAL_MODEL,18
354.0,FINAL_MODEL,18
354.5,FINAL_MODEL,18
355.0,FINAL_MODEL,18
355.5,FINAL_MODEL,18
356.0,FINAL_MODEL,18
356.5,FINAL_MODEL,18
357.0,FINAL_MODEL,18
357.5,FINAL_MODEL,18
358.0,FINAL_MODEL,18
358.5,FINAL_MODEL,18
359.0,FINAL_MODEL,10
359.5,FINAL_MODEL,10
360.0,FINAL_MODEL,10
360.5,FINAL_MODEL,10
361.0,FINAL_MODEL,10
361.5,FINAL_MODEL,10
362.0,FINAL_MODEL,10
362.5,FINAL_MODEL,10
363.0,FINAL_MODEL,10
363.5,FINAL_MODEL,10
364.0,FINAL_MODEL,10
364.5,FINAL_MODEL,10
365.0,FINAL_MODEL,10
365.5,FINAL_MODEL,10
366.0,FINAL_MODEL,10
366.5,FINAL_MODEL,10
367.0,FINAL_MODEL,10
367.5,FINAL_MODEL,10
368.0,FINAL_MODEL,10
368.5,FINAL_MODEL,10
369.0,FINAL_MODEL,10
369.5,FINAL_MODEL,10
370.0,FINAL_MODEL,10
370.5,FINAL_MODEL,10
371.0,FINAL_MODEL,10
371.5,FINAL_MODEL,10
372.0,FINAL_MODEL,10
372.5,FINAL_MODEL,10
373.0,FINAL_MODEL,10
373.5,FINAL_MODEL,10
374.0,FINAL_MODEL,10
374.5,FINAL_MODEL,10
375.0,FINAL_MODEL,10
375.5,FINAL_MODEL,10
376.0,FINAL_MODEL,10
376.5,FINAL_MODEL,10
377.0,FINAL_MODEL,10
377.5,FINAL_MODEL,10
378.0,FINAL_MODEL,10
378.5,FINAL_MODEL,10
379.0,FINAL_MODEL,10
379.5,FINAL_MODEL,10
380.0,FINAL_MODEL,10
380.5,FINAL_MODEL,10
381.0,FINAL_MODEL,10
381.5,FINAL_MODEL,10
382.0,FINAL_MODEL,10
382.5,FINAL_MODEL,10
383.0,FINAL_MODEL,10
383.5,FINAL_MODEL,10
384.0,FINAL_MODEL,10
384.5,FINAL_MODEL,10
385.0,FINAL_MODEL,10
385.5,FINAL_MODEL,10
386.0,FINAL_MODEL,10
386.5,FINAL_MODEL,10
387.0,FINAL_MODEL,10
387.5,FINAL_MODEL,10
388.0,FINAL_MODEL,10
388.5,FINAL_MODEL,10
389.0,FINAL_MODEL,10
389.5,FINAL_MODEL,10
390.0,FINAL_MODEL,10
390.5,FINAL_MODEL,18
391.0,FINAL_MODEL,18
391.5,FINAL_MODEL,18
392.0,FINAL_MODEL,18
392.5,FINAL_MODEL,18
393.0,FINAL_MODEL,18
393.5,FINAL_MODEL,18
394.0,FINAL_MODEL,18
394.5,FINAL_MODEL,18
395.0,FINAL_MODEL,18
395.5,FINAL_MODEL,18
396.0,FINAL_MODEL,18
396.5,FINAL_MODEL,18
397.0,FINAL_MODEL,18
397.5,FINAL_MODEL,18
398.0,FINAL_MODEL,18
398.5,FINAL_MODEL,18
399.0,FINAL_MODEL,18
399.5,FINAL_MODEL,18
400.0,FINAL_MODEL,18
400.5,FINAL_MODEL,18
401.0,FINAL_MODEL,18
401.5,FINAL_MODEL,18
402.0,FINAL_MODEL,18
402.5,FINAL_MODEL,18
403.0,FINAL_MODEL,18
403.5,FINAL_MODEL,18
404.0,FINAL_MODEL,18
404.5,FINAL_MODEL,18
405.0,FINAL_MODEL,18
405.5,FINAL_MODEL,18
406.0,FINAL_MODEL,10
406.5,FINAL_MODEL,10
407.0,FINAL_MODEL,10
407.5,FINAL_MODEL,10
408.0,FINAL_MODEL,10
408.5,FINAL_MODEL,10
409.0,FINAL_MODEL,10
409.5,FINAL_MODEL,10
410.0,FINAL_MODEL,10
410.5,FINAL_MODEL,10
411.0,FINAL_MODEL,9
411.5,FINAL_MODEL,9
412.0,FINAL_MODEL,9
412.5,FINAL_MODEL,9
413.0,FINAL_MODEL,9
413.5,FINAL_MODEL,9
414.0,FINAL_MODEL,9
414.5,FINAL_MODEL,9
415.0,FINAL_MODEL,9
415.5,FINAL_MODEL,9
416.0,FINAL_MODEL,9
416.5,FINAL_MODEL,9
417.0,FINAL_MODEL,9
417.5,FINAL_MODEL,9
418.0,FINAL_MODEL,9
418.5,FINAL_MODEL,9
419.0,FINAL_MODEL,9
419.5,FINAL_MODEL,9
420.0,FINAL_MODEL,9
420.5,FINAL_MODEL,9
421.0,FINAL_MODEL,9
421.5,FINAL_MODEL,9
422.0,FINAL_MODEL,9
422.5,FINAL_MODEL,9
423.0,FINAL_MODEL,9
423.5,FINAL_MODEL,9
424.0,FINAL_MODEL,9
424.5,FINAL_MODEL,9
425.0,FINAL_MODEL,9
425.5,FINAL_MODEL,9
426.0,FINAL_MODEL,9
426.5,FINAL_MODEL,9
427.0,FINAL_MODEL,9
427.5,FINAL_MODEL,9
428.0,FINAL_MODEL,9
428.5,FINAL_MODEL,9
429.0,FINAL_MODEL,9
429.5,FINAL_MODEL,9
430.0,FINAL_MODEL,9
430.5,FINAL_MODEL,9
431.0,FINAL_MODEL,9
431.5,FINAL_MODEL,10
432.0,FINAL_MODEL,10
432.5,FINAL_MODEL,10
433.0,FINAL_MODEL,10
433.5,FINAL_MODEL,10
434.0,FINAL_MODEL,10
434.5,FINAL_MODEL,10
435.0,FINAL_MODEL,10
435.5,FINAL_MODEL,10
436.0,FINAL_MODEL,10
436.5,FINAL_MODEL,10
437.0,FINAL_MODEL,10
437.5,FINAL_MODEL,10
438.0,FINAL_MODEL,10
438.5,FINAL_MODEL,10
439.0,FINAL_MODEL,10
439.5,FINAL_MODEL,10
440.0,FINAL_MODEL,10
440.5,FINAL_MODEL,10
441.0,FINAL_MODEL,10
441.5,FINAL_MODEL,10
442.0,FINAL_MODEL,10
442.5,FINAL_MODEL,10
443.0,FINAL_MODEL,10
443.5,FINAL_MODEL,10
444.0,FINAL_MODEL,10
444.5,FINAL_MODEL,10
445.0,FINAL_MODEL,10
445.5,FINAL_MODEL,10
446.0,FINAL_MODEL,10
446.5,FINAL_MODEL,10
447.0,FINAL_MODEL,10
447.5,FINAL_MODEL,10
448.0,FINAL_MODEL,10
448.5,FINAL_MODEL,10
449.0,FINAL_MODEL,10
449.5,FINAL_MODEL,10
450.0,FINAL_MODEL,10
450.5,FINAL_MODEL,10
451.0,FINAL_MODEL,10
451.5,FINAL_MODEL,10
452.0,FINAL_MODEL,10
452.5,FINAL_MODEL,10
453.0,FINAL_MODEL,10
453.5,FINAL_MODEL,10
454.0,FINAL_MODEL,10
454.5,FINAL_MODEL,10
455.0,FINAL_MODEL,10
455.5,FINAL_MODEL,18
456.0,FINAL_MODEL,18
456.5,FINAL_MODEL,18
457.0,FINAL_MODEL,18
457.5,FINAL_MODEL,18
458.0,FINAL_MODEL,18
458.5,FINAL_MODEL,18
459.0,FINAL_MODEL,18
459.5,FINAL_MODEL,18
460.0,FINAL_MODEL,18
460.5,FINAL_MODEL,18
461.0,FINAL_MODEL,18
461.5,FINAL_MODEL,18
462.0,FINAL_MODEL,18
462.5,FINAL_MODEL,18
463.0,FINAL_MODEL,18
463.5,FINAL_MODEL,18
464.0,FINAL_MODEL,18
464.5,FINAL_MODEL,18
465.0,FINAL_MODEL,18
465.5,FINAL_MODEL,18
466.0,FINAL_MODEL,18
466.5,FINAL_MODEL,18
467.0,FINAL_MODEL,18
467.5,FINAL_MODEL,18
468.0,FINAL_MODEL,18
468.5,FINAL_MODEL,18
469.0,FINAL_MODEL,18
469.5,FINAL_MODEL,18
470.0,FINAL_MODEL,18
470.5,FINAL_MODEL,18
471.0,FINAL_MODEL,18
471.5,FINAL_MODEL,18
472.0,FINAL_MODEL,18
472.5,FINAL_MODEL,18
473.0,FINAL_MODEL,18
473.5,FINAL_MODEL,18
474.0,FINAL_MODEL,18
474.5,FINAL_MODEL,18
475.0,FINAL_MODEL,18
475.5,FINAL_MODEL,18
476.0,FINAL_MODEL,18
476.5,FINAL_MODEL,18
477.0,FINAL_MODEL,18
477.5,FINAL_MODEL,18
478.0,FINAL_MODEL,18
478.5,FINAL_MODEL,18
479.0,FINAL_MODEL,18
479.5,FINAL_MODEL,18
480.0,FINAL_MODEL,18
480.5,FINAL_MODEL,18
481.0,FINAL_MODEL,18
481.5,FINAL_MODEL,18
482.0,FINAL_MODEL,18
482.5,FINAL_MODEL,18
483.0,FINAL_MODEL,18
483.5,FINAL_MODEL,18
484.0,FINAL_MODEL,18
484.5,FINAL_MODEL,18
485.0,FINAL_MODEL,18
485.5,FINAL_MODEL,18
486.0,FINAL_MODEL,18
486.5,FINAL_MODEL,18
487.0,FINAL_MODEL,18
487.5,FINAL_MODEL,18
488.0,FINAL_MODEL,18
488.5,FINAL_MODEL,18
489.0,FINAL_MODEL,18
489.5,FINAL_MODEL,18
490.0,FINAL_MODEL,18
490.5,FINAL_MODEL,18
491.0,FINAL_MODEL,18
491.5,FINAL_MODEL,18
492.0,FINAL_MODEL,18
492.5,FINAL_MODEL,18
493.0,FINAL_MODEL,18
493.5,FINAL_MODEL,18
494.0,FINAL_MODEL,18
494.5,FINAL_MODEL,18
495.0,FINAL_MODEL,18
495.5,FINAL_MODEL,18
496.0,FINAL_MODEL,14
496.5,FINAL_MODEL,14
497.0,FINAL_MODEL,14
497.5,FINAL_MODEL,14
498.0,FINAL_MODEL,14
498.5,FINAL_MODEL,14
499.0,FINAL_MODEL,14
499.5,FINAL_MODEL,14
500.0,FINAL_MODEL,14
500.5,FINAL_MODEL,14
501.0,FINAL_MODEL,14
501.5,FINAL_MODEL,14
502.0,FINAL_MODEL,14
502.5,FINAL_MODEL,14
503.0,FINAL_MODEL,14
503.5,FINAL_MODEL,14
504.0,FINAL_MODEL,14
504.5,FINAL_MODEL,14
505.0,FINAL_MODEL,14
505.5,FINAL_MODEL,14
506.0,FINAL_MODEL,14
506.5,FINAL_MODEL,14
507.0,FINAL_MODEL,14
507.5,FINAL_MODEL,14
508.0,FINAL_MODEL,14
508.5,FINAL_MODEL,14
509.0,FINAL_MODEL,14
509.5,FINAL_MODEL,14
510.0,FINAL_MODEL,14
510.5,FINAL_MODEL,14
511.0,FINAL_MODEL,14
511.5,FINAL_MODEL,14
512.0,FINAL_MODEL,14
512.5,FINAL_MODEL,14
513.0,FINAL_MODEL,14
513.5,FINAL_MODEL,14
514.0,FINAL_MODEL,14
514.5,FINAL_MODEL,14
515.0,FINAL_MODEL,14
515.5,FINAL_MODEL,14
516.0,FINAL_MODEL,14
516.5,FINAL_MODEL,14
517.0,FINAL_MODEL,14
517.5,FINAL_MODEL,14
518.0,FINAL_MODEL,14
518.5,FINAL_MODEL,14
519.0,FINAL_MODEL,14
519.5,FINAL_MODEL,14
520.0,FINAL_MODEL,14
520.5,FINAL_MODEL,14
521.0,FINAL_MODEL,14
521.5,FINAL_MODEL,14
522.0,FINAL_MODEL,14
522.5,FINAL_MODEL,14
523.0,FINAL_MODEL,14
523.5,FINAL_MODEL,14
524.0,FINAL_MODEL,14
524.5,FINAL_MODEL,14
525.0,FINAL_MODEL,14
525.5,FINAL_MODEL,14
526.0,FINAL_MODEL,14
526.5,FINAL_MODEL,14
527.0,FINAL_MODEL,14
527.5,FINAL_MODEL,14
528.0,FINAL_MODEL,14
528.5,FINAL_MODEL,14
529.0,FINAL_MODEL,14
529.5,FINAL_MODEL,14
530.0,FINAL_MODEL,14
530.5,FINAL_MODEL,14
531.0,FINAL_MODEL,14
531.5,FINAL_MODEL,14
532.0,FINAL_MODEL,14
532.5,FINAL_MODEL,14
533.0,FINAL_MODEL,14
533.5,FINAL_MODEL,14
534.0,FINAL_MODEL,14
534.5,FINAL_MODEL,14
535.0,FINAL_MODEL,14
535.5,FINAL_MODEL,14
536.0,FINAL_MODEL,14
536.5,FINAL_MODEL,14
537.0,FINAL_MODEL,14
537.5,FINAL_MODEL,14
538.0,FINAL_MODEL,14
538.5,FINAL_MODEL,14
539.0,FINAL_MODEL,14
539.5,FINAL_MODEL,14
540.0,FINAL_MODEL,14
540.5,FINAL_MODEL,14
541.0,FINAL_MODEL,14
541.5,FINAL_MODEL,14
542.0,FINAL_MODEL,14
542.5,FINAL_MODEL,14
543.0,FINAL_MODEL,14
543.5,FINAL_MODEL,14
544.0,FINAL_MODEL,14
544.5,FINAL_MODEL,14
545.0,FINAL_MODEL,14
545.5,FINAL_MODEL,14
546.0,FINAL_MODEL,14
546.5,FINAL_MODEL,14
547.0,FINAL_MODEL,14
547.5,FINAL_MODEL,14
548.0,FINAL_MODEL,14
548.5,FINAL_MODEL,14
549.0,FINAL_MODEL,14
549.5,FINAL_MODEL,14
550.0,FINAL_MODEL,14
550.5,FINAL_MODEL,14
551.0,FINAL_MODEL,14
551.5,FINAL_MODEL,14
552.0,FINAL_MODEL,14
552.5,FINAL_MODEL,14
553.0,FINAL_MODEL,14
553.5,FINAL_MODEL,14
554.0,FINAL_MODEL,14
554.5,FINAL_MODEL,14
555.0,FINAL_MODEL,14
555.5,FINAL_MODEL,14
556.0,FINAL_MODEL,14
556.5,FINAL_MODEL,14
557.0,FINAL_MODEL,14
557.5,FINAL_MODEL,14
558.0,FINAL_MODEL,14
558.5,FINAL_MODEL,14
559.0,FINAL_MODEL,14
559.5,FINAL_MODEL,14
560.0,FINAL_MODEL,14
560.5,FINAL_MODEL,14
561.0,FINAL_MODEL,14
561.5,FINAL_MODEL,14
562.0,FINAL_MODEL,14
562.5,FINAL_MODEL,14
563.0,FINAL_MODEL,14
563.5,FINAL_MODEL,14
564.0,FINAL_MODEL,14
564.5,FINAL_MODEL,14
565.0,FINAL_MODEL,14
565.5,FINAL_MODEL,14
566.0,FINAL_MODEL,14
566.5,FINAL_MODEL,14
567.0,FINAL_MODEL,14
567.5,FINAL_MODEL,14
568.0,FINAL_MODEL,14
568.5,FINAL_MODEL,14
569.0,FINAL_MODEL,14
569.5,FINAL_MODEL,14
570.0,FINAL_MODEL,14
570.5,FINAL_MODEL,14
571.0,FINAL_MODEL,14
571.5,FINAL_MODEL,14
572.0,FINAL_MODEL,14
572.5,FINAL_MODEL,14
573.0,FINAL_MODEL,14
573.5,FINAL_MODEL,14
574.0,FINAL_MODEL,14
574.5,FINAL_MODEL,14
575.0,FINAL_MODEL,14
575.5,FINAL_MODEL,14
576.0,FINAL_MODEL,14
576.5,FINAL_MODEL,14
577.0,FINAL_MODEL,14
577.5,FINAL_MODEL,14
578.0,FINAL_MODEL,14
578.5,FINAL_MODEL,14
579.0,FINAL_MODEL,14
579.5,FINAL_MODEL,14
580.0,FINAL_MODEL,14
580.5,FINAL_MODEL,14
581.0,FINAL_MODEL,14
581.5,FINAL_MODEL,14
582.0,FINAL_MODEL,14
582.5,FINAL_MODEL,14
583.0,FINAL_MODEL,14
583.5,FINAL_MODEL,14
584.0,FINAL_MODEL,14
584.5,FINAL_MODEL,14
585.0,FINAL_MODEL,14
585.5,FINAL_MODEL,14
586.0,FINAL_MODEL,14
586.5,FINAL_MODEL,14
587.0,FINAL_MODEL,14
587.5,FINAL_MODEL,14
588.0,FINAL_MODEL,14
588.5,FINAL_MODEL,14
589.0,FINAL_MODEL,14
589.5,FINAL_MODEL,14
590.0,FINAL_MODEL,14
590.5,FINAL_MODEL,14
591.0,FINAL_MODEL,14
591.5,FINAL_MODEL,14
592.0,FINAL_MODEL,14
592.5,FINAL_MODEL,14
593.0,FINAL_MODEL,14
593.5,FINAL_MODEL,14
594.0,FINAL_MODEL,14
594.5,FINAL_MODEL,18
595.0,FINAL_MODEL,18
595.5,FINAL_MODEL,18
596.0,FINAL_MODEL,18
596.5,FINAL_MODEL,18
597.0,FINAL_MODEL,18
597.5,FINAL_MODEL,18
598.0,FINAL_MODEL,18
598.5,FINAL_MODEL,18
599.0,FINAL_MODEL,18
599.5,FINAL_MODEL,18
600.0,FINAL_MODEL,18
600.5,FINAL_MODEL,18
601.0,FINAL_MODEL,18
601.5,FINAL_MODEL,18
602.0,FINAL_MODEL,18
602.5,FINAL_MODEL,18
603.0,FINAL_MODEL,18
603.5,FINAL_MODEL,18
604.0,FINAL_MODEL,18
604.5,FINAL_MODEL,18
605.0,FINAL_MODEL,18
605.5,FINAL_MODEL,18
606.0,FINAL_MODEL,18
606.5,FINAL_MODEL,18
607.0,FINAL_MODEL,18
607.5,FINAL_MODEL,18
608.0,FINAL_MODEL,18
608.5,FINAL_MODEL,18
609.0,FINAL_MODEL,18
609.5,FINAL_MODEL,18
610.0,FINAL_MODEL,18
610.5,FINAL_MODEL,18
611.0,FINAL_MODEL,18
611.5,FINAL_MODEL,18
612.0,FINAL_MODEL,18
612.5,FINAL_MODEL,18
613.0,FINAL_MODEL,18
613.5,FINAL_MODEL,18
614.0,FINAL_MODEL,18
614.5,FINAL_MODEL,18
615.0,FINAL_MODEL,18
615.5,FINAL_MODEL,18
616.0,FINAL_MODEL,18
616.5,FINAL_MODEL,18
617.0,FINAL_MODEL,18
617.5,FINAL_MODEL,18
618.0,FINAL_MODEL,18
618.5,FINAL_MODEL,18
619.0,FINAL_MODEL,18
619.5,FINAL_MODEL,18
620.0,FINAL_MODEL,18
620.5,FINAL_MODEL,18
621.0,FINAL_MODEL,18
621.5,FINAL_MODEL,18
622.0,FINAL_MODEL,14
622.5,FINAL_MODEL,14
623.0,FINAL_MODEL,14
623.5,FINAL_MODEL,14
624.0,FINAL_MODEL,14
624.5,FINAL_MODEL,14
625.0,FINAL_MODEL,14
625.5,FINAL_MODEL,14
626.0,FINAL_MODEL,14
626.5,FINAL_MODEL,14
627.0,FINAL_MODEL,14
627.5,FINAL_MODEL,14
628.0,FINAL_MODEL,14
628.5,FINAL_MODEL,14
629.0,FINAL_MODEL,14
629.5,FINAL_MODEL,14
630.0,FINAL_MODEL,14
630.5,FINAL_MODEL,14
631.0,FINAL_MODEL,14
631.5,FINAL_MODEL,14
632.0,FINAL_MODEL,14
632.5,FINAL_MODEL,14
633.0,FINAL_MODEL,14
633.5,FINAL_MODEL,14
634.0,FINAL_MODEL,14
634.5,FINAL_MODEL,14
635.0,FINAL_MODEL,14
635.5,FINAL_MODEL,14
636.0,FINAL_MODEL,14
636.5,FINAL_MODEL,14
637.0,FINAL_MODEL,14
637.5,FINAL_MODEL,14
638.0,FINAL_MODEL,14
638.5,FINAL_MODEL,14
639.0,FINAL_MODEL,14
639.5,FINAL_MODEL,14
640.0,FINAL_MODEL,14
640.5,FINAL_MODEL,14
641.0,FINAL_MODEL,14
641.5,FINAL_MODEL,14
642.0,FINAL_MODEL,14
642.5,FINAL_MODEL,14
643.0,FINAL_MODEL,14
643.5,FINAL_MODEL,14
644.0,FINAL_MODEL,14
644.5,FINAL_MODEL,14
645.0,FINAL_MODEL,14
645.5,FINAL_MODEL,14
646.0,FINAL_MODEL,14
646.5,FINAL_MODEL,14
647.0,FINAL_MODEL,14
647.5,FINAL_MODEL,14
648.0,FINAL_MODEL,14
648.5,FINAL_MODEL,14
649.0,FINAL_MODEL,14
649.5,FINAL_MODEL,14
650.0,FINAL_MODEL,14
650.5,FINAL_MODEL,14
651.0,FINAL_MODEL,14
651.5,FINAL_MODEL,14
652.0,FINAL_MODEL,14
652.5,FINAL_MODEL,14
653.0,FINAL_MODEL,14
653.5,FINAL_MODEL,14
654.0,FINAL_MODEL,14
654.5,FINAL_MODEL,14
655.0,FINAL_MODEL,14
655.5,FINAL_MODEL,14
656.0,FINAL_MODEL,14
656.5,FINAL_MODEL,14
657.0,FINAL_MODEL,14
657.5,FINAL_MODEL,14
658.0,FINAL_MODEL,14
658.5,FINAL_MODEL,14
659.0,FINAL_MODEL,14
659.5,FINAL_MODEL,14
660.0,FINAL_MODEL,14
660.5,FINAL_MODEL,14
661.0,FINAL_MODEL,14
661.5,FINAL_MODEL,14
662.0,FINAL_MODEL,14
662.5,FINAL_MODEL,14
663.0,FINAL_MODEL,14
663.5,FINAL_MODEL,14
664.0,FINAL_MODEL,14
664.5,FINAL_MODEL,14
665.0,FINAL_MODEL,18
665.5,FINAL_MODEL,18
666.0,FINAL_MODEL,18
666.5,FINAL_MODEL,18
667.0,FINAL_MODEL,18
667.5,FINAL_MODEL,18
668.0,FINAL_MODEL,18
668.5,FINAL_MODEL,18
669.0,FINAL_MODEL,18
669.5,FINAL_MODEL,18
670.0,FINAL_MODEL,18
670.5,FINAL_MODEL,18
671.0,FINAL_MODEL,18
671.5,FINAL_MODEL,18
672.0,FINAL_MODEL,18
672.5,FINAL_MODEL,18
673.0,FINAL_MODEL,18
673.5,FINAL_MODEL,18
674.0,FINAL_MODEL,18
674.5,FINAL_MODEL,18
675.0,FINAL_MODEL,18
675.5,FINAL_MODEL,18
676.0,FINAL_MODEL,18
676.5,FINAL_MODEL,18
677.0,FINAL_MODEL,18
677.5,FINAL_MODEL,18
678.0,FINAL_MODEL,18
678.5,FINAL_MODEL,18
679.0,FINAL_MODEL,18
679.5,FINAL_MODEL,18
680.0,FINAL_MODEL,18
680.5,FINAL_MODEL,18
681.0,FINAL_MODEL,18
681.5,FINAL_MODEL,18
682.0,FINAL_MODEL,18
682.5,FINAL_MODEL,18
683.0,FINAL_MODEL,18
683.5,FINAL_MODEL,18
684.0,FINAL_MODEL,18
684.5,FINAL_MODEL,18
685.0,FINAL_MODEL,18
685.5,FINAL_MODEL,18
686.0,FINAL_MODEL,18
686.5,FINAL_MODEL,18
687.0,FINAL_MODEL,18
687.5,FINAL_MODEL,18
688.0,FINAL_MODEL,18
688.5,FINAL_MODEL,18
689.0,FINAL_MODEL,18
689.5,FINAL_MODEL,18
690.0,FINAL_MODEL,18
690.5,FINAL_MODEL,18
691.0,FINAL_MODEL,18
691.5,FINAL_MODEL,18
692.0,FINAL_MODEL,18
692.5,FINAL_MODEL,18
693.0,FINAL_MODEL,18
693.5,FINAL_MODEL,18
694.0,FINAL_MODEL,18
694.5,FINAL_MODEL,18
695.0,FINAL_MODEL,18
695.5,FINAL_MODEL,18
696.0,FINAL_MODEL,18
696.5,FINAL_MODEL,18
697.0,FINAL_MODEL,18
697.5,FINAL_MODEL,18
698.0,FINAL_MODEL,18
698.5,FINAL_MODEL,18
699.0,FINAL_MODEL,18
699.5,FINAL_MODEL,18
700.0,FINAL_MODEL,18
700.5,FINAL_MODEL,18
701.0,FINAL_MODEL,18
701.5,FINAL_MODEL,18
702.0,FINAL_MODEL,18
702.5,FINAL_MODEL,18
703.0,FINAL_MODEL,18
703.5,FINAL_MODEL,18
704.0,FINAL_MODEL,18
704.5,FINAL_MODEL,18
705.0,FINAL_MODEL,18
705.5,FINAL_MODEL,18
706.0,FINAL_MODEL,18
706.5,FINAL_MODEL,18
707.0,FINAL_MODEL,18
707.5,FINAL_MODEL,18
708.0,FINAL_MODEL,18
708.5,FINAL_MODEL,18
709.0,FINAL_MODEL,18
709.5,FINAL_MODEL,18
710.0,FINAL_MODEL,18
710.5,FINAL_MODEL,18
711.0,FINAL_MODEL,18
711.5,FINAL_MODEL,18
712.0,FINAL_MODEL,18
712.5,FINAL_MODEL,18
713.0,FINAL_MODEL,18
713.5,FINAL_MODEL,14
714.0,FINAL_MODEL,14
714.5,FINAL_MODEL,14
715.0,FINAL_MODEL,14
715.5,FINAL_MODEL,14
716.0,FINAL_MODEL,14
716.5,FINAL_MODEL,14
717.0,FINAL_MODEL,14
717.5,FINAL_MODEL,14
718.0,FINAL_MODEL,14
718.5,FINAL_MODEL,14
719.0,FINAL_MODEL,14
719.5,FINAL_MODEL,14
720.0,FINAL_MODEL,14
720.5,FINAL_MODEL,14
721.0,FINAL_MODEL,14
721.5,FINAL_MODEL,14
722.0,FINAL_MODEL,14
722.5,FINAL_MODEL,14
723.0,FINAL_MODEL,14
723.5,FINAL_MODEL,14
724.0,FINAL_MODEL,14
724.5,FINAL_MODEL,14
725.0,FINAL_MODEL,14
725.5,FINAL_MODEL,14
726.0,FINAL_MODEL,14
726.5,FINAL_MODEL,14
727.0,FINAL_MODEL,14
727.5,FINAL_MODEL,14
728.0,FINAL_MODEL,14
728.5,FINAL_MODEL,14
729.0,FINAL_MODEL,14
729.5,FINAL_MODEL,14
730.0,FINAL_MODEL,14
730.5,FINAL_MODEL,14
731.0,FINAL_MODEL,14
731.5,FINAL_MODEL,14
732.0,FINAL_MODEL,14
732.5,FINAL_MODEL,14
733.0,FINAL_MODEL,14
733.5,FINAL_MODEL,14
734.0,FINAL_MODEL,14
734.5,FINAL_MODEL,14
735.0,FINAL_MODEL,14
735.5,FINAL_MODEL,14
736.0,FINAL_MODEL,14
736.5,FINAL_MODEL,14
737.0,FINAL_MODEL,14
737.5,FINAL_MODEL,14
738.0,FINAL_MODEL,14
738.5,FINAL_MODEL,14
739.0,FINAL_MODEL,14
739.5,FINAL_MODEL,14
740.0,FINAL_MODEL,14
740.5,FINAL_MODEL,14
741.0,FINAL_MODEL,14
741.5,FINAL_MODEL,14
742.0,FINAL_MODEL,14
742.5,FINAL_MODEL,14
743.0,FINAL_MODEL,14
743.5,FINAL_MODEL,14
744.0,FINAL_MODEL,14
744.5,FINAL_MODEL,14
745.0,FINAL_MODEL,14
745.5,FINAL_MODEL,14
746.0,FINAL_MODEL,14
746.5,FINAL_MODEL,14
747.0,FINAL_MODEL,14
747.5,FINAL_MODEL,14
748.0,FINAL_MODEL,14
748.5,FINAL_MODEL,14
749.0,FINAL_MODEL,14
749.5,FINAL_MODEL,14
750.0,FINAL_MODEL,14
750.5,FINAL_MODEL,14
751.0,FINAL_MODEL,14
751.5,FINAL_MODEL,14
752.0,FINAL_MODEL,14
752.5,FINAL_MODEL,14
753.0,FINAL_MODEL,14
753.5,FINAL_MODEL,14
754.0,FINAL_MODEL,14
754.5,FINAL_MODEL,14
755.0,FINAL_MODEL,14
755.5,FINAL_MODEL,14
756.0,FINAL_MODEL,14
756.5,FINAL_MODEL,14
757.0,FINAL_MODEL,14
757.5,FINAL_MODEL,14
758.0,FINAL_MODEL,14
758.5,FINAL_MODEL,14
759.0,FINAL_MODEL,18
759.5,FINAL_MODEL,18
760.0,FINAL_MODEL,18
760.5,FINAL_MODEL,18
761.0,FINAL_MODEL,18
761.5,FINAL_MODEL,18
762.0,FINAL_MODEL,18
762.5,FINAL_MODEL,18
763.0,FINAL_MODEL,18
763.5,FINAL_MODEL,18
764.0,FINAL_MODEL,18
764.5,FINAL_MODEL,18
765.0,FINAL_MODEL,18
765.5,FINAL_MODEL,18
766.0,FINAL_MODEL,18
766.5,FINAL_MODEL,18
767.0,FINAL_MODEL,18
767.5,FINAL_MODEL,18
768.0,FINAL_MODEL,18
768.5,FINAL_MODEL,18
769.0,FINAL_MODEL,18
769.5,FINAL_MODEL,18
770.0,FINAL_MODEL,18
770.5,FINAL_MODEL,18
771.0,FINAL_MODEL,18
771.5,FINAL_MODEL,18
772.0,FINAL_MODEL,18
772.5,FINAL_MODEL,18
773.0,FINAL_MODEL,18
773.5,FINAL_MODEL,18
774.0,FINAL_MODEL,18
774.5,FINAL_MODEL,18
775.0,FINAL_MODEL,18
775.5,FINAL_MODEL,18
776.0,FINAL_MODEL,18
776.5,FINAL_MODEL,18
777.0,FINAL_MODEL,18
777.5,FINAL_MODEL,18
778.0,FINAL_MODEL,18
778.5,FINAL_MODEL,18
779.0,FINAL_MODEL,18
779.5,FINAL_MODEL,18
780.0,FINAL_MODEL,18
780.5,FINAL_MODEL,18
781.0,FINAL_MODEL,18
781.5,FINAL_MODEL,18
782.0,FINAL_MODEL,18
782.5,FINAL_MODEL,18
783.0,FINAL_MODEL,18
783.5,FINAL_MODEL,18
784.0,FINAL_MODEL,18
784.5,FINAL_MODEL,18
785.0,FINAL_MODEL,18
785.5,FINAL_MODEL,18
786.0,FINAL_MODEL,18
786.5,FINAL_MODEL,18
787.0,FINAL_MODEL,18
787.5,FINAL_MODEL,18
788.0,FINAL_MODEL,18
788.5,FINAL_MODEL,18
789.0,FINAL_MODEL,18
789.5,FINAL_MODEL,18
790.0,FINAL_MODEL,18
790.5,FINAL_MODEL,18
791.0,FINAL_MODEL,18
791.5,FINAL_MODEL,18
792.0,FINAL_MODEL,18
792.5,FINAL_MODEL,18
793.0,FINAL_MODEL,18
793.5,FINAL_MODEL,15
794.0,FINAL_MODEL,15
794.5,FINAL_MODEL,15
795.0,FINAL_MODEL,15
795.5,FINAL_MODEL,15
796.0,FINAL_MODEL,15
796.5,FINAL_MODEL,15
797.0,FINAL_MODEL,15
797.5,FINAL_MODEL,15
798.0,FINAL_MODEL,15
798.5,FINAL_MODEL,15
799.0,FINAL_MODEL,15
799.5,FINAL_MODEL,15
800.0,FINAL_MODEL,15
800.5,FINAL_MODEL,15
801.0,FINAL_MODEL,15
801.5,FINAL_MODEL,15
802.0,FINAL_MODEL,15
802.5,FINAL_MODEL,15
803.0,FINAL_MODEL,15
803.5,FINAL_MODEL,15
804.0,FINAL_MODEL,15
804.5,FINAL_MODEL,15
805.0,FINAL_MODEL,15
805.5,FINAL_MODEL,15
806.0,FINAL_MODEL,15
806.5,FINAL_MODEL,15
807.0,FINAL_MODEL,15
807.5,FINAL_MODEL,15
808.0,FINAL_MODEL,15
808.5,FINAL_MODEL,15
809.0,FINAL_MODEL,15
809.5,FINAL_MODEL,15
810.0,FINAL_MODEL,15
810.5,FINAL_MODEL,15
811.0,FINAL_MODEL,15
811.5,FINAL_MODEL,15
812.0,FINAL_MODEL,15
812.5,FINAL_MODEL,15
813.0,FINAL_MODEL,15
813.5,FINAL_MODEL,15
814.0,FINAL_MODEL,15
814.5,FINAL_MODEL,15
815.0,FINAL_MODEL,15
815.5,FINAL_MODEL,15
816.0,FINAL_MODEL,15
816.5,FINAL_MODEL,15
817.0,FINAL_MODEL,15
817.5,FINAL_MODEL,15
818.0,FINAL_MODEL,15
818.5,FINAL_MODEL,15
819.0,FINAL_MODEL,15
819.5,FINAL_MODEL,15
820.0,FINAL_MODEL,15
820.5,FINAL_MODEL,15
821.0,FINAL_MODEL,15
821.5,FINAL_MODEL,15
822.0,FINAL_MODEL,15
822.5,FINAL_MODEL,15
823.0,FINAL_MODEL,15
823.5,FINAL_MODEL,15
824.0,FINAL_MODEL,15
824.5,FINAL_MODEL,15
825.0,FINAL_MODEL,15
825.5,FINAL_MODEL,15
826.0,FINAL_MODEL,15
826.5,FINAL_MODEL,15
827.0,FINAL_MODEL,15
827.5,FINAL_MODEL,15
828.0,FINAL_MODEL,15
828.5,FINAL_MODEL,15
829.0,FINAL_MODEL,15
829.5,FINAL_MODEL,15
830.0,FINAL_MODEL,15
830.5,FINAL_MODEL,15
831.0,FINAL_MODEL,15
831.5,FINAL_MODEL,15
832.0,FINAL_MODEL,15
832.5,FINAL_MODEL,15
833.0,FINAL_MODEL,15
833.5,FINAL_MODEL,15
834.0,FINAL_MODEL,15
834.5,FINAL_MODEL,15
835.0,FINAL_MODEL,15
835.5,FINAL_MODEL,15
836.0,FINAL_MODEL,15
836.5,FINAL_MODEL,15
837.0,FINAL_MODEL,15
837.5,FINAL_MODEL,15
838.0,FINAL_MODEL,15
838.5,FINAL_MODEL,15
839.0,FINAL_MODEL,15
839.5,FINAL_MODEL,15
840.0,FINAL_MODEL,15
840.5,FINAL_MODEL,15
841.0,FINAL_MODEL,15
841.5,FINAL_MODEL,15
842.0,FINAL_MODEL,15
842.5,FINAL_MODEL,15
843.0,FINAL_MODEL,15
843.5,FINAL_MODEL,15
844.0,FINAL_MODEL,15
844.5,FINAL_MODEL,15
845.0,FINAL_MODEL,15
845.5,FINAL_MODEL,15
846.0,FINAL_MODEL,15
846.5,FINAL_MODEL,15
847.0,FINAL_MODEL,15
847.5,FINAL_MODEL,15
848.0,FINAL_MODEL,15
848.5,FINAL_MODEL,15
849.0,FINAL_MODEL,15
849.5,FINAL_MODEL,15
850.0,FINAL_MODEL,15
850.5,FINAL_MODEL,15
851.0,FINAL_MODEL,15
851.5,FINAL_MODEL,15
852.0,FINAL_MODEL,15
852.5,FINAL_MODEL,15
853.0,FINAL_MODEL,15
853.5,FINAL_MODEL,15
854.0,FINAL_MODEL,15
854.5,FINAL_MODEL,15
855.0,FINAL_MODEL,15
855.5,FINAL_MODEL,15
856.0,FINAL_MODEL,15
856.5,FINAL_MODEL,15
857.0,FINAL_MODEL,15
857.5,FINAL_MODEL,15
858.0,FINAL_MODEL,15
858.5,FINAL_MODEL,15
859.0,FINAL_MODEL,15
859.5,FINAL_MODEL,15
860.0,FINAL_MODEL,15
860.5,FINAL_MODEL,15
861.0,FINAL_MODEL,15
861.5,FINAL_MODEL,15
862.0,FINAL_MODEL,15
862.5,FINAL_MODEL,15
863.0,FINAL_MODEL,15
863.5,FINAL_MODEL,15
864.0,FINAL_MODEL,15
864.5,FINAL_MODEL,15
865.0,FINAL_MODEL,15
865.5,FINAL_MODEL,15
866.0,FINAL_MODEL,15
866.5,FINAL_MODEL,15
867.0,FINAL_MODEL,15
867.5,FINAL_MODEL,15
868.0,FINAL_MODEL,15
868.5,FINAL_MODEL,15
869.0,FINAL_MODEL,15
869.5,FINAL_MODEL,15
870.0,FINAL_MODEL,15
870.5,FINAL_MODEL,15
871.0,FINAL_MODEL,15
871.5,FINAL_MODEL,15
872.0,FINAL_MODEL,15
872.5,FINAL_MODEL,15
873.0,FINAL_MODEL,15
873.5,FINAL_MODEL,15
874.0,FINAL_MODEL,15
874.5,FINAL_MODEL,15
875.0,FINAL_MODEL,15
875.5,FINAL_MODEL,15
876.0,FINAL_MODEL,15
876.5,FINAL_MODEL,15
877.0,FINAL_MODEL,15
877.5,FINAL_MODEL,15
878.0,FINAL_MODEL,15
878.5,FINAL_MODEL,15
879.0,FINAL_MODEL,15
879.5,FINAL_MODEL,15
880.0,FINAL_MODEL,15
880.5,FINAL_MODEL,15
881.0,FINAL_MODEL,15
881.5,FINAL_MODEL,15
882.0,FINAL_MODEL,15
882.5,FINAL_MODEL,15
883.0,FINAL_MODEL,15
883.5,FINAL_MODEL,15
884.0,FINAL_MODEL,15
884.5,FINAL_MODEL,15
885.0,FINAL_MODEL,15
885.5,FINAL_MODEL,15
886.0,FINAL_MODEL,15
886.5,FINAL_MODEL,15
887.0,FINAL_MODEL,15
887.5,FINAL_MODEL,15
888.0,FINAL_MODEL,15
888.5,FINAL_MODEL,15
889.0,FINAL_MODEL,15
889.5,FINAL_MODEL,15
890.0,FINAL_MODEL,15
890.5,FINAL_MODEL,15
891.0,FINAL_MODEL,15
891.5,FINAL_MODEL,15
892.0,FINAL_MODEL,15
892.5,FINAL_MODEL,15
893.0,FINAL_MODEL,15
893.5,FINAL_MODEL,15
894.0,FINAL_MODEL,15
894.5,FINAL_MODEL,15
895.0,FINAL_MODEL,18
895.5,FINAL_MODEL,18
896.0,FINAL_MODEL,18
896.5,FINAL_MODEL,18
897.0,FINAL_MODEL,18
897.5,FINAL_MODEL,18
898.0,FINAL_MODEL,18
898.5,FINAL_MODEL,18
899.0,FINAL_MODEL,18
899.5,FINAL_MODEL,18
900.0,FINAL_MODEL,18
900.5,FINAL_MODEL,18
901.0,FINAL_MODEL,18
901.5,FINAL_MODEL,18
902.0,FINAL_MODEL,18
902.5,FINAL_MODEL,18
903.0,FINAL_MODEL,18
903.5,FINAL_MODEL,18
904.0,FINAL_MODEL,18
904.5,FINAL_MODEL,18
905.0,FINAL_MODEL,18
905.5,FINAL_MODEL,18
906.0,FINAL_MODEL,18
906.5,FINAL_MODEL,18
907.0,FINAL_MODEL,18
907.5,FINAL_MODEL,18
908.0,FINAL_MODEL,18
908.5,FINAL_MODEL,18
909.0,FINAL_MODEL,18
909.5,FINAL_MODEL,18
910.0,FINAL_MODEL,18
910.5,FINAL_MODEL,18
911.0,FINAL_MODEL,18
911.5,FINAL_MODEL,18
912.0,FINAL_MODEL,18
912.5,FINAL_MODEL,18
913.0,FINAL_MODEL,18
913.5,FINAL_MODEL,18
914.0,FINAL_MODEL,18
914.5,FINAL_MODEL,18
915.0,FINAL_MODEL,18
915.5,FINAL_MODEL,18
916.0,FINAL_MODEL,18
916.5,FINAL_MODEL,18
917.0,FINAL_MODEL,18
917.5,FINAL_MODEL,18
918.0,FINAL_MODEL,18
918.5,FINAL_MODEL,18
919.0,FINAL_MODEL,18
919.5,FINAL_MODEL,18
920.0,FINAL_MODEL,18
920.5,FINAL_MODEL,18
921.0,FINAL_MODEL,18
921.5,FINAL_MODEL,18
922.0,FINAL_MODEL,18
922.5,FINAL_MODEL,18
923.0,FINAL_MODEL,18
923.5,FINAL_MODEL,18
924.0,FINAL_MODEL,18
924.5,FINAL_MODEL,18
925.0,FINAL_MODEL,18
925.5,FINAL_MODEL,18
926.0,FINAL_MODEL,18
926.5,FINAL_MODEL,18
927.0,FINAL_MODEL,18
927.5,FINAL_MODEL,18
928.0,FINAL_MODEL,18
928.5,FINAL_MODEL,18
929.0,FINAL_MODEL,18
929.5,FINAL_MODEL,18
930.0,FINAL_MODEL,18
930.5,FINAL_MODEL,18
931.0,FINAL_MODEL,18
931.5,FINAL_MODEL,18
932.0,FINAL_MODEL,18
932.5,FINAL_MODEL,18
933.0,FINAL_MODEL,18
933.5,FINAL_MODEL,18
934.0,FINAL_MODEL,18
934.5,FINAL_MODEL,18
935.0,FINAL_MODEL,18
935.5,FINAL_MODEL,18
936.0,FINAL_MODEL,18
936.5,FINAL_MODEL,18
937.0,FINAL_MODEL,18
937.5,FINAL_MODEL,18
938.0,FINAL_MODEL,18
938.5,FINAL_MODEL,18
939.0,FINAL_MODEL,18
939.5,FINAL_MODEL,18
940.0,FINAL_MODEL,18
940.5,FINAL_MODEL,18
941.0,FINAL_MODEL,18
941.5,FINAL_MODEL,18
942.0,FINAL_MODEL,18
942.5,FINAL_MODEL,18
943.0,FINAL_MODEL,18
943.5,FINAL_MODEL,18
944.0,FINAL_MODEL,18
944.5,FINAL_MODEL,18
945.0,FINAL_MODEL,18
945.5,FINAL_MODEL,18
946.0,FINAL_MODEL,18
946.5,FINAL_MODEL,18
947.0,FINAL_MODEL,18
947.5,FINAL_MODEL,18
948.0,FINAL_MODEL,18
948.5,FINAL_MODEL,18
949.0,FINAL_MODEL,18
949.5,FINAL_MODEL,18
950.0,FINAL_MODEL,18
950.5,FINAL_MODEL,18
951.0,FINAL_MODEL,18
951.5,FINAL_MODEL,18
952.0,FINAL_MODEL,18
952.5,FINAL_MODEL,18
953.0,FINAL_MODEL,18
953.5,FINAL_MODEL,18
954.0,FINAL_MODEL,18
954.5,FINAL_MODEL,18
955.0,FINAL_MODEL,18
955.5,FINAL_MODEL,18
956.0,FINAL_MODEL,18
956.5,FINAL_MODEL,18
957.0,FINAL_MODEL,18
957.5,FINAL_MODEL,18
958.0,FINAL_MODEL,18
958.5,FINAL_MODEL,18
959.0,FINAL_MODEL,18
959.5,FINAL_MODEL,18
960.0,FINAL_MODEL,18
960.5,FINAL_MODEL,18
961.0,FINAL_MODEL,18
961.5,FINAL_MODEL,18
962.0,FINAL_MODEL,18
962.5,FINAL_MODEL,18
963.0,FINAL_MODEL,18
963.5,FINAL_MODEL,18
964.0,FINAL_MODEL,18
964.5,FINAL_MODEL,18
965.0,FINAL_MODEL,18
965.5,FINAL_MODEL,18
966.0,FINAL_MODEL,18
966.5,FINAL_MODEL,18
967.0,FINAL_MODEL,18
967.5,FINAL_MODEL,18
968.0,FINAL_MODEL,18
968.5,FINAL_MODEL,18
969.0,FINAL_MODEL,18
969.5,FINAL_MODEL,18
970.0,FINAL_MODEL,18
970.5,FINAL_MODEL,18
971.0,FINAL_MODEL,18
971.5,FINAL_MODEL,18
972.0,FINAL_MODEL,18
972.5,FINAL_MODEL,18
973.0,FINAL_MODEL,18
973.5,FINAL_MODEL,18
974.0,FINAL_MODEL,18
974.5,FINAL_MODEL,18
975.0,FINAL_MODEL,18
975.5,FINAL_MODEL,18
976.0,FINAL_MODEL,18
976.5,FINAL_MODEL,18
977.0,FINAL_MODEL,18
977.5,FINAL_MODEL,18
978.0,FINAL_MODEL,18
978.5,FINAL_MODEL,18
979.0,FINAL_MODEL,18
979.5,FINAL_MODEL,18
980.0,FINAL_MODEL,18
980.5,FINAL_MODEL,18
981.0,FINAL_MODEL,18
981.5,FINAL_MODEL,18
982.0,FINAL_MODEL,18
982.5,FINAL_MODEL,18
983.0,FINAL_MODEL,18
983.5,FINAL_MODEL,18
984.0,FINAL_MODEL,18
984.5,FINAL_MODEL,18
985.0,FINAL_MODEL,18
985.5,FINAL_MODEL,18
986.0,FINAL_MODEL,18
986.5,FINAL_MODEL,18
987.0,FINAL_MODEL,18
987.5,FINAL_MODEL,18
988.0,FINAL_MODEL,18
988.5,FINAL_MODEL,18
989.0,FINAL_MODEL,18
989.5,FINAL_MODEL,18
990.0,FINAL_MODEL,18
990.5,FINAL_MODEL,18
991.0,FINAL_MODEL,18
991.5,FINAL_MODEL,18
992.0,FINAL_MODEL,18
992.5,FINAL_MODEL,18
993.0,FINAL_MODEL,18
993.5,FINAL_MODEL,18
994.0,FINAL_MODEL,18
994.5,FINAL_MODEL,18
995.0,FINAL_MODEL,18
995.5,FINAL_MODEL,18
996.0,FINAL_MODEL,18
996.5,FINAL_MODEL,18
997.0,FINAL_MODEL,18
997.5,FINAL_MODEL,18
998.0,FINAL_MODEL,18
998.5,FINAL_MODEL,18
999.0,FINAL_MODEL,18
999.5,FINAL_MODEL,18
1000.0,FINAL_MODEL,18
1000.5,FINAL_MODEL,18
1001.0,FINAL_MODEL,18
1001.5,FINAL_MODEL,18
1002.0,FINAL_MODEL,18
1002.5,FINAL_MODEL,18
1003.0,FINAL_MODEL,18
1003.5,FINAL_MODEL,18
1004.0,FINAL_MODEL,18
1004.5,FINAL_MODEL,18
1005.0,FINAL_MODEL,18
1005.5,FINAL_MODEL,18
1006.0,FINAL_MODEL,18
1006.5,FINAL_MODEL,18
1007.0,FINAL_MODEL,18
1007.5,FINAL_MODEL,18
1008.0,FINAL_MODEL,18
1008.5,FINAL_MODEL,18
1009.0,FINAL_MODEL,18
1009.5,FINAL_MODEL,18
1010.0,FINAL_MODEL,18
1010.5,FINAL_MODEL,18
1011.0,FINAL_MODEL,18
1011.5,FINAL_MODEL,18
1012.0,FINAL_MODEL,18
1012.5,FINAL_MODEL,18
1013.0,FINAL_MODEL,18
1013.5,FINAL_MODEL,18
1014.0,FINAL_MODEL,18
1014.5,FINAL_MODEL,18
1015.0,FINAL_MODEL,18
1015.5,FINAL_MODEL,18
1016.0,FINAL_MODEL,18
1016.5,FINAL_MODEL,18
1017.0,FINAL_MODEL,18
1017.5,FINAL_MODEL,18
1018.0,FINAL_MODEL,18
1018.5,FINAL_MODEL,18
1019.0,FINAL_MODEL,18
1019.5,FINAL_MODEL,18
1020.0,FINAL_MODEL,18
1020.5,FINAL_MODEL,18
1021.0,FINAL_MODEL,18
1021.5,FINAL_MODEL,18
1022.0,FINAL_MODEL,18
1022.5,FINAL_MODEL,18
1023.0,FINAL_MODEL,18
1023.5,FINAL_MODEL,18
1024.0,FINAL_MODEL,11
1024.5,FINAL_MODEL,11
1025.0,FINAL_MODEL,11
1025.5,FINAL_MODEL,11
1026.0,FINAL_MODEL,11
1026.5,FINAL_MODEL,11
1027.0,FINAL_MODEL,11
1027.5,FINAL_MODEL,11
1028.0,FINAL_MODEL,11
1028.5,FINAL_MODEL,11
1029.0,FINAL_MODEL,11
1029.5,FINAL_MODEL,11
1030.0,FINAL_MODEL,11
1030.5,FINAL_MODEL,11
1031.0,FINAL_MODEL,11
1031.5,FINAL_MODEL,11
1032.0,FINAL_MODEL,11
1032.5,FINAL_MODEL,11
1033.0,FINAL_MODEL,11
1033.5,FINAL_MODEL,11
1034.0,FINAL_MODEL,11
1034.5,FINAL_MODEL,11
1035.0,FINAL_MODEL,11
1035.5,FINAL_MODEL,11
1036.0,FINAL_MODEL,11
1036.5,FINAL_MODEL,11
1037.0,FINAL_MODEL,11
1037.5,FINAL_MODEL,11
1038.0,FINAL_MODEL,11
1038.5,FINAL_MODEL,11
1039.0,FINAL_MODEL,11
1039.5,FINAL_MODEL,11
1040.0,FINAL_MODEL,11
1040.5,FINAL_MODEL,11
1041.0,FINAL_MODEL,11
1041.5,FINAL_MODEL,11
1042.0,FINAL_MODEL,11
1042.5,FINAL_MODEL,11
1043.0,FINAL_MODEL,11
1043.5,FINAL_MODEL,11
1044.0,FINAL_MODEL,11
1044.5,FINAL_MODEL,11
1045.0,FINAL_MODEL,11
1045.5,FINAL_MODEL,11
1046.0,FINAL_MODEL,11
1046.5,FINAL_MODEL,11
1047.0,FINAL_MODEL,11
1047.5,FINAL_MODEL,11
1048.0,FINAL_MODEL,11
1048.5,FINAL_MODEL,11
1049.0,FINAL_MODEL,11
1049.5,FINAL_MODEL,11
1050.0,FINAL_MODEL,11
1050.5,FINAL_MODEL,11
1051.0,FINAL_MODEL,11
1051.5,FINAL_MODEL,11
1052.0,FINAL_MODEL,11
1052.5,FINAL_MODEL,11
1053.0,FINAL_MODEL,11
1053.5,FINAL_MODEL,11
1054.0,FINAL_MODEL,11
1054.5,FINAL_MODEL,11
1055.0,FINAL_MODEL,11
1055.5,FINAL_MODEL,11
1056.0,FINAL_MODEL,11
1056.5,FINAL_MODEL,11
1057.0,FINAL_MODEL,11
1057.5,FINAL_MODEL,11
1058.0,FINAL_MODEL,11
1058.5,FINAL_MODEL,11
1059.0,FINAL_MODEL,11
1059.5,FINAL_MODEL,11
1060.0,FINAL_MODEL,11
1060.5,FINAL_MODEL,11
1061.0,FINAL_MODEL,11
1061.5,FINAL_MODEL,11
1062.0,FINAL_MODEL,11
1062.5,FINAL_MODEL,11
1063.0,FINAL_MODEL,11
1063.5,FINAL_MODEL,11
1064.0,FINAL_MODEL,11
1064.5,FINAL_MODEL,11
1065.0,FINAL_MODEL,11
1065.5,FINAL_MODEL,11
1066.0,FINAL_MODEL,11
1066.5,FINAL_MODEL,11
1067.0,FINAL_MODEL,11
1067.5,FINAL_MODEL,11
1068.0,FINAL_MODEL,11
1068.5,FINAL_MODEL,11
1069.0,FINAL_MODEL,11
1069.5,FINAL_MODEL,11
1070.0,FINAL_MODEL,11
1070.5,FINAL_MODEL,11
1071.0,FINAL_MODEL,11
1071.5,FINAL_MODEL,11
1072.0,FINAL_MODEL,11
1072.5,FINAL_MODEL,11
1073.0,FINAL_MODEL,11
1073.5,FINAL_MODEL,11
1074.0,FINAL_MODEL,11
1074.5,FINAL_MODEL,11
1075.0,FINAL_MODEL,11
1075.5,FINAL_MODEL,11
1076.0,FINAL_MODEL,11
1076.5,FINAL_MODEL,11
1077.0,FINAL_MODEL,11
1077.5,FINAL_MODEL,11
1078.0,FINAL_MODEL,11
1078.5,FINAL_MODEL,11
1079.0,FINAL_MODEL,11
1079.5,FINAL_MODEL,11
1080.0,FINAL_MODEL,11
1080.5,FINAL_MODEL,11
1081.0,FINAL_MODEL,11
1081.5,FINAL_MODEL,11
1082.0,FINAL_MODEL,11
1082.5,FINAL_MODEL,11
1083.0,FINAL_MODEL,11
1083.5,FINAL_MODEL,11
1084.0,FINAL_MODEL,11
1084.5,FINAL_MODEL,11
1085.0,FINAL_MODEL,11
1085.5,FINAL_MODEL,11
1086.0,FINAL_MODEL,11
1086.5,FINAL_MODEL,11
1087.0,FINAL_MODEL,11
1087.5,FINAL_MODEL,11
1088.0,FINAL_MODEL,11
1088.5,FINAL_MODEL,11
1089.0,FINAL_MODEL,11
1089.5,FINAL_MODEL,11
1090.0,FINAL_MODEL,11
1090.5,FINAL_MODEL,11
1091.0,FINAL_MODEL,11
1091.5,FINAL_MODEL,11
1092.0,FINAL_MODEL,11
1092.5,FINAL_MODEL,11
1093.0,FINAL_MODEL,11
1093.5,FINAL_MODEL,11
1094.0,FINAL_MODEL,11
1094.5,FINAL_MODEL,11
1095.0,FINAL_MODEL,11
1095.5,FINAL_MODEL,11
1096.0,FINAL_MODEL,11
1096.5,FINAL_MODEL,11
1097.0,FINAL_MODEL,11
1097.5,FINAL_MODEL,11
1098.0,FINAL_MODEL,11
1098.5,FINAL_MODEL,11
1099.0,FINAL_MODEL,11
1099.5,FINAL_MODEL,11
1100.0,FINAL_MODEL,11
1100.5,FINAL_MODEL,11
1101.0,FINAL_MODEL,11
1101.5,FINAL_MODEL,11
1102.0,FINAL_MODEL,11
1102.5,FINAL_MODEL,11
1103.0,FINAL_MODEL,11
1103.5,FINAL_MODEL,11
1104.0,FINAL_MODEL,11
1104.5,FINAL_MODEL,11
1105.0,FINAL_MODEL,11
1105.5,FINAL_MODEL,11
1106.0,FINAL_MODEL,11
1106.5,FINAL_MODEL,11
1107.0,FINAL_MODEL,11
1107.5,FINAL_MODEL,11
1108.0,FINAL_MODEL,11
1108.5,FINAL_MODEL,11
1109.0,FINAL_MODEL,11
1109.5,FINAL_MODEL,11
1110.0,FINAL_MODEL,11
1110.5,FINAL_MODEL,11
1111.0,FINAL_MODEL,11
1111.5,FINAL_MODEL,11
1112.0,FINAL_MODEL,11
1112.5,FINAL_MODEL,11
1113.0,FINAL_MODEL,11
1113.5,FINAL_MODEL,11
1114.0,FINAL_MODEL,11
1114.5,FINAL_MODEL,11
1115.0,FINAL_MODEL,11
1115.5,FINAL_MODEL,11
1116.0,FINAL_MODEL,11
1116.5,FINAL_MODEL,11
1117.0,FINAL_MODEL,11
1117.5,FINAL_MODEL,11
1118.0,FINAL_MODEL,11
1118.5,FINAL_MODEL,11
1119.0,FINAL_MODEL,11
1119.5,FINAL_MODEL,11
1120.0,FINAL_MODEL,11
1120.5,FINAL_MODEL,11
1121.0,FINAL_MODEL,11
1121.5,FINAL_MODEL,18
1122.0,FINAL_MODEL,18
1122.5,FINAL_MODEL,18
1123.0,FINAL_MODEL,18
1123.5,FINAL_MODEL,18
1124.0,FINAL_MODEL,18
1124.5,FINAL_MODEL,18
1125.0,FINAL_MODEL,18
1125.5,FINAL_MODEL,18
1126.0,FINAL_MODEL,18
1126.5,FINAL_MODEL,18
1127.0,FINAL_MODEL,18
1127.5,FINAL_MODEL,18
1128.0,FINAL_MODEL,18
1128.5,FINAL_MODEL,18
1129.0,FINAL_MODEL,18
1129.5,FINAL_MODEL,18
1130.0,FINAL_MODEL,18
1130.5,FINAL_MODEL,18
1131.0,FINAL_MODEL,18
1131.5,FINAL_MODEL,18
1132.0,FINAL_MODEL,18
1132.5,FINAL_MODEL,18
1133.0,FINAL_MODEL,18
1133.5,FINAL_MODEL,18
1134.0,FINAL_MODEL,18
1134.5,FINAL_MODEL,18
1135.0,FINAL_MODEL,18
1135.5,FINAL_MODEL,18
1136.0,FINAL_MODEL,18
1136.5,FINAL_MODEL,11
1137.0,FINAL_MODEL,11
1137.5,FINAL_MODEL,11
1138.0,FINAL_MODEL,11
1138.5,FINAL_MODEL,11
1139.0,FINAL_MODEL,11
1139.5,FINAL_MODEL,11
1140.0,FINAL_MODEL,11
1140.5,FINAL_MODEL,11
1141.0,FINAL_MODEL,11
1141.5,FINAL_MODEL,11
1142.0,FINAL_MODEL,11
1142.5,FINAL_MODEL,11
1143.0,FINAL_MODEL,11
1143.5,FINAL_MODEL,11
1144.0,FINAL_MODEL,11
1144.5,FINAL_MODEL,11
1145.0,FINAL_MODEL,11
1145.5,FINAL_MODEL,11
1146.0,FINAL_MODEL,11
1146.5,FINAL_MODEL,11
1147.0,FINAL_MODEL,11
1147.5,FINAL_MODEL,11
1148.0,FINAL_MODEL,11
1148.5,FINAL_MODEL,11
1149.0,FINAL_MODEL,11
1149.5,FINAL_MODEL,11
1150.0,FINAL_MODEL,11
1150.5,FINAL_MODEL,11
1151.0,FINAL_MODEL,11
1151.5,FINAL_MODEL,11
1152.0,FINAL_MODEL,11
1152.5,FINAL_MODEL,11
1153.0,FINAL_MODEL,11
1153.5,FINAL_MODEL,11
1154.0,FINAL_MODEL,11
1154.5,FINAL_MODEL,11
1155.0,FINAL_MODEL,11
1155.5,FINAL_MODEL,11
1156.0,FINAL_MODEL,11
1156.5,FINAL_MODEL,11
1157.0,FINAL_MODEL,11
1157.5,FINAL_MODEL,11
1158.0,FINAL_MODEL,11
1158.5,FINAL_MODEL,11
1159.0,FINAL_MODEL,11
1159.5,FINAL_MODEL,11
1160.0,FINAL_MODEL,11
1160.5,FINAL_MODEL,11
1161.0,FINAL_MODEL,11
1161.5,FINAL_MODEL,11
1162.0,FINAL_MODEL,11
1162.5,FINAL_MODEL,11
1163.0,FINAL_MODEL,11
1163.5,FINAL_MODEL,11
1164.0,FINAL_MODEL,11
1164.5,FINAL_MODEL,11
1165.0,FINAL_MODEL,11
1165.5,FINAL_MODEL,11
1166.0,FINAL_MODEL,11
1166.5,FINAL_MODEL,11
1167.0,FINAL_MODEL,11
1167.5,FINAL_MODEL,11
1168.0,FINAL_MODEL,11
1168.5,FINAL_MODEL,11
1169.0,FINAL_MODEL,11
1169.5,FINAL_MODEL,11
1170.0,FINAL_MODEL,11
1170.5,FINAL_MODEL,11
1171.0,FINAL_MODEL,11
1171.5,FINAL_MODEL,11
1172.0,FINAL_MODEL,11
1172.5,FINAL_MODEL,11
1173.0,FINAL_MODEL,11
1173.5,FINAL_MODEL,11
1174.0,FINAL_MODEL,11
1174.5,FINAL_MODEL,11
1175.0,FINAL_MODEL,11
1175.5,FINAL_MODEL,11
1176.0,FINAL_MODEL,11
1176.5,FINAL_MODEL,11
1177.0,FINAL_MODEL,11
1177.5,FINAL_MODEL,11
1178.0,FINAL_MODEL,11
1178.5,FINAL_MODEL,11
1179.0,FINAL_MODEL,11
1179.5,FINAL_MODEL,11
1180.0,FINAL_MODEL,11
1180.5,FINAL_MODEL,11
1181.0,FINAL_MODEL,11
1181.5,FINAL_MODEL,11
1182.0,FINAL_MODEL,11
1182.5,FINAL_MODEL,11
1183.0,FINAL_MODEL,11
1183.5,FINAL_MODEL,11
1184.0,FINAL_MODEL,11
1184.5,FINAL_MODEL,11
1185.0,FINAL_MODEL,11
1185.5,FINAL_MODEL,11
1186.0,FINAL_MODEL,11
1186.5,FINAL_MODEL,11
1187.0,FINAL_MODEL,11
1187.5,FINAL_MODEL,11
1188.0,FINAL_MODEL,11
1188.5,FINAL_MODEL,11
1189.0,FINAL_MODEL,11
1189.5,FINAL_MODEL,11
1190.0,FINAL_MODEL,11
1190.5,FINAL_MODEL,11
1191.0,FINAL_MODEL,11
1191.5,FINAL_MODEL,11
1192.0,FINAL_MODEL,11
1192.5,FINAL_MODEL,11
1193.0,FINAL_MODEL,11
1193.5,FINAL_MODEL,11
1194.0,FINAL_MODEL,11
1194.5,FINAL_MODEL,11
1195.0,FINAL_MODEL,11
1195.5,FINAL_MODEL,11
1196.0,FINAL_MODEL,11
1196.5,FINAL_MODEL,11
1197.0,FINAL_MODEL,11
1197.5,FINAL_MODEL,11
1198.0,FINAL_MODEL,11
1198.5,FINAL_MODEL,11
1199.0,FINAL_MODEL,11
1199.5,FINAL_MODEL,11
1200.0,FINAL_MODEL,11
1200.5,FINAL_MODEL,11
1201.0,FINAL_MODEL,11
1201.5,FINAL_MODEL,11
1202.0,FINAL_MODEL,11
1202.5,FINAL_MODEL,11
1203.0,FINAL_MODEL,11
1203.5,FINAL_MODEL,11
1204.0,FINAL_MODEL,11
1204.5,FINAL_MODEL,11
1205.0,FINAL_MODEL,11
1205.5,FINAL_MODEL,11
1206.0,FINAL_MODEL,11
1206.5,FINAL_MODEL,11
1207.0,FINAL_MODEL,11
1207.5,FINAL_MODEL,11
1208.0,FINAL_MODEL,11
1208.5,FINAL_MODEL,11
1209.0,FINAL_MODEL,11
1209.5,FINAL_MODEL,11
1210.0,FINAL_MODEL,11
1210.5,FINAL_MODEL,11
1211.0,FINAL_MODEL,11
1211.5,FINAL_MODEL,11
1212.0,FINAL_MODEL,11
1212.5,FINAL_MODEL,11
1213.0,FINAL_MODEL,11
1213.5,FINAL_MODEL,11
1214.0,FINAL_MODEL,11
1214.5,FINAL_MODEL,11
1215.0,FINAL_MODEL,11
1215.5,FINAL_MODEL,11
1216.0,FINAL_MODEL,11
1216.5,FINAL_MODEL,11
1217.0,FINAL_MODEL,11
1217.5,FINAL_MODEL,11
1218.0,FINAL_MODEL,11
1218.5,FINAL_MODEL,11
1219.0,FINAL_MODEL,11
1219.5,FINAL_MODEL,11
1220.0,FINAL_MODEL,11
1220.5,FINAL_MODEL,11
1221.0,FINAL_MODEL,11
1221.5,FINAL_MODEL,11
1222.0,FINAL_MODEL,11
1222.5,FINAL_MODEL,18
1223.0,FINAL_MODEL,18
1223.5,FINAL_MODEL,18
1224.0,FINAL_MODEL,18
1224.5,FINAL_MODEL,18
1225.0,FINAL_MODEL,18
1225.5,FINAL_MODEL,18
1226.0,FINAL_MODEL,18
1226.5,FINAL_MODEL,18
1227.0,FINAL_MODEL,18
1227.5,FINAL_MODEL,18
1228.0,FINAL_MODEL,18
1228.5,FINAL_MODEL,18
1229.0,FINAL_MODEL,18
1229.5,FINAL_MODEL,18
1230.0,FINAL_MODEL,18
1230.5,FINAL_MODEL,18
1231.0,FINAL_MODEL,18
1231.5,FINAL_MODEL,18
1232.0,FINAL_MODEL,18
1232.5,FINAL_MODEL,18
1233.0,FINAL_MODEL,18
1233.5,FINAL_MODEL,18
1234.0,FINAL_MODEL,18
1234.5,FINAL_MODEL,18
1235.0,FINAL_MODEL,18
1235.5,FINAL_MODEL,18
1236.0,FINAL_MODEL,18
1236.5,FINAL_MODEL,18
1237.0,FINAL_MODEL,18
1237.5,FINAL_MODEL,18
1238.0,FINAL_MODEL,18
1238.5,FINAL_MODEL,18
1239.0,FINAL_MODEL,18
1239.5,FINAL_MODEL,18
1240.0,FINAL_MODEL,18
1240.5,FINAL_MODEL,18
1241.0,FINAL_MODEL,18
1241.5,FINAL_MODEL,18
1242.0,FINAL_MODEL,18
1242.5,FINAL_MODEL,18
1243.0,FINAL_MODEL,18
1243.5,FINAL_MODEL,18
1244.0,FINAL_MODEL,18
1244.5,FINAL_MODEL,18
1245.0,FINAL_MODEL,18
1245.5,FINAL_MODEL,18
1246.0,FINAL_MODEL,18
1246.5,FINAL_MODEL,18
1247.0,FINAL_MODEL,18
1247.5,FINAL_MODEL,18
1248.0,FINAL_MODEL,18
1248.5,FINAL_MODEL,18
1249.0,FINAL_MODEL,18
1249.5,FINAL_MODEL,18
1250.0,FINAL_MODEL,18
1250.5,FINAL_MODEL,18
1251.0,FINAL_MODEL,18
1251.5,FINAL_MODEL,18
1252.0,FINAL_MODEL,18
1252.5,FINAL_MODEL,18
1253.0,FINAL_MODEL,18
1253.5,FINAL_MODEL,18
1254.0,FINAL_MODEL,18
1254.5,FINAL_MODEL,18
1255.0,FINAL_MODEL,18
1255.5,FINAL_MODEL,15
1256.0,FINAL_MODEL,15
1256.5,FINAL_MODEL,15
1257.0,FINAL_MODEL,15
1257.5,FINAL_MODEL,15
1258.0,FINAL_MODEL,15
1258.5,FINAL_MODEL,15
1259.0,FINAL_MODEL,15
1259.5,FINAL_MODEL,15
1260.0,FINAL_MODEL,15
1260.5,FINAL_MODEL,15
1261.0,FINAL_MODEL,15
1261.5,FINAL_MODEL,15
1262.0,FINAL_MODEL,15
1262.5,FINAL_MODEL,15
1263.0,FINAL_MODEL,15
1263.5,FINAL_MODEL,15
1264.0,FINAL_MODEL,15
1264.5,FINAL_MODEL,15
1265.0,FINAL_MODEL,15
1265.5,FINAL_MODEL,15
1266.0,FINAL_MODEL,15
1266.5,FINAL_MODEL,15
1267.0,FINAL_MODEL,15
1267.5,FINAL_MODEL,15
1268.0,FINAL_MODEL,15
1268.5,FINAL_MODEL,15
1269.0,FINAL_MODEL,15
1269.5,FINAL_MODEL,15
1270.0,FINAL_MODEL,15
1270.5,FINAL_MODEL,15
1271.0,FINAL_MODEL,15
1271.5,FINAL_MODEL,15
1272.0,FINAL_MODEL,15
1272.5,FINAL_MODEL,15
1273.0,FINAL_MODEL,15
1273.5,FINAL_MODEL,15
1274.0,FINAL_MODEL,15
1274.5,FINAL_MODEL,15
1275.0,FINAL_MODEL,15
1275.5,FINAL_MODEL,15
1276.0,FINAL_MODEL,15
1276.5,FINAL_MODEL,15
1277.0,FINAL_MODEL,15
1277.5,FINAL_MODEL,15
1278.0,FINAL_MODEL,15
1278.5,FINAL_MODEL,15
1279.0,FINAL_MODEL,15
1279.5,FINAL_MODEL,15
1280.0,FINAL_MODEL,15
1280.5,FINAL_MODEL,15
1281.0,FINAL_MODEL,15
1281.5,FINAL_MODEL,15
1282.0,FINAL_MODEL,15
1282.5,FINAL_MODEL,15
1283.0,FINAL_MODEL,15
1283.5,FINAL_MODEL,15
1284.0,FINAL_MODEL,15
1284.5,FINAL_MODEL,15
1285.0,FINAL_MODEL,15
1285.5,FINAL_MODEL,15
1286.0,FINAL_MODEL,15
1286.5,FINAL_MODEL,15
1287.0,FINAL_MODEL,15
1287.5,FINAL_MODEL,15
1288.0,FINAL_MODEL,15
1288.5,FINAL_MODEL,15
1289.0,FINAL_MODEL,15
1289.5,FINAL_MODEL,15
1290.0,FINAL_MODEL,15
1290.5,FINAL_MODEL,15
1291.0,FINAL_MODEL,15
1291.5,FINAL_MODEL,15
1292.0,FINAL_MODEL,15
1292.5,FINAL_MODEL,15
1293.0,FINAL_MODEL,15
1293.5,FINAL_MODEL,15
1294.0,FINAL_MODEL,15
1294.5,FINAL_MODEL,15
1295.0,FINAL_MODEL,15
1295.5,FINAL_MODEL,15
1296.0,FINAL_MODEL,15
1296.5,FINAL_MODEL,15
1297.0,FINAL_MODEL,15
1297.5,FINAL_MODEL,15
1298.0,FINAL_MODEL,15
1298.5,FINAL_MODEL,15
1299.0,FINAL_MODEL,15
1299.5,FINAL_MODEL,15
1300.0,FINAL_MODEL,15
1300.5,FINAL_MODEL,15
1301.0,FINAL_MODEL,15
1301.5,FINAL_MODEL,15
1302.0,FINAL_MODEL,15
1302.5,FINAL_MODEL,15
1303.0,FINAL_MODEL,15
1303.5,FINAL_MODEL,15
1304.0,FINAL_MODEL,15
1304.5,FINAL_MODEL,15
1305.0,FINAL_MODEL,15
1305.5,FINAL_MODEL,15
1306.0,FINAL_MODEL,15
1306.5,FINAL_MODEL,15
1307.0,FINAL_MODEL,15
1307.5,FINAL_MODEL,15
1308.0,FINAL_MODEL,15
1308.5,FINAL_MODEL,15
1309.0,FINAL_MODEL,15
1309.5,FINAL_MODEL,15
1310.0,FINAL_MODEL,15
1310.5,FINAL_MODEL,15
1311.0,FINAL_MODEL,15
1311.5,FINAL_MODEL,15
1312.0,FINAL_MODEL,15
1312.5,FINAL_MODEL,15
1313.0,FINAL_MODEL,15
1313.5,FINAL_MODEL,15
1314.0,FINAL_MODEL,15
1314.5,FINAL_MODEL,15
1315.0,FINAL_MODEL,15
1315.5,FINAL_MODEL,15
1316.0,FINAL_MODEL,15
1316.5,FINAL_MODEL,15
1317.0,FINAL_MODEL,15
1317.5,FINAL_MODEL,15
1318.0,FINAL_MODEL,15
1318.5,FINAL_MODEL,15
1319.0,FINAL_MODEL,15
1319.5,FINAL_MODEL,15
1320.0,FINAL_MODEL,15
1320.5,FINAL_MODEL,15
1321.0,FINAL_MODEL,15
1321.5,FINAL_MODEL,15
1322.0,FINAL_MODEL,15
1322.5,FINAL_MODEL,15
1323.0,FINAL_MODEL,15
1323.5,FINAL_MODEL,15
1324.0,FINAL_MODEL,15
1324.5,FINAL_MODEL,15
1325.0,FINAL_MODEL,15
1325.5,FINAL_MODEL,15
1326.0,FINAL_MODEL,15
1326.5,FINAL_MODEL,15
1327.0,FINAL_MODEL,15
1327.5,FINAL_MODEL,15
1328.0,FINAL_MODEL,15
1328.5,FINAL_MODEL,15
1329.0,FINAL_MODEL,15
1329.5,FINAL_MODEL,15
1330.0,FINAL_MODEL,15
1330.5,FINAL_MODEL,15
1331.0,FINAL_MODEL,15
1331.5,FINAL_MODEL,15
1332.0,FINAL_MODEL,15
1332.5,FINAL_MODEL,15
1333.0,FINAL_MODEL,15
1333.5,FINAL_MODEL,15
1334.0,FINAL_MODEL,15
1334.5,FINAL_MODEL,15
1335.0,FINAL_MODEL,15
1335.5,FINAL_MODEL,15
1336.0,FINAL_MODEL,15
1336.5,FINAL_MODEL,15
1337.0,FINAL_MODEL,15
1337.5,FINAL_MODEL,15
1338.0,FINAL_MODEL,15
1338.5,FINAL_MODEL,15
1339.0,FINAL_MODEL,15
1339.5,FINAL_MODEL,15
1340.0,FINAL_MODEL,15
1340.5,FINAL_MODEL,15
1341.0,FINAL_MODEL,15
1341.5,FINAL_MODEL,15
1342.0,FINAL_MODEL,15
1342.5,FINAL_MODEL,15
1343.0,FINAL_MODEL,15
1343.5,FINAL_MODEL,15
1344.0,FINAL_MODEL,15
1344.5,FINAL_MODEL,15
1345.0,FINAL_MODEL,15
1345.5,FINAL_MODEL,15
1346.0,FINAL_MODEL,15
1346.5,FINAL_MODEL,15
1347.0,FINAL_MODEL,15
1347.5,FINAL_MODEL,15
1348.0,FINAL_MODEL,15
1348.5,FINAL_MODEL,15
1349.0,FINAL_MODEL,15
1349.5,FINAL_MODEL,15
1350.0,FINAL_MODEL,15
1350.5,FINAL_MODEL,15
1351.0,FINAL_MODEL,15
1351.5,FINAL_MODEL,15
1352.0,FINAL_MODEL,15
1352.5,FINAL_MODEL,18
1353.0,FINAL_MODEL,18
1353.5,FINAL_MODEL,18
1354.0,FINAL_MODEL,18
1354.5,FINAL_MODEL,18
1355.0,FINAL_MODEL,18
1355.5,FINAL_MODEL,18
1356.0,FINAL_MODEL,18
1356.5,FINAL_MODEL,18
1357.0,FINAL_MODEL,18
1357.5,FINAL_MODEL,18
1358.0,FINAL_MODEL,18
1358.5,FINAL_MODEL,18
1359.0,FINAL_MODEL,18
1359.5,FINAL_MODEL,18
1360.0,FINAL_MODEL,18
1360.5,FINAL_MODEL,18
1361.0,FINAL_MODEL,18
1361.5,FINAL_MODEL,18
1362.0,FINAL_MODEL,18
1362.5,FINAL_MODEL,18
1363.0,FINAL_MODEL,18
1363.5,FINAL_MODEL,18
1364.0,FINAL_MODEL,18
1364.5,FINAL_MODEL,18
1365.0,FINAL_MODEL,18
1365.5,FINAL_MODEL,18
1366.0,FINAL_MODEL,18
1366.5,FINAL_MODEL,18
1367.0,FINAL_MODEL,18
1367.5,FINAL_MODEL,18
1368.0,FINAL_MODEL,18
1368.5,FINAL_MODEL,18
1369.0,FINAL_MODEL,18
1369.5,FINAL_MODEL,18
1370.0,FINAL_MODEL,18
1370.5,FINAL_MODEL,18
1371.0,FINAL_MODEL,18
1371.5,FINAL_MODEL,18
1372.0,FINAL_MODEL,18
1372.5,FINAL_MODEL,18
1373.0,FINAL_MODEL,18
1373.5,FINAL_MODEL,15
1374.0,FINAL_MODEL,15
1374.5,FINAL_MODEL,15
1375.0,FINAL_MODEL,15
1375.5,FINAL_MODEL,15
1376.0,FINAL_MODEL,15
1376.5,FINAL_MODEL,15
1377.0,FINAL_MODEL,15
1377.5,FINAL_MODEL,15
1378.0,FINAL_MODEL,15
1378.5,FINAL_MODEL,15
1379.0,FINAL_MODEL,15
1379.5,FINAL_MODEL,15
1380.0,FINAL_MODEL,15
1380.5,FINAL_MODEL,15
1381.0,FINAL_MODEL,15
1381.5,FINAL_MODEL,15
1382.0,FINAL_MODEL,15
1382.5,FINAL_MODEL,15
1383.0,FINAL_MODEL,15
1383.5,FINAL_MODEL,15
1384.0,FINAL_MODEL,15
1384.5,FINAL_MODEL,15
1385.0,FINAL_MODEL,15
1385.5,FINAL_MODEL,15
1386.0,FINAL_MODEL,15
1386.5,FINAL_MODEL,15
1387.0,FINAL_MODEL,15
1387.5,FINAL_MODEL,15
1388.0,FINAL_MODEL,15
1388.5,FINAL_MODEL,15
1389.0,FINAL_MODEL,15
1389.5,FINAL_MODEL,15
1390.0,FINAL_MODEL,15
1390.5,FINAL_MODEL,15
1391.0,FINAL_MODEL,15
1391.5,FINAL_MODEL,15
1392.0,FINAL_MODEL,15
1392.5,FINAL_MODEL,15
1393.0,FINAL_MODEL,15
1393.5,FINAL_MODEL,15
1394.0,FINAL_MODEL,15
1394.5,FINAL_MODEL,15
1395.0,FINAL_MODEL,15
1395.5,FINAL_MODEL,15
1396.0,FINAL_MODEL,15
1396.5,FINAL_MODEL,15
1397.0,FINAL_MODEL,15
1397.5,FINAL_MODEL,15
1398.0,FINAL_MODEL,15
1398.5,FINAL_MODEL,15
1399.0,FINAL_MODEL,15
1399.5,FINAL_MODEL,15
1400.0,FINAL_MODEL,15
1400.5,FINAL_MODEL,15
1401.0,FINAL_MODEL,15
1401.5,FINAL_MODEL,15
1402.0,FINAL_MODEL,15
1402.5,FINAL_MODEL,15
1403.0,FINAL_MODEL,15
1403.5,FINAL_MODEL,15
1404.0,FINAL_MODEL,15
1404.5,FINAL_MODEL,15
1405.0,FINAL_MODEL,15
1405.5,FINAL_MODEL,15
1406.0,FINAL_MODEL,15
1406.5,FINAL_MODEL,15
1407.0,FINAL_MODEL,15
1407.5,FINAL_MODEL,15
1408.0,FINAL_MODEL,15
1408.5,FINAL_MODEL,15
1409.0,FINAL_MODEL,15
1409.5,FINAL_MODEL,15
1410.0,FINAL_MODEL,15
1410.5,FINAL_MODEL,15
1411.0,FINAL_MODEL,15
1411.5,FINAL_MODEL,15
1412.0,FINAL_MODEL,15
1412.5,FINAL_MODEL,15
1413.0,FINAL_MODEL,15
1413.5,FINAL_MODEL,15
1414.0,FINAL_MODEL,15
1414.5,FINAL_MODEL,15
1415.0,FINAL_MODEL,15
1415.5,FINAL_MODEL,15
1416.0,FINAL_MODEL,15
1416.5,FINAL_MODEL,15
1417.0,FINAL_MODEL,15
1417.5,FINAL_MODEL,15
1418.0,FINAL_MODEL,15
1418.5,FINAL_MODEL,15
1419.0,FINAL_MODEL,15
1419.5,FINAL_MODEL,15
1420.0,FINAL_MODEL,15
1420.5,FINAL_MODEL,15
1421.0,FINAL_MODEL,15
1421.5,FINAL_MODEL,15
1422.0,FINAL_MODEL,15
1422.5,FINAL_MODEL,15
1423.0,FINAL_MODEL,15
1423.5,FINAL_MODEL,15
1424.0,FINAL_MODEL,15
1424.5,FINAL_MODEL,15
1425.0,FINAL_MODEL,15
1425.5,FINAL_MODEL,15
1426.0,FINAL_MODEL,15
1426.5,FINAL_MODEL,15
1427.0,FINAL_MODEL,15
1427.5,FINAL_MODEL,15
1428.0,FINAL_MODEL,15
1428.5,FINAL_MODEL,15
1429.0,FINAL_MODEL,15
1429.5,FINAL_MODEL,15
1430.0,FINAL_MODEL,15
1430.5,FINAL_MODEL,15
1431.0,FINAL_MODEL,15
1431.5,FINAL_MODEL,15
1432.0,FINAL_MODEL,15
1432.5,FINAL_MODEL,15
1433.0,FINAL_MODEL,15
1433.5,FINAL_MODEL,15
1434.0,FINAL_MODEL,15
1434.5,FINAL_MODEL,15
1435.0,FINAL_MODEL,15
1435.5,FINAL_MODEL,15
1436.0,FINAL_MODEL,15
1436.5,FINAL_MODEL,15
1437.0,FINAL_MODEL,15
1437.5,FINAL_MODEL,15
1438.0,FINAL_MODEL,15
1438.5,FINAL_MODEL,15
1439.0,FINAL_MODEL,15
1439.5,FINAL_MODEL,15
1440.0,FINAL_MODEL,15
1440.5,FINAL_MODEL,15
1441.0,FINAL_MODEL,15
1441.5,FINAL_MODEL,15
1442.0,FINAL_MODEL,15
1442.5,FINAL_MODEL,15
1443.0,FINAL_MODEL,15
1443.5,FINAL_MODEL,15
1444.0,FINAL_MODEL,15
1444.5,FINAL_MODEL,15
1445.0,FINAL_MODEL,15
1445.5,FINAL_MODEL,15
1446.0,FINAL_MODEL,15
1446.5,FINAL_MODEL,15
1447.0,FINAL_MODEL,15
1447.5,FINAL_MODEL,15
1448.0,FINAL_MODEL,15
1448.5,FINAL_MODEL,15
1449.0,FINAL_MODEL,15
1449.5,FINAL_MODEL,15
1450.0,FINAL_MODEL,15
1450.5,FINAL_MODEL,15
1451.0,FINAL_MODEL,15
1451.5,FINAL_MODEL,15
1452.0,FINAL_MODEL,15
1452.5,FINAL_MODEL,15
1453.0,FINAL_MODEL,15
1453.5,FINAL_MODEL,15
1454.0,FINAL_MODEL,15
1454.5,FINAL_MODEL,15
1455.0,FINAL_MODEL,15
1455.5,FINAL_MODEL,15
1456.0,FINAL_MODEL,15
1456.5,FINAL_MODEL,15
1457.0,FINAL_MODEL,15
1457.5,FINAL_MODEL,15
1458.0,FINAL_MODEL,15
1458.5,FINAL_MODEL,15
1459.0,FINAL_MODEL,15
1459.5,FINAL_MODEL,15
1460.0,FINAL_MODEL,15
1460.5,FINAL_MODEL,15
1461.0,FINAL_MODEL,15
1461.5,FINAL_MODEL,15
1462.0,FINAL_MODEL,15
1462.5,FINAL_MODEL,15
1463.0,FINAL_MODEL,15
1463.5,FINAL_MODEL,15
1464.0,FINAL_MODEL,15
1464.5,FINAL_MODEL,15
1465.0,FINAL_MODEL,15
1465.5,FINAL_MODEL,15
1466.0,FINAL_MODEL,15
1466.5,FINAL_MODEL,15
1467.0,FINAL_MODEL,15
1467.5,FINAL_MODEL,15
1468.0,FINAL_MODEL,15
1468.5,FINAL_MODEL,15
1469.0,FINAL_MODEL,15
1469.5,FINAL_MODEL,15
1470.0,FINAL_MODEL,15
1470.5,FINAL_MODEL,15
1471.0,FINAL_MODEL,15
1471.5,FINAL_MODEL,15
1472.0,FINAL_MODEL,15
1472.5,FINAL_MODEL,15
1473.0,FINAL_MODEL,15
1473.5,FINAL_MODEL,15
1474.0,FINAL_MODEL,15
1474.5,FINAL_MODEL,15
1475.0,FINAL_MODEL,15
1475.5,FINAL_MODEL,15
1476.0,FINAL_MODEL,15
1476.5,FINAL_MODEL,15
1477.0,FINAL_MODEL,15
1477.5,FINAL_MODEL,15
1478.0,FINAL_MODEL,15
1478.5,FINAL_MODEL,15
1479.0,FINAL_MODEL,15
1479.5,FINAL_MODEL,15
1480.0,FINAL_MODEL,15
1480.5,FINAL_MODEL,15
1481.0,FINAL_MODEL,15
1481.5,FINAL_MODEL,15
1482.0,FINAL_MODEL,15
1482.5,FINAL_MODEL,15
1483.0,FINAL_MODEL,15
1483.5,FINAL_MODEL,15
1484.0,FINAL_MODEL,15
1484.5,FINAL_MODEL,15
1485.0,FINAL_MODEL,15
1485.5,FINAL_MODEL,15
1486.0,FINAL_MODEL,15
1486.5,FINAL_MODEL,15
1487.0,FINAL_MODEL,15
1487.5,FINAL_MODEL,15
1488.0,FINAL_MODEL,15
1488.5,FINAL_MODEL,15
1489.0,FINAL_MODEL,15
1489.5,FINAL_MODEL,15
1490.0,FINAL_MODEL,15
1490.5,FINAL_MODEL,15
1491.0,FINAL_MODEL,15
1491.5,FINAL_MODEL,15
1492.0,FINAL_MODEL,15
1492.5,FINAL_MODEL,15
1493.0,FINAL_MODEL,15
1493.5,FINAL_MODEL,15
1494.0,FINAL_MODEL,15
1494.5,FINAL_MODEL,15
1495.0,FINAL_MODEL,15
1495.5,FINAL_MODEL,15
1496.0,FINAL_MODEL,15
1496.5,FINAL_MODEL,15
1497.0,FINAL_MODEL,15
1497.5,FINAL_MODEL,15
1498.0,FINAL_MODEL,15
1498.5,FINAL_MODEL,15
1499.0,FINAL_MODEL,15
1499.5,FINAL_MODEL,15
1500.0,FINAL_MODEL,15
1500.5,FINAL_MODEL,15
1501.0,FINAL_MODEL,15
1501.5,FINAL_MODEL,15
1502.0,FINAL_MODEL,15
1502.5,FINAL_MODEL,15
1503.0,FINAL_MODEL,15
1503.5,FINAL_MODEL,15
1504.0,FINAL_MODEL,15
1504.5,FINAL_MODEL,15
1505.0,FINAL_MODEL,15
1505.5,FINAL_MODEL,15
1506.0,FINAL_MODEL,15
1506.5,FINAL_MODEL,15
1507.0,FINAL_MODEL,15
1507.5,FINAL_MODEL,15
1508.0,FINAL_MODEL,15
1508.5,FINAL_MODEL,15
1509.0,FINAL_MODEL,15
1509.5,FINAL_MODEL,15
1510.0,FINAL_MODEL,15
1510.5,FINAL_MODEL,15
1511.0,FINAL_MODEL,15
1511.5,FINAL_MODEL,15
1512.0,FINAL_MODEL,15
1512.5,FINAL_MODEL,15
1513.0,FINAL_MODEL,15
1513.5,FINAL_MODEL,15
1514.0,FINAL_MODEL,15
1514.5,FINAL_MODEL,15
1515.0,FINAL_MODEL,15
1515.5,FINAL_MODEL,15
1516.0,FINAL_MODEL,16
1516.5,FINAL_MODEL,16
1517.0,FINAL_MODEL,16
1517.5,FINAL_MODEL,16
1518.0,FINAL_MODEL,16
1518.5,FINAL_MODEL,16
1519.0,FINAL_MODEL,16
1519.5,FINAL_MODEL,16
1520.0,FINAL_MODEL,16
1520.5,FINAL_MODEL,16
1521.0,FINAL_MODEL,16
1521.5,FINAL_MODEL,16
1522.0,FINAL_MODEL,16
1522.5,FINAL_MODEL,16
1523.0,FINAL_MODEL,16
1523.5,FINAL_MODEL,16
1524.0,FINAL_MODEL,16
1524.5,FINAL_MODEL,16
1525.0,FINAL_MODEL,16
1525.5,FINAL_MODEL,16
1526.0,FINAL_MODEL,16
1526.5,FINAL_MODEL,16
1527.0,FINAL_MODEL,16
1527.5,FINAL_MODEL,16
1528.0,FINAL_MODEL,16
1528.5,FINAL_MODEL,16
1529.0,FINAL_MODEL,16
1529.5,FINAL_MODEL,16
1530.0,FINAL_MODEL,16
1530.5,FINAL_MODEL,16
1531.0,FINAL_MODEL,16
1531.5,FINAL_MODEL,16
1532.0,FINAL_MODEL,16
1532.5,FINAL_MODEL,16
1533.0,FINAL_MODEL,16
1533.5,FINAL_MODEL,16
1534.0,FINAL_MODEL,16
1534.5,FINAL_MODEL,16
1535.0,FINAL_MODEL,16
1535.5,FINAL_MODEL,16
1536.0,FINAL_MODEL,16
1536.5,FINAL_MODEL,16
1537.0,FINAL_MODEL,16
1537.5,FINAL_MODEL,16
1538.0,FINAL_MODEL,16
1538.5,FINAL_MODEL,16
1539.0,FINAL_MODEL,16
1539.5,FINAL_MODEL,16
1540.0,FINAL_MODEL,16
1540.5,FINAL_MODEL,16
1541.0,FINAL_MODEL,16
1541.5,FINAL_MODEL,16
1542.0,FINAL_MODEL,16
1542.5,FINAL_MODEL,16
1543.0,FINAL_MODEL,16
1543.5,FINAL_MODEL,16
1544.0,FINAL_MODEL,16
1544.5,FINAL_MODEL,16
1545.0,FINAL_MODEL,16
1545.5,FINAL_MODEL,16
1546.0,FINAL_MODEL,16
1546.5,FINAL_MODEL,16
1547.0,FINAL_MODEL,16
1547.5,FINAL_MODEL,16
1548.0,FINAL_MODEL,16
1548.5,FINAL_MODEL,16
1549.0,FINAL_MODEL,16
1549.5,FINAL_MODEL,16
1550.0,FINAL_MODEL,16
1550.5,FINAL_MODEL,16
1551.0,FINAL_MODEL,16
1551.5,FINAL_MODEL,16
1552.0,FINAL_MODEL,16
1552.5,FINAL_MODEL,16
1553.0,FINAL_MODEL,16
1553.5,FINAL_MODEL,16
1554.0,FINAL_MODEL,16
1554.5,FINAL_MODEL,16
1555.0,FINAL_MODEL,16
1555.5,FINAL_MODEL,16
1556.0,FINAL_MODEL,16
1556.5,FINAL_MODEL,16
1557.0,FINAL_MODEL,16
1557.5,FINAL_MODEL,16
1558.0,FINAL_MODEL,16
1558.5,FINAL_MODEL,18
1559.0,FINAL_MODEL,18
1559.5,FINAL_MODEL,18
1560.0,FINAL_MODEL,18
1560.5,FINAL_MODEL,18
1561.0,FINAL_MODEL,18
1561.5,FINAL_MODEL,18
1562.0,FINAL_MODEL,18
1562.5,FINAL_MODEL,18
1563.0,FINAL_MODEL,18
1563.5,FINAL_MODEL,18
1564.0,FINAL_MODEL,18
1564.5,FINAL_MODEL,18
1565.0,FINAL_MODEL,18
1565.5,FINAL_MODEL,18
1566.0,FINAL_MODEL,18
1566.5,FINAL_MODEL,18
1567.0,FINAL_MODEL,18
1567.5,FINAL_MODEL,18
1568.0,FINAL_MODEL,18
1568.5,FINAL_MODEL,18
1569.0,FINAL_MODEL,18
1569.5,FINAL_MODEL,18
1570.0,FINAL_MODEL,18
1570.5,FINAL_MODEL,18
1571.0,FINAL_MODEL,18
1571.5,FINAL_MODEL,18
1572.0,FINAL_MODEL,18
1572.5,FINAL_MODEL,18
1573.0,FINAL_MODEL,18
1573.5,FINAL_MODEL,18
1574.0,FINAL_MODEL,18
1574.5,FINAL_MODEL,18
1575.0,FINAL_MODEL,18
1575.5,FINAL_MODEL,18
1576.0,FINAL_MODEL,18
1576.5,FINAL_MODEL,18
1577.0,FINAL_MODEL,18
1577.5,FINAL_MODEL,18
1578.0,FINAL_MODEL,18
1578.5,FINAL_MODEL,18
1579.0,FINAL_MODEL,18
1579.5,FINAL_MODEL,18
1580.0,FINAL_MODEL,18
1580.5,FINAL_MODEL,18
1581.0,FINAL_MODEL,18
1581.5,FINAL_MODEL,18
1582.0,FINAL_MODEL,18
1582.5,FINAL_MODEL,18
1583.0,FINAL_MODEL,18
1583.5,FINAL_MODEL,18
1584.0,FINAL_MODEL,18
1584.5,FINAL_MODEL,18
1585.0,FINAL_MODEL,18
1585.5,FINAL_MODEL,18
1586.0,FINAL_MODEL,18
1586.5,FINAL_MODEL,18
1587.0,FINAL_MODEL,18
1587.5,FINAL_MODEL,18
1588.0,FINAL_MODEL,18
1588.5,FINAL_MODEL,18
1589.0,FINAL_MODEL,18
1589.5,FINAL_MODEL,18
1590.0,FINAL_MODEL,18
1590.5,FINAL_MODEL,18
1591.0,FINAL_MODEL,18
1591.5,FINAL_MODEL,18
1592.0,FINAL_MODEL,18
1592.5,FINAL_MODEL,18
1593.0,FINAL_MODEL,18
1593.5,FINAL_MODEL,18
1594.0,FINAL_MODEL,18
1594.5,FINAL_MODEL,18
1595.0,FINAL_MODEL,18
1595.5,FINAL_MODEL,18
1596.0,FINAL_MODEL,18
1596.5,FINAL_MODEL,18
1597.0,FINAL_MODEL,18
1597.5,FINAL_MODEL,18
1598.0,FINAL_MODEL,18
1598.5,FINAL_MODEL,14
1599.0,FINAL_MODEL,14
1599.5,FINAL_MODEL,14
1600.0,FINAL_MODEL,14
1600.5,FINAL_MODEL,14
1601.0,FINAL_MODEL,14
1601.5,FINAL_MODEL,14
1602.0,FINAL_MODEL,14
1602.5,FINAL_MODEL,14
1603.0,FINAL_MODEL,14
1603.5,FINAL_MODEL,14
1604.0,FINAL_MODEL,14
1604.5,FINAL_MODEL,14
1605.0,FINAL_MODEL,14
1605.5,FINAL_MODEL,14
1606.0,FINAL_MODEL,14
1606.5,FINAL_MODEL,10
1607.0,FINAL_MODEL,11
1607.5,FINAL_MODEL,11
1608.0,FINAL_MODEL,11
1608.5,FINAL_MODEL,11
1609.0,FINAL_MODEL,11
1609.5,FINAL_MODEL,11
1610.0,FINAL_MODEL,11
1610.5,FINAL_MODEL,11
1611.0,FINAL_MODEL,11
1611.5,FINAL_MODEL,11
1612.0,FINAL_MODEL,11
1612.5,FINAL_MODEL,11
1613.0,FINAL_MODEL,11
1613.5,FINAL_MODEL,11
1614.0,FINAL_MODEL,11
1614.5,FINAL_MODEL,11
1615.0,FINAL_MODEL,11
1615.5,FINAL_MODEL,11
1616.0,FINAL_MODEL,11
1616.5,FINAL_MODEL,11
1617.0,FINAL_MODEL,11
1617.5,FINAL_MODEL,11
1618.0,FINAL_MODEL,11
1618.5,FINAL_MODEL,11
1619.0,FINAL_MODEL,11
1619.5,FINAL_MODEL,11
1620.0,FINAL_MODEL,11
1620.5,FINAL_MODEL,11
1621.0,FINAL_MODEL,11
1621.5,FINAL_MODEL,11
1622.0,FINAL_MODEL,11
1622.5,FINAL_MODEL,11
1623.0,FINAL_MODEL,11
1623.5,FINAL_MODEL,11
1624.0,FINAL_MODEL,11
1624.5,FINAL_MODEL,11
1625.0,FINAL_MODEL,11
1625.5,FINAL_MODEL,11
1626.0,FINAL_MODEL,11
1626.5,FINAL_MODEL,11
1627.0,FINAL_MODEL,11
1627.5,FINAL_MODEL,11
1628.0,FINAL_MODEL,11
1628.5,FINAL_MODEL,11
1629.0,FINAL_MODEL,11
1629.5,FINAL_MODEL,11
1630.0,FINAL_MODEL,11
1630.5,FINAL_MODEL,11
1631.0,FINAL_MODEL,11
1631.5,FINAL_MODEL,11
1632.0,FINAL_MODEL,11
1632.5,FINAL_MODEL,11
1633.0,FINAL_MODEL,11
1633.5,FINAL_MODEL,11
1634.0,FINAL_MODEL,11
1634.5,FINAL_MODEL,11
1635.0,FINAL_MODEL,11
1635.5,FINAL_MODEL,11
1636.0,FINAL_MODEL,11
1636.5,FINAL_MODEL,11
1637.0,FINAL_MODEL,11
1637.5,FINAL_MODEL,11
1638.0,FINAL_MODEL,11
1638.5,FINAL_MODEL,11
1639.0,FINAL_MODEL,11
1639.5,FINAL_MODEL,11
1640.0,FINAL_MODEL,11
1640.5,FINAL_MODEL,11
1641.0,FINAL_MODEL,11
1641.5,FINAL_MODEL,11
1642.0,FINAL_MODEL,11
1642.5,FINAL_MODEL,11
1643.0,FINAL_MODEL,11
1643.5,FINAL_MODEL,11
1644.0,FINAL_MODEL,11
1644.5,FINAL_MODEL,11
1645.0,FINAL_MODEL,11
1645.5,FINAL_MODEL,11
1646.0,FINAL_MODEL,11
1646.5,FINAL_MODEL,11
1647.0,FINAL_MODEL,11
1647.5,FINAL_MODEL,11
1648.0,FINAL_MODEL,11
1648.5,FINAL_MODEL,11
1649.0,FINAL_MODEL,11
1649.5,FINAL_MODEL,11
1650.0,FINAL_MODEL,11
1650.5,FINAL_MODEL,11
1651.0,FINAL_MODEL,11
1651.5,FINAL_MODEL,11
1652.0,FINAL_MODEL,11
1652.5,FINAL_MODEL,11
1653.0,FINAL_MODEL,11
1653.5,FINAL_MODEL,11
1654.0,FINAL_MODEL,11
1654.5,FINAL_MODEL,11
1655.0,FINAL_MODEL,11
1655.5,FINAL_MODEL,11
1656.0,FINAL_MODEL,11
1656.5,FINAL_MODEL,11
1657.0,FINAL_MODEL,11
1657.5,FINAL_MODEL,11
1658.0,FINAL_MODEL,11
1658.5,FINAL_MODEL,11
1659.0,FINAL_MODEL,11
1659.5,FINAL_MODEL,11
1660.0,FINAL_MODEL,11
1660.5,FINAL_MODEL,11
1661.0,FINAL_MODEL,11
1661.5,FINAL_MODEL,11
1662.0,FINAL_MODEL,11
1662.5,FINAL_MODEL,11
1663.0,FINAL_MODEL,11
1663.5,FINAL_MODEL,11
1664.0,FINAL_MODEL,11
1664.5,FINAL_MODEL,11
1665.0,FINAL_MODEL,11
1665.5,FINAL_MODEL,11
1666.0,FINAL_MODEL,11
1666.5,FINAL_MODEL,11
1667.0,FINAL_MODEL,11
1667.5,FINAL_MODEL,11
1668.0,FINAL_MODEL,11
1668.5,FINAL_MODEL,11
1669.0,FINAL_MODEL,11
1669.5,FINAL_MODEL,11
1670.0,FINAL_MODEL,11
1670.5,FINAL_MODEL,11
1671.0,FINAL_MODEL,11
1671.5,FINAL_MODEL,11
1672.0,FINAL_MODEL,11
1672.5,FINAL_MODEL,11
1673.0,FINAL_MODEL,11
1673.5,FINAL_MODEL,11
1674.0,FINAL_MODEL,11
1674.5,FINAL_MODEL,11
1675.0,FINAL_MODEL,11
1675.5,FINAL_MODEL,11
1676.0,FINAL_MODEL,11
1676.5,FINAL_MODEL,11
1677.0,FINAL_MODEL,11
1677.5,FINAL_MODEL,11
1678.0,FINAL_MODEL,11
1678.5,FINAL_MODEL,11
1679.0,FINAL_MODEL,11
1679.5,FINAL_MODEL,11
1680.0,FINAL_MODEL,11
1680.5,FINAL_MODEL,11
1681.0,FINAL_MODEL,11
1681.5,FINAL_MODEL,11
1682.0,FINAL_MODEL,11
1682.5,FINAL_MODEL,11
1683.0,FINAL_MODEL,11
1683.5,FINAL_MODEL,11
1684.0,FINAL_MODEL,11
1684.5,FINAL_MODEL,11
1685.0,FINAL_MODEL,11
1685.5,FINAL_MODEL,11
1686.0,FINAL_MODEL,11
1686.5,FINAL_MODEL,18
1687.0,FINAL_MODEL,18
1687.5,FINAL_MODEL,18
1688.0,FINAL_MODEL,18
1688.5,FINAL_MODEL,18
1689.0,FINAL_MODEL,18
1689.5,FINAL_MODEL,18
1690.0,FINAL_MODEL,18
1690.5,FINAL_MODEL,18
1691.0,FINAL_MODEL,18
1691.5,FINAL_MODEL,18
1692.0,FINAL_MODEL,18
1692.5,FINAL_MODEL,18
1693.0,FINAL_MODEL,18
1693.5,FINAL_MODEL,18
1694.0,FINAL_MODEL,18
1694.5,FINAL_MODEL,18
1695.0,FINAL_MODEL,18
1695.5,FINAL_MODEL,18
1696.0,FINAL_MODEL,18
1696.5,FINAL_MODEL,18
1697.0,FINAL_MODEL,18
1697.5,FINAL_MODEL,18
1698.0,FINAL_MODEL,18
1698.5,FINAL_MODEL,18
1699.0,FINAL_MODEL,18
1699.5,FINAL_MODEL,18
1700.0,FINAL_MODEL,18
1700.5,FINAL_MODEL,18
1701.0,FINAL_MODEL,18
1701.5,FINAL_MODEL,18
1702.0,FINAL_MODEL,18
1702.5,FINAL_MODEL,18
1703.0,FINAL_MODEL,18
1703.5,FINAL_MODEL,18
1704.0,FINAL_MODEL,18
1704.5,FINAL_MODEL,18
1705.0,FINAL_MODEL,18
1705.5,FINAL_MODEL,18
1706.0,FINAL_MODEL,18
1706.5,FINAL_MODEL,18
1707.0,FINAL_MODEL,18
1707.5,FINAL_MODEL,18
1708.0,FINAL_MODEL,18
1708.5,FINAL_MODEL,18
1709.0,FINAL_MODEL,18
1709.5,FINAL_MODEL,18
1710.0,FINAL_MODEL,18
1710.5,FINAL_MODEL,18
1711.0,FINAL_MODEL,18
1711.5,FINAL_MODEL,18
1712.0,FINAL_MODEL,18
1712.5,FINAL_MODEL,18
1713.0,FINAL_MODEL,18
1713.5,FINAL_MODEL,18
1714.0,FINAL_MODEL,18
1714.5,FINAL_MODEL,18
1715.0,FINAL_MODEL,18
1715.5,FINAL_MODEL,18
1716.0,FINAL_MODEL,18
1716.5,FINAL_MODEL,18
1717.0,FINAL_MODEL,18
1717.5,FINAL_MODEL,18
1718.0,FINAL_MODEL,18
1718.5,FINAL_MODEL,18
1719.0,FINAL_MODEL,18
1719.5,FINAL_MODEL,18
1720.0,FINAL_MODEL,18
1720.5,FINAL_MODEL,18
1721.0,FINAL_MODEL,18
1721.5,FINAL_MODEL,18
1722.0,FINAL_MODEL,18
1722.5,FINAL_MODEL,18
1723.0,FINAL_MODEL,18
1723.5,FINAL_MODEL,18
1724.0,FINAL_MODEL,18
1724.5,FINAL_MODEL,18
1725.0,FINAL_MODEL,18
1725.5,FINAL_MODEL,18
1726.0,FINAL_MODEL,18
1726.5,FINAL_MODEL,18
1727.0,FINAL_MODEL,18
1727.5,FINAL_MODEL,18
1728.0,FINAL_MODEL,18
1728.5,FINAL_MODEL,18
1729.0,FINAL_MODEL,18
1729.5,FINAL_MODEL,18
1730.0,FINAL_MODEL,18
1730.5,FINAL_MODEL,18
1731.0,FINAL_MODEL,18
1731.5,FINAL_MODEL,18
1732.0,FINAL_MODEL,18
1732.5,FINAL_MODEL,18
1733.0,FINAL_MODEL,18
1733.5,FINAL_MODEL,18
1734.0,FINAL_MODEL,18
1734.5,FINAL_MODEL,18
1735.0,FINAL_MODEL,18
1735.5,FINAL_MODEL,18
1736.0,FINAL_MODEL,18
1736.5,FINAL_MODEL,18
1737.0,FINAL_MODEL,18
1737.5,FINAL_MODEL,18
1738.0,FINAL_MODEL,18
1738.5,FINAL_MODEL,18
1739.0,FINAL_MODEL,18
1739.5,FINAL_MODEL,8
1740.0,FINAL_MODEL,8
1740.5,FINAL_MODEL,8
1741.0,FINAL_MODEL,8
1741.5,FINAL_MODEL,8
1742.0,FINAL_MODEL,8
1742.5,FINAL_MODEL,8
1743.0,FINAL_MODEL,8
1743.5,FINAL_MODEL,8
1744.0,FINAL_MODEL,8
1744.5,FINAL_MODEL,8
1745.0,FINAL_MODEL,8
1745.5,FINAL_MODEL,8
1746.0,FINAL_MODEL,8
1746.5,FINAL_MODEL,8
1747.0,FINAL_MODEL,8
1747.5,FINAL_MODEL,8
1748.0,FINAL_MODEL,8
1748.5,FINAL_MODEL,8
1749.0,FINAL_MODEL,8
1749.5,FINAL_MODEL,8
1750.0,FINAL_MODEL,8
1750.5,FINAL_MODEL,8
1751.0,FINAL_MODEL,8
1751.5,FINAL_MODEL,8
1752.0,FINAL_MODEL,8
1752.5,FINAL_MODEL,8
1753.0,FINAL_MODEL,8
1753.5,FINAL_MODEL,8
1754.0,FINAL_MODEL,8
1754.5,FINAL_MODEL,8
1755.0,FINAL_MODEL,8
1755.5,FINAL_MODEL,8
1756.0,FINAL_MODEL,8
1756.5,FINAL_MODEL,8
1757.0,FINAL_MODEL,18
1757.5,FINAL_MODEL,18
1758.0,FINAL_MODEL,18
1758.5,FINAL_MODEL,18
1759.0,FINAL_MODEL,18
1759.5,FINAL_MODEL,18
1760.0,FINAL_MODEL,18
1760.5,FINAL_MODEL,18
1761.0,FINAL_MODEL,18
1761.5,FINAL_MODEL,18
1762.0,FINAL_MODEL,18
1762.5,FINAL_MODEL,18
1763.0,FINAL_MODEL,18
1763.5,FINAL_MODEL,18
1764.0,FINAL_MODEL,18
1764.5,FINAL_MODEL,18
1765.0,FINAL_MODEL,18
1765.5,FINAL_MODEL,18
1766.0,FINAL_MODEL,18
1766.5,FINAL_MODEL,18
1767.0,FINAL_MODEL,18
1767.5,FINAL_MODEL,18
1768.0,FINAL_MODEL,18
1768.5,FINAL_MODEL,18
1769.0,FINAL_MODEL,18
1769.5,FINAL_MODEL,18
1770.0,FINAL_MODEL,18
1770.5,FINAL_MODEL,18
1771.0,FINAL_MODEL,18
1771.5,FINAL_MODEL,18
1772.0,FINAL_MODEL,18
1772.5,FINAL_MODEL,18
1773.0,FINAL_MODEL,18
1773.5,FINAL_MODEL,18
1774.0,FINAL_MODEL,18
1774.5,FINAL_MODEL,18
1775.0,FINAL_MODEL,18
1775.5,FINAL_MODEL,18
1776.0,FINAL_MODEL,18
1776.5,FINAL_MODEL,18
1777.0,FINAL_MODEL,18
1777.5,FINAL_MODEL,18
1778.0,FINAL_MODEL,18
1778.5,FINAL_MODEL,18
1779.0,FINAL_MODEL,18
1779.5,FINAL_MODEL,18
1780.0,FINAL_MODEL,18
1780.5,FINAL_MODEL,18
1781.0,FINAL_MODEL,18
1781.5,FINAL_MODEL,18
1782.0,FINAL_MODEL,18
1782.5,FINAL_MODEL,18
1783.0,FINAL_MODEL,18
1783.5,FINAL_MODEL,18
1784.0,FINAL_MODEL,18
1784.5,FINAL_MODEL,18
1785.0,FINAL_MODEL,18
1785.5,FINAL_MODEL,18
1786.0,FINAL_MODEL,18
1786.5,FINAL_MODEL,18
1787.0,FINAL_MODEL,18
1787.5,FINAL_MODEL,18
1788.0,FINAL_MODEL,18
1788.5,FINAL_MODEL,18
1789.0,FINAL_MODEL,18
1789.5,FINAL_MODEL,18
1790.0,FINAL_MODEL,18
1790.5,FINAL_MODEL,18
1791.0,FINAL_MODEL,18
1791.5,FINAL_MODEL,18
1792.0,FINAL_MODEL,18
1792.5,FINAL_MODEL,18
1793.0,FINAL_MODEL,18
1793.5,FINAL_MODEL,18
1794.0,FINAL_MODEL,18
1794.5,FINAL_MODEL,18
1795.0,FINAL_MODEL,18
1795.5,FINAL_MODEL,18
1796.0,FINAL_MODEL,18
1796.5,FINAL_MODEL,18
1797.0,FINAL_MODEL,18
1797.5,FINAL_MODEL,18
1798.0,FINAL_MODEL,18
1798.5,FINAL_MODEL,18
1799.0,FINAL_MODEL,18
1799.5,FINAL_MODEL,18
1800.0,FINAL_MODEL,18
1800.5,FINAL_MODEL,18
1801.0,FINAL_MODEL,18
1801.5,FINAL_MODEL,18
1802.0,FINAL_MODEL,18
1802.5,FINAL_MODEL,18
1803.0,FINAL_MODEL,18
1803.5,FINAL_MODEL,18
1804.0,FINAL_MODEL,18
1804.5,FINAL_MODEL,18
1805.0,FINAL_MODEL,18
1805.5,FINAL_MODEL,18
1806.0,FINAL_MODEL,18
1806.5,FINAL_MODEL,18
1807.0,FINAL_MODEL,18
1807.5,FINAL_MODEL,18
1808.0,FINAL_MODEL,18
1808.5,FINAL_MODEL,18
1809.0,FINAL_MODEL,18
1809.5,FINAL_MODEL,18
1810.0,FINAL_MODEL,18
1810.5,FINAL_MODEL,18
1811.0,FINAL_MODEL,18
1811.5,FINAL_MODEL,18
1812.0,FINAL_MODEL,18
1812.5,FINAL_MODEL,18
1813.0,FINAL_MODEL,18
1813.5,FINAL_MODEL,18
1814.0,FINAL_MODEL,18
1814.5,FINAL_MODEL,18
1815.0,FINAL_MODEL,18
1815.5,FINAL_MODEL,18
1816.0,FINAL_MODEL,18
1816.5,FINAL_MODEL,18
1817.0,FINAL_MODEL,18
1817.5,FINAL_MODEL,18
1818.0,FINAL_MODEL,18
1818.5,FINAL_MODEL,18
1819.0,FINAL_MODEL,18
1819.5,FINAL_MODEL,18
1820.0,FINAL_MODEL,18
1820.5,FINAL_MODEL,18
1821.0,FINAL_MODEL,18
1821.5,FINAL_MODEL,18
1822.0,FINAL_MODEL,18
1822.5,FINAL_MODEL,18
1823.0,FINAL_MODEL,18
1823.5,FINAL_MODEL,18
1824.0,FINAL_MODEL,18
1824.5,FINAL_MODEL,18
1825.0,FINAL_MODEL,18
1825.5,FINAL_MODEL,18
1826.0,FINAL_MODEL,18
1826.5,FINAL_MODEL,18
1827.0,FINAL_MODEL,18
1827.5,FINAL_MODEL,18
1828.0,FINAL_MODEL,18
1828.5,FINAL_MODEL,18
1829.0,FINAL_MODEL,18
1829.5,FINAL_MODEL,18
1830.0,FINAL_MODEL,18
1830.5,FINAL_MODEL,18
1831.0,FINAL_MODEL,18
1831.5,FINAL_MODEL,18
1832.0,FINAL_MODEL,18
1832.5,FINAL_MODEL,18
1833.0,FINAL_MODEL,18
1833.5,FINAL_MODEL,18
1834.0,FINAL_MODEL,18
1834.5,FINAL_MODEL,18
1835.0,FINAL_MODEL,18
1835.5,FINAL_MODEL,18
1836.0,FINAL_MODEL,18
1836.5,FINAL_MODEL,18
1837.0,FINAL_MODEL,18
1837.5,FINAL_MODEL,18
1838.0,FINAL_MODEL,18
1838.5,FINAL_MODEL,18
1839.0,FINAL_MODEL,18
1839.5,FINAL_MODEL,18
1840.0,FINAL_MODEL,18
1840.5,FINAL_MODEL,18
1841.0,FINAL_MODEL,18
1841.5,FINAL_MODEL,18
1842.0,FINAL_MODEL,18
1842.5,FINAL_MODEL,18
1843.0,FINAL_MODEL,18
1843.5,FINAL_MODEL,18
1844.0,FINAL_MODEL,18
1844.5,FINAL_MODEL,18
1845.0,FINAL_MODEL,18
1845.5,FINAL_MODEL,18
1846.0,FINAL_MODEL,18
1846.5,FINAL_MODEL,18
1847.0,FINAL_MODEL,18
1847.5,FINAL_MODEL,18
1848.0,FINAL_MODEL,18
1848.5,FINAL_MODEL,18
1849.0,FINAL_MODEL,18
1849.5,FINAL_MODEL,18
1850.0,FINAL_MODEL,18
1850.5,FINAL_MODEL,18
1851.0,FINAL_MODEL,18
1851.5,FINAL_MODEL,18
1852.0,FINAL_MODEL,18
1852.5,FINAL_MODEL,18
1853.0,FINAL_MODEL,18
1853.5,FINAL_MODEL,18
1854.0,FINAL_MODEL,18
1854.5,FINAL_MODEL,18
1855.0,FINAL_MODEL,18
1855.5,FINAL_MODEL,18
1856.0,FINAL_MODEL,18
1856.5,FINAL_MODEL,18
1857.0,FINAL_MODEL,18
1857.5,FINAL_MODEL,18
1858.0,FINAL_MODEL,18
1858.5,FINAL_MODEL,18
1859.0,FINAL_MODEL,18
1859.5,FINAL_MODEL,18
1860.0,FINAL_MODEL,18
1860.5,FINAL_MODEL,18
1861.0,FINAL_MODEL,18
1861.5,FINAL_MODEL,18
1862.0,FINAL_MODEL,18
1862.5,FINAL_MODEL,18
1863.0,FINAL_MODEL,18
1863.5,FINAL_MODEL,18
1864.0,FINAL_MODEL,18
1864.5,FINAL_MODEL,18
1865.0,FINAL_MODEL,18
1865.5,FINAL_MODEL,18
1866.0,FINAL_MODEL,18
1866.5,FINAL_MODEL,18
1867.0,FINAL_MODEL,18
1867.5,FINAL_MODEL,18
1868.0,FINAL_MODEL,18
1868.5,FINAL_MODEL,18
1869.0,FINAL_MODEL,18
1869.5,FINAL_MODEL,18
1870.0,FINAL_MODEL,18
1870.5,FINAL_MODEL,18
1871.0,FINAL_MODEL,18
1871.5,FINAL_MODEL,18
1872.0,FINAL_MODEL,18
1872.5,FINAL_MODEL,18
1873.0,FINAL_MODEL,18
1873.5,FINAL_MODEL,18
1874.0,FINAL_MODEL,18
1874.5,FINAL_MODEL,18
1875.0,FINAL_MODEL,18
1875.5,FINAL_MODEL,18
1876.0,FINAL_MODEL,18
1876.5,FINAL_MODEL,18
1877.0,FINAL_MODEL,18
1877.5,FINAL_MODEL,18
1878.0,FINAL_MODEL,18
1878.5,FINAL_MODEL,18
1879.0,FINAL_MODEL,18
1879.5,FINAL_MODEL,18
1880.0,FINAL_MODEL,18
1880.5,FINAL_MODEL,18
1881.0,FINAL_MODEL,18
1881.5,FINAL_MODEL,18
1882.0,FINAL_MODEL,18
1882.5,FINAL_MODEL,18
1883.0,FINAL_MODEL,18
1883.5,FINAL_MODEL,18
1884.0,FINAL_MODEL,18
1884.5,FINAL_MODEL,18
1885.0,FINAL_MODEL,18
1885.5,FINAL_MODEL,18
1886.0,FINAL_MODEL,18
1886.5,FINAL_MODEL,18
1887.0,FINAL_MODEL,18
1887.5,FINAL_MODEL,18
1888.0,FINAL_MODEL,18
1888.5,FINAL_MODEL,18
1889.0,FINAL_MODEL,18
1889.5,FINAL_MODEL,18
1890.0,FINAL_MODEL,18
1890.5,FINAL_MODEL,18
1891.0,FINAL_MODEL,18
1891.5,FINAL_MODEL,18
1892.0,FINAL_MODEL,18
1892.5,FINAL_MODEL,18
1893.0,FINAL_MODEL,18
1893.5,FINAL_MODEL,18
1894.0,FINAL_MODEL,18
1894.5,FINAL_MODEL,18
1895.0,FINAL_MODEL,18
1895.5,FINAL_MODEL,18
1896.0,FINAL_MODEL,18
1896.5,FINAL_MODEL,18
1897.0,FINAL_MODEL,18
1897.5,FINAL_MODEL,18
1898.0,FINAL_MODEL,18
1898.5,FINAL_MODEL,18
1899.0,FINAL_MODEL,18
1899.5,FINAL_MODEL,18
1900.0,FINAL_MODEL,18
1900.5,FINAL_MODEL,18
1901.0,FINAL_MODEL,18
1901.5,FINAL_MODEL,18
1902.0,FINAL_MODEL,18
1902.5,FINAL_MODEL,18
1903.0,FINAL_MODEL,18
1903.5,FINAL_MODEL,18
1904.0,FINAL_MODEL,18
1904.5,FINAL_MODEL,18
1905.0,FINAL_MODEL,18
1905.5,FINAL_MODEL,18
1906.0,FINAL_MODEL,18
1906.5,FINAL_MODEL,18
1907.0,FINAL_MODEL,18
1907.5,FINAL_MODEL,18
1908.0,FINAL_MODEL,18
1908.5,FINAL_MODEL,18
1909.0,FINAL_MODEL,18
1909.5,FINAL_MODEL,18
1910.0,FINAL_MODEL,18
1910.5,FINAL_MODEL,18
1911.0,FINAL_MODEL,18
1911.5,FINAL_MODEL,18
1912.0,FINAL_MODEL,18
1912.5,FINAL_MODEL,18
1913.0,FINAL_MODEL,18
1913.5,FINAL_MODEL,18
1914.0,FINAL_MODEL,18
1914.5,FINAL_MODEL,18
1915.0,FINAL_MODEL,18
1915.5,FINAL_MODEL,18
1916.0,FINAL_MODEL,18
1916.5,FINAL_MODEL,18
1917.0,FINAL_MODEL,18
1917.5,FINAL_MODEL,18
1918.0,FINAL_MODEL,18
1918.5,FINAL_MODEL,18
1919.0,FINAL_MODEL,18
1919.5,FINAL_MODEL,18
1920.0,FINAL_MODEL,18
1920.5,FINAL_MODEL,18
1921.0,FINAL_MODEL,18
1921.5,FINAL_MODEL,18
1922.0,FINAL_MODEL,18
1922.5,FINAL_MODEL,18
1923.0,FINAL_MODEL,18
1923.5,FINAL_MODEL,18
1924.0,FINAL_MODEL,18
1924.5,FINAL_MODEL,18
1925.0,FINAL_MODEL,18
1925.5,FINAL_MODEL,18
1926.0,FINAL_MODEL,18
1926.5,FINAL_MODEL,18
1927.0,FINAL_MODEL,18
1927.5,FINAL_MODEL,18
1928.0,FINAL_MODEL,18
1928.5,FINAL_MODEL,18
1929.0,FINAL_MODEL,18
1929.5,FINAL_MODEL,18
1930.0,FINAL_MODEL,18
1930.5,FINAL_MODEL,16
1931.0,FINAL_MODEL,16
1931.5,FINAL_MODEL,16
1932.0,FINAL_MODEL,16
1932.5,FINAL_MODEL,16
1933.0,FINAL_MODEL,16
1933.5,FINAL_MODEL,16
1934.0,FINAL_MODEL,16
1934.5,FINAL_MODEL,16
1935.0,FINAL_MODEL,16
1935.5,FINAL_MODEL,16
1936.0,FINAL_MODEL,16
1936.5,FINAL_MODEL,16
1937.0,FINAL_MODEL,16
1937.5,FINAL_MODEL,16
1938.0,FINAL_MODEL,16
1938.5,FINAL_MODEL,16
1939.0,FINAL_MODEL,16
1939.5,FINAL_MODEL,16
1940.0,FINAL_MODEL,16
1940.5,FINAL_MODEL,16
1941.0,FINAL_MODEL,16
1941.5,FINAL_MODEL,16
1942.0,FINAL_MODEL,16
1942.5,FINAL_MODEL,16
1943.0,FINAL_MODEL,16
1943.5,FINAL_MODEL,16
1944.0,FINAL_MODEL,16
1944.5,FINAL_MODEL,16
1945.0,FINAL_MODEL,16
1945.5,FINAL_MODEL,16
1946.0,FINAL_MODEL,16
1946.5,FINAL_MODEL,16
1947.0,FINAL_MODEL,16
1947.5,FINAL_MODEL,16
1948.0,FINAL_MODEL,16
1948.5,FINAL_MODEL,16
1949.0,FINAL_MODEL,16
1949.5,FINAL_MODEL,16
1950.0,FINAL_MODEL,16
1950.5,FINAL_MODEL,16
1951.0,FINAL_MODEL,16
1951.5,FINAL_MODEL,16
1952.0,FINAL_MODEL,16
1952.5,FINAL_MODEL,16
1953.0,FINAL_MODEL,16
1953.5,FINAL_MODEL,16
1954.0,FINAL_MODEL,16
1954.5,FINAL_MODEL,16
1955.0,FINAL_MODEL,16
1955.5,FINAL_MODEL,16
1956.0,FINAL_MODEL,16
1956.5,FINAL_MODEL,16
1957.0,FINAL_MODEL,16
1957.5,FINAL_MODEL,16
1958.0,FINAL_MODEL,16
1958.5,FINAL_MODEL,16
1959.0,FINAL_MODEL,16
1959.5,FINAL_MODEL,16
1960.0,FINAL_MODEL,16
1960.5,FINAL_MODEL,16
1961.0,FINAL_MODEL,16
1961.5,FINAL_MODEL,16
1962.0,FINAL_MODEL,16
1962.5,FINAL_MODEL,16
1963.0,FINAL_MODEL,16
1963.5,FINAL_MODEL,16
1964.0,FINAL_MODEL,16
1964.5,FINAL_MODEL,16
1965.0,FINAL_MODEL,16
1965.5,FINAL_MODEL,16
1966.0,FINAL_MODEL,16
1966.5,FINAL_MODEL,16
1967.0,FINAL_MODEL,16
1967.5,FINAL_MODEL,16
1968.0,FINAL_MODEL,16
1968.5,FINAL_MODEL,16
1969.0,FINAL_MODEL,16
1969.5,FINAL_MODEL,16
1970.0,FINAL_MODEL,16
1970.5,FINAL_MODEL,16
1971.0,FINAL_MODEL,16
1971.5,FINAL_MODEL,16
1972.0,FINAL_MODEL,16
1972.5,FINAL_MODEL,16
1973.0,FINAL_MODEL,16
1973.5,FINAL_MODEL,16
1974.0,FINAL_MODEL,16
1974.5,FINAL_MODEL,16
1975.0,FINAL_MODEL,16
1975.5,FINAL_MODEL,16
1976.0,FINAL_MODEL,16
1976.5,FINAL_MODEL,16
1977.0,FINAL_MODEL,16
1977.5,FINAL_MODEL,16
1978.0,FINAL_MODEL,16
1978.5,FINAL_MODEL,16
1979.0,FINAL_MODEL,16
1979.5,FINAL_MODEL,16
1980.0,FINAL_MODEL,16
1980.5,FINAL_MODEL,16
1981.0,FINAL_MODEL,16
1981.5,FINAL_MODEL,16
1982.0,FINAL_MODEL,16
1982.5,FINAL_MODEL,16
1983.0,FINAL_MODEL,16
1983.5,FINAL_MODEL,16
1984.0,FINAL_MODEL,16
1984.5,FINAL_MODEL,16
1985.0,FINAL_MODEL,16
1985.5,FINAL_MODEL,16
1986.0,FINAL_MODEL,16
1986.5,FINAL_MODEL,16
1987.0,FINAL_MODEL,16
1987.5,FINAL_MODEL,16
1988.0,FINAL_MODEL,16
1988.5,FINAL_MODEL,16
1989.0,FINAL_MODEL,16
1989.5,FINAL_MODEL,16
1990.0,FINAL_MODEL,16
1990.5,FINAL_MODEL,16
1991.0,FINAL_MODEL,16
1991.5,FINAL_MODEL,16
1992.0,FINAL_MODEL,16
1992.5,FINAL_MODEL,16
1993.0,FINAL_MODEL,16
1993.5,FINAL_MODEL,16
1994.0,FINAL_MODEL,16
1994.5,FINAL_MODEL,16
1995.0,FINAL_MODEL,16
1995.5,FINAL_MODEL,16
1996.0,FINAL_MODEL,16
1996.5,FINAL_MODEL,16
1997.0,FINAL_MODEL,16
1997.5,FINAL_MODEL,16
1998.0,FINAL_MODEL,16
1998.5,FINAL_MODEL,16
1999.0,FINAL_MODEL,16
1999.5,FINAL_MODEL,16
2000.0,FINAL_MODEL,16
2000.5,FINAL_MODEL,16
2001.0,FINAL_MODEL,16
2001.5,FINAL_MODEL,16
2002.0,FINAL_MODEL,16
2002.5,FINAL_MODEL,16
2003.0,FINAL_MODEL,16
2003.5,FINAL_MODEL,16
2004.0,FINAL_MODEL,16
2004.5,FINAL_MODEL,16
2005.0,FINAL_MODEL,16
2005.5,FINAL_MODEL,16
2006.0,FINAL_MODEL,16
2006.5,FINAL_MODEL,16
2007.0,FINAL_MODEL,16
2007.5,FINAL_MODEL,16
2008.0,FINAL_MODEL,16
2008.5,FINAL_MODEL,16
2009.0,FINAL_MODEL,16
2009.5,FINAL_MODEL,16
2010.0,FINAL_MODEL,16
2010.5,FINAL_MODEL,16
2011.0,FINAL_MODEL,16
2011.5,FINAL_MODEL,16
2012.0,FINAL_MODEL,16
2012.5,FINAL_MODEL,16
2013.0,FINAL_MODEL,16
2013.5,FINAL_MODEL,16
2014.0,FINAL_MODEL,16
2014.5,FINAL_MODEL,16
2015.0,FINAL_MODEL,16
2015.5,FINAL_MODEL,16
2016.0,FINAL_MODEL,16
2016.5,FINAL_MODEL,16
2017.0,FINAL_MODEL,16
2017.5,FINAL_MODEL,16
2018.0,FINAL_MODEL,16
2018.5,FINAL_MODEL,16
2019.0,FINAL_MODEL,16
2019.5,FINAL_MODEL,16
2020.0,FINAL_MODEL,16
2020.5,FINAL_MODEL,16
2021.0,FINAL_MODEL,16
2021.5,FINAL_MODEL,16
2022.0,FINAL_MODEL,16
2022.5,FINAL_MODEL,16
2023.0,FINAL_MODEL,16
2023.5,FINAL_MODEL,16
2024.0,FINAL_MODEL,16
2024.5,FINAL_MODEL,16
2025.0,FINAL_MODEL,16
2025.5,FINAL_MODEL,16
2026.0,FINAL_MODEL,16
2026.5,FINAL_MODEL,16
2027.0,FINAL_MODEL,16
2027.5,FINAL_MODEL,16
2028.0,FINAL_MODEL,16
2028.5,FINAL_MODEL,16
2029.0,FINAL_MODEL,16
2029.5,FINAL_MODEL,16
2030.0,FINAL_MODEL,16
2030.5,FINAL_MODEL,16
2031.0,FINAL_MODEL,16
2031.5,FINAL_MODEL,16
2032.0,FINAL_MODEL,16
2032.5,FINAL_MODEL,16
2033.0,FINAL_MODEL,16
2033.5,FINAL_MODEL,16
2034.0,FINAL_MODEL,16
2034.5,FINAL_MODEL,16
2035.0,FINAL_MODEL,16
2035.5,FINAL_MODEL,16
2036.0,FINAL_MODEL,16
2036.5,FINAL_MODEL,16
2037.0,FINAL_MODEL,16
2037.5,FINAL_MODEL,16
2038.0,FINAL_MODEL,16
2038.5,FINAL_MODEL,16
2039.0,FINAL_MODEL,16
2039.5,FINAL_MODEL,16
2040.0,FINAL_MODEL,16
2040.5,FINAL_MODEL,16
2041.0,FINAL_MODEL,16
2041.5,FINAL_MODEL,16
2042.0,FINAL_MODEL,16
2042.5,FINAL_MODEL,16
2043.0,FINAL_MODEL,16
2043.5,FINAL_MODEL,16
2044.0,FINAL_MODEL,16
2044.5,FINAL_MODEL,16
2045.0,FINAL_MODEL,16
2045.5,FINAL_MODEL,16
2046.0,FINAL_MODEL,16
2046.5,FINAL_MODEL,16
2047.0,FINAL_MODEL,16
2047.5,FINAL_MODEL,16
2048.0,FINAL_MODEL,16
2048.5,FINAL_MODEL,16
2049.0,FINAL_MODEL,16
2049.5,FINAL_MODEL,16
2050.0,FINAL_MODEL,16
2050.5,FINAL_MODEL,18
2051.0,FINAL_MODEL,18
2051.5,FINAL_MODEL,18
2052.0,FINAL_MODEL,18
2052.5,FINAL_MODEL,18
2053.0,FINAL_MODEL,18
2053.5,FINAL_MODEL,18
2054.0,FINAL_MODEL,18
2054.5,FINAL_MODEL,18
2055.0,FINAL_MODEL,18
2055.5,FINAL_MODEL,18
2056.0,FINAL_MODEL,18
2056.5,FINAL_MODEL,18
2057.0,FINAL_MODEL,18
2057.5,FINAL_MODEL,18
2058.0,FINAL_MODEL,18
2058.5,FINAL_MODEL,18
2059.0,FINAL_MODEL,18
2059.5,FINAL_MODEL,18
2060.0,FINAL_MODEL,18
2060.5,FINAL_MODEL,18
2061.0,FINAL_MODEL,18
2061.5,FINAL_MODEL,18
2062.0,FINAL_MODEL,18
2062.5,FINAL_MODEL,18
2063.0,FINAL_MODEL,18
2063.5,FINAL_MODEL,18
2064.0,FINAL_MODEL,18
2064.5,FINAL_MODEL,18
2065.0,FINAL_MODEL,18
2065.5,FINAL_MODEL,18
2066.0,FINAL_MODEL,18
2066.5,FINAL_MODEL,18
2067.0,FINAL_MODEL,18
2067.5,FINAL_MODEL,18
2068.0,FINAL_MODEL,18
2068.5,FINAL_MODEL,18
2069.0,FINAL_MODEL,18
2069.5,FINAL_MODEL,18
2070.0,FINAL_MODEL,18
2070.5,FINAL_MODEL,18
2071.0,FINAL_MODEL,18
2071.5,FINAL_MODEL,18
2072.0,FINAL_MODEL,18
2072.5,FINAL_MODEL,18
2073.0,FINAL_MODEL,18
2073.5,FINAL_MODEL,18
2074.0,FINAL_MODEL,18
2074.5,FINAL_MODEL,18
2075.0,FINAL_MODEL,18
2075.5,FINAL_MODEL,18
2076.0,FINAL_MODEL,18
2076.5,FINAL_MODEL,18
2077.0,FINAL_MODEL,18
2077.5,FINAL_MODEL,18
2078.0,FINAL_MODEL,18
2078.5,FINAL_MODEL,18
2079.0,FINAL_MODEL,18
2079.5,FINAL_MODEL,18
2080.0,FINAL_MODEL,18
2080.5,FINAL_MODEL,18
2081.0,FINAL_MODEL,18
2081.5,FINAL_MODEL,18
2082.0,FINAL_MODEL,18
2082.5,FINAL_MODEL,18
2083.0,FINAL_MODEL,18
2083.5,FINAL_MODEL,18
2084.0,FINAL_MODEL,18
2084.5,FINAL_MODEL,18
2085.0,FINAL_MODEL,18
2085.5,FINAL_MODEL,18
2086.0,FINAL_MODEL,18
2086.5,FINAL_MODEL,18
2087.0,FINAL_MODEL,18
2087.5,FINAL_MODEL,18
2088.0,FINAL_MODEL,18
2088.5,FINAL_MODEL,18
2089.0,FINAL_MODEL,18
2089.5,FINAL_MODEL,18
2090.0,FINAL_MODEL,18
2090.5,FINAL_MODEL,18
2091.0,FINAL_MODEL,18
2091.5,FINAL_MODEL,18
2092.0,FINAL_MODEL,18
2092.5,FINAL_MODEL,18
2093.0,FINAL_MODEL,18
2093.5,FINAL_MODEL,18
2094.0,FINAL_MODEL,18
2094.5,FINAL_MODEL,18
2095.0,FINAL_MODEL,18
2095.5,FINAL_MODEL,18
2096.0,FINAL_MODEL,18
2096.5,FINAL_MODEL,18
2097.0,FINAL_MODEL,18
2097.5,FINAL_MODEL,18
2098.0,FINAL_MODEL,18
2098.5,FINAL_MODEL,18
2099.0,FINAL_MODEL,18
2099.5,FINAL_MODEL,18
2100.0,FINAL_MODEL,18
2100.5,FINAL_MODEL,18
2101.0,FINAL_MODEL,18
2101.5,FINAL_MODEL,18
2102.0,FINAL_MODEL,18
2102.5,FINAL_MODEL,18
2103.0,FINAL_MODEL,18
2103.5,FINAL_MODEL,18
2104.0,FINAL_MODEL,18
2104.5,FINAL_MODEL,18
2105.0,FINAL_MODEL,18
2105.5,FINAL_MODEL,18
2106.0,FINAL_MODEL,18
2106.5,FINAL_MODEL,18
2107.0,FINAL_MODEL,18
2107.5,FINAL_MODEL,18
2108.0,FINAL_MODEL,18
2108.5,FINAL_MODEL,18
2109.0,FINAL_MODEL,18
2109.5,FINAL_MODEL,18
2110.0,FINAL_MODEL,18
2110.5,FINAL_MODEL,18
2111.0,FINAL_MODEL,18
2111.5,FINAL_MODEL,18
2112.0,FINAL_MODEL,18
2112.5,FINAL_MODEL,18
2113.0,FINAL_MODEL,18
2113.5,FINAL_MODEL,18
2114.0,FINAL_MODEL,18
2114.5,FINAL_MODEL,18
2115.0,FINAL_MODEL,18
2115.5,FINAL_MODEL,18
2116.0,FINAL_MODEL,18
2116.5,FINAL_MODEL,18
2117.0,FINAL_MODEL,18
2117.5,FINAL_MODEL,18
2118.0,FINAL_MODEL,18
2118.5,FINAL_MODEL,18
2119.0,FINAL_MODEL,18
2119.5,FINAL_MODEL,18
2120.0,FINAL_MODEL,18
2120.5,FINAL_MODEL,18
2121.0,FINAL_MODEL,18
2121.5,FINAL_MODEL,18
2122.0,FINAL_MODEL,18
2122.5,FINAL_MODEL,18
2123.0,FINAL_MODEL,18
2123.5,FINAL_MODEL,18
2124.0,FINAL_MODEL,18
2124.5,FINAL_MODEL,18
2125.0,FINAL_MODEL,18
2125.5,FINAL_MODEL,18
2126.0,FINAL_MODEL,18
2126.5,FINAL_MODEL,18
2127.0,FINAL_MODEL,18
2127.5,FINAL_MODEL,18
2128.0,FINAL_MODEL,18
2128.5,FINAL_MODEL,18
2129.0,FINAL_MODEL,18
2129.5,FINAL_MODEL,18
2130.0,FINAL_MODEL,18
2130.5,FINAL_MODEL,18
2131.0,FINAL_MODEL,18
2131.5,FINAL_MODEL,18
2132.0,FINAL_MODEL,18
2132.5,FINAL_MODEL,18
2133.0,FINAL_MODEL,18
2133.5,FINAL_MODEL,18
2134.0,FINAL_MODEL,18
2134.5,FINAL_MODEL,18
2135.0,FINAL_MODEL,18
2135.5,FINAL_MODEL,18
2136.0,FINAL_MODEL,18
2136.5,FINAL_MODEL,18
2137.0,FINAL_MODEL,18
2137.5,FINAL_MODEL,18
2138.0,FINAL_MODEL,18
2138.5,FINAL_MODEL,18
2139.0,FINAL_MODEL,18
2139.5,FINAL_MODEL,18
2140.0,FINAL_MODEL,18
2140.5,FINAL_MODEL,18
2141.0,FINAL_MODEL,18
2141.5,FINAL_MODEL,18
2142.0,FINAL_MODEL,18
2142.5,FINAL_MODEL,18
2143.0,FINAL_MODEL,18
2143.5,FINAL_MODEL,18
2144.0,FINAL_MODEL,18
2144.5,FINAL_MODEL,18
2145.0,FINAL_MODEL,18
2145.5,FINAL_MODEL,18
2146.0,FINAL_MODEL,18
2146.5,FINAL_MODEL,18
2147.0,FINAL_MODEL,18
2147.5,FINAL_MODEL,18
2148.0,FINAL_MODEL,18
2148.5,FINAL_MODEL,18
2149.0,FINAL_MODEL,18
2149.5,FINAL_MODEL,18
2150.0,FINAL_MODEL,18
2150.5,FINAL_MODEL,18
2151.0,FINAL_MODEL,18
2151.5,FINAL_MODEL,18
2152.0,FINAL_MODEL,18
2152.5,FINAL_MODEL,18
2153.0,FINAL_MODEL,18
2153.5,FINAL_MODEL,18
2154.0,FINAL_MODEL,18
2154.5,FINAL_MODEL,18
2155.0,FINAL_MODEL,18
2155.5,FINAL_MODEL,18
2156.0,FINAL_MODEL,18
2156.5,FINAL_MODEL,18
2157.0,FINAL_MODEL,18
2157.5,FINAL_MODEL,18
2158.0,FINAL_MODEL,18
2158.5,FINAL_MODEL,18
2159.0,FINAL_MODEL,18
2159.5,FINAL_MODEL,18
2160.0,FINAL_MODEL,18
2160.5,FINAL_MODEL,18
2161.0,FINAL_MODEL,18
2161.5,FINAL_MODEL,18
2162.0,FINAL_MODEL,18
2162.5,FINAL_MODEL,18
2163.0,FINAL_MODEL,18
2163.5,FINAL_MODEL,18
2164.0,FINAL_MODEL,18
2164.5,FINAL_MODEL,18
2165.0,FINAL_MODEL,18
0.5,SIGNAL_ADAPTIVE_DWA,18
1.0,SIGNAL_ADAPTIVE_DWA,0
1.5,SIGNAL_ADAPTIVE_DWA,0
2.0,SIGNAL_ADAPTIVE_DWA,0
2.5,SIGNAL_ADAPTIVE_DWA,0
3.0,SIGNAL_ADAPTIVE_DWA,0
3.5,SIGNAL_ADAPTIVE_DWA,0
4.0,SIGNAL_ADAPTIVE_DWA,0
4.5,SIGNAL_ADAPTIVE_DWA,0
5.0,SIGNAL_ADAPTIVE_DWA,0
5.5,SIGNAL_ADAPTIVE_DWA,0
6.0,SIGNAL_ADAPTIVE_DWA,0
6.5,SIGNAL_ADAPTIVE_DWA,0
7.0,SIGNAL_ADAPTIVE_DWA,0
7.5,SIGNAL_ADAPTIVE_DWA,0
8.0,SIGNAL_ADAPTIVE_DWA,0
8.5,SIGNAL_ADAPTIVE_DWA,0
9.0,SIGNAL_ADAPTIVE_DWA,0
9.5,SIGNAL_ADAPTIVE_DWA,0
10.0,SIGNAL_ADAPTIVE_DWA,0
10.5,SIGNAL_ADAPTIVE_DWA,0
11.0,SIGNAL_ADAPTIVE_DWA,0
11.5,SIGNAL_ADAPTIVE_DWA,0
12.0,SIGNAL_ADAPTIVE_DWA,0
12.5,SIGNAL_ADAPTIVE_DWA,0
13.0,SIGNAL_ADAPTIVE_DWA,0
13.5,SIGNAL_ADAPTIVE_DWA,0
14.0,SIGNAL_ADAPTIVE_DWA,0
14.5,SIGNAL_ADAPTIVE_DWA,0
15.0,SIGNAL_ADAPTIVE_DWA,0
15.5,SIGNAL_ADAPTIVE_DWA,0
16.0,SIGNAL_ADAPTIVE_DWA,0
16.5,SIGNAL_ADAPTIVE_DWA,0
17.0,SIGNAL_ADAPTIVE_DWA,0
17.5,SIGNAL_ADAPTIVE_DWA,0
18.0,SIGNAL_ADAPTIVE_DWA,0
18.5,SIGNAL_ADAPTIVE_DWA,0
19.0,SIGNAL_ADAPTIVE_DWA,0
19.5,SIGNAL_ADAPTIVE_DWA,0
20.0,SIGNAL_ADAPTIVE_DWA,0
20.5,SIGNAL_ADAPTIVE_DWA,0
21.0,SIGNAL_ADAPTIVE_DWA,0
21.5,SIGNAL_ADAPTIVE_DWA,0
22.0,SIGNAL_ADAPTIVE_DWA,0
22.5,SIGNAL_ADAPTIVE_DWA,0
23.0,SIGNAL_ADAPTIVE_DWA,0
23.5,SIGNAL_ADAPTIVE_DWA,0
24.0,SIGNAL_ADAPTIVE_DWA,0
24.5,SIGNAL_ADAPTIVE_DWA,0
25.0,SIGNAL_ADAPTIVE_DWA,0
25.5,SIGNAL_ADAPTIVE_DWA,0
26.0,SIGNAL_ADAPTIVE_DWA,0
26.5,SIGNAL_ADAPTIVE_DWA,0
27.0,SIGNAL_ADAPTIVE_DWA,0
27.5,SIGNAL_ADAPTIVE_DWA,0
28.0,SIGNAL_ADAPTIVE_DWA,0
28.5,SIGNAL_ADAPTIVE_DWA,0
29.0,SIGNAL_ADAPTIVE_DWA,0
29.5,SIGNAL_ADAPTIVE_DWA,0
30.0,SIGNAL_ADAPTIVE_DWA,0
30.5,SIGNAL_ADAPTIVE_DWA,0
31.0,SIGNAL_ADAPTIVE_DWA,0
31.5,SIGNAL_ADAPTIVE_DWA,0
32.0,SIGNAL_ADAPTIVE_DWA,0
32.5,SIGNAL_ADAPTIVE_DWA,0
33.0,SIGNAL_ADAPTIVE_DWA,0
33.5,SIGNAL_ADAPTIVE_DWA,0
34.0,SIGNAL_ADAPTIVE_DWA,0
34.5,SIGNAL_ADAPTIVE_DWA,0
35.0,SIGNAL_ADAPTIVE_DWA,0
35.5,SIGNAL_ADAPTIVE_DWA,0
36.0,SIGNAL_ADAPTIVE_DWA,0
36.5,SIGNAL_ADAPTIVE_DWA,0
37.0,SIGNAL_ADAPTIVE_DWA,0
37.5,SIGNAL_ADAPTIVE_DWA,0
38.0,SIGNAL_ADAPTIVE_DWA,0
38.5,SIGNAL_ADAPTIVE_DWA,0
39.0,SIGNAL_ADAPTIVE_DWA,0
39.5,SIGNAL_ADAPTIVE_DWA,0
40.0,SIGNAL_ADAPTIVE_DWA,0
40.5,SIGNAL_ADAPTIVE_DWA,0
41.0,SIGNAL_ADAPTIVE_DWA,0
41.5,SIGNAL_ADAPTIVE_DWA,0
42.0,SIGNAL_ADAPTIVE_DWA,0
42.5,SIGNAL_ADAPTIVE_DWA,0
43.0,SIGNAL_ADAPTIVE_DWA,0
43.5,SIGNAL_ADAPTIVE_DWA,0
44.0,SIGNAL_ADAPTIVE_DWA,0
44.5,SIGNAL_ADAPTIVE_DWA,0
45.0,SIGNAL_ADAPTIVE_DWA,0
45.5,SIGNAL_ADAPTIVE_DWA,0
46.0,SIGNAL_ADAPTIVE_DWA,0
46.5,SIGNAL_ADAPTIVE_DWA,0
47.0,SIGNAL_ADAPTIVE_DWA,0
47.5,SIGNAL_ADAPTIVE_DWA,0
48.0,SIGNAL_ADAPTIVE_DWA,0
48.5,SIGNAL_ADAPTIVE_DWA,0
49.0,SIGNAL_ADAPTIVE_DWA,0
49.5,SIGNAL_ADAPTIVE_DWA,0
50.0,SIGNAL_ADAPTIVE_DWA,0
50.5,SIGNAL_ADAPTIVE_DWA,0
51.0,SIGNAL_ADAPTIVE_DWA,0
51.5,SIGNAL_ADAPTIVE_DWA,0
52.0,SIGNAL_ADAPTIVE_DWA,11
52.5,SIGNAL_ADAPTIVE_DWA,11
53.0,SIGNAL_ADAPTIVE_DWA,11
53.5,SIGNAL_ADAPTIVE_DWA,11
54.0,SIGNAL_ADAPTIVE_DWA,11
54.5,SIGNAL_ADAPTIVE_DWA,11
55.0,SIGNAL_ADAPTIVE_DWA,11
55.5,SIGNAL_ADAPTIVE_DWA,11
56.0,SIGNAL_ADAPTIVE_DWA,11
56.5,SIGNAL_ADAPTIVE_DWA,11
57.0,SIGNAL_ADAPTIVE_DWA,11
57.5,SIGNAL_ADAPTIVE_DWA,11
58.0,SIGNAL_ADAPTIVE_DWA,11
58.5,SIGNAL_ADAPTIVE_DWA,11
59.0,SIGNAL_ADAPTIVE_DWA,11
59.5,SIGNAL_ADAPTIVE_DWA,11
60.0,SIGNAL_ADAPTIVE_DWA,11
60.5,SIGNAL_ADAPTIVE_DWA,11
61.0,SIGNAL_ADAPTIVE_DWA,11
61.5,SIGNAL_ADAPTIVE_DWA,11
62.0,SIGNAL_ADAPTIVE_DWA,11
62.5,SIGNAL_ADAPTIVE_DWA,11
63.0,SIGNAL_ADAPTIVE_DWA,11
63.5,SIGNAL_ADAPTIVE_DWA,11
64.0,SIGNAL_ADAPTIVE_DWA,11
64.5,SIGNAL_ADAPTIVE_DWA,11
65.0,SIGNAL_ADAPTIVE_DWA,11
65.5,SIGNAL_ADAPTIVE_DWA,11
66.0,SIGNAL_ADAPTIVE_DWA,11
66.5,SIGNAL_ADAPTIVE_DWA,11
67.0,SIGNAL_ADAPTIVE_DWA,11
67.5,SIGNAL_ADAPTIVE_DWA,11
68.0,SIGNAL_ADAPTIVE_DWA,11
68.5,SIGNAL_ADAPTIVE_DWA,11
69.0,SIGNAL_ADAPTIVE_DWA,11
69.5,SIGNAL_ADAPTIVE_DWA,11
70.0,SIGNAL_ADAPTIVE_DWA,11
70.5,SIGNAL_ADAPTIVE_DWA,11
71.0,SIGNAL_ADAPTIVE_DWA,11
71.5,SIGNAL_ADAPTIVE_DWA,11
72.0,SIGNAL_ADAPTIVE_DWA,11
72.5,SIGNAL_ADAPTIVE_DWA,11
73.0,SIGNAL_ADAPTIVE_DWA,11
73.5,SIGNAL_ADAPTIVE_DWA,11
74.0,SIGNAL_ADAPTIVE_DWA,11
74.5,SIGNAL_ADAPTIVE_DWA,11
75.0,SIGNAL_ADAPTIVE_DWA,11
75.5,SIGNAL_ADAPTIVE_DWA,11
76.0,SIGNAL_ADAPTIVE_DWA,11
76.5,SIGNAL_ADAPTIVE_DWA,11
77.0,SIGNAL_ADAPTIVE_DWA,11
77.5,SIGNAL_ADAPTIVE_DWA,11
78.0,SIGNAL_ADAPTIVE_DWA,11
78.5,SIGNAL_ADAPTIVE_DWA,11
79.0,SIGNAL_ADAPTIVE_DWA,11
79.5,SIGNAL_ADAPTIVE_DWA,11
80.0,SIGNAL_ADAPTIVE_DWA,11
80.5,SIGNAL_ADAPTIVE_DWA,11
81.0,SIGNAL_ADAPTIVE_DWA,11
81.5,SIGNAL_ADAPTIVE_DWA,11
82.0,SIGNAL_ADAPTIVE_DWA,11
82.5,SIGNAL_ADAPTIVE_DWA,11
83.0,SIGNAL_ADAPTIVE_DWA,11
83.5,SIGNAL_ADAPTIVE_DWA,11
84.0,SIGNAL_ADAPTIVE_DWA,11
84.5,SIGNAL_ADAPTIVE_DWA,11
85.0,SIGNAL_ADAPTIVE_DWA,11
85.5,SIGNAL_ADAPTIVE_DWA,11
86.0,SIGNAL_ADAPTIVE_DWA,11
86.5,SIGNAL_ADAPTIVE_DWA,11
87.0,SIGNAL_ADAPTIVE_DWA,11
87.5,SIGNAL_ADAPTIVE_DWA,11
88.0,SIGNAL_ADAPTIVE_DWA,11
88.5,SIGNAL_ADAPTIVE_DWA,11
89.0,SIGNAL_ADAPTIVE_DWA,11
89.5,SIGNAL_ADAPTIVE_DWA,11
90.0,SIGNAL_ADAPTIVE_DWA,11
90.5,SIGNAL_ADAPTIVE_DWA,11
91.0,SIGNAL_ADAPTIVE_DWA,11
91.5,SIGNAL_ADAPTIVE_DWA,11
92.0,SIGNAL_ADAPTIVE_DWA,11
92.5,SIGNAL_ADAPTIVE_DWA,11
93.0,SIGNAL_ADAPTIVE_DWA,11
93.5,SIGNAL_ADAPTIVE_DWA,11
94.0,SIGNAL_ADAPTIVE_DWA,11
94.5,SIGNAL_ADAPTIVE_DWA,11
95.0,SIGNAL_ADAPTIVE_DWA,11
95.5,SIGNAL_ADAPTIVE_DWA,11
96.0,SIGNAL_ADAPTIVE_DWA,11
96.5,SIGNAL_ADAPTIVE_DWA,11
97.0,SIGNAL_ADAPTIVE_DWA,11
97.5,SIGNAL_ADAPTIVE_DWA,11
98.0,SIGNAL_ADAPTIVE_DWA,11
98.5,SIGNAL_ADAPTIVE_DWA,11
99.0,SIGNAL_ADAPTIVE_DWA,11
99.5,SIGNAL_ADAPTIVE_DWA,11
100.0,SIGNAL_ADAPTIVE_DWA,11
100.5,SIGNAL_ADAPTIVE_DWA,11
101.0,SIGNAL_ADAPTIVE_DWA,11
101.5,SIGNAL_ADAPTIVE_DWA,11
102.0,SIGNAL_ADAPTIVE_DWA,11
102.5,SIGNAL_ADAPTIVE_DWA,11
103.0,SIGNAL_ADAPTIVE_DWA,11
103.5,SIGNAL_ADAPTIVE_DWA,11
104.0,SIGNAL_ADAPTIVE_DWA,11
104.5,SIGNAL_ADAPTIVE_DWA,11
105.0,SIGNAL_ADAPTIVE_DWA,11
105.5,SIGNAL_ADAPTIVE_DWA,11
106.0,SIGNAL_ADAPTIVE_DWA,11
106.5,SIGNAL_ADAPTIVE_DWA,11
107.0,SIGNAL_ADAPTIVE_DWA,11
107.5,SIGNAL_ADAPTIVE_DWA,11
108.0,SIGNAL_ADAPTIVE_DWA,11
108.5,SIGNAL_ADAPTIVE_DWA,11
109.0,SIGNAL_ADAPTIVE_DWA,11
109.5,SIGNAL_ADAPTIVE_DWA,11
110.0,SIGNAL_ADAPTIVE_DWA,11
110.5,SIGNAL_ADAPTIVE_DWA,11
111.0,SIGNAL_ADAPTIVE_DWA,11
111.5,SIGNAL_ADAPTIVE_DWA,11
112.0,SIGNAL_ADAPTIVE_DWA,11
112.5,SIGNAL_ADAPTIVE_DWA,11
113.0,SIGNAL_ADAPTIVE_DWA,11
113.5,SIGNAL_ADAPTIVE_DWA,11
114.0,SIGNAL_ADAPTIVE_DWA,11
114.5,SIGNAL_ADAPTIVE_DWA,11
115.0,SIGNAL_ADAPTIVE_DWA,11
115.5,SIGNAL_ADAPTIVE_DWA,11
116.0,SIGNAL_ADAPTIVE_DWA,11
116.5,SIGNAL_ADAPTIVE_DWA,11
117.0,SIGNAL_ADAPTIVE_DWA,11
117.5,SIGNAL_ADAPTIVE_DWA,11
118.0,SIGNAL_ADAPTIVE_DWA,11
118.5,SIGNAL_ADAPTIVE_DWA,11
119.0,SIGNAL_ADAPTIVE_DWA,11
119.5,SIGNAL_ADAPTIVE_DWA,11
120.0,SIGNAL_ADAPTIVE_DWA,11
120.5,SIGNAL_ADAPTIVE_DWA,11
121.0,SIGNAL_ADAPTIVE_DWA,11
121.5,SIGNAL_ADAPTIVE_DWA,11
122.0,SIGNAL_ADAPTIVE_DWA,11
122.5,SIGNAL_ADAPTIVE_DWA,11
123.0,SIGNAL_ADAPTIVE_DWA,11
123.5,SIGNAL_ADAPTIVE_DWA,11
124.0,SIGNAL_ADAPTIVE_DWA,11
124.5,SIGNAL_ADAPTIVE_DWA,11
125.0,SIGNAL_ADAPTIVE_DWA,11
125.5,SIGNAL_ADAPTIVE_DWA,11
126.0,SIGNAL_ADAPTIVE_DWA,11
126.5,SIGNAL_ADAPTIVE_DWA,11
127.0,SIGNAL_ADAPTIVE_DWA,11
127.5,SIGNAL_ADAPTIVE_DWA,11
128.0,SIGNAL_ADAPTIVE_DWA,11
128.5,SIGNAL_ADAPTIVE_DWA,11
129.0,SIGNAL_ADAPTIVE_DWA,11
129.5,SIGNAL_ADAPTIVE_DWA,11
130.0,SIGNAL_ADAPTIVE_DWA,11
130.5,SIGNAL_ADAPTIVE_DWA,11
131.0,SIGNAL_ADAPTIVE_DWA,11
131.5,SIGNAL_ADAPTIVE_DWA,11
132.0,SIGNAL_ADAPTIVE_DWA,11
132.5,SIGNAL_ADAPTIVE_DWA,11
133.0,SIGNAL_ADAPTIVE_DWA,11
133.5,SIGNAL_ADAPTIVE_DWA,11
134.0,SIGNAL_ADAPTIVE_DWA,11
134.5,SIGNAL_ADAPTIVE_DWA,11
135.0,SIGNAL_ADAPTIVE_DWA,11
135.5,SIGNAL_ADAPTIVE_DWA,11
136.0,SIGNAL_ADAPTIVE_DWA,11
136.5,SIGNAL_ADAPTIVE_DWA,11
137.0,SIGNAL_ADAPTIVE_DWA,11
137.5,SIGNAL_ADAPTIVE_DWA,11
138.0,SIGNAL_ADAPTIVE_DWA,11
138.5,SIGNAL_ADAPTIVE_DWA,11
139.0,SIGNAL_ADAPTIVE_DWA,11
139.5,SIGNAL_ADAPTIVE_DWA,11
140.0,SIGNAL_ADAPTIVE_DWA,11
140.5,SIGNAL_ADAPTIVE_DWA,11
141.0,SIGNAL_ADAPTIVE_DWA,11
141.5,SIGNAL_ADAPTIVE_DWA,11
142.0,SIGNAL_ADAPTIVE_DWA,11
142.5,SIGNAL_ADAPTIVE_DWA,11
143.0,SIGNAL_ADAPTIVE_DWA,11
143.5,SIGNAL_ADAPTIVE_DWA,11
144.0,SIGNAL_ADAPTIVE_DWA,11
144.5,SIGNAL_ADAPTIVE_DWA,11
145.0,SIGNAL_ADAPTIVE_DWA,11
145.5,SIGNAL_ADAPTIVE_DWA,11
146.0,SIGNAL_ADAPTIVE_DWA,11
146.5,SIGNAL_ADAPTIVE_DWA,11
147.0,SIGNAL_ADAPTIVE_DWA,11
147.5,SIGNAL_ADAPTIVE_DWA,11
148.0,SIGNAL_ADAPTIVE_DWA,11
148.5,SIGNAL_ADAPTIVE_DWA,11
149.0,SIGNAL_ADAPTIVE_DWA,11
149.5,SIGNAL_ADAPTIVE_DWA,11
150.0,SIGNAL_ADAPTIVE_DWA,11
150.5,SIGNAL_ADAPTIVE_DWA,11
151.0,SIGNAL_ADAPTIVE_DWA,11
151.5,SIGNAL_ADAPTIVE_DWA,11
152.0,SIGNAL_ADAPTIVE_DWA,11
152.5,SIGNAL_ADAPTIVE_DWA,11
153.0,SIGNAL_ADAPTIVE_DWA,11
153.5,SIGNAL_ADAPTIVE_DWA,11
154.0,SIGNAL_ADAPTIVE_DWA,11
154.5,SIGNAL_ADAPTIVE_DWA,11
155.0,SIGNAL_ADAPTIVE_DWA,11
155.5,SIGNAL_ADAPTIVE_DWA,11
156.0,SIGNAL_ADAPTIVE_DWA,11
156.5,SIGNAL_ADAPTIVE_DWA,11
157.0,SIGNAL_ADAPTIVE_DWA,11
157.5,SIGNAL_ADAPTIVE_DWA,11
158.0,SIGNAL_ADAPTIVE_DWA,11
158.5,SIGNAL_ADAPTIVE_DWA,11
159.0,SIGNAL_ADAPTIVE_DWA,11
159.5,SIGNAL_ADAPTIVE_DWA,11
160.0,SIGNAL_ADAPTIVE_DWA,11
160.5,SIGNAL_ADAPTIVE_DWA,11
161.0,SIGNAL_ADAPTIVE_DWA,11
161.5,SIGNAL_ADAPTIVE_DWA,11
162.0,SIGNAL_ADAPTIVE_DWA,11
162.5,SIGNAL_ADAPTIVE_DWA,11
163.0,SIGNAL_ADAPTIVE_DWA,11
163.5,SIGNAL_ADAPTIVE_DWA,11
164.0,SIGNAL_ADAPTIVE_DWA,11
164.5,SIGNAL_ADAPTIVE_DWA,11
165.0,SIGNAL_ADAPTIVE_DWA,11
165.5,SIGNAL_ADAPTIVE_DWA,11
166.0,SIGNAL_ADAPTIVE_DWA,11
166.5,SIGNAL_ADAPTIVE_DWA,11
167.0,SIGNAL_ADAPTIVE_DWA,11
167.5,SIGNAL_ADAPTIVE_DWA,11
168.0,SIGNAL_ADAPTIVE_DWA,11
168.5,SIGNAL_ADAPTIVE_DWA,11
169.0,SIGNAL_ADAPTIVE_DWA,11
169.5,SIGNAL_ADAPTIVE_DWA,11
170.0,SIGNAL_ADAPTIVE_DWA,11
170.5,SIGNAL_ADAPTIVE_DWA,11
171.0,SIGNAL_ADAPTIVE_DWA,11
171.5,SIGNAL_ADAPTIVE_DWA,11
172.0,SIGNAL_ADAPTIVE_DWA,11
172.5,SIGNAL_ADAPTIVE_DWA,11
173.0,SIGNAL_ADAPTIVE_DWA,11
173.5,SIGNAL_ADAPTIVE_DWA,11
174.0,SIGNAL_ADAPTIVE_DWA,11
174.5,SIGNAL_ADAPTIVE_DWA,11
175.0,SIGNAL_ADAPTIVE_DWA,11
175.5,SIGNAL_ADAPTIVE_DWA,11
176.0,SIGNAL_ADAPTIVE_DWA,11
176.5,SIGNAL_ADAPTIVE_DWA,11
177.0,SIGNAL_ADAPTIVE_DWA,11
177.5,SIGNAL_ADAPTIVE_DWA,11
178.0,SIGNAL_ADAPTIVE_DWA,11
178.5,SIGNAL_ADAPTIVE_DWA,11
179.0,SIGNAL_ADAPTIVE_DWA,11
179.5,SIGNAL_ADAPTIVE_DWA,11
180.0,SIGNAL_ADAPTIVE_DWA,11
180.5,SIGNAL_ADAPTIVE_DWA,11
181.0,SIGNAL_ADAPTIVE_DWA,11
181.5,SIGNAL_ADAPTIVE_DWA,11
182.0,SIGNAL_ADAPTIVE_DWA,11
182.5,SIGNAL_ADAPTIVE_DWA,11
183.0,SIGNAL_ADAPTIVE_DWA,11
183.5,SIGNAL_ADAPTIVE_DWA,11
184.0,SIGNAL_ADAPTIVE_DWA,11
184.5,SIGNAL_ADAPTIVE_DWA,11
185.0,SIGNAL_ADAPTIVE_DWA,11
185.5,SIGNAL_ADAPTIVE_DWA,11
186.0,SIGNAL_ADAPTIVE_DWA,11
186.5,SIGNAL_ADAPTIVE_DWA,11
187.0,SIGNAL_ADAPTIVE_DWA,11
187.5,SIGNAL_ADAPTIVE_DWA,11
188.0,SIGNAL_ADAPTIVE_DWA,11
188.5,SIGNAL_ADAPTIVE_DWA,11
189.0,SIGNAL_ADAPTIVE_DWA,11
189.5,SIGNAL_ADAPTIVE_DWA,11
190.0,SIGNAL_ADAPTIVE_DWA,11
190.5,SIGNAL_ADAPTIVE_DWA,11
191.0,SIGNAL_ADAPTIVE_DWA,11
191.5,SIGNAL_ADAPTIVE_DWA,11
192.0,SIGNAL_ADAPTIVE_DWA,11
192.5,SIGNAL_ADAPTIVE_DWA,11
193.0,SIGNAL_ADAPTIVE_DWA,11
193.5,SIGNAL_ADAPTIVE_DWA,11
194.0,SIGNAL_ADAPTIVE_DWA,11
194.5,SIGNAL_ADAPTIVE_DWA,11
195.0,SIGNAL_ADAPTIVE_DWA,11
195.5,SIGNAL_ADAPTIVE_DWA,11
196.0,SIGNAL_ADAPTIVE_DWA,11
196.5,SIGNAL_ADAPTIVE_DWA,11
197.0,SIGNAL_ADAPTIVE_DWA,11
197.5,SIGNAL_ADAPTIVE_DWA,11
198.0,SIGNAL_ADAPTIVE_DWA,11
198.5,SIGNAL_ADAPTIVE_DWA,11
199.0,SIGNAL_ADAPTIVE_DWA,11
199.5,SIGNAL_ADAPTIVE_DWA,11
200.0,SIGNAL_ADAPTIVE_DWA,11
200.5,SIGNAL_ADAPTIVE_DWA,11
201.0,SIGNAL_ADAPTIVE_DWA,11
201.5,SIGNAL_ADAPTIVE_DWA,11
202.0,SIGNAL_ADAPTIVE_DWA,11
202.5,SIGNAL_ADAPTIVE_DWA,18
203.0,SIGNAL_ADAPTIVE_DWA,18
203.5,SIGNAL_ADAPTIVE_DWA,18
204.0,SIGNAL_ADAPTIVE_DWA,18
204.5,SIGNAL_ADAPTIVE_DWA,18
205.0,SIGNAL_ADAPTIVE_DWA,18
205.5,SIGNAL_ADAPTIVE_DWA,18
206.0,SIGNAL_ADAPTIVE_DWA,18
206.5,SIGNAL_ADAPTIVE_DWA,18
207.0,SIGNAL_ADAPTIVE_DWA,18
207.5,SIGNAL_ADAPTIVE_DWA,18
208.0,SIGNAL_ADAPTIVE_DWA,18
208.5,SIGNAL_ADAPTIVE_DWA,18
209.0,SIGNAL_ADAPTIVE_DWA,18
209.5,SIGNAL_ADAPTIVE_DWA,18
210.0,SIGNAL_ADAPTIVE_DWA,18
210.5,SIGNAL_ADAPTIVE_DWA,18
211.0,SIGNAL_ADAPTIVE_DWA,18
211.5,SIGNAL_ADAPTIVE_DWA,18
212.0,SIGNAL_ADAPTIVE_DWA,18
212.5,SIGNAL_ADAPTIVE_DWA,18
213.0,SIGNAL_ADAPTIVE_DWA,18
213.5,SIGNAL_ADAPTIVE_DWA,18
214.0,SIGNAL_ADAPTIVE_DWA,18
214.5,SIGNAL_ADAPTIVE_DWA,18
215.0,SIGNAL_ADAPTIVE_DWA,18
215.5,SIGNAL_ADAPTIVE_DWA,2
216.0,SIGNAL_ADAPTIVE_DWA,2
216.5,SIGNAL_ADAPTIVE_DWA,2
217.0,SIGNAL_ADAPTIVE_DWA,2
217.5,SIGNAL_ADAPTIVE_DWA,2
218.0,SIGNAL_ADAPTIVE_DWA,2
218.5,SIGNAL_ADAPTIVE_DWA,2
219.0,SIGNAL_ADAPTIVE_DWA,2
219.5,SIGNAL_ADAPTIVE_DWA,2
220.0,SIGNAL_ADAPTIVE_DWA,2
220.5,SIGNAL_ADAPTIVE_DWA,2
221.0,SIGNAL_ADAPTIVE_DWA,2
221.5,SIGNAL_ADAPTIVE_DWA,2
222.0,SIGNAL_ADAPTIVE_DWA,2
222.5,SIGNAL_ADAPTIVE_DWA,2
223.0,SIGNAL_ADAPTIVE_DWA,2
223.5,SIGNAL_ADAPTIVE_DWA,2
224.0,SIGNAL_ADAPTIVE_DWA,2
224.5,SIGNAL_ADAPTIVE_DWA,2
225.0,SIGNAL_ADAPTIVE_DWA,2
225.5,SIGNAL_ADAPTIVE_DWA,2
226.0,SIGNAL_ADAPTIVE_DWA,2
226.5,SIGNAL_ADAPTIVE_DWA,2
227.0,SIGNAL_ADAPTIVE_DWA,2
227.5,SIGNAL_ADAPTIVE_DWA,2
228.0,SIGNAL_ADAPTIVE_DWA,2
228.5,SIGNAL_ADAPTIVE_DWA,2
229.0,SIGNAL_ADAPTIVE_DWA,2
229.5,SIGNAL_ADAPTIVE_DWA,2
230.0,SIGNAL_ADAPTIVE_DWA,2
230.5,SIGNAL_ADAPTIVE_DWA,2
231.0,SIGNAL_ADAPTIVE_DWA,2
231.5,SIGNAL_ADAPTIVE_DWA,2
232.0,SIGNAL_ADAPTIVE_DWA,2
232.5,SIGNAL_ADAPTIVE_DWA,2
233.0,SIGNAL_ADAPTIVE_DWA,2
233.5,SIGNAL_ADAPTIVE_DWA,2
234.0,SIGNAL_ADAPTIVE_DWA,2
234.5,SIGNAL_ADAPTIVE_DWA,2
235.0,SIGNAL_ADAPTIVE_DWA,2
235.5,SIGNAL_ADAPTIVE_DWA,2
236.0,SIGNAL_ADAPTIVE_DWA,2
236.5,SIGNAL_ADAPTIVE_DWA,2
237.0,SIGNAL_ADAPTIVE_DWA,2
237.5,SIGNAL_ADAPTIVE_DWA,2
238.0,SIGNAL_ADAPTIVE_DWA,2
238.5,SIGNAL_ADAPTIVE_DWA,2
239.0,SIGNAL_ADAPTIVE_DWA,2
239.5,SIGNAL_ADAPTIVE_DWA,2
240.0,SIGNAL_ADAPTIVE_DWA,2
240.5,SIGNAL_ADAPTIVE_DWA,2
241.0,SIGNAL_ADAPTIVE_DWA,2
241.5,SIGNAL_ADAPTIVE_DWA,2
242.0,SIGNAL_ADAPTIVE_DWA,2
242.5,SIGNAL_ADAPTIVE_DWA,2
243.0,SIGNAL_ADAPTIVE_DWA,2
243.5,SIGNAL_ADAPTIVE_DWA,2
244.0,SIGNAL_ADAPTIVE_DWA,2
244.5,SIGNAL_ADAPTIVE_DWA,2
245.0,SIGNAL_ADAPTIVE_DWA,2
245.5,SIGNAL_ADAPTIVE_DWA,2
246.0,SIGNAL_ADAPTIVE_DWA,2
246.5,SIGNAL_ADAPTIVE_DWA,2
247.0,SIGNAL_ADAPTIVE_DWA,2
247.5,SIGNAL_ADAPTIVE_DWA,2
248.0,SIGNAL_ADAPTIVE_DWA,2
248.5,SIGNAL_ADAPTIVE_DWA,2
249.0,SIGNAL_ADAPTIVE_DWA,2
249.5,SIGNAL_ADAPTIVE_DWA,2
250.0,SIGNAL_ADAPTIVE_DWA,2
250.5,SIGNAL_ADAPTIVE_DWA,2
251.0,SIGNAL_ADAPTIVE_DWA,2
251.5,SIGNAL_ADAPTIVE_DWA,2
252.0,SIGNAL_ADAPTIVE_DWA,2
252.5,SIGNAL_ADAPTIVE_DWA,2
253.0,SIGNAL_ADAPTIVE_DWA,2
253.5,SIGNAL_ADAPTIVE_DWA,2
254.0,SIGNAL_ADAPTIVE_DWA,2
254.5,SIGNAL_ADAPTIVE_DWA,2
255.0,SIGNAL_ADAPTIVE_DWA,2
255.5,SIGNAL_ADAPTIVE_DWA,2
256.0,SIGNAL_ADAPTIVE_DWA,2
256.5,SIGNAL_ADAPTIVE_DWA,2
257.0,SIGNAL_ADAPTIVE_DWA,2
257.5,SIGNAL_ADAPTIVE_DWA,2
258.0,SIGNAL_ADAPTIVE_DWA,2
258.5,SIGNAL_ADAPTIVE_DWA,2
259.0,SIGNAL_ADAPTIVE_DWA,2
259.5,SIGNAL_ADAPTIVE_DWA,2
260.0,SIGNAL_ADAPTIVE_DWA,2
260.5,SIGNAL_ADAPTIVE_DWA,2
261.0,SIGNAL_ADAPTIVE_DWA,2
261.5,SIGNAL_ADAPTIVE_DWA,2
262.0,SIGNAL_ADAPTIVE_DWA,2
262.5,SIGNAL_ADAPTIVE_DWA,2
263.0,SIGNAL_ADAPTIVE_DWA,2
263.5,SIGNAL_ADAPTIVE_DWA,2
264.0,SIGNAL_ADAPTIVE_DWA,2
264.5,SIGNAL_ADAPTIVE_DWA,2
265.0,SIGNAL_ADAPTIVE_DWA,2
265.5,SIGNAL_ADAPTIVE_DWA,2
266.0,SIGNAL_ADAPTIVE_DWA,2
266.5,SIGNAL_ADAPTIVE_DWA,2
267.0,SIGNAL_ADAPTIVE_DWA,2
267.5,SIGNAL_ADAPTIVE_DWA,2
268.0,SIGNAL_ADAPTIVE_DWA,2
268.5,SIGNAL_ADAPTIVE_DWA,2
269.0,SIGNAL_ADAPTIVE_DWA,2
269.5,SIGNAL_ADAPTIVE_DWA,2
270.0,SIGNAL_ADAPTIVE_DWA,2
270.5,SIGNAL_ADAPTIVE_DWA,2
271.0,SIGNAL_ADAPTIVE_DWA,2
271.5,SIGNAL_ADAPTIVE_DWA,2
272.0,SIGNAL_ADAPTIVE_DWA,2
272.5,SIGNAL_ADAPTIVE_DWA,2
273.0,SIGNAL_ADAPTIVE_DWA,2
273.5,SIGNAL_ADAPTIVE_DWA,2
274.0,SIGNAL_ADAPTIVE_DWA,2
274.5,SIGNAL_ADAPTIVE_DWA,2
275.0,SIGNAL_ADAPTIVE_DWA,2
275.5,SIGNAL_ADAPTIVE_DWA,2
276.0,SIGNAL_ADAPTIVE_DWA,2
276.5,SIGNAL_ADAPTIVE_DWA,2
277.0,SIGNAL_ADAPTIVE_DWA,2
277.5,SIGNAL_ADAPTIVE_DWA,2
278.0,SIGNAL_ADAPTIVE_DWA,2
278.5,SIGNAL_ADAPTIVE_DWA,2
279.0,SIGNAL_ADAPTIVE_DWA,2
279.5,SIGNAL_ADAPTIVE_DWA,2
280.0,SIGNAL_ADAPTIVE_DWA,2
280.5,SIGNAL_ADAPTIVE_DWA,2
281.0,SIGNAL_ADAPTIVE_DWA,2
281.5,SIGNAL_ADAPTIVE_DWA,2
282.0,SIGNAL_ADAPTIVE_DWA,2
282.5,SIGNAL_ADAPTIVE_DWA,2
283.0,SIGNAL_ADAPTIVE_DWA,2
283.5,SIGNAL_ADAPTIVE_DWA,2
284.0,SIGNAL_ADAPTIVE_DWA,2
284.5,SIGNAL_ADAPTIVE_DWA,2
285.0,SIGNAL_ADAPTIVE_DWA,2
285.5,SIGNAL_ADAPTIVE_DWA,2
286.0,SIGNAL_ADAPTIVE_DWA,2
286.5,SIGNAL_ADAPTIVE_DWA,2
287.0,SIGNAL_ADAPTIVE_DWA,2
287.5,SIGNAL_ADAPTIVE_DWA,2
288.0,SIGNAL_ADAPTIVE_DWA,2
288.5,SIGNAL_ADAPTIVE_DWA,2
289.0,SIGNAL_ADAPTIVE_DWA,2
289.5,SIGNAL_ADAPTIVE_DWA,2
290.0,SIGNAL_ADAPTIVE_DWA,2
290.5,SIGNAL_ADAPTIVE_DWA,2
291.0,SIGNAL_ADAPTIVE_DWA,2
291.5,SIGNAL_ADAPTIVE_DWA,2
292.0,SIGNAL_ADAPTIVE_DWA,2
292.5,SIGNAL_ADAPTIVE_DWA,2
293.0,SIGNAL_ADAPTIVE_DWA,2
293.5,SIGNAL_ADAPTIVE_DWA,2
294.0,SIGNAL_ADAPTIVE_DWA,2
294.5,SIGNAL_ADAPTIVE_DWA,2
295.0,SIGNAL_ADAPTIVE_DWA,2
295.5,SIGNAL_ADAPTIVE_DWA,2
296.0,SIGNAL_ADAPTIVE_DWA,2
296.5,SIGNAL_ADAPTIVE_DWA,2
297.0,SIGNAL_ADAPTIVE_DWA,2
297.5,SIGNAL_ADAPTIVE_DWA,18
298.0,SIGNAL_ADAPTIVE_DWA,18
298.5,SIGNAL_ADAPTIVE_DWA,18
299.0,SIGNAL_ADAPTIVE_DWA,18
299.5,SIGNAL_ADAPTIVE_DWA,18
300.0,SIGNAL_ADAPTIVE_DWA,18
300.5,SIGNAL_ADAPTIVE_DWA,18
301.0,SIGNAL_ADAPTIVE_DWA,18
301.5,SIGNAL_ADAPTIVE_DWA,18
302.0,SIGNAL_ADAPTIVE_DWA,18
302.5,SIGNAL_ADAPTIVE_DWA,18
303.0,SIGNAL_ADAPTIVE_DWA,18
303.5,SIGNAL_ADAPTIVE_DWA,18
304.0,SIGNAL_ADAPTIVE_DWA,18
304.5,SIGNAL_ADAPTIVE_DWA,18
305.0,SIGNAL_ADAPTIVE_DWA,18
305.5,SIGNAL_ADAPTIVE_DWA,18
306.0,SIGNAL_ADAPTIVE_DWA,18
306.5,SIGNAL_ADAPTIVE_DWA,18
307.0,SIGNAL_ADAPTIVE_DWA,18
307.5,SIGNAL_ADAPTIVE_DWA,18
308.0,SIGNAL_ADAPTIVE_DWA,18
308.5,SIGNAL_ADAPTIVE_DWA,18
309.0,SIGNAL_ADAPTIVE_DWA,18
309.5,SIGNAL_ADAPTIVE_DWA,18
310.0,SIGNAL_ADAPTIVE_DWA,18
310.5,SIGNAL_ADAPTIVE_DWA,18
311.0,SIGNAL_ADAPTIVE_DWA,18
311.5,SIGNAL_ADAPTIVE_DWA,18
312.0,SIGNAL_ADAPTIVE_DWA,18
312.5,SIGNAL_ADAPTIVE_DWA,18
313.0,SIGNAL_ADAPTIVE_DWA,18
313.5,SIGNAL_ADAPTIVE_DWA,18
314.0,SIGNAL_ADAPTIVE_DWA,18
314.5,SIGNAL_ADAPTIVE_DWA,18
315.0,SIGNAL_ADAPTIVE_DWA,18
315.5,SIGNAL_ADAPTIVE_DWA,18
316.0,SIGNAL_ADAPTIVE_DWA,18
316.5,SIGNAL_ADAPTIVE_DWA,18
317.0,SIGNAL_ADAPTIVE_DWA,18
317.5,SIGNAL_ADAPTIVE_DWA,18
318.0,SIGNAL_ADAPTIVE_DWA,18
318.5,SIGNAL_ADAPTIVE_DWA,18
319.0,SIGNAL_ADAPTIVE_DWA,18
319.5,SIGNAL_ADAPTIVE_DWA,18
320.0,SIGNAL_ADAPTIVE_DWA,18
320.5,SIGNAL_ADAPTIVE_DWA,18
321.0,SIGNAL_ADAPTIVE_DWA,18
321.5,SIGNAL_ADAPTIVE_DWA,18
322.0,SIGNAL_ADAPTIVE_DWA,18
322.5,SIGNAL_ADAPTIVE_DWA,18
323.0,SIGNAL_ADAPTIVE_DWA,18
323.5,SIGNAL_ADAPTIVE_DWA,18
324.0,SIGNAL_ADAPTIVE_DWA,18
324.5,SIGNAL_ADAPTIVE_DWA,18
325.0,SIGNAL_ADAPTIVE_DWA,18
325.5,SIGNAL_ADAPTIVE_DWA,18
326.0,SIGNAL_ADAPTIVE_DWA,18
326.5,SIGNAL_ADAPTIVE_DWA,18
327.0,SIGNAL_ADAPTIVE_DWA,18
327.5,SIGNAL_ADAPTIVE_DWA,18
328.0,SIGNAL_ADAPTIVE_DWA,18
328.5,SIGNAL_ADAPTIVE_DWA,18
329.0,SIGNAL_ADAPTIVE_DWA,18
329.5,SIGNAL_ADAPTIVE_DWA,18
330.0,SIGNAL_ADAPTIVE_DWA,18
330.5,SIGNAL_ADAPTIVE_DWA,18
331.0,SIGNAL_ADAPTIVE_DWA,18
331.5,SIGNAL_ADAPTIVE_DWA,18
332.0,SIGNAL_ADAPTIVE_DWA,18
332.5,SIGNAL_ADAPTIVE_DWA,18
333.0,SIGNAL_ADAPTIVE_DWA,18
333.5,SIGNAL_ADAPTIVE_DWA,18
334.0,SIGNAL_ADAPTIVE_DWA,18
334.5,SIGNAL_ADAPTIVE_DWA,18
335.0,SIGNAL_ADAPTIVE_DWA,18
335.5,SIGNAL_ADAPTIVE_DWA,18
336.0,SIGNAL_ADAPTIVE_DWA,18
336.5,SIGNAL_ADAPTIVE_DWA,18
337.0,SIGNAL_ADAPTIVE_DWA,18
337.5,SIGNAL_ADAPTIVE_DWA,18
338.0,SIGNAL_ADAPTIVE_DWA,18
338.5,SIGNAL_ADAPTIVE_DWA,18
339.0,SIGNAL_ADAPTIVE_DWA,18
339.5,SIGNAL_ADAPTIVE_DWA,18
340.0,SIGNAL_ADAPTIVE_DWA,18
340.5,SIGNAL_ADAPTIVE_DWA,18
341.0,SIGNAL_ADAPTIVE_DWA,18
341.5,SIGNAL_ADAPTIVE_DWA,18
342.0,SIGNAL_ADAPTIVE_DWA,18
342.5,SIGNAL_ADAPTIVE_DWA,18
343.0,SIGNAL_ADAPTIVE_DWA,18
343.5,SIGNAL_ADAPTIVE_DWA,18
344.0,SIGNAL_ADAPTIVE_DWA,18
344.5,SIGNAL_ADAPTIVE_DWA,18
345.0,SIGNAL_ADAPTIVE_DWA,18
345.5,SIGNAL_ADAPTIVE_DWA,18
346.0,SIGNAL_ADAPTIVE_DWA,18
346.5,SIGNAL_ADAPTIVE_DWA,18
347.0,SIGNAL_ADAPTIVE_DWA,18
347.5,SIGNAL_ADAPTIVE_DWA,18
348.0,SIGNAL_ADAPTIVE_DWA,18
348.5,SIGNAL_ADAPTIVE_DWA,18
349.0,SIGNAL_ADAPTIVE_DWA,18
349.5,SIGNAL_ADAPTIVE_DWA,18
350.0,SIGNAL_ADAPTIVE_DWA,18
350.5,SIGNAL_ADAPTIVE_DWA,18
351.0,SIGNAL_ADAPTIVE_DWA,18
351.5,SIGNAL_ADAPTIVE_DWA,18
352.0,SIGNAL_ADAPTIVE_DWA,18
352.5,SIGNAL_ADAPTIVE_DWA,18
353.0,SIGNAL_ADAPTIVE_DWA,18
353.5,SIGNAL_ADAPTIVE_DWA,18
354.0,SIGNAL_ADAPTIVE_DWA,18
354.5,SIGNAL_ADAPTIVE_DWA,18
355.0,SIGNAL_ADAPTIVE_DWA,18
355.5,SIGNAL_ADAPTIVE_DWA,18
356.0,SIGNAL_ADAPTIVE_DWA,18
356.5,SIGNAL_ADAPTIVE_DWA,18
357.0,SIGNAL_ADAPTIVE_DWA,18
357.5,SIGNAL_ADAPTIVE_DWA,18
358.0,SIGNAL_ADAPTIVE_DWA,18
358.5,SIGNAL_ADAPTIVE_DWA,18
359.0,SIGNAL_ADAPTIVE_DWA,18
359.5,SIGNAL_ADAPTIVE_DWA,18
360.0,SIGNAL_ADAPTIVE_DWA,18
360.5,SIGNAL_ADAPTIVE_DWA,18
361.0,SIGNAL_ADAPTIVE_DWA,18
361.5,SIGNAL_ADAPTIVE_DWA,18
362.0,SIGNAL_ADAPTIVE_DWA,18
362.5,SIGNAL_ADAPTIVE_DWA,10
363.0,SIGNAL_ADAPTIVE_DWA,10
363.5,SIGNAL_ADAPTIVE_DWA,10
364.0,SIGNAL_ADAPTIVE_DWA,10
364.5,SIGNAL_ADAPTIVE_DWA,10
365.0,SIGNAL_ADAPTIVE_DWA,10
365.5,SIGNAL_ADAPTIVE_DWA,10
366.0,SIGNAL_ADAPTIVE_DWA,10
366.5,SIGNAL_ADAPTIVE_DWA,10
367.0,SIGNAL_ADAPTIVE_DWA,10
367.5,SIGNAL_ADAPTIVE_DWA,10
368.0,SIGNAL_ADAPTIVE_DWA,10
368.5,SIGNAL_ADAPTIVE_DWA,10
369.0,SIGNAL_ADAPTIVE_DWA,10
369.5,SIGNAL_ADAPTIVE_DWA,10
370.0,SIGNAL_ADAPTIVE_DWA,10
370.5,SIGNAL_ADAPTIVE_DWA,10
371.0,SIGNAL_ADAPTIVE_DWA,10
371.5,SIGNAL_ADAPTIVE_DWA,10
372.0,SIGNAL_ADAPTIVE_DWA,10
372.5,SIGNAL_ADAPTIVE_DWA,10
373.0,SIGNAL_ADAPTIVE_DWA,10
373.5,SIGNAL_ADAPTIVE_DWA,10
374.0,SIGNAL_ADAPTIVE_DWA,10
374.5,SIGNAL_ADAPTIVE_DWA,10
375.0,SIGNAL_ADAPTIVE_DWA,10
375.5,SIGNAL_ADAPTIVE_DWA,10
376.0,SIGNAL_ADAPTIVE_DWA,10
376.5,SIGNAL_ADAPTIVE_DWA,10
377.0,SIGNAL_ADAPTIVE_DWA,10
377.5,SIGNAL_ADAPTIVE_DWA,10
378.0,SIGNAL_ADAPTIVE_DWA,10
378.5,SIGNAL_ADAPTIVE_DWA,10
379.0,SIGNAL_ADAPTIVE_DWA,10
379.5,SIGNAL_ADAPTIVE_DWA,10
380.0,SIGNAL_ADAPTIVE_DWA,10
380.5,SIGNAL_ADAPTIVE_DWA,10
381.0,SIGNAL_ADAPTIVE_DWA,10
381.5,SIGNAL_ADAPTIVE_DWA,10
382.0,SIGNAL_ADAPTIVE_DWA,10
382.5,SIGNAL_ADAPTIVE_DWA,10
383.0,SIGNAL_ADAPTIVE_DWA,10
383.5,SIGNAL_ADAPTIVE_DWA,10
384.0,SIGNAL_ADAPTIVE_DWA,10
384.5,SIGNAL_ADAPTIVE_DWA,10
385.0,SIGNAL_ADAPTIVE_DWA,10
385.5,SIGNAL_ADAPTIVE_DWA,10
386.0,SIGNAL_ADAPTIVE_DWA,10
386.5,SIGNAL_ADAPTIVE_DWA,10
387.0,SIGNAL_ADAPTIVE_DWA,10
387.5,SIGNAL_ADAPTIVE_DWA,10
388.0,SIGNAL_ADAPTIVE_DWA,10
388.5,SIGNAL_ADAPTIVE_DWA,10
389.0,SIGNAL_ADAPTIVE_DWA,10
389.5,SIGNAL_ADAPTIVE_DWA,10
390.0,SIGNAL_ADAPTIVE_DWA,10
390.5,SIGNAL_ADAPTIVE_DWA,10
391.0,SIGNAL_ADAPTIVE_DWA,10
391.5,SIGNAL_ADAPTIVE_DWA,10
392.0,SIGNAL_ADAPTIVE_DWA,10
392.5,SIGNAL_ADAPTIVE_DWA,10
393.0,SIGNAL_ADAPTIVE_DWA,10
393.5,SIGNAL_ADAPTIVE_DWA,10
394.0,SIGNAL_ADAPTIVE_DWA,10
394.5,SIGNAL_ADAPTIVE_DWA,10
395.0,SIGNAL_ADAPTIVE_DWA,10
395.5,SIGNAL_ADAPTIVE_DWA,10
396.0,SIGNAL_ADAPTIVE_DWA,18
396.5,SIGNAL_ADAPTIVE_DWA,18
397.0,SIGNAL_ADAPTIVE_DWA,18
397.5,SIGNAL_ADAPTIVE_DWA,18
398.0,SIGNAL_ADAPTIVE_DWA,18
398.5,SIGNAL_ADAPTIVE_DWA,18
399.0,SIGNAL_ADAPTIVE_DWA,18
399.5,SIGNAL_ADAPTIVE_DWA,18
400.0,SIGNAL_ADAPTIVE_DWA,18
400.5,SIGNAL_ADAPTIVE_DWA,18
401.0,SIGNAL_ADAPTIVE_DWA,18
401.5,SIGNAL_ADAPTIVE_DWA,18
402.0,SIGNAL_ADAPTIVE_DWA,18
402.5,SIGNAL_ADAPTIVE_DWA,18
403.0,SIGNAL_ADAPTIVE_DWA,18
403.5,SIGNAL_ADAPTIVE_DWA,18
404.0,SIGNAL_ADAPTIVE_DWA,18
404.5,SIGNAL_ADAPTIVE_DWA,18
405.0,SIGNAL_ADAPTIVE_DWA,18
405.5,SIGNAL_ADAPTIVE_DWA,18
406.0,SIGNAL_ADAPTIVE_DWA,18
406.5,SIGNAL_ADAPTIVE_DWA,18
407.0,SIGNAL_ADAPTIVE_DWA,18
407.5,SIGNAL_ADAPTIVE_DWA,18
408.0,SIGNAL_ADAPTIVE_DWA,18
408.5,SIGNAL_ADAPTIVE_DWA,18
409.0,SIGNAL_ADAPTIVE_DWA,18
409.5,SIGNAL_ADAPTIVE_DWA,18
410.0,SIGNAL_ADAPTIVE_DWA,18
410.5,SIGNAL_ADAPTIVE_DWA,18
411.0,SIGNAL_ADAPTIVE_DWA,18
411.5,SIGNAL_ADAPTIVE_DWA,18
412.0,SIGNAL_ADAPTIVE_DWA,18
412.5,SIGNAL_ADAPTIVE_DWA,18
413.0,SIGNAL_ADAPTIVE_DWA,18
413.5,SIGNAL_ADAPTIVE_DWA,18
414.0,SIGNAL_ADAPTIVE_DWA,18
414.5,SIGNAL_ADAPTIVE_DWA,18
415.0,SIGNAL_ADAPTIVE_DWA,18
415.5,SIGNAL_ADAPTIVE_DWA,18
416.0,SIGNAL_ADAPTIVE_DWA,18
416.5,SIGNAL_ADAPTIVE_DWA,18
417.0,SIGNAL_ADAPTIVE_DWA,18
417.5,SIGNAL_ADAPTIVE_DWA,18
418.0,SIGNAL_ADAPTIVE_DWA,18
418.5,SIGNAL_ADAPTIVE_DWA,18
419.0,SIGNAL_ADAPTIVE_DWA,18
419.5,SIGNAL_ADAPTIVE_DWA,18
420.0,SIGNAL_ADAPTIVE_DWA,18
420.5,SIGNAL_ADAPTIVE_DWA,18
421.0,SIGNAL_ADAPTIVE_DWA,18
421.5,SIGNAL_ADAPTIVE_DWA,10
422.0,SIGNAL_ADAPTIVE_DWA,10
422.5,SIGNAL_ADAPTIVE_DWA,10
423.0,SIGNAL_ADAPTIVE_DWA,10
423.5,SIGNAL_ADAPTIVE_DWA,10
424.0,SIGNAL_ADAPTIVE_DWA,10
424.5,SIGNAL_ADAPTIVE_DWA,10
425.0,SIGNAL_ADAPTIVE_DWA,10
425.5,SIGNAL_ADAPTIVE_DWA,10
426.0,SIGNAL_ADAPTIVE_DWA,10
426.5,SIGNAL_ADAPTIVE_DWA,10
427.0,SIGNAL_ADAPTIVE_DWA,10
427.5,SIGNAL_ADAPTIVE_DWA,10
428.0,SIGNAL_ADAPTIVE_DWA,10
428.5,SIGNAL_ADAPTIVE_DWA,10
429.0,SIGNAL_ADAPTIVE_DWA,10
429.5,SIGNAL_ADAPTIVE_DWA,10
430.0,SIGNAL_ADAPTIVE_DWA,10
430.5,SIGNAL_ADAPTIVE_DWA,10
431.0,SIGNAL_ADAPTIVE_DWA,10
431.5,SIGNAL_ADAPTIVE_DWA,10
432.0,SIGNAL_ADAPTIVE_DWA,10
432.5,SIGNAL_ADAPTIVE_DWA,10
433.0,SIGNAL_ADAPTIVE_DWA,10
433.5,SIGNAL_ADAPTIVE_DWA,10
434.0,SIGNAL_ADAPTIVE_DWA,10
434.5,SIGNAL_ADAPTIVE_DWA,10
435.0,SIGNAL_ADAPTIVE_DWA,10
435.5,SIGNAL_ADAPTIVE_DWA,10
436.0,SIGNAL_ADAPTIVE_DWA,10
436.5,SIGNAL_ADAPTIVE_DWA,10
437.0,SIGNAL_ADAPTIVE_DWA,10
437.5,SIGNAL_ADAPTIVE_DWA,10
438.0,SIGNAL_ADAPTIVE_DWA,10
438.5,SIGNAL_ADAPTIVE_DWA,10
439.0,SIGNAL_ADAPTIVE_DWA,10
439.5,SIGNAL_ADAPTIVE_DWA,10
440.0,SIGNAL_ADAPTIVE_DWA,10
440.5,SIGNAL_ADAPTIVE_DWA,10
441.0,SIGNAL_ADAPTIVE_DWA,10
441.5,SIGNAL_ADAPTIVE_DWA,10
442.0,SIGNAL_ADAPTIVE_DWA,10
442.5,SIGNAL_ADAPTIVE_DWA,10
443.0,SIGNAL_ADAPTIVE_DWA,10
443.5,SIGNAL_ADAPTIVE_DWA,10
444.0,SIGNAL_ADAPTIVE_DWA,10
444.5,SIGNAL_ADAPTIVE_DWA,10
445.0,SIGNAL_ADAPTIVE_DWA,10
445.5,SIGNAL_ADAPTIVE_DWA,10
446.0,SIGNAL_ADAPTIVE_DWA,10
446.5,SIGNAL_ADAPTIVE_DWA,10
447.0,SIGNAL_ADAPTIVE_DWA,10
447.5,SIGNAL_ADAPTIVE_DWA,10
448.0,SIGNAL_ADAPTIVE_DWA,10
448.5,SIGNAL_ADAPTIVE_DWA,10
449.0,SIGNAL_ADAPTIVE_DWA,10
449.5,SIGNAL_ADAPTIVE_DWA,10
450.0,SIGNAL_ADAPTIVE_DWA,10
450.5,SIGNAL_ADAPTIVE_DWA,10
451.0,SIGNAL_ADAPTIVE_DWA,10
451.5,SIGNAL_ADAPTIVE_DWA,10
452.0,SIGNAL_ADAPTIVE_DWA,10
452.5,SIGNAL_ADAPTIVE_DWA,18
453.0,SIGNAL_ADAPTIVE_DWA,18
453.5,SIGNAL_ADAPTIVE_DWA,18
454.0,SIGNAL_ADAPTIVE_DWA,18
454.5,SIGNAL_ADAPTIVE_DWA,18
455.0,SIGNAL_ADAPTIVE_DWA,18
455.5,SIGNAL_ADAPTIVE_DWA,18
456.0,SIGNAL_ADAPTIVE_DWA,18
456.5,SIGNAL_ADAPTIVE_DWA,18
457.0,SIGNAL_ADAPTIVE_DWA,18
457.5,SIGNAL_ADAPTIVE_DWA,18
458.0,SIGNAL_ADAPTIVE_DWA,18
458.5,SIGNAL_ADAPTIVE_DWA,18
459.0,SIGNAL_ADAPTIVE_DWA,18
459.5,SIGNAL_ADAPTIVE_DWA,18
460.0,SIGNAL_ADAPTIVE_DWA,18
460.5,SIGNAL_ADAPTIVE_DWA,18
461.0,SIGNAL_ADAPTIVE_DWA,18
461.5,SIGNAL_ADAPTIVE_DWA,18
462.0,SIGNAL_ADAPTIVE_DWA,18
462.5,SIGNAL_ADAPTIVE_DWA,18
463.0,SIGNAL_ADAPTIVE_DWA,18
463.5,SIGNAL_ADAPTIVE_DWA,18
464.0,SIGNAL_ADAPTIVE_DWA,18
464.5,SIGNAL_ADAPTIVE_DWA,18
465.0,SIGNAL_ADAPTIVE_DWA,18
465.5,SIGNAL_ADAPTIVE_DWA,18
466.0,SIGNAL_ADAPTIVE_DWA,18
466.5,SIGNAL_ADAPTIVE_DWA,18
467.0,SIGNAL_ADAPTIVE_DWA,18
467.5,SIGNAL_ADAPTIVE_DWA,18
468.0,SIGNAL_ADAPTIVE_DWA,18
468.5,SIGNAL_ADAPTIVE_DWA,18
469.0,SIGNAL_ADAPTIVE_DWA,18
469.5,SIGNAL_ADAPTIVE_DWA,18
470.0,SIGNAL_ADAPTIVE_DWA,18
470.5,SIGNAL_ADAPTIVE_DWA,18
471.0,SIGNAL_ADAPTIVE_DWA,18
471.5,SIGNAL_ADAPTIVE_DWA,18
472.0,SIGNAL_ADAPTIVE_DWA,18
472.5,SIGNAL_ADAPTIVE_DWA,18
473.0,SIGNAL_ADAPTIVE_DWA,18
473.5,SIGNAL_ADAPTIVE_DWA,18
474.0,SIGNAL_ADAPTIVE_DWA,18
474.5,SIGNAL_ADAPTIVE_DWA,18
475.0,SIGNAL_ADAPTIVE_DWA,18
475.5,SIGNAL_ADAPTIVE_DWA,18
476.0,SIGNAL_ADAPTIVE_DWA,18
476.5,SIGNAL_ADAPTIVE_DWA,18
477.0,SIGNAL_ADAPTIVE_DWA,18
477.5,SIGNAL_ADAPTIVE_DWA,18
478.0,SIGNAL_ADAPTIVE_DWA,18
478.5,SIGNAL_ADAPTIVE_DWA,18
479.0,SIGNAL_ADAPTIVE_DWA,18
479.5,SIGNAL_ADAPTIVE_DWA,18
480.0,SIGNAL_ADAPTIVE_DWA,18
480.5,SIGNAL_ADAPTIVE_DWA,18
481.0,SIGNAL_ADAPTIVE_DWA,18
481.5,SIGNAL_ADAPTIVE_DWA,18
482.0,SIGNAL_ADAPTIVE_DWA,18
482.5,SIGNAL_ADAPTIVE_DWA,18
483.0,SIGNAL_ADAPTIVE_DWA,18
483.5,SIGNAL_ADAPTIVE_DWA,18
484.0,SIGNAL_ADAPTIVE_DWA,18
484.5,SIGNAL_ADAPTIVE_DWA,18
485.0,SIGNAL_ADAPTIVE_DWA,18
485.5,SIGNAL_ADAPTIVE_DWA,18
486.0,SIGNAL_ADAPTIVE_DWA,18
486.5,SIGNAL_ADAPTIVE_DWA,18
487.0,SIGNAL_ADAPTIVE_DWA,18
487.5,SIGNAL_ADAPTIVE_DWA,18
488.0,SIGNAL_ADAPTIVE_DWA,18
488.5,SIGNAL_ADAPTIVE_DWA,18
489.0,SIGNAL_ADAPTIVE_DWA,18
489.5,SIGNAL_ADAPTIVE_DWA,18
490.0,SIGNAL_ADAPTIVE_DWA,18
490.5,SIGNAL_ADAPTIVE_DWA,18
491.0,SIGNAL_ADAPTIVE_DWA,18
491.5,SIGNAL_ADAPTIVE_DWA,18
492.0,SIGNAL_ADAPTIVE_DWA,18
492.5,SIGNAL_ADAPTIVE_DWA,18
493.0,SIGNAL_ADAPTIVE_DWA,18
493.5,SIGNAL_ADAPTIVE_DWA,18
494.0,SIGNAL_ADAPTIVE_DWA,18
494.5,SIGNAL_ADAPTIVE_DWA,18
495.0,SIGNAL_ADAPTIVE_DWA,18
495.5,SIGNAL_ADAPTIVE_DWA,18
496.0,SIGNAL_ADAPTIVE_DWA,18
496.5,SIGNAL_ADAPTIVE_DWA,18
497.0,SIGNAL_ADAPTIVE_DWA,18
497.5,SIGNAL_ADAPTIVE_DWA,18
498.0,SIGNAL_ADAPTIVE_DWA,18
498.5,SIGNAL_ADAPTIVE_DWA,18
499.0,SIGNAL_ADAPTIVE_DWA,18
499.5,SIGNAL_ADAPTIVE_DWA,18
500.0,SIGNAL_ADAPTIVE_DWA,13
500.5,SIGNAL_ADAPTIVE_DWA,13
501.0,SIGNAL_ADAPTIVE_DWA,13
501.5,SIGNAL_ADAPTIVE_DWA,13
502.0,SIGNAL_ADAPTIVE_DWA,13
502.5,SIGNAL_ADAPTIVE_DWA,13
503.0,SIGNAL_ADAPTIVE_DWA,13
503.5,SIGNAL_ADAPTIVE_DWA,13
504.0,SIGNAL_ADAPTIVE_DWA,13
504.5,SIGNAL_ADAPTIVE_DWA,13
505.0,SIGNAL_ADAPTIVE_DWA,13
505.5,SIGNAL_ADAPTIVE_DWA,13
506.0,SIGNAL_ADAPTIVE_DWA,13
506.5,SIGNAL_ADAPTIVE_DWA,13
507.0,SIGNAL_ADAPTIVE_DWA,13
507.5,SIGNAL_ADAPTIVE_DWA,13
508.0,SIGNAL_ADAPTIVE_DWA,13
508.5,SIGNAL_ADAPTIVE_DWA,13
509.0,SIGNAL_ADAPTIVE_DWA,13
509.5,SIGNAL_ADAPTIVE_DWA,13
510.0,SIGNAL_ADAPTIVE_DWA,13
510.5,SIGNAL_ADAPTIVE_DWA,13
511.0,SIGNAL_ADAPTIVE_DWA,13
511.5,SIGNAL_ADAPTIVE_DWA,13
512.0,SIGNAL_ADAPTIVE_DWA,13
512.5,SIGNAL_ADAPTIVE_DWA,13
513.0,SIGNAL_ADAPTIVE_DWA,13
513.5,SIGNAL_ADAPTIVE_DWA,13
514.0,SIGNAL_ADAPTIVE_DWA,13
514.5,SIGNAL_ADAPTIVE_DWA,13
515.0,SIGNAL_ADAPTIVE_DWA,13
515.5,SIGNAL_ADAPTIVE_DWA,13
516.0,SIGNAL_ADAPTIVE_DWA,13
516.5,SIGNAL_ADAPTIVE_DWA,13
517.0,SIGNAL_ADAPTIVE_DWA,13
517.5,SIGNAL_ADAPTIVE_DWA,13
518.0,SIGNAL_ADAPTIVE_DWA,13
518.5,SIGNAL_ADAPTIVE_DWA,13
519.0,SIGNAL_ADAPTIVE_DWA,13
519.5,SIGNAL_ADAPTIVE_DWA,13
520.0,SIGNAL_ADAPTIVE_DWA,13
520.5,SIGNAL_ADAPTIVE_DWA,13
521.0,SIGNAL_ADAPTIVE_DWA,13
521.5,SIGNAL_ADAPTIVE_DWA,13
522.0,SIGNAL_ADAPTIVE_DWA,13
522.5,SIGNAL_ADAPTIVE_DWA,13
523.0,SIGNAL_ADAPTIVE_DWA,13
523.5,SIGNAL_ADAPTIVE_DWA,13
524.0,SIGNAL_ADAPTIVE_DWA,13
524.5,SIGNAL_ADAPTIVE_DWA,13
525.0,SIGNAL_ADAPTIVE_DWA,13
525.5,SIGNAL_ADAPTIVE_DWA,13
526.0,SIGNAL_ADAPTIVE_DWA,13
526.5,SIGNAL_ADAPTIVE_DWA,13
527.0,SIGNAL_ADAPTIVE_DWA,13
527.5,SIGNAL_ADAPTIVE_DWA,13
528.0,SIGNAL_ADAPTIVE_DWA,13
528.5,SIGNAL_ADAPTIVE_DWA,13
529.0,SIGNAL_ADAPTIVE_DWA,13
529.5,SIGNAL_ADAPTIVE_DWA,13
530.0,SIGNAL_ADAPTIVE_DWA,13
530.5,SIGNAL_ADAPTIVE_DWA,13
531.0,SIGNAL_ADAPTIVE_DWA,13
531.5,SIGNAL_ADAPTIVE_DWA,13
532.0,SIGNAL_ADAPTIVE_DWA,13
532.5,SIGNAL_ADAPTIVE_DWA,13
533.0,SIGNAL_ADAPTIVE_DWA,13
533.5,SIGNAL_ADAPTIVE_DWA,13
534.0,SIGNAL_ADAPTIVE_DWA,13
534.5,SIGNAL_ADAPTIVE_DWA,13
535.0,SIGNAL_ADAPTIVE_DWA,13
535.5,SIGNAL_ADAPTIVE_DWA,13
536.0,SIGNAL_ADAPTIVE_DWA,13
536.5,SIGNAL_ADAPTIVE_DWA,13
537.0,SIGNAL_ADAPTIVE_DWA,13
537.5,SIGNAL_ADAPTIVE_DWA,13
538.0,SIGNAL_ADAPTIVE_DWA,13
538.5,SIGNAL_ADAPTIVE_DWA,13
539.0,SIGNAL_ADAPTIVE_DWA,13
539.5,SIGNAL_ADAPTIVE_DWA,13
540.0,SIGNAL_ADAPTIVE_DWA,13
540.5,SIGNAL_ADAPTIVE_DWA,13
541.0,SIGNAL_ADAPTIVE_DWA,13
541.5,SIGNAL_ADAPTIVE_DWA,13
542.0,SIGNAL_ADAPTIVE_DWA,13
542.5,SIGNAL_ADAPTIVE_DWA,13
543.0,SIGNAL_ADAPTIVE_DWA,13
543.5,SIGNAL_ADAPTIVE_DWA,13
544.0,SIGNAL_ADAPTIVE_DWA,13
544.5,SIGNAL_ADAPTIVE_DWA,13
545.0,SIGNAL_ADAPTIVE_DWA,13
545.5,SIGNAL_ADAPTIVE_DWA,13
546.0,SIGNAL_ADAPTIVE_DWA,13
546.5,SIGNAL_ADAPTIVE_DWA,13
547.0,SIGNAL_ADAPTIVE_DWA,13
547.5,SIGNAL_ADAPTIVE_DWA,13
548.0,SIGNAL_ADAPTIVE_DWA,13
548.5,SIGNAL_ADAPTIVE_DWA,13
549.0,SIGNAL_ADAPTIVE_DWA,13
549.5,SIGNAL_ADAPTIVE_DWA,13
550.0,SIGNAL_ADAPTIVE_DWA,13
550.5,SIGNAL_ADAPTIVE_DWA,13
551.0,SIGNAL_ADAPTIVE_DWA,13
551.5,SIGNAL_ADAPTIVE_DWA,13
552.0,SIGNAL_ADAPTIVE_DWA,13
552.5,SIGNAL_ADAPTIVE_DWA,13
553.0,SIGNAL_ADAPTIVE_DWA,13
553.5,SIGNAL_ADAPTIVE_DWA,13
554.0,SIGNAL_ADAPTIVE_DWA,13
554.5,SIGNAL_ADAPTIVE_DWA,13
555.0,SIGNAL_ADAPTIVE_DWA,13
555.5,SIGNAL_ADAPTIVE_DWA,13
556.0,SIGNAL_ADAPTIVE_DWA,13
556.5,SIGNAL_ADAPTIVE_DWA,13
557.0,SIGNAL_ADAPTIVE_DWA,13
557.5,SIGNAL_ADAPTIVE_DWA,13
558.0,SIGNAL_ADAPTIVE_DWA,13
558.5,SIGNAL_ADAPTIVE_DWA,13
559.0,SIGNAL_ADAPTIVE_DWA,13
559.5,SIGNAL_ADAPTIVE_DWA,13
560.0,SIGNAL_ADAPTIVE_DWA,13
560.5,SIGNAL_ADAPTIVE_DWA,13
561.0,SIGNAL_ADAPTIVE_DWA,13
561.5,SIGNAL_ADAPTIVE_DWA,13
562.0,SIGNAL_ADAPTIVE_DWA,13
562.5,SIGNAL_ADAPTIVE_DWA,13
563.0,SIGNAL_ADAPTIVE_DWA,13
563.5,SIGNAL_ADAPTIVE_DWA,13
564.0,SIGNAL_ADAPTIVE_DWA,13
564.5,SIGNAL_ADAPTIVE_DWA,13
565.0,SIGNAL_ADAPTIVE_DWA,13
565.5,SIGNAL_ADAPTIVE_DWA,13
566.0,SIGNAL_ADAPTIVE_DWA,13
566.5,SIGNAL_ADAPTIVE_DWA,13
567.0,SIGNAL_ADAPTIVE_DWA,13
567.5,SIGNAL_ADAPTIVE_DWA,13
568.0,SIGNAL_ADAPTIVE_DWA,13
568.5,SIGNAL_ADAPTIVE_DWA,13
569.0,SIGNAL_ADAPTIVE_DWA,13
569.5,SIGNAL_ADAPTIVE_DWA,13
570.0,SIGNAL_ADAPTIVE_DWA,13
570.5,SIGNAL_ADAPTIVE_DWA,13
571.0,SIGNAL_ADAPTIVE_DWA,13
571.5,SIGNAL_ADAPTIVE_DWA,13
572.0,SIGNAL_ADAPTIVE_DWA,13
572.5,SIGNAL_ADAPTIVE_DWA,13
573.0,SIGNAL_ADAPTIVE_DWA,13
573.5,SIGNAL_ADAPTIVE_DWA,13
574.0,SIGNAL_ADAPTIVE_DWA,13
574.5,SIGNAL_ADAPTIVE_DWA,13
575.0,SIGNAL_ADAPTIVE_DWA,13
575.5,SIGNAL_ADAPTIVE_DWA,13
576.0,SIGNAL_ADAPTIVE_DWA,13
576.5,SIGNAL_ADAPTIVE_DWA,13
577.0,SIGNAL_ADAPTIVE_DWA,13
577.5,SIGNAL_ADAPTIVE_DWA,13
578.0,SIGNAL_ADAPTIVE_DWA,13
578.5,SIGNAL_ADAPTIVE_DWA,13
579.0,SIGNAL_ADAPTIVE_DWA,13
579.5,SIGNAL_ADAPTIVE_DWA,13
580.0,SIGNAL_ADAPTIVE_DWA,13
580.5,SIGNAL_ADAPTIVE_DWA,13
581.0,SIGNAL_ADAPTIVE_DWA,13
581.5,SIGNAL_ADAPTIVE_DWA,13
582.0,SIGNAL_ADAPTIVE_DWA,13
582.5,SIGNAL_ADAPTIVE_DWA,13
583.0,SIGNAL_ADAPTIVE_DWA,13
583.5,SIGNAL_ADAPTIVE_DWA,13
584.0,SIGNAL_ADAPTIVE_DWA,13
584.5,SIGNAL_ADAPTIVE_DWA,13
585.0,SIGNAL_ADAPTIVE_DWA,13
585.5,SIGNAL_ADAPTIVE_DWA,13
586.0,SIGNAL_ADAPTIVE_DWA,13
586.5,SIGNAL_ADAPTIVE_DWA,13
587.0,SIGNAL_ADAPTIVE_DWA,13
587.5,SIGNAL_ADAPTIVE_DWA,13
588.0,SIGNAL_ADAPTIVE_DWA,13
588.5,SIGNAL_ADAPTIVE_DWA,18
589.0,SIGNAL_ADAPTIVE_DWA,18
589.5,SIGNAL_ADAPTIVE_DWA,18
590.0,SIGNAL_ADAPTIVE_DWA,18
590.5,SIGNAL_ADAPTIVE_DWA,18
591.0,SIGNAL_ADAPTIVE_DWA,18
591.5,SIGNAL_ADAPTIVE_DWA,18
592.0,SIGNAL_ADAPTIVE_DWA,18
592.5,SIGNAL_ADAPTIVE_DWA,18
593.0,SIGNAL_ADAPTIVE_DWA,18
593.5,SIGNAL_ADAPTIVE_DWA,18
594.0,SIGNAL_ADAPTIVE_DWA,18
594.5,SIGNAL_ADAPTIVE_DWA,18
595.0,SIGNAL_ADAPTIVE_DWA,18
595.5,SIGNAL_ADAPTIVE_DWA,18
596.0,SIGNAL_ADAPTIVE_DWA,18
596.5,SIGNAL_ADAPTIVE_DWA,18
597.0,SIGNAL_ADAPTIVE_DWA,18
597.5,SIGNAL_ADAPTIVE_DWA,18
598.0,SIGNAL_ADAPTIVE_DWA,18
598.5,SIGNAL_ADAPTIVE_DWA,18
599.0,SIGNAL_ADAPTIVE_DWA,18
599.5,SIGNAL_ADAPTIVE_DWA,18
600.0,SIGNAL_ADAPTIVE_DWA,18
600.5,SIGNAL_ADAPTIVE_DWA,18
601.0,SIGNAL_ADAPTIVE_DWA,18
601.5,SIGNAL_ADAPTIVE_DWA,18
602.0,SIGNAL_ADAPTIVE_DWA,18
602.5,SIGNAL_ADAPTIVE_DWA,18
603.0,SIGNAL_ADAPTIVE_DWA,18
603.5,SIGNAL_ADAPTIVE_DWA,18
604.0,SIGNAL_ADAPTIVE_DWA,18
604.5,SIGNAL_ADAPTIVE_DWA,18
605.0,SIGNAL_ADAPTIVE_DWA,18
605.5,SIGNAL_ADAPTIVE_DWA,18
606.0,SIGNAL_ADAPTIVE_DWA,18
606.5,SIGNAL_ADAPTIVE_DWA,18
607.0,SIGNAL_ADAPTIVE_DWA,18
607.5,SIGNAL_ADAPTIVE_DWA,18
608.0,SIGNAL_ADAPTIVE_DWA,18
608.5,SIGNAL_ADAPTIVE_DWA,18
609.0,SIGNAL_ADAPTIVE_DWA,18
609.5,SIGNAL_ADAPTIVE_DWA,18
610.0,SIGNAL_ADAPTIVE_DWA,18
610.5,SIGNAL_ADAPTIVE_DWA,18
611.0,SIGNAL_ADAPTIVE_DWA,18
611.5,SIGNAL_ADAPTIVE_DWA,18
612.0,SIGNAL_ADAPTIVE_DWA,18
612.5,SIGNAL_ADAPTIVE_DWA,18
613.0,SIGNAL_ADAPTIVE_DWA,18
613.5,SIGNAL_ADAPTIVE_DWA,18
614.0,SIGNAL_ADAPTIVE_DWA,18
614.5,SIGNAL_ADAPTIVE_DWA,18
615.0,SIGNAL_ADAPTIVE_DWA,18
615.5,SIGNAL_ADAPTIVE_DWA,18
616.0,SIGNAL_ADAPTIVE_DWA,18
616.5,SIGNAL_ADAPTIVE_DWA,18
617.0,SIGNAL_ADAPTIVE_DWA,18
617.5,SIGNAL_ADAPTIVE_DWA,18
618.0,SIGNAL_ADAPTIVE_DWA,18
618.5,SIGNAL_ADAPTIVE_DWA,18
619.0,SIGNAL_ADAPTIVE_DWA,18
619.5,SIGNAL_ADAPTIVE_DWA,18
620.0,SIGNAL_ADAPTIVE_DWA,18
620.5,SIGNAL_ADAPTIVE_DWA,18
621.0,SIGNAL_ADAPTIVE_DWA,18
621.5,SIGNAL_ADAPTIVE_DWA,18
622.0,SIGNAL_ADAPTIVE_DWA,18
622.5,SIGNAL_ADAPTIVE_DWA,18
623.0,SIGNAL_ADAPTIVE_DWA,18
623.5,SIGNAL_ADAPTIVE_DWA,18
624.0,SIGNAL_ADAPTIVE_DWA,18
624.5,SIGNAL_ADAPTIVE_DWA,18
625.0,SIGNAL_ADAPTIVE_DWA,18
625.5,SIGNAL_ADAPTIVE_DWA,13
626.0,SIGNAL_ADAPTIVE_DWA,13
626.5,SIGNAL_ADAPTIVE_DWA,13
627.0,SIGNAL_ADAPTIVE_DWA,13
627.5,SIGNAL_ADAPTIVE_DWA,13
628.0,SIGNAL_ADAPTIVE_DWA,13
628.5,SIGNAL_ADAPTIVE_DWA,13
629.0,SIGNAL_ADAPTIVE_DWA,13
629.5,SIGNAL_ADAPTIVE_DWA,13
630.0,SIGNAL_ADAPTIVE_DWA,13
630.5,SIGNAL_ADAPTIVE_DWA,13
631.0,SIGNAL_ADAPTIVE_DWA,13
631.5,SIGNAL_ADAPTIVE_DWA,13
632.0,SIGNAL_ADAPTIVE_DWA,13
632.5,SIGNAL_ADAPTIVE_DWA,13
633.0,SIGNAL_ADAPTIVE_DWA,13
633.5,SIGNAL_ADAPTIVE_DWA,13
634.0,SIGNAL_ADAPTIVE_DWA,13
634.5,SIGNAL_ADAPTIVE_DWA,13
635.0,SIGNAL_ADAPTIVE_DWA,13
635.5,SIGNAL_ADAPTIVE_DWA,13
636.0,SIGNAL_ADAPTIVE_DWA,13
636.5,SIGNAL_ADAPTIVE_DWA,13
637.0,SIGNAL_ADAPTIVE_DWA,13
637.5,SIGNAL_ADAPTIVE_DWA,13
638.0,SIGNAL_ADAPTIVE_DWA,13
638.5,SIGNAL_ADAPTIVE_DWA,13
639.0,SIGNAL_ADAPTIVE_DWA,13
639.5,SIGNAL_ADAPTIVE_DWA,13
640.0,SIGNAL_ADAPTIVE_DWA,13
640.5,SIGNAL_ADAPTIVE_DWA,13
641.0,SIGNAL_ADAPTIVE_DWA,13
641.5,SIGNAL_ADAPTIVE_DWA,13
642.0,SIGNAL_ADAPTIVE_DWA,13
642.5,SIGNAL_ADAPTIVE_DWA,13
643.0,SIGNAL_ADAPTIVE_DWA,13
643.5,SIGNAL_ADAPTIVE_DWA,13
644.0,SIGNAL_ADAPTIVE_DWA,13
644.5,SIGNAL_ADAPTIVE_DWA,13
645.0,SIGNAL_ADAPTIVE_DWA,13
645.5,SIGNAL_ADAPTIVE_DWA,13
646.0,SIGNAL_ADAPTIVE_DWA,13
646.5,SIGNAL_ADAPTIVE_DWA,13
647.0,SIGNAL_ADAPTIVE_DWA,13
647.5,SIGNAL_ADAPTIVE_DWA,13
648.0,SIGNAL_ADAPTIVE_DWA,13
648.5,SIGNAL_ADAPTIVE_DWA,13
649.0,SIGNAL_ADAPTIVE_DWA,13
649.5,SIGNAL_ADAPTIVE_DWA,13
650.0,SIGNAL_ADAPTIVE_DWA,13
650.5,SIGNAL_ADAPTIVE_DWA,13
651.0,SIGNAL_ADAPTIVE_DWA,13
651.5,SIGNAL_ADAPTIVE_DWA,13
652.0,SIGNAL_ADAPTIVE_DWA,13
652.5,SIGNAL_ADAPTIVE_DWA,13
653.0,SIGNAL_ADAPTIVE_DWA,13
653.5,SIGNAL_ADAPTIVE_DWA,13
654.0,SIGNAL_ADAPTIVE_DWA,13
654.5,SIGNAL_ADAPTIVE_DWA,13
655.0,SIGNAL_ADAPTIVE_DWA,13
655.5,SIGNAL_ADAPTIVE_DWA,13
656.0,SIGNAL_ADAPTIVE_DWA,13
656.5,SIGNAL_ADAPTIVE_DWA,13
657.0,SIGNAL_ADAPTIVE_DWA,13
657.5,SIGNAL_ADAPTIVE_DWA,13
658.0,SIGNAL_ADAPTIVE_DWA,13
658.5,SIGNAL_ADAPTIVE_DWA,13
659.0,SIGNAL_ADAPTIVE_DWA,13
659.5,SIGNAL_ADAPTIVE_DWA,13
660.0,SIGNAL_ADAPTIVE_DWA,13
660.5,SIGNAL_ADAPTIVE_DWA,13
661.0,SIGNAL_ADAPTIVE_DWA,13
661.5,SIGNAL_ADAPTIVE_DWA,13
662.0,SIGNAL_ADAPTIVE_DWA,18
662.5,SIGNAL_ADAPTIVE_DWA,18
663.0,SIGNAL_ADAPTIVE_DWA,18
663.5,SIGNAL_ADAPTIVE_DWA,18
664.0,SIGNAL_ADAPTIVE_DWA,18
664.5,SIGNAL_ADAPTIVE_DWA,18
665.0,SIGNAL_ADAPTIVE_DWA,18
665.5,SIGNAL_ADAPTIVE_DWA,18
666.0,SIGNAL_ADAPTIVE_DWA,18
666.5,SIGNAL_ADAPTIVE_DWA,18
667.0,SIGNAL_ADAPTIVE_DWA,18
667.5,SIGNAL_ADAPTIVE_DWA,18
668.0,SIGNAL_ADAPTIVE_DWA,18
668.5,SIGNAL_ADAPTIVE_DWA,18
669.0,SIGNAL_ADAPTIVE_DWA,18
669.5,SIGNAL_ADAPTIVE_DWA,18
670.0,SIGNAL_ADAPTIVE_DWA,18
670.5,SIGNAL_ADAPTIVE_DWA,18
671.0,SIGNAL_ADAPTIVE_DWA,18
671.5,SIGNAL_ADAPTIVE_DWA,18
672.0,SIGNAL_ADAPTIVE_DWA,18
672.5,SIGNAL_ADAPTIVE_DWA,18
673.0,SIGNAL_ADAPTIVE_DWA,18
673.5,SIGNAL_ADAPTIVE_DWA,18
674.0,SIGNAL_ADAPTIVE_DWA,18
674.5,SIGNAL_ADAPTIVE_DWA,18
675.0,SIGNAL_ADAPTIVE_DWA,18
675.5,SIGNAL_ADAPTIVE_DWA,18
676.0,SIGNAL_ADAPTIVE_DWA,18
676.5,SIGNAL_ADAPTIVE_DWA,18
677.0,SIGNAL_ADAPTIVE_DWA,18
677.5,SIGNAL_ADAPTIVE_DWA,18
678.0,SIGNAL_ADAPTIVE_DWA,18
678.5,SIGNAL_ADAPTIVE_DWA,18
679.0,SIGNAL_ADAPTIVE_DWA,18
679.5,SIGNAL_ADAPTIVE_DWA,18
680.0,SIGNAL_ADAPTIVE_DWA,18
680.5,SIGNAL_ADAPTIVE_DWA,18
681.0,SIGNAL_ADAPTIVE_DWA,18
681.5,SIGNAL_ADAPTIVE_DWA,18
682.0,SIGNAL_ADAPTIVE_DWA,18
682.5,SIGNAL_ADAPTIVE_DWA,18
683.0,SIGNAL_ADAPTIVE_DWA,18
683.5,SIGNAL_ADAPTIVE_DWA,18
684.0,SIGNAL_ADAPTIVE_DWA,18
684.5,SIGNAL_ADAPTIVE_DWA,18
685.0,SIGNAL_ADAPTIVE_DWA,18
685.5,SIGNAL_ADAPTIVE_DWA,18
686.0,SIGNAL_ADAPTIVE_DWA,18
686.5,SIGNAL_ADAPTIVE_DWA,18
687.0,SIGNAL_ADAPTIVE_DWA,18
687.5,SIGNAL_ADAPTIVE_DWA,18
688.0,SIGNAL_ADAPTIVE_DWA,18
688.5,SIGNAL_ADAPTIVE_DWA,18
689.0,SIGNAL_ADAPTIVE_DWA,18
689.5,SIGNAL_ADAPTIVE_DWA,18
690.0,SIGNAL_ADAPTIVE_DWA,18
690.5,SIGNAL_ADAPTIVE_DWA,18
691.0,SIGNAL_ADAPTIVE_DWA,18
691.5,SIGNAL_ADAPTIVE_DWA,18
692.0,SIGNAL_ADAPTIVE_DWA,18
692.5,SIGNAL_ADAPTIVE_DWA,18
693.0,SIGNAL_ADAPTIVE_DWA,18
693.5,SIGNAL_ADAPTIVE_DWA,18
694.0,SIGNAL_ADAPTIVE_DWA,18
694.5,SIGNAL_ADAPTIVE_DWA,18
695.0,SIGNAL_ADAPTIVE_DWA,18
695.5,SIGNAL_ADAPTIVE_DWA,18
696.0,SIGNAL_ADAPTIVE_DWA,18
696.5,SIGNAL_ADAPTIVE_DWA,18
697.0,SIGNAL_ADAPTIVE_DWA,18
697.5,SIGNAL_ADAPTIVE_DWA,18
698.0,SIGNAL_ADAPTIVE_DWA,18
698.5,SIGNAL_ADAPTIVE_DWA,18
699.0,SIGNAL_ADAPTIVE_DWA,18
699.5,SIGNAL_ADAPTIVE_DWA,18
700.0,SIGNAL_ADAPTIVE_DWA,18
700.5,SIGNAL_ADAPTIVE_DWA,18
701.0,SIGNAL_ADAPTIVE_DWA,18
701.5,SIGNAL_ADAPTIVE_DWA,18
702.0,SIGNAL_ADAPTIVE_DWA,18
702.5,SIGNAL_ADAPTIVE_DWA,18
703.0,SIGNAL_ADAPTIVE_DWA,18
703.5,SIGNAL_ADAPTIVE_DWA,18
704.0,SIGNAL_ADAPTIVE_DWA,18
704.5,SIGNAL_ADAPTIVE_DWA,18
705.0,SIGNAL_ADAPTIVE_DWA,18
705.5,SIGNAL_ADAPTIVE_DWA,18
706.0,SIGNAL_ADAPTIVE_DWA,18
706.5,SIGNAL_ADAPTIVE_DWA,18
707.0,SIGNAL_ADAPTIVE_DWA,18
707.5,SIGNAL_ADAPTIVE_DWA,18
708.0,SIGNAL_ADAPTIVE_DWA,18
708.5,SIGNAL_ADAPTIVE_DWA,18
709.0,SIGNAL_ADAPTIVE_DWA,18
709.5,SIGNAL_ADAPTIVE_DWA,18
710.0,SIGNAL_ADAPTIVE_DWA,18
710.5,SIGNAL_ADAPTIVE_DWA,18
711.0,SIGNAL_ADAPTIVE_DWA,18
711.5,SIGNAL_ADAPTIVE_DWA,18
712.0,SIGNAL_ADAPTIVE_DWA,18
712.5,SIGNAL_ADAPTIVE_DWA,18
713.0,SIGNAL_ADAPTIVE_DWA,18
713.5,SIGNAL_ADAPTIVE_DWA,18
714.0,SIGNAL_ADAPTIVE_DWA,18
714.5,SIGNAL_ADAPTIVE_DWA,18
715.0,SIGNAL_ADAPTIVE_DWA,18
715.5,SIGNAL_ADAPTIVE_DWA,18
716.0,SIGNAL_ADAPTIVE_DWA,18
716.5,SIGNAL_ADAPTIVE_DWA,13
717.0,SIGNAL_ADAPTIVE_DWA,13
717.5,SIGNAL_ADAPTIVE_DWA,13
718.0,SIGNAL_ADAPTIVE_DWA,13
718.5,SIGNAL_ADAPTIVE_DWA,13
719.0,SIGNAL_ADAPTIVE_DWA,13
719.5,SIGNAL_ADAPTIVE_DWA,13
720.0,SIGNAL_ADAPTIVE_DWA,13
720.5,SIGNAL_ADAPTIVE_DWA,13
721.0,SIGNAL_ADAPTIVE_DWA,13
721.5,SIGNAL_ADAPTIVE_DWA,13
722.0,SIGNAL_ADAPTIVE_DWA,13
722.5,SIGNAL_ADAPTIVE_DWA,13
723.0,SIGNAL_ADAPTIVE_DWA,13
723.5,SIGNAL_ADAPTIVE_DWA,13
724.0,SIGNAL_ADAPTIVE_DWA,13
724.5,SIGNAL_ADAPTIVE_DWA,13
725.0,SIGNAL_ADAPTIVE_DWA,13
725.5,SIGNAL_ADAPTIVE_DWA,13
726.0,SIGNAL_ADAPTIVE_DWA,13
726.5,SIGNAL_ADAPTIVE_DWA,13
727.0,SIGNAL_ADAPTIVE_DWA,13
727.5,SIGNAL_ADAPTIVE_DWA,13
728.0,SIGNAL_ADAPTIVE_DWA,13
728.5,SIGNAL_ADAPTIVE_DWA,13
729.0,SIGNAL_ADAPTIVE_DWA,13
729.5,SIGNAL_ADAPTIVE_DWA,13
730.0,SIGNAL_ADAPTIVE_DWA,13
730.5,SIGNAL_ADAPTIVE_DWA,13
731.0,SIGNAL_ADAPTIVE_DWA,13
731.5,SIGNAL_ADAPTIVE_DWA,13
732.0,SIGNAL_ADAPTIVE_DWA,13
732.5,SIGNAL_ADAPTIVE_DWA,13
733.0,SIGNAL_ADAPTIVE_DWA,13
733.5,SIGNAL_ADAPTIVE_DWA,13
734.0,SIGNAL_ADAPTIVE_DWA,13
734.5,SIGNAL_ADAPTIVE_DWA,13
735.0,SIGNAL_ADAPTIVE_DWA,13
735.5,SIGNAL_ADAPTIVE_DWA,13
736.0,SIGNAL_ADAPTIVE_DWA,13
736.5,SIGNAL_ADAPTIVE_DWA,13
737.0,SIGNAL_ADAPTIVE_DWA,13
737.5,SIGNAL_ADAPTIVE_DWA,13
738.0,SIGNAL_ADAPTIVE_DWA,13
738.5,SIGNAL_ADAPTIVE_DWA,13
739.0,SIGNAL_ADAPTIVE_DWA,13
739.5,SIGNAL_ADAPTIVE_DWA,13
740.0,SIGNAL_ADAPTIVE_DWA,13
740.5,SIGNAL_ADAPTIVE_DWA,13
741.0,SIGNAL_ADAPTIVE_DWA,13
741.5,SIGNAL_ADAPTIVE_DWA,13
742.0,SIGNAL_ADAPTIVE_DWA,13
742.5,SIGNAL_ADAPTIVE_DWA,13
743.0,SIGNAL_ADAPTIVE_DWA,13
743.5,SIGNAL_ADAPTIVE_DWA,13
744.0,SIGNAL_ADAPTIVE_DWA,13
744.5,SIGNAL_ADAPTIVE_DWA,13
745.0,SIGNAL_ADAPTIVE_DWA,13
745.5,SIGNAL_ADAPTIVE_DWA,13
746.0,SIGNAL_ADAPTIVE_DWA,13
746.5,SIGNAL_ADAPTIVE_DWA,13
747.0,SIGNAL_ADAPTIVE_DWA,13
747.5,SIGNAL_ADAPTIVE_DWA,13
748.0,SIGNAL_ADAPTIVE_DWA,13
748.5,SIGNAL_ADAPTIVE_DWA,13
749.0,SIGNAL_ADAPTIVE_DWA,13
749.5,SIGNAL_ADAPTIVE_DWA,13
750.0,SIGNAL_ADAPTIVE_DWA,13
750.5,SIGNAL_ADAPTIVE_DWA,13
751.0,SIGNAL_ADAPTIVE_DWA,13
751.5,SIGNAL_ADAPTIVE_DWA,13
752.0,SIGNAL_ADAPTIVE_DWA,13
752.5,SIGNAL_ADAPTIVE_DWA,13
753.0,SIGNAL_ADAPTIVE_DWA,13
753.5,SIGNAL_ADAPTIVE_DWA,18
754.0,SIGNAL_ADAPTIVE_DWA,18
754.5,SIGNAL_ADAPTIVE_DWA,18
755.0,SIGNAL_ADAPTIVE_DWA,18
755.5,SIGNAL_ADAPTIVE_DWA,18
756.0,SIGNAL_ADAPTIVE_DWA,18
756.5,SIGNAL_ADAPTIVE_DWA,18
757.0,SIGNAL_ADAPTIVE_DWA,18
757.5,SIGNAL_ADAPTIVE_DWA,18
758.0,SIGNAL_ADAPTIVE_DWA,18
758.5,SIGNAL_ADAPTIVE_DWA,18
759.0,SIGNAL_ADAPTIVE_DWA,18
759.5,SIGNAL_ADAPTIVE_DWA,18
760.0,SIGNAL_ADAPTIVE_DWA,18
760.5,SIGNAL_ADAPTIVE_DWA,18
761.0,SIGNAL_ADAPTIVE_DWA,18
761.5,SIGNAL_ADAPTIVE_DWA,18
762.0,SIGNAL_ADAPTIVE_DWA,18
762.5,SIGNAL_ADAPTIVE_DWA,18
763.0,SIGNAL_ADAPTIVE_DWA,18
763.5,SIGNAL_ADAPTIVE_DWA,18
764.0,SIGNAL_ADAPTIVE_DWA,18
764.5,SIGNAL_ADAPTIVE_DWA,18
765.0,SIGNAL_ADAPTIVE_DWA,18
765.5,SIGNAL_ADAPTIVE_DWA,18
766.0,SIGNAL_ADAPTIVE_DWA,18
766.5,SIGNAL_ADAPTIVE_DWA,18
767.0,SIGNAL_ADAPTIVE_DWA,18
767.5,SIGNAL_ADAPTIVE_DWA,18
768.0,SIGNAL_ADAPTIVE_DWA,18
768.5,SIGNAL_ADAPTIVE_DWA,18
769.0,SIGNAL_ADAPTIVE_DWA,18
769.5,SIGNAL_ADAPTIVE_DWA,18
770.0,SIGNAL_ADAPTIVE_DWA,18
770.5,SIGNAL_ADAPTIVE_DWA,18
771.0,SIGNAL_ADAPTIVE_DWA,18
771.5,SIGNAL_ADAPTIVE_DWA,18
772.0,SIGNAL_ADAPTIVE_DWA,18
772.5,SIGNAL_ADAPTIVE_DWA,18
773.0,SIGNAL_ADAPTIVE_DWA,18
773.5,SIGNAL_ADAPTIVE_DWA,18
774.0,SIGNAL_ADAPTIVE_DWA,18
774.5,SIGNAL_ADAPTIVE_DWA,18
775.0,SIGNAL_ADAPTIVE_DWA,18
775.5,SIGNAL_ADAPTIVE_DWA,18
776.0,SIGNAL_ADAPTIVE_DWA,18
776.5,SIGNAL_ADAPTIVE_DWA,18
777.0,SIGNAL_ADAPTIVE_DWA,18
777.5,SIGNAL_ADAPTIVE_DWA,18
778.0,SIGNAL_ADAPTIVE_DWA,18
778.5,SIGNAL_ADAPTIVE_DWA,18
779.0,SIGNAL_ADAPTIVE_DWA,18
779.5,SIGNAL_ADAPTIVE_DWA,18
780.0,SIGNAL_ADAPTIVE_DWA,18
780.5,SIGNAL_ADAPTIVE_DWA,18
781.0,SIGNAL_ADAPTIVE_DWA,18
781.5,SIGNAL_ADAPTIVE_DWA,18
782.0,SIGNAL_ADAPTIVE_DWA,18
782.5,SIGNAL_ADAPTIVE_DWA,18
783.0,SIGNAL_ADAPTIVE_DWA,18
783.5,SIGNAL_ADAPTIVE_DWA,18
784.0,SIGNAL_ADAPTIVE_DWA,18
784.5,SIGNAL_ADAPTIVE_DWA,18
785.0,SIGNAL_ADAPTIVE_DWA,18
785.5,SIGNAL_ADAPTIVE_DWA,18
786.0,SIGNAL_ADAPTIVE_DWA,18
786.5,SIGNAL_ADAPTIVE_DWA,18
787.0,SIGNAL_ADAPTIVE_DWA,18
787.5,SIGNAL_ADAPTIVE_DWA,18
788.0,SIGNAL_ADAPTIVE_DWA,18
788.5,SIGNAL_ADAPTIVE_DWA,15
789.0,SIGNAL_ADAPTIVE_DWA,15
789.5,SIGNAL_ADAPTIVE_DWA,15
790.0,SIGNAL_ADAPTIVE_DWA,15
790.5,SIGNAL_ADAPTIVE_DWA,15
791.0,SIGNAL_ADAPTIVE_DWA,15
791.5,SIGNAL_ADAPTIVE_DWA,15
792.0,SIGNAL_ADAPTIVE_DWA,15
792.5,SIGNAL_ADAPTIVE_DWA,15
793.0,SIGNAL_ADAPTIVE_DWA,15
793.5,SIGNAL_ADAPTIVE_DWA,15
794.0,SIGNAL_ADAPTIVE_DWA,15
794.5,SIGNAL_ADAPTIVE_DWA,15
795.0,SIGNAL_ADAPTIVE_DWA,15
795.5,SIGNAL_ADAPTIVE_DWA,15
796.0,SIGNAL_ADAPTIVE_DWA,15
796.5,SIGNAL_ADAPTIVE_DWA,15
797.0,SIGNAL_ADAPTIVE_DWA,15
797.5,SIGNAL_ADAPTIVE_DWA,15
798.0,SIGNAL_ADAPTIVE_DWA,15
798.5,SIGNAL_ADAPTIVE_DWA,15
799.0,SIGNAL_ADAPTIVE_DWA,15
799.5,SIGNAL_ADAPTIVE_DWA,15
800.0,SIGNAL_ADAPTIVE_DWA,15
800.5,SIGNAL_ADAPTIVE_DWA,15
801.0,SIGNAL_ADAPTIVE_DWA,15
801.5,SIGNAL_ADAPTIVE_DWA,15
802.0,SIGNAL_ADAPTIVE_DWA,15
802.5,SIGNAL_ADAPTIVE_DWA,15
803.0,SIGNAL_ADAPTIVE_DWA,15
803.5,SIGNAL_ADAPTIVE_DWA,15
804.0,SIGNAL_ADAPTIVE_DWA,15
804.5,SIGNAL_ADAPTIVE_DWA,15
805.0,SIGNAL_ADAPTIVE_DWA,15
805.5,SIGNAL_ADAPTIVE_DWA,15
806.0,SIGNAL_ADAPTIVE_DWA,15
806.5,SIGNAL_ADAPTIVE_DWA,15
807.0,SIGNAL_ADAPTIVE_DWA,15
807.5,SIGNAL_ADAPTIVE_DWA,15
808.0,SIGNAL_ADAPTIVE_DWA,15
808.5,SIGNAL_ADAPTIVE_DWA,15
809.0,SIGNAL_ADAPTIVE_DWA,15
809.5,SIGNAL_ADAPTIVE_DWA,15
810.0,SIGNAL_ADAPTIVE_DWA,15
810.5,SIGNAL_ADAPTIVE_DWA,15
811.0,SIGNAL_ADAPTIVE_DWA,15
811.5,SIGNAL_ADAPTIVE_DWA,15
812.0,SIGNAL_ADAPTIVE_DWA,15
812.5,SIGNAL_ADAPTIVE_DWA,15
813.0,SIGNAL_ADAPTIVE_DWA,15
813.5,SIGNAL_ADAPTIVE_DWA,15
814.0,SIGNAL_ADAPTIVE_DWA,15
814.5,SIGNAL_ADAPTIVE_DWA,15
815.0,SIGNAL_ADAPTIVE_DWA,15
815.5,SIGNAL_ADAPTIVE_DWA,15
816.0,SIGNAL_ADAPTIVE_DWA,15
816.5,SIGNAL_ADAPTIVE_DWA,15
817.0,SIGNAL_ADAPTIVE_DWA,15
817.5,SIGNAL_ADAPTIVE_DWA,15
818.0,SIGNAL_ADAPTIVE_DWA,15
818.5,SIGNAL_ADAPTIVE_DWA,15
819.0,SIGNAL_ADAPTIVE_DWA,15
819.5,SIGNAL_ADAPTIVE_DWA,15
820.0,SIGNAL_ADAPTIVE_DWA,15
820.5,SIGNAL_ADAPTIVE_DWA,15
821.0,SIGNAL_ADAPTIVE_DWA,15
821.5,SIGNAL_ADAPTIVE_DWA,15
822.0,SIGNAL_ADAPTIVE_DWA,15
822.5,SIGNAL_ADAPTIVE_DWA,15
823.0,SIGNAL_ADAPTIVE_DWA,15
823.5,SIGNAL_ADAPTIVE_DWA,15
824.0,SIGNAL_ADAPTIVE_DWA,15
824.5,SIGNAL_ADAPTIVE_DWA,15
825.0,SIGNAL_ADAPTIVE_DWA,15
825.5,SIGNAL_ADAPTIVE_DWA,15
826.0,SIGNAL_ADAPTIVE_DWA,15
826.5,SIGNAL_ADAPTIVE_DWA,15
827.0,SIGNAL_ADAPTIVE_DWA,15
827.5,SIGNAL_ADAPTIVE_DWA,15
828.0,SIGNAL_ADAPTIVE_DWA,15
828.5,SIGNAL_ADAPTIVE_DWA,15
829.0,SIGNAL_ADAPTIVE_DWA,15
829.5,SIGNAL_ADAPTIVE_DWA,15
830.0,SIGNAL_ADAPTIVE_DWA,15
830.5,SIGNAL_ADAPTIVE_DWA,15
831.0,SIGNAL_ADAPTIVE_DWA,15
831.5,SIGNAL_ADAPTIVE_DWA,15
832.0,SIGNAL_ADAPTIVE_DWA,15
832.5,SIGNAL_ADAPTIVE_DWA,15
833.0,SIGNAL_ADAPTIVE_DWA,15
833.5,SIGNAL_ADAPTIVE_DWA,15
834.0,SIGNAL_ADAPTIVE_DWA,15
834.5,SIGNAL_ADAPTIVE_DWA,15
835.0,SIGNAL_ADAPTIVE_DWA,15
835.5,SIGNAL_ADAPTIVE_DWA,15
836.0,SIGNAL_ADAPTIVE_DWA,15
836.5,SIGNAL_ADAPTIVE_DWA,15
837.0,SIGNAL_ADAPTIVE_DWA,15
837.5,SIGNAL_ADAPTIVE_DWA,15
838.0,SIGNAL_ADAPTIVE_DWA,15
838.5,SIGNAL_ADAPTIVE_DWA,15
839.0,SIGNAL_ADAPTIVE_DWA,15
839.5,SIGNAL_ADAPTIVE_DWA,15
840.0,SIGNAL_ADAPTIVE_DWA,15
840.5,SIGNAL_ADAPTIVE_DWA,15
841.0,SIGNAL_ADAPTIVE_DWA,15
841.5,SIGNAL_ADAPTIVE_DWA,15
842.0,SIGNAL_ADAPTIVE_DWA,15
842.5,SIGNAL_ADAPTIVE_DWA,15
843.0,SIGNAL_ADAPTIVE_DWA,15
843.5,SIGNAL_ADAPTIVE_DWA,15
844.0,SIGNAL_ADAPTIVE_DWA,15
844.5,SIGNAL_ADAPTIVE_DWA,15
845.0,SIGNAL_ADAPTIVE_DWA,15
845.5,SIGNAL_ADAPTIVE_DWA,15
846.0,SIGNAL_ADAPTIVE_DWA,15
846.5,SIGNAL_ADAPTIVE_DWA,15
847.0,SIGNAL_ADAPTIVE_DWA,15
847.5,SIGNAL_ADAPTIVE_DWA,15
848.0,SIGNAL_ADAPTIVE_DWA,15
848.5,SIGNAL_ADAPTIVE_DWA,15
849.0,SIGNAL_ADAPTIVE_DWA,15
849.5,SIGNAL_ADAPTIVE_DWA,15
850.0,SIGNAL_ADAPTIVE_DWA,15
850.5,SIGNAL_ADAPTIVE_DWA,15
851.0,SIGNAL_ADAPTIVE_DWA,15
851.5,SIGNAL_ADAPTIVE_DWA,15
852.0,SIGNAL_ADAPTIVE_DWA,15
852.5,SIGNAL_ADAPTIVE_DWA,15
853.0,SIGNAL_ADAPTIVE_DWA,15
853.5,SIGNAL_ADAPTIVE_DWA,15
854.0,SIGNAL_ADAPTIVE_DWA,15
854.5,SIGNAL_ADAPTIVE_DWA,15
855.0,SIGNAL_ADAPTIVE_DWA,15
855.5,SIGNAL_ADAPTIVE_DWA,15
856.0,SIGNAL_ADAPTIVE_DWA,15
856.5,SIGNAL_ADAPTIVE_DWA,15
857.0,SIGNAL_ADAPTIVE_DWA,15
857.5,SIGNAL_ADAPTIVE_DWA,15
858.0,SIGNAL_ADAPTIVE_DWA,15
858.5,SIGNAL_ADAPTIVE_DWA,15
859.0,SIGNAL_ADAPTIVE_DWA,15
859.5,SIGNAL_ADAPTIVE_DWA,15
860.0,SIGNAL_ADAPTIVE_DWA,15
860.5,SIGNAL_ADAPTIVE_DWA,15
861.0,SIGNAL_ADAPTIVE_DWA,15
861.5,SIGNAL_ADAPTIVE_DWA,15
862.0,SIGNAL_ADAPTIVE_DWA,15
862.5,SIGNAL_ADAPTIVE_DWA,15
863.0,SIGNAL_ADAPTIVE_DWA,15
863.5,SIGNAL_ADAPTIVE_DWA,15
864.0,SIGNAL_ADAPTIVE_DWA,15
864.5,SIGNAL_ADAPTIVE_DWA,15
865.0,SIGNAL_ADAPTIVE_DWA,15
865.5,SIGNAL_ADAPTIVE_DWA,15
866.0,SIGNAL_ADAPTIVE_DWA,15
866.5,SIGNAL_ADAPTIVE_DWA,15
867.0,SIGNAL_ADAPTIVE_DWA,15
867.5,SIGNAL_ADAPTIVE_DWA,15
868.0,SIGNAL_ADAPTIVE_DWA,15
868.5,SIGNAL_ADAPTIVE_DWA,15
869.0,SIGNAL_ADAPTIVE_DWA,15
869.5,SIGNAL_ADAPTIVE_DWA,15
870.0,SIGNAL_ADAPTIVE_DWA,15
870.5,SIGNAL_ADAPTIVE_DWA,15
871.0,SIGNAL_ADAPTIVE_DWA,15
871.5,SIGNAL_ADAPTIVE_DWA,15
872.0,SIGNAL_ADAPTIVE_DWA,15
872.5,SIGNAL_ADAPTIVE_DWA,15
873.0,SIGNAL_ADAPTIVE_DWA,15
873.5,SIGNAL_ADAPTIVE_DWA,15
874.0,SIGNAL_ADAPTIVE_DWA,15
874.5,SIGNAL_ADAPTIVE_DWA,15
875.0,SIGNAL_ADAPTIVE_DWA,15
875.5,SIGNAL_ADAPTIVE_DWA,15
876.0,SIGNAL_ADAPTIVE_DWA,15
876.5,SIGNAL_ADAPTIVE_DWA,15
877.0,SIGNAL_ADAPTIVE_DWA,15
877.5,SIGNAL_ADAPTIVE_DWA,15
878.0,SIGNAL_ADAPTIVE_DWA,15
878.5,SIGNAL_ADAPTIVE_DWA,15
879.0,SIGNAL_ADAPTIVE_DWA,15
879.5,SIGNAL_ADAPTIVE_DWA,15
880.0,SIGNAL_ADAPTIVE_DWA,15
880.5,SIGNAL_ADAPTIVE_DWA,15
881.0,SIGNAL_ADAPTIVE_DWA,15
881.5,SIGNAL_ADAPTIVE_DWA,15
882.0,SIGNAL_ADAPTIVE_DWA,15
882.5,SIGNAL_ADAPTIVE_DWA,15
883.0,SIGNAL_ADAPTIVE_DWA,15
883.5,SIGNAL_ADAPTIVE_DWA,15
884.0,SIGNAL_ADAPTIVE_DWA,15
884.5,SIGNAL_ADAPTIVE_DWA,15
885.0,SIGNAL_ADAPTIVE_DWA,15
885.5,SIGNAL_ADAPTIVE_DWA,15
886.0,SIGNAL_ADAPTIVE_DWA,15
886.5,SIGNAL_ADAPTIVE_DWA,15
887.0,SIGNAL_ADAPTIVE_DWA,15
887.5,SIGNAL_ADAPTIVE_DWA,15
888.0,SIGNAL_ADAPTIVE_DWA,15
888.5,SIGNAL_ADAPTIVE_DWA,15
889.0,SIGNAL_ADAPTIVE_DWA,15
889.5,SIGNAL_ADAPTIVE_DWA,15
890.0,SIGNAL_ADAPTIVE_DWA,15
890.5,SIGNAL_ADAPTIVE_DWA,15
891.0,SIGNAL_ADAPTIVE_DWA,15
891.5,SIGNAL_ADAPTIVE_DWA,15
892.0,SIGNAL_ADAPTIVE_DWA,15
892.5,SIGNAL_ADAPTIVE_DWA,15
893.0,SIGNAL_ADAPTIVE_DWA,15
893.5,SIGNAL_ADAPTIVE_DWA,15
894.0,SIGNAL_ADAPTIVE_DWA,15
894.5,SIGNAL_ADAPTIVE_DWA,15
895.0,SIGNAL_ADAPTIVE_DWA,15
895.5,SIGNAL_ADAPTIVE_DWA,15
896.0,SIGNAL_ADAPTIVE_DWA,15
896.5,SIGNAL_ADAPTIVE_DWA,15
897.0,SIGNAL_ADAPTIVE_DWA,15
897.5,SIGNAL_ADAPTIVE_DWA,15
898.0,SIGNAL_ADAPTIVE_DWA,15
898.5,SIGNAL_ADAPTIVE_DWA,15
899.0,SIGNAL_ADAPTIVE_DWA,15
899.5,SIGNAL_ADAPTIVE_DWA,18
900.0,SIGNAL_ADAPTIVE_DWA,18
900.5,SIGNAL_ADAPTIVE_DWA,18
901.0,SIGNAL_ADAPTIVE_DWA,18
901.5,SIGNAL_ADAPTIVE_DWA,18
902.0,SIGNAL_ADAPTIVE_DWA,18
902.5,SIGNAL_ADAPTIVE_DWA,18
903.0,SIGNAL_ADAPTIVE_DWA,18
903.5,SIGNAL_ADAPTIVE_DWA,18
904.0,SIGNAL_ADAPTIVE_DWA,18
904.5,SIGNAL_ADAPTIVE_DWA,18
905.0,SIGNAL_ADAPTIVE_DWA,18
905.5,SIGNAL_ADAPTIVE_DWA,18
906.0,SIGNAL_ADAPTIVE_DWA,18
906.5,SIGNAL_ADAPTIVE_DWA,18
907.0,SIGNAL_ADAPTIVE_DWA,18
907.5,SIGNAL_ADAPTIVE_DWA,18
908.0,SIGNAL_ADAPTIVE_DWA,18
908.5,SIGNAL_ADAPTIVE_DWA,18
909.0,SIGNAL_ADAPTIVE_DWA,18
909.5,SIGNAL_ADAPTIVE_DWA,18
910.0,SIGNAL_ADAPTIVE_DWA,18
910.5,SIGNAL_ADAPTIVE_DWA,18
911.0,SIGNAL_ADAPTIVE_DWA,18
911.5,SIGNAL_ADAPTIVE_DWA,18
912.0,SIGNAL_ADAPTIVE_DWA,18
912.5,SIGNAL_ADAPTIVE_DWA,18
913.0,SIGNAL_ADAPTIVE_DWA,18
913.5,SIGNAL_ADAPTIVE_DWA,18
914.0,SIGNAL_ADAPTIVE_DWA,18
914.5,SIGNAL_ADAPTIVE_DWA,18
915.0,SIGNAL_ADAPTIVE_DWA,18
915.5,SIGNAL_ADAPTIVE_DWA,18
916.0,SIGNAL_ADAPTIVE_DWA,18
916.5,SIGNAL_ADAPTIVE_DWA,18
917.0,SIGNAL_ADAPTIVE_DWA,18
917.5,SIGNAL_ADAPTIVE_DWA,18
918.0,SIGNAL_ADAPTIVE_DWA,18
918.5,SIGNAL_ADAPTIVE_DWA,18
919.0,SIGNAL_ADAPTIVE_DWA,18
919.5,SIGNAL_ADAPTIVE_DWA,18
920.0,SIGNAL_ADAPTIVE_DWA,18
920.5,SIGNAL_ADAPTIVE_DWA,18
921.0,SIGNAL_ADAPTIVE_DWA,18
921.5,SIGNAL_ADAPTIVE_DWA,18
922.0,SIGNAL_ADAPTIVE_DWA,18
922.5,SIGNAL_ADAPTIVE_DWA,18
923.0,SIGNAL_ADAPTIVE_DWA,18
923.5,SIGNAL_ADAPTIVE_DWA,18
924.0,SIGNAL_ADAPTIVE_DWA,18
924.5,SIGNAL_ADAPTIVE_DWA,18
925.0,SIGNAL_ADAPTIVE_DWA,18
925.5,SIGNAL_ADAPTIVE_DWA,18
926.0,SIGNAL_ADAPTIVE_DWA,18
926.5,SIGNAL_ADAPTIVE_DWA,18
927.0,SIGNAL_ADAPTIVE_DWA,18
927.5,SIGNAL_ADAPTIVE_DWA,18
928.0,SIGNAL_ADAPTIVE_DWA,18
928.5,SIGNAL_ADAPTIVE_DWA,18
929.0,SIGNAL_ADAPTIVE_DWA,18
929.5,SIGNAL_ADAPTIVE_DWA,18
930.0,SIGNAL_ADAPTIVE_DWA,18
930.5,SIGNAL_ADAPTIVE_DWA,18
931.0,SIGNAL_ADAPTIVE_DWA,18
931.5,SIGNAL_ADAPTIVE_DWA,18
932.0,SIGNAL_ADAPTIVE_DWA,18
932.5,SIGNAL_ADAPTIVE_DWA,18
933.0,SIGNAL_ADAPTIVE_DWA,18
933.5,SIGNAL_ADAPTIVE_DWA,18
934.0,SIGNAL_ADAPTIVE_DWA,18
934.5,SIGNAL_ADAPTIVE_DWA,18
935.0,SIGNAL_ADAPTIVE_DWA,18
935.5,SIGNAL_ADAPTIVE_DWA,18
936.0,SIGNAL_ADAPTIVE_DWA,18
936.5,SIGNAL_ADAPTIVE_DWA,18
937.0,SIGNAL_ADAPTIVE_DWA,18
937.5,SIGNAL_ADAPTIVE_DWA,18
938.0,SIGNAL_ADAPTIVE_DWA,18
938.5,SIGNAL_ADAPTIVE_DWA,18
939.0,SIGNAL_ADAPTIVE_DWA,18
939.5,SIGNAL_ADAPTIVE_DWA,18
940.0,SIGNAL_ADAPTIVE_DWA,18
940.5,SIGNAL_ADAPTIVE_DWA,18
941.0,SIGNAL_ADAPTIVE_DWA,18
941.5,SIGNAL_ADAPTIVE_DWA,18
942.0,SIGNAL_ADAPTIVE_DWA,18
942.5,SIGNAL_ADAPTIVE_DWA,18
943.0,SIGNAL_ADAPTIVE_DWA,18
943.5,SIGNAL_ADAPTIVE_DWA,18
944.0,SIGNAL_ADAPTIVE_DWA,18
944.5,SIGNAL_ADAPTIVE_DWA,18
945.0,SIGNAL_ADAPTIVE_DWA,18
945.5,SIGNAL_ADAPTIVE_DWA,18
946.0,SIGNAL_ADAPTIVE_DWA,18
946.5,SIGNAL_ADAPTIVE_DWA,18
947.0,SIGNAL_ADAPTIVE_DWA,18
947.5,SIGNAL_ADAPTIVE_DWA,18
948.0,SIGNAL_ADAPTIVE_DWA,18
948.5,SIGNAL_ADAPTIVE_DWA,18
949.0,SIGNAL_ADAPTIVE_DWA,18
949.5,SIGNAL_ADAPTIVE_DWA,18
950.0,SIGNAL_ADAPTIVE_DWA,18
950.5,SIGNAL_ADAPTIVE_DWA,18
951.0,SIGNAL_ADAPTIVE_DWA,18
951.5,SIGNAL_ADAPTIVE_DWA,18
952.0,SIGNAL_ADAPTIVE_DWA,18
952.5,SIGNAL_ADAPTIVE_DWA,18
953.0,SIGNAL_ADAPTIVE_DWA,18
953.5,SIGNAL_ADAPTIVE_DWA,18
954.0,SIGNAL_ADAPTIVE_DWA,18
954.5,SIGNAL_ADAPTIVE_DWA,18
955.0,SIGNAL_ADAPTIVE_DWA,18
955.5,SIGNAL_ADAPTIVE_DWA,18
956.0,SIGNAL_ADAPTIVE_DWA,18
956.5,SIGNAL_ADAPTIVE_DWA,18
957.0,SIGNAL_ADAPTIVE_DWA,18
957.5,SIGNAL_ADAPTIVE_DWA,18
958.0,SIGNAL_ADAPTIVE_DWA,18
958.5,SIGNAL_ADAPTIVE_DWA,18
959.0,SIGNAL_ADAPTIVE_DWA,18
959.5,SIGNAL_ADAPTIVE_DWA,18
960.0,SIGNAL_ADAPTIVE_DWA,18
960.5,SIGNAL_ADAPTIVE_DWA,18
961.0,SIGNAL_ADAPTIVE_DWA,18
961.5,SIGNAL_ADAPTIVE_DWA,18
962.0,SIGNAL_ADAPTIVE_DWA,18
962.5,SIGNAL_ADAPTIVE_DWA,18
963.0,SIGNAL_ADAPTIVE_DWA,18
963.5,SIGNAL_ADAPTIVE_DWA,18
964.0,SIGNAL_ADAPTIVE_DWA,18
964.5,SIGNAL_ADAPTIVE_DWA,18
965.0,SIGNAL_ADAPTIVE_DWA,18
965.5,SIGNAL_ADAPTIVE_DWA,18
966.0,SIGNAL_ADAPTIVE_DWA,18
966.5,SIGNAL_ADAPTIVE_DWA,18
967.0,SIGNAL_ADAPTIVE_DWA,18
967.5,SIGNAL_ADAPTIVE_DWA,18
968.0,SIGNAL_ADAPTIVE_DWA,18
968.5,SIGNAL_ADAPTIVE_DWA,18
969.0,SIGNAL_ADAPTIVE_DWA,18
969.5,SIGNAL_ADAPTIVE_DWA,18
970.0,SIGNAL_ADAPTIVE_DWA,18
970.5,SIGNAL_ADAPTIVE_DWA,18
971.0,SIGNAL_ADAPTIVE_DWA,18
971.5,SIGNAL_ADAPTIVE_DWA,18
972.0,SIGNAL_ADAPTIVE_DWA,18
972.5,SIGNAL_ADAPTIVE_DWA,18
973.0,SIGNAL_ADAPTIVE_DWA,18
973.5,SIGNAL_ADAPTIVE_DWA,18
974.0,SIGNAL_ADAPTIVE_DWA,18
974.5,SIGNAL_ADAPTIVE_DWA,18
975.0,SIGNAL_ADAPTIVE_DWA,18
975.5,SIGNAL_ADAPTIVE_DWA,18
976.0,SIGNAL_ADAPTIVE_DWA,18
976.5,SIGNAL_ADAPTIVE_DWA,18
977.0,SIGNAL_ADAPTIVE_DWA,18
977.5,SIGNAL_ADAPTIVE_DWA,18
978.0,SIGNAL_ADAPTIVE_DWA,18
978.5,SIGNAL_ADAPTIVE_DWA,18
979.0,SIGNAL_ADAPTIVE_DWA,18
979.5,SIGNAL_ADAPTIVE_DWA,18
980.0,SIGNAL_ADAPTIVE_DWA,18
980.5,SIGNAL_ADAPTIVE_DWA,18
981.0,SIGNAL_ADAPTIVE_DWA,18
981.5,SIGNAL_ADAPTIVE_DWA,18
982.0,SIGNAL_ADAPTIVE_DWA,18
982.5,SIGNAL_ADAPTIVE_DWA,18
983.0,SIGNAL_ADAPTIVE_DWA,18
983.5,SIGNAL_ADAPTIVE_DWA,18
984.0,SIGNAL_ADAPTIVE_DWA,18
984.5,SIGNAL_ADAPTIVE_DWA,18
985.0,SIGNAL_ADAPTIVE_DWA,18
985.5,SIGNAL_ADAPTIVE_DWA,18
986.0,SIGNAL_ADAPTIVE_DWA,18
986.5,SIGNAL_ADAPTIVE_DWA,18
987.0,SIGNAL_ADAPTIVE_DWA,18
987.5,SIGNAL_ADAPTIVE_DWA,18
988.0,SIGNAL_ADAPTIVE_DWA,18
988.5,SIGNAL_ADAPTIVE_DWA,18
989.0,SIGNAL_ADAPTIVE_DWA,18
989.5,SIGNAL_ADAPTIVE_DWA,18
990.0,SIGNAL_ADAPTIVE_DWA,18
990.5,SIGNAL_ADAPTIVE_DWA,18
991.0,SIGNAL_ADAPTIVE_DWA,18
991.5,SIGNAL_ADAPTIVE_DWA,18
992.0,SIGNAL_ADAPTIVE_DWA,18
992.5,SIGNAL_ADAPTIVE_DWA,18
993.0,SIGNAL_ADAPTIVE_DWA,18
993.5,SIGNAL_ADAPTIVE_DWA,18
994.0,SIGNAL_ADAPTIVE_DWA,18
994.5,SIGNAL_ADAPTIVE_DWA,18
995.0,SIGNAL_ADAPTIVE_DWA,18
995.5,SIGNAL_ADAPTIVE_DWA,18
996.0,SIGNAL_ADAPTIVE_DWA,18
996.5,SIGNAL_ADAPTIVE_DWA,18
997.0,SIGNAL_ADAPTIVE_DWA,18
997.5,SIGNAL_ADAPTIVE_DWA,18
998.0,SIGNAL_ADAPTIVE_DWA,18
998.5,SIGNAL_ADAPTIVE_DWA,18
999.0,SIGNAL_ADAPTIVE_DWA,18
999.5,SIGNAL_ADAPTIVE_DWA,18
1000.0,SIGNAL_ADAPTIVE_DWA,18
1000.5,SIGNAL_ADAPTIVE_DWA,18
1001.0,SIGNAL_ADAPTIVE_DWA,18
1001.5,SIGNAL_ADAPTIVE_DWA,18
1002.0,SIGNAL_ADAPTIVE_DWA,18
1002.5,SIGNAL_ADAPTIVE_DWA,18
1003.0,SIGNAL_ADAPTIVE_DWA,18
1003.5,SIGNAL_ADAPTIVE_DWA,18
1004.0,SIGNAL_ADAPTIVE_DWA,18
1004.5,SIGNAL_ADAPTIVE_DWA,18
1005.0,SIGNAL_ADAPTIVE_DWA,18
1005.5,SIGNAL_ADAPTIVE_DWA,18
1006.0,SIGNAL_ADAPTIVE_DWA,18
1006.5,SIGNAL_ADAPTIVE_DWA,18
1007.0,SIGNAL_ADAPTIVE_DWA,18
1007.5,SIGNAL_ADAPTIVE_DWA,18
1008.0,SIGNAL_ADAPTIVE_DWA,18
1008.5,SIGNAL_ADAPTIVE_DWA,18
1009.0,SIGNAL_ADAPTIVE_DWA,18
1009.5,SIGNAL_ADAPTIVE_DWA,18
1010.0,SIGNAL_ADAPTIVE_DWA,18
1010.5,SIGNAL_ADAPTIVE_DWA,18
1011.0,SIGNAL_ADAPTIVE_DWA,18
1011.5,SIGNAL_ADAPTIVE_DWA,18
1012.0,SIGNAL_ADAPTIVE_DWA,18
1012.5,SIGNAL_ADAPTIVE_DWA,18
1013.0,SIGNAL_ADAPTIVE_DWA,18
1013.5,SIGNAL_ADAPTIVE_DWA,18
1014.0,SIGNAL_ADAPTIVE_DWA,18
1014.5,SIGNAL_ADAPTIVE_DWA,18
1015.0,SIGNAL_ADAPTIVE_DWA,18
1015.5,SIGNAL_ADAPTIVE_DWA,18
1016.0,SIGNAL_ADAPTIVE_DWA,18
1016.5,SIGNAL_ADAPTIVE_DWA,18
1017.0,SIGNAL_ADAPTIVE_DWA,18
1017.5,SIGNAL_ADAPTIVE_DWA,18
1018.0,SIGNAL_ADAPTIVE_DWA,18
1018.5,SIGNAL_ADAPTIVE_DWA,18
1019.0,SIGNAL_ADAPTIVE_DWA,18
1019.5,SIGNAL_ADAPTIVE_DWA,18
1020.0,SIGNAL_ADAPTIVE_DWA,18
1020.5,SIGNAL_ADAPTIVE_DWA,18
1021.0,SIGNAL_ADAPTIVE_DWA,18
1021.5,SIGNAL_ADAPTIVE_DWA,18
1022.0,SIGNAL_ADAPTIVE_DWA,18
1022.5,SIGNAL_ADAPTIVE_DWA,18
1023.0,SIGNAL_ADAPTIVE_DWA,18
1023.5,SIGNAL_ADAPTIVE_DWA,18
1024.0,SIGNAL_ADAPTIVE_DWA,18
1024.5,SIGNAL_ADAPTIVE_DWA,18
1025.0,SIGNAL_ADAPTIVE_DWA,18
1025.5,SIGNAL_ADAPTIVE_DWA,18
1026.0,SIGNAL_ADAPTIVE_DWA,11
1026.5,SIGNAL_ADAPTIVE_DWA,11
1027.0,SIGNAL_ADAPTIVE_DWA,11
1027.5,SIGNAL_ADAPTIVE_DWA,11
1028.0,SIGNAL_ADAPTIVE_DWA,11
1028.5,SIGNAL_ADAPTIVE_DWA,11
1029.0,SIGNAL_ADAPTIVE_DWA,11
1029.5,SIGNAL_ADAPTIVE_DWA,11
1030.0,SIGNAL_ADAPTIVE_DWA,11
1030.5,SIGNAL_ADAPTIVE_DWA,11
1031.0,SIGNAL_ADAPTIVE_DWA,11
1031.5,SIGNAL_ADAPTIVE_DWA,11
1032.0,SIGNAL_ADAPTIVE_DWA,11
1032.5,SIGNAL_ADAPTIVE_DWA,11
1033.0,SIGNAL_ADAPTIVE_DWA,11
1033.5,SIGNAL_ADAPTIVE_DWA,11
1034.0,SIGNAL_ADAPTIVE_DWA,11
1034.5,SIGNAL_ADAPTIVE_DWA,11
1035.0,SIGNAL_ADAPTIVE_DWA,11
1035.5,SIGNAL_ADAPTIVE_DWA,11
1036.0,SIGNAL_ADAPTIVE_DWA,11
1036.5,SIGNAL_ADAPTIVE_DWA,11
1037.0,SIGNAL_ADAPTIVE_DWA,11
1037.5,SIGNAL_ADAPTIVE_DWA,11
1038.0,SIGNAL_ADAPTIVE_DWA,11
1038.5,SIGNAL_ADAPTIVE_DWA,11
1039.0,SIGNAL_ADAPTIVE_DWA,11
1039.5,SIGNAL_ADAPTIVE_DWA,11
1040.0,SIGNAL_ADAPTIVE_DWA,11
1040.5,SIGNAL_ADAPTIVE_DWA,11
1041.0,SIGNAL_ADAPTIVE_DWA,11
1041.5,SIGNAL_ADAPTIVE_DWA,11
1042.0,SIGNAL_ADAPTIVE_DWA,11
1042.5,SIGNAL_ADAPTIVE_DWA,11
1043.0,SIGNAL_ADAPTIVE_DWA,11
1043.5,SIGNAL_ADAPTIVE_DWA,11
1044.0,SIGNAL_ADAPTIVE_DWA,11
1044.5,SIGNAL_ADAPTIVE_DWA,11
1045.0,SIGNAL_ADAPTIVE_DWA,11
1045.5,SIGNAL_ADAPTIVE_DWA,11
1046.0,SIGNAL_ADAPTIVE_DWA,11
1046.5,SIGNAL_ADAPTIVE_DWA,11
1047.0,SIGNAL_ADAPTIVE_DWA,11
1047.5,SIGNAL_ADAPTIVE_DWA,11
1048.0,SIGNAL_ADAPTIVE_DWA,11
1048.5,SIGNAL_ADAPTIVE_DWA,11
1049.0,SIGNAL_ADAPTIVE_DWA,11
1049.5,SIGNAL_ADAPTIVE_DWA,11
1050.0,SIGNAL_ADAPTIVE_DWA,11
1050.5,SIGNAL_ADAPTIVE_DWA,11
1051.0,SIGNAL_ADAPTIVE_DWA,11
1051.5,SIGNAL_ADAPTIVE_DWA,11
1052.0,SIGNAL_ADAPTIVE_DWA,11
1052.5,SIGNAL_ADAPTIVE_DWA,11
1053.0,SIGNAL_ADAPTIVE_DWA,11
1053.5,SIGNAL_ADAPTIVE_DWA,11
1054.0,SIGNAL_ADAPTIVE_DWA,11
1054.5,SIGNAL_ADAPTIVE_DWA,11
1055.0,SIGNAL_ADAPTIVE_DWA,11
1055.5,SIGNAL_ADAPTIVE_DWA,11
1056.0,SIGNAL_ADAPTIVE_DWA,11
1056.5,SIGNAL_ADAPTIVE_DWA,11
1057.0,SIGNAL_ADAPTIVE_DWA,11
1057.5,SIGNAL_ADAPTIVE_DWA,11
1058.0,SIGNAL_ADAPTIVE_DWA,11
1058.5,SIGNAL_ADAPTIVE_DWA,11
1059.0,SIGNAL_ADAPTIVE_DWA,11
1059.5,SIGNAL_ADAPTIVE_DWA,11
1060.0,SIGNAL_ADAPTIVE_DWA,11
1060.5,SIGNAL_ADAPTIVE_DWA,11
1061.0,SIGNAL_ADAPTIVE_DWA,11
1061.5,SIGNAL_ADAPTIVE_DWA,11
1062.0,SIGNAL_ADAPTIVE_DWA,11
1062.5,SIGNAL_ADAPTIVE_DWA,11
1063.0,SIGNAL_ADAPTIVE_DWA,11
1063.5,SIGNAL_ADAPTIVE_DWA,11
1064.0,SIGNAL_ADAPTIVE_DWA,11
1064.5,SIGNAL_ADAPTIVE_DWA,11
1065.0,SIGNAL_ADAPTIVE_DWA,11
1065.5,SIGNAL_ADAPTIVE_DWA,11
1066.0,SIGNAL_ADAPTIVE_DWA,11
1066.5,SIGNAL_ADAPTIVE_DWA,11
1067.0,SIGNAL_ADAPTIVE_DWA,11
1067.5,SIGNAL_ADAPTIVE_DWA,11
1068.0,SIGNAL_ADAPTIVE_DWA,11
1068.5,SIGNAL_ADAPTIVE_DWA,11
1069.0,SIGNAL_ADAPTIVE_DWA,11
1069.5,SIGNAL_ADAPTIVE_DWA,11
1070.0,SIGNAL_ADAPTIVE_DWA,11
1070.5,SIGNAL_ADAPTIVE_DWA,11
1071.0,SIGNAL_ADAPTIVE_DWA,11
1071.5,SIGNAL_ADAPTIVE_DWA,11
1072.0,SIGNAL_ADAPTIVE_DWA,11
1072.5,SIGNAL_ADAPTIVE_DWA,11
1073.0,SIGNAL_ADAPTIVE_DWA,11
1073.5,SIGNAL_ADAPTIVE_DWA,11
1074.0,SIGNAL_ADAPTIVE_DWA,11
1074.5,SIGNAL_ADAPTIVE_DWA,11
1075.0,SIGNAL_ADAPTIVE_DWA,11
1075.5,SIGNAL_ADAPTIVE_DWA,11
1076.0,SIGNAL_ADAPTIVE_DWA,11
1076.5,SIGNAL_ADAPTIVE_DWA,11
1077.0,SIGNAL_ADAPTIVE_DWA,11
1077.5,SIGNAL_ADAPTIVE_DWA,11
1078.0,SIGNAL_ADAPTIVE_DWA,11
1078.5,SIGNAL_ADAPTIVE_DWA,11
1079.0,SIGNAL_ADAPTIVE_DWA,11
1079.5,SIGNAL_ADAPTIVE_DWA,11
1080.0,SIGNAL_ADAPTIVE_DWA,11
1080.5,SIGNAL_ADAPTIVE_DWA,11
1081.0,SIGNAL_ADAPTIVE_DWA,11
1081.5,SIGNAL_ADAPTIVE_DWA,11
1082.0,SIGNAL_ADAPTIVE_DWA,11
1082.5,SIGNAL_ADAPTIVE_DWA,11
1083.0,SIGNAL_ADAPTIVE_DWA,11
1083.5,SIGNAL_ADAPTIVE_DWA,11
1084.0,SIGNAL_ADAPTIVE_DWA,11
1084.5,SIGNAL_ADAPTIVE_DWA,11
1085.0,SIGNAL_ADAPTIVE_DWA,11
1085.5,SIGNAL_ADAPTIVE_DWA,11
1086.0,SIGNAL_ADAPTIVE_DWA,11
1086.5,SIGNAL_ADAPTIVE_DWA,11
1087.0,SIGNAL_ADAPTIVE_DWA,11
1087.5,SIGNAL_ADAPTIVE_DWA,11
1088.0,SIGNAL_ADAPTIVE_DWA,11
1088.5,SIGNAL_ADAPTIVE_DWA,11
1089.0,SIGNAL_ADAPTIVE_DWA,11
1089.5,SIGNAL_ADAPTIVE_DWA,11
1090.0,SIGNAL_ADAPTIVE_DWA,11
1090.5,SIGNAL_ADAPTIVE_DWA,11
1091.0,SIGNAL_ADAPTIVE_DWA,11
1091.5,SIGNAL_ADAPTIVE_DWA,11
1092.0,SIGNAL_ADAPTIVE_DWA,11
1092.5,SIGNAL_ADAPTIVE_DWA,11
1093.0,SIGNAL_ADAPTIVE_DWA,11
1093.5,SIGNAL_ADAPTIVE_DWA,11
1094.0,SIGNAL_ADAPTIVE_DWA,11
1094.5,SIGNAL_ADAPTIVE_DWA,11
1095.0,SIGNAL_ADAPTIVE_DWA,11
1095.5,SIGNAL_ADAPTIVE_DWA,11
1096.0,SIGNAL_ADAPTIVE_DWA,11
1096.5,SIGNAL_ADAPTIVE_DWA,11
1097.0,SIGNAL_ADAPTIVE_DWA,11
1097.5,SIGNAL_ADAPTIVE_DWA,11
1098.0,SIGNAL_ADAPTIVE_DWA,11
1098.5,SIGNAL_ADAPTIVE_DWA,11
1099.0,SIGNAL_ADAPTIVE_DWA,11
1099.5,SIGNAL_ADAPTIVE_DWA,11
1100.0,SIGNAL_ADAPTIVE_DWA,11
1100.5,SIGNAL_ADAPTIVE_DWA,11
1101.0,SIGNAL_ADAPTIVE_DWA,11
1101.5,SIGNAL_ADAPTIVE_DWA,11
1102.0,SIGNAL_ADAPTIVE_DWA,11
1102.5,SIGNAL_ADAPTIVE_DWA,11
1103.0,SIGNAL_ADAPTIVE_DWA,11
1103.5,SIGNAL_ADAPTIVE_DWA,11
1104.0,SIGNAL_ADAPTIVE_DWA,11
1104.5,SIGNAL_ADAPTIVE_DWA,11
1105.0,SIGNAL_ADAPTIVE_DWA,11
1105.5,SIGNAL_ADAPTIVE_DWA,11
1106.0,SIGNAL_ADAPTIVE_DWA,11
1106.5,SIGNAL_ADAPTIVE_DWA,11
1107.0,SIGNAL_ADAPTIVE_DWA,11
1107.5,SIGNAL_ADAPTIVE_DWA,11
1108.0,SIGNAL_ADAPTIVE_DWA,11
1108.5,SIGNAL_ADAPTIVE_DWA,11
1109.0,SIGNAL_ADAPTIVE_DWA,11
1109.5,SIGNAL_ADAPTIVE_DWA,11
1110.0,SIGNAL_ADAPTIVE_DWA,11
1110.5,SIGNAL_ADAPTIVE_DWA,11
1111.0,SIGNAL_ADAPTIVE_DWA,11
1111.5,SIGNAL_ADAPTIVE_DWA,11
1112.0,SIGNAL_ADAPTIVE_DWA,11
1112.5,SIGNAL_ADAPTIVE_DWA,11
1113.0,SIGNAL_ADAPTIVE_DWA,11
1113.5,SIGNAL_ADAPTIVE_DWA,11
1114.0,SIGNAL_ADAPTIVE_DWA,11
1114.5,SIGNAL_ADAPTIVE_DWA,11
1115.0,SIGNAL_ADAPTIVE_DWA,11
1115.5,SIGNAL_ADAPTIVE_DWA,11
1116.0,SIGNAL_ADAPTIVE_DWA,11
1116.5,SIGNAL_ADAPTIVE_DWA,11
1117.0,SIGNAL_ADAPTIVE_DWA,11
1117.5,SIGNAL_ADAPTIVE_DWA,11
1118.0,SIGNAL_ADAPTIVE_DWA,11
1118.5,SIGNAL_ADAPTIVE_DWA,11
1119.0,SIGNAL_ADAPTIVE_DWA,11
1119.5,SIGNAL_ADAPTIVE_DWA,11
1120.0,SIGNAL_ADAPTIVE_DWA,11
1120.5,SIGNAL_ADAPTIVE_DWA,18
1121.0,SIGNAL_ADAPTIVE_DWA,18
1121.5,SIGNAL_ADAPTIVE_DWA,18
1122.0,SIGNAL_ADAPTIVE_DWA,18
1122.5,SIGNAL_ADAPTIVE_DWA,18
1123.0,SIGNAL_ADAPTIVE_DWA,18
1123.5,SIGNAL_ADAPTIVE_DWA,18
1124.0,SIGNAL_ADAPTIVE_DWA,18
1124.5,SIGNAL_ADAPTIVE_DWA,18
1125.0,SIGNAL_ADAPTIVE_DWA,18
1125.5,SIGNAL_ADAPTIVE_DWA,18
1126.0,SIGNAL_ADAPTIVE_DWA,18
1126.5,SIGNAL_ADAPTIVE_DWA,18
1127.0,SIGNAL_ADAPTIVE_DWA,18
1127.5,SIGNAL_ADAPTIVE_DWA,18
1128.0,SIGNAL_ADAPTIVE_DWA,18
1128.5,SIGNAL_ADAPTIVE_DWA,18
1129.0,SIGNAL_ADAPTIVE_DWA,18
1129.5,SIGNAL_ADAPTIVE_DWA,18
1130.0,SIGNAL_ADAPTIVE_DWA,18
1130.5,SIGNAL_ADAPTIVE_DWA,18
1131.0,SIGNAL_ADAPTIVE_DWA,18
1131.5,SIGNAL_ADAPTIVE_DWA,18
1132.0,SIGNAL_ADAPTIVE_DWA,18
1132.5,SIGNAL_ADAPTIVE_DWA,18
1133.0,SIGNAL_ADAPTIVE_DWA,18
1133.5,SIGNAL_ADAPTIVE_DWA,18
1134.0,SIGNAL_ADAPTIVE_DWA,18
1134.5,SIGNAL_ADAPTIVE_DWA,11
1135.0,SIGNAL_ADAPTIVE_DWA,11
1135.5,SIGNAL_ADAPTIVE_DWA,11
1136.0,SIGNAL_ADAPTIVE_DWA,11
1136.5,SIGNAL_ADAPTIVE_DWA,11
1137.0,SIGNAL_ADAPTIVE_DWA,11
1137.5,SIGNAL_ADAPTIVE_DWA,11
1138.0,SIGNAL_ADAPTIVE_DWA,11
1138.5,SIGNAL_ADAPTIVE_DWA,11
1139.0,SIGNAL_ADAPTIVE_DWA,11
1139.5,SIGNAL_ADAPTIVE_DWA,11
1140.0,SIGNAL_ADAPTIVE_DWA,11
1140.5,SIGNAL_ADAPTIVE_DWA,11
1141.0,SIGNAL_ADAPTIVE_DWA,11
1141.5,SIGNAL_ADAPTIVE_DWA,11
1142.0,SIGNAL_ADAPTIVE_DWA,11
1142.5,SIGNAL_ADAPTIVE_DWA,11
1143.0,SIGNAL_ADAPTIVE_DWA,11
1143.5,SIGNAL_ADAPTIVE_DWA,11
1144.0,SIGNAL_ADAPTIVE_DWA,11
1144.5,SIGNAL_ADAPTIVE_DWA,11
1145.0,SIGNAL_ADAPTIVE_DWA,11
1145.5,SIGNAL_ADAPTIVE_DWA,11
1146.0,SIGNAL_ADAPTIVE_DWA,11
1146.5,SIGNAL_ADAPTIVE_DWA,11
1147.0,SIGNAL_ADAPTIVE_DWA,11
1147.5,SIGNAL_ADAPTIVE_DWA,11
1148.0,SIGNAL_ADAPTIVE_DWA,11
1148.5,SIGNAL_ADAPTIVE_DWA,11
1149.0,SIGNAL_ADAPTIVE_DWA,11
1149.5,SIGNAL_ADAPTIVE_DWA,11
1150.0,SIGNAL_ADAPTIVE_DWA,11
1150.5,SIGNAL_ADAPTIVE_DWA,11
1151.0,SIGNAL_ADAPTIVE_DWA,11
1151.5,SIGNAL_ADAPTIVE_DWA,11
1152.0,SIGNAL_ADAPTIVE_DWA,11
1152.5,SIGNAL_ADAPTIVE_DWA,11
1153.0,SIGNAL_ADAPTIVE_DWA,11
1153.5,SIGNAL_ADAPTIVE_DWA,11
1154.0,SIGNAL_ADAPTIVE_DWA,11
1154.5,SIGNAL_ADAPTIVE_DWA,11
1155.0,SIGNAL_ADAPTIVE_DWA,11
1155.5,SIGNAL_ADAPTIVE_DWA,11
1156.0,SIGNAL_ADAPTIVE_DWA,11
1156.5,SIGNAL_ADAPTIVE_DWA,11
1157.0,SIGNAL_ADAPTIVE_DWA,11
1157.5,SIGNAL_ADAPTIVE_DWA,11
1158.0,SIGNAL_ADAPTIVE_DWA,11
1158.5,SIGNAL_ADAPTIVE_DWA,11
1159.0,SIGNAL_ADAPTIVE_DWA,11
1159.5,SIGNAL_ADAPTIVE_DWA,11
1160.0,SIGNAL_ADAPTIVE_DWA,11
1160.5,SIGNAL_ADAPTIVE_DWA,11
1161.0,SIGNAL_ADAPTIVE_DWA,11
1161.5,SIGNAL_ADAPTIVE_DWA,11
1162.0,SIGNAL_ADAPTIVE_DWA,11
1162.5,SIGNAL_ADAPTIVE_DWA,11
1163.0,SIGNAL_ADAPTIVE_DWA,11
1163.5,SIGNAL_ADAPTIVE_DWA,11
1164.0,SIGNAL_ADAPTIVE_DWA,11
1164.5,SIGNAL_ADAPTIVE_DWA,11
1165.0,SIGNAL_ADAPTIVE_DWA,11
1165.5,SIGNAL_ADAPTIVE_DWA,11
1166.0,SIGNAL_ADAPTIVE_DWA,11
1166.5,SIGNAL_ADAPTIVE_DWA,11
1167.0,SIGNAL_ADAPTIVE_DWA,11
1167.5,SIGNAL_ADAPTIVE_DWA,11
1168.0,SIGNAL_ADAPTIVE_DWA,11
1168.5,SIGNAL_ADAPTIVE_DWA,11
1169.0,SIGNAL_ADAPTIVE_DWA,11
1169.5,SIGNAL_ADAPTIVE_DWA,11
1170.0,SIGNAL_ADAPTIVE_DWA,11
1170.5,SIGNAL_ADAPTIVE_DWA,11
1171.0,SIGNAL_ADAPTIVE_DWA,11
1171.5,SIGNAL_ADAPTIVE_DWA,11
1172.0,SIGNAL_ADAPTIVE_DWA,11
1172.5,SIGNAL_ADAPTIVE_DWA,11
1173.0,SIGNAL_ADAPTIVE_DWA,11
1173.5,SIGNAL_ADAPTIVE_DWA,11
1174.0,SIGNAL_ADAPTIVE_DWA,11
1174.5,SIGNAL_ADAPTIVE_DWA,11
1175.0,SIGNAL_ADAPTIVE_DWA,11
1175.5,SIGNAL_ADAPTIVE_DWA,11
1176.0,SIGNAL_ADAPTIVE_DWA,11
1176.5,SIGNAL_ADAPTIVE_DWA,11
1177.0,SIGNAL_ADAPTIVE_DWA,11
1177.5,SIGNAL_ADAPTIVE_DWA,11
1178.0,SIGNAL_ADAPTIVE_DWA,11
1178.5,SIGNAL_ADAPTIVE_DWA,11
1179.0,SIGNAL_ADAPTIVE_DWA,11
1179.5,SIGNAL_ADAPTIVE_DWA,11
1180.0,SIGNAL_ADAPTIVE_DWA,11
1180.5,SIGNAL_ADAPTIVE_DWA,11
1181.0,SIGNAL_ADAPTIVE_DWA,11
1181.5,SIGNAL_ADAPTIVE_DWA,11
1182.0,SIGNAL_ADAPTIVE_DWA,11
1182.5,SIGNAL_ADAPTIVE_DWA,11
1183.0,SIGNAL_ADAPTIVE_DWA,11
1183.5,SIGNAL_ADAPTIVE_DWA,11
1184.0,SIGNAL_ADAPTIVE_DWA,11
1184.5,SIGNAL_ADAPTIVE_DWA,11
1185.0,SIGNAL_ADAPTIVE_DWA,11
1185.5,SIGNAL_ADAPTIVE_DWA,11
1186.0,SIGNAL_ADAPTIVE_DWA,11
1186.5,SIGNAL_ADAPTIVE_DWA,11
1187.0,SIGNAL_ADAPTIVE_DWA,11
1187.5,SIGNAL_ADAPTIVE_DWA,11
1188.0,SIGNAL_ADAPTIVE_DWA,11
1188.5,SIGNAL_ADAPTIVE_DWA,11
1189.0,SIGNAL_ADAPTIVE_DWA,11
1189.5,SIGNAL_ADAPTIVE_DWA,11
1190.0,SIGNAL_ADAPTIVE_DWA,11
1190.5,SIGNAL_ADAPTIVE_DWA,11
1191.0,SIGNAL_ADAPTIVE_DWA,11
1191.5,SIGNAL_ADAPTIVE_DWA,11
1192.0,SIGNAL_ADAPTIVE_DWA,11
1192.5,SIGNAL_ADAPTIVE_DWA,11
1193.0,SIGNAL_ADAPTIVE_DWA,11
1193.5,SIGNAL_ADAPTIVE_DWA,11
1194.0,SIGNAL_ADAPTIVE_DWA,11
1194.5,SIGNAL_ADAPTIVE_DWA,11
1195.0,SIGNAL_ADAPTIVE_DWA,11
1195.5,SIGNAL_ADAPTIVE_DWA,11
1196.0,SIGNAL_ADAPTIVE_DWA,11
1196.5,SIGNAL_ADAPTIVE_DWA,11
1197.0,SIGNAL_ADAPTIVE_DWA,11
1197.5,SIGNAL_ADAPTIVE_DWA,11
1198.0,SIGNAL_ADAPTIVE_DWA,11
1198.5,SIGNAL_ADAPTIVE_DWA,11
1199.0,SIGNAL_ADAPTIVE_DWA,11
1199.5,SIGNAL_ADAPTIVE_DWA,11
1200.0,SIGNAL_ADAPTIVE_DWA,11
1200.5,SIGNAL_ADAPTIVE_DWA,11
1201.0,SIGNAL_ADAPTIVE_DWA,11
1201.5,SIGNAL_ADAPTIVE_DWA,11
1202.0,SIGNAL_ADAPTIVE_DWA,11
1202.5,SIGNAL_ADAPTIVE_DWA,11
1203.0,SIGNAL_ADAPTIVE_DWA,11
1203.5,SIGNAL_ADAPTIVE_DWA,11
1204.0,SIGNAL_ADAPTIVE_DWA,11
1204.5,SIGNAL_ADAPTIVE_DWA,11
1205.0,SIGNAL_ADAPTIVE_DWA,11
1205.5,SIGNAL_ADAPTIVE_DWA,11
1206.0,SIGNAL_ADAPTIVE_DWA,11
1206.5,SIGNAL_ADAPTIVE_DWA,11
1207.0,SIGNAL_ADAPTIVE_DWA,11
1207.5,SIGNAL_ADAPTIVE_DWA,11
1208.0,SIGNAL_ADAPTIVE_DWA,11
1208.5,SIGNAL_ADAPTIVE_DWA,11
1209.0,SIGNAL_ADAPTIVE_DWA,11
1209.5,SIGNAL_ADAPTIVE_DWA,11
1210.0,SIGNAL_ADAPTIVE_DWA,11
1210.5,SIGNAL_ADAPTIVE_DWA,11
1211.0,SIGNAL_ADAPTIVE_DWA,11
1211.5,SIGNAL_ADAPTIVE_DWA,11
1212.0,SIGNAL_ADAPTIVE_DWA,11
1212.5,SIGNAL_ADAPTIVE_DWA,11
1213.0,SIGNAL_ADAPTIVE_DWA,11
1213.5,SIGNAL_ADAPTIVE_DWA,11
1214.0,SIGNAL_ADAPTIVE_DWA,11
1214.5,SIGNAL_ADAPTIVE_DWA,11
1215.0,SIGNAL_ADAPTIVE_DWA,11
1215.5,SIGNAL_ADAPTIVE_DWA,11
1216.0,SIGNAL_ADAPTIVE_DWA,11
1216.5,SIGNAL_ADAPTIVE_DWA,11
1217.0,SIGNAL_ADAPTIVE_DWA,11
1217.5,SIGNAL_ADAPTIVE_DWA,11
1218.0,SIGNAL_ADAPTIVE_DWA,11
1218.5,SIGNAL_ADAPTIVE_DWA,11
1219.0,SIGNAL_ADAPTIVE_DWA,11
1219.5,SIGNAL_ADAPTIVE_DWA,11
1220.0,SIGNAL_ADAPTIVE_DWA,11
1220.5,SIGNAL_ADAPTIVE_DWA,11
1221.0,SIGNAL_ADAPTIVE_DWA,11
1221.5,SIGNAL_ADAPTIVE_DWA,11
1222.0,SIGNAL_ADAPTIVE_DWA,11
1222.5,SIGNAL_ADAPTIVE_DWA,11
1223.0,SIGNAL_ADAPTIVE_DWA,11
1223.5,SIGNAL_ADAPTIVE_DWA,11
1224.0,SIGNAL_ADAPTIVE_DWA,11
1224.5,SIGNAL_ADAPTIVE_DWA,11
1225.0,SIGNAL_ADAPTIVE_DWA,11
1225.5,SIGNAL_ADAPTIVE_DWA,11
1226.0,SIGNAL_ADAPTIVE_DWA,11
1226.5,SIGNAL_ADAPTIVE_DWA,11
1227.0,SIGNAL_ADAPTIVE_DWA,11
1227.5,SIGNAL_ADAPTIVE_DWA,11
1228.0,SIGNAL_ADAPTIVE_DWA,18
1228.5,SIGNAL_ADAPTIVE_DWA,18
1229.0,SIGNAL_ADAPTIVE_DWA,18
1229.5,SIGNAL_ADAPTIVE_DWA,18
1230.0,SIGNAL_ADAPTIVE_DWA,18
1230.5,SIGNAL_ADAPTIVE_DWA,18
1231.0,SIGNAL_ADAPTIVE_DWA,18
1231.5,SIGNAL_ADAPTIVE_DWA,18
1232.0,SIGNAL_ADAPTIVE_DWA,18
1232.5,SIGNAL_ADAPTIVE_DWA,18
1233.0,SIGNAL_ADAPTIVE_DWA,18
1233.5,SIGNAL_ADAPTIVE_DWA,18
1234.0,SIGNAL_ADAPTIVE_DWA,18
1234.5,SIGNAL_ADAPTIVE_DWA,18
1235.0,SIGNAL_ADAPTIVE_DWA,18
1235.5,SIGNAL_ADAPTIVE_DWA,18
1236.0,SIGNAL_ADAPTIVE_DWA,18
1236.5,SIGNAL_ADAPTIVE_DWA,18
1237.0,SIGNAL_ADAPTIVE_DWA,18
1237.5,SIGNAL_ADAPTIVE_DWA,18
1238.0,SIGNAL_ADAPTIVE_DWA,18
1238.5,SIGNAL_ADAPTIVE_DWA,18
1239.0,SIGNAL_ADAPTIVE_DWA,18
1239.5,SIGNAL_ADAPTIVE_DWA,18
1240.0,SIGNAL_ADAPTIVE_DWA,18
1240.5,SIGNAL_ADAPTIVE_DWA,18
1241.0,SIGNAL_ADAPTIVE_DWA,18
1241.5,SIGNAL_ADAPTIVE_DWA,18
1242.0,SIGNAL_ADAPTIVE_DWA,18
1242.5,SIGNAL_ADAPTIVE_DWA,18
1243.0,SIGNAL_ADAPTIVE_DWA,18
1243.5,SIGNAL_ADAPTIVE_DWA,18
1244.0,SIGNAL_ADAPTIVE_DWA,18
1244.5,SIGNAL_ADAPTIVE_DWA,18
1245.0,SIGNAL_ADAPTIVE_DWA,18
1245.5,SIGNAL_ADAPTIVE_DWA,18
1246.0,SIGNAL_ADAPTIVE_DWA,18
1246.5,SIGNAL_ADAPTIVE_DWA,18
1247.0,SIGNAL_ADAPTIVE_DWA,18
1247.5,SIGNAL_ADAPTIVE_DWA,18
1248.0,SIGNAL_ADAPTIVE_DWA,18
1248.5,SIGNAL_ADAPTIVE_DWA,18
1249.0,SIGNAL_ADAPTIVE_DWA,18
1249.5,SIGNAL_ADAPTIVE_DWA,18
1250.0,SIGNAL_ADAPTIVE_DWA,18
1250.5,SIGNAL_ADAPTIVE_DWA,18
1251.0,SIGNAL_ADAPTIVE_DWA,18
1251.5,SIGNAL_ADAPTIVE_DWA,18
1252.0,SIGNAL_ADAPTIVE_DWA,18
1252.5,SIGNAL_ADAPTIVE_DWA,18
1253.0,SIGNAL_ADAPTIVE_DWA,18
1253.5,SIGNAL_ADAPTIVE_DWA,18
1254.0,SIGNAL_ADAPTIVE_DWA,18
1254.5,SIGNAL_ADAPTIVE_DWA,18
1255.0,SIGNAL_ADAPTIVE_DWA,18
1255.5,SIGNAL_ADAPTIVE_DWA,18
1256.0,SIGNAL_ADAPTIVE_DWA,18
1256.5,SIGNAL_ADAPTIVE_DWA,11
1257.0,SIGNAL_ADAPTIVE_DWA,11
1257.5,SIGNAL_ADAPTIVE_DWA,11
1258.0,SIGNAL_ADAPTIVE_DWA,11
1258.5,SIGNAL_ADAPTIVE_DWA,11
1259.0,SIGNAL_ADAPTIVE_DWA,11
1259.5,SIGNAL_ADAPTIVE_DWA,11
1260.0,SIGNAL_ADAPTIVE_DWA,11
1260.5,SIGNAL_ADAPTIVE_DWA,11
1261.0,SIGNAL_ADAPTIVE_DWA,11
1261.5,SIGNAL_ADAPTIVE_DWA,11
1262.0,SIGNAL_ADAPTIVE_DWA,11
1262.5,SIGNAL_ADAPTIVE_DWA,11
1263.0,SIGNAL_ADAPTIVE_DWA,11
1263.5,SIGNAL_ADAPTIVE_DWA,11
1264.0,SIGNAL_ADAPTIVE_DWA,11
1264.5,SIGNAL_ADAPTIVE_DWA,11
1265.0,SIGNAL_ADAPTIVE_DWA,11
1265.5,SIGNAL_ADAPTIVE_DWA,11
1266.0,SIGNAL_ADAPTIVE_DWA,11
1266.5,SIGNAL_ADAPTIVE_DWA,11
1267.0,SIGNAL_ADAPTIVE_DWA,11
1267.5,SIGNAL_ADAPTIVE_DWA,11
1268.0,SIGNAL_ADAPTIVE_DWA,11
1268.5,SIGNAL_ADAPTIVE_DWA,11
1269.0,SIGNAL_ADAPTIVE_DWA,11
1269.5,SIGNAL_ADAPTIVE_DWA,11
1270.0,SIGNAL_ADAPTIVE_DWA,11
1270.5,SIGNAL_ADAPTIVE_DWA,11
1271.0,SIGNAL_ADAPTIVE_DWA,11
1271.5,SIGNAL_ADAPTIVE_DWA,11
1272.0,SIGNAL_ADAPTIVE_DWA,11
1272.5,SIGNAL_ADAPTIVE_DWA,11
1273.0,SIGNAL_ADAPTIVE_DWA,11
1273.5,SIGNAL_ADAPTIVE_DWA,11
1274.0,SIGNAL_ADAPTIVE_DWA,11
1274.5,SIGNAL_ADAPTIVE_DWA,11
1275.0,SIGNAL_ADAPTIVE_DWA,11
1275.5,SIGNAL_ADAPTIVE_DWA,11
1276.0,SIGNAL_ADAPTIVE_DWA,11
1276.5,SIGNAL_ADAPTIVE_DWA,11
1277.0,SIGNAL_ADAPTIVE_DWA,11
1277.5,SIGNAL_ADAPTIVE_DWA,11
1278.0,SIGNAL_ADAPTIVE_DWA,11
1278.5,SIGNAL_ADAPTIVE_DWA,11
1279.0,SIGNAL_ADAPTIVE_DWA,11
1279.5,SIGNAL_ADAPTIVE_DWA,11
1280.0,SIGNAL_ADAPTIVE_DWA,11
1280.5,SIGNAL_ADAPTIVE_DWA,11
1281.0,SIGNAL_ADAPTIVE_DWA,11
1281.5,SIGNAL_ADAPTIVE_DWA,11
1282.0,SIGNAL_ADAPTIVE_DWA,11
1282.5,SIGNAL_ADAPTIVE_DWA,11
1283.0,SIGNAL_ADAPTIVE_DWA,11
1283.5,SIGNAL_ADAPTIVE_DWA,11
1284.0,SIGNAL_ADAPTIVE_DWA,11
1284.5,SIGNAL_ADAPTIVE_DWA,11
1285.0,SIGNAL_ADAPTIVE_DWA,11
1285.5,SIGNAL_ADAPTIVE_DWA,11
1286.0,SIGNAL_ADAPTIVE_DWA,11
1286.5,SIGNAL_ADAPTIVE_DWA,11
1287.0,SIGNAL_ADAPTIVE_DWA,11
1287.5,SIGNAL_ADAPTIVE_DWA,11
1288.0,SIGNAL_ADAPTIVE_DWA,11
1288.5,SIGNAL_ADAPTIVE_DWA,11
1289.0,SIGNAL_ADAPTIVE_DWA,11
1289.5,SIGNAL_ADAPTIVE_DWA,11
1290.0,SIGNAL_ADAPTIVE_DWA,11
1290.5,SIGNAL_ADAPTIVE_DWA,11
1291.0,SIGNAL_ADAPTIVE_DWA,11
1291.5,SIGNAL_ADAPTIVE_DWA,11
1292.0,SIGNAL_ADAPTIVE_DWA,11
1292.5,SIGNAL_ADAPTIVE_DWA,11
1293.0,SIGNAL_ADAPTIVE_DWA,11
1293.5,SIGNAL_ADAPTIVE_DWA,11
1294.0,SIGNAL_ADAPTIVE_DWA,11
1294.5,SIGNAL_ADAPTIVE_DWA,11
1295.0,SIGNAL_ADAPTIVE_DWA,11
1295.5,SIGNAL_ADAPTIVE_DWA,11
1296.0,SIGNAL_ADAPTIVE_DWA,11
1296.5,SIGNAL_ADAPTIVE_DWA,11
1297.0,SIGNAL_ADAPTIVE_DWA,11
1297.5,SIGNAL_ADAPTIVE_DWA,11
1298.0,SIGNAL_ADAPTIVE_DWA,11
1298.5,SIGNAL_ADAPTIVE_DWA,11
1299.0,SIGNAL_ADAPTIVE_DWA,11
1299.5,SIGNAL_ADAPTIVE_DWA,11
1300.0,SIGNAL_ADAPTIVE_DWA,11
1300.5,SIGNAL_ADAPTIVE_DWA,11
1301.0,SIGNAL_ADAPTIVE_DWA,11
1301.5,SIGNAL_ADAPTIVE_DWA,11
1302.0,SIGNAL_ADAPTIVE_DWA,11
1302.5,SIGNAL_ADAPTIVE_DWA,11
1303.0,SIGNAL_ADAPTIVE_DWA,11
1303.5,SIGNAL_ADAPTIVE_DWA,11
1304.0,SIGNAL_ADAPTIVE_DWA,11
1304.5,SIGNAL_ADAPTIVE_DWA,11
1305.0,SIGNAL_ADAPTIVE_DWA,11
1305.5,SIGNAL_ADAPTIVE_DWA,11
1306.0,SIGNAL_ADAPTIVE_DWA,11
1306.5,SIGNAL_ADAPTIVE_DWA,11
1307.0,SIGNAL_ADAPTIVE_DWA,11
1307.5,SIGNAL_ADAPTIVE_DWA,11
1308.0,SIGNAL_ADAPTIVE_DWA,11
1308.5,SIGNAL_ADAPTIVE_DWA,11
1309.0,SIGNAL_ADAPTIVE_DWA,11
1309.5,SIGNAL_ADAPTIVE_DWA,11
1310.0,SIGNAL_ADAPTIVE_DWA,11
1310.5,SIGNAL_ADAPTIVE_DWA,11
1311.0,SIGNAL_ADAPTIVE_DWA,11
1311.5,SIGNAL_ADAPTIVE_DWA,11
1312.0,SIGNAL_ADAPTIVE_DWA,11
1312.5,SIGNAL_ADAPTIVE_DWA,11
1313.0,SIGNAL_ADAPTIVE_DWA,11
1313.5,SIGNAL_ADAPTIVE_DWA,11
1314.0,SIGNAL_ADAPTIVE_DWA,11
1314.5,SIGNAL_ADAPTIVE_DWA,11
1315.0,SIGNAL_ADAPTIVE_DWA,11
1315.5,SIGNAL_ADAPTIVE_DWA,11
1316.0,SIGNAL_ADAPTIVE_DWA,11
1316.5,SIGNAL_ADAPTIVE_DWA,11
1317.0,SIGNAL_ADAPTIVE_DWA,11
1317.5,SIGNAL_ADAPTIVE_DWA,11
1318.0,SIGNAL_ADAPTIVE_DWA,11
1318.5,SIGNAL_ADAPTIVE_DWA,11
1319.0,SIGNAL_ADAPTIVE_DWA,11
1319.5,SIGNAL_ADAPTIVE_DWA,11
1320.0,SIGNAL_ADAPTIVE_DWA,11
1320.5,SIGNAL_ADAPTIVE_DWA,11
1321.0,SIGNAL_ADAPTIVE_DWA,11
1321.5,SIGNAL_ADAPTIVE_DWA,11
1322.0,SIGNAL_ADAPTIVE_DWA,11
1322.5,SIGNAL_ADAPTIVE_DWA,11
1323.0,SIGNAL_ADAPTIVE_DWA,18
1323.5,SIGNAL_ADAPTIVE_DWA,15
1324.0,SIGNAL_ADAPTIVE_DWA,15
1324.5,SIGNAL_ADAPTIVE_DWA,15
1325.0,SIGNAL_ADAPTIVE_DWA,15
1325.5,SIGNAL_ADAPTIVE_DWA,15
1326.0,SIGNAL_ADAPTIVE_DWA,15
1326.5,SIGNAL_ADAPTIVE_DWA,15
1327.0,SIGNAL_ADAPTIVE_DWA,15
1327.5,SIGNAL_ADAPTIVE_DWA,15
1328.0,SIGNAL_ADAPTIVE_DWA,15
1328.5,SIGNAL_ADAPTIVE_DWA,15
1329.0,SIGNAL_ADAPTIVE_DWA,15
1329.5,SIGNAL_ADAPTIVE_DWA,15
1330.0,SIGNAL_ADAPTIVE_DWA,15
1330.5,SIGNAL_ADAPTIVE_DWA,15
1331.0,SIGNAL_ADAPTIVE_DWA,15
1331.5,SIGNAL_ADAPTIVE_DWA,15
1332.0,SIGNAL_ADAPTIVE_DWA,15
1332.5,SIGNAL_ADAPTIVE_DWA,15
1333.0,SIGNAL_ADAPTIVE_DWA,15
1333.5,SIGNAL_ADAPTIVE_DWA,15
1334.0,SIGNAL_ADAPTIVE_DWA,15
1334.5,SIGNAL_ADAPTIVE_DWA,15
1335.0,SIGNAL_ADAPTIVE_DWA,15
1335.5,SIGNAL_ADAPTIVE_DWA,15
1336.0,SIGNAL_ADAPTIVE_DWA,15
1336.5,SIGNAL_ADAPTIVE_DWA,15
1337.0,SIGNAL_ADAPTIVE_DWA,15
1337.5,SIGNAL_ADAPTIVE_DWA,15
1338.0,SIGNAL_ADAPTIVE_DWA,15
1338.5,SIGNAL_ADAPTIVE_DWA,15
1339.0,SIGNAL_ADAPTIVE_DWA,15
1339.5,SIGNAL_ADAPTIVE_DWA,15
1340.0,SIGNAL_ADAPTIVE_DWA,15
1340.5,SIGNAL_ADAPTIVE_DWA,15
1341.0,SIGNAL_ADAPTIVE_DWA,15
1341.5,SIGNAL_ADAPTIVE_DWA,15
1342.0,SIGNAL_ADAPTIVE_DWA,15
1342.5,SIGNAL_ADAPTIVE_DWA,15
1343.0,SIGNAL_ADAPTIVE_DWA,15
1343.5,SIGNAL_ADAPTIVE_DWA,15
1344.0,SIGNAL_ADAPTIVE_DWA,15
1344.5,SIGNAL_ADAPTIVE_DWA,15
1345.0,SIGNAL_ADAPTIVE_DWA,15
1345.5,SIGNAL_ADAPTIVE_DWA,15
1346.0,SIGNAL_ADAPTIVE_DWA,15
1346.5,SIGNAL_ADAPTIVE_DWA,15
1347.0,SIGNAL_ADAPTIVE_DWA,15
1347.5,SIGNAL_ADAPTIVE_DWA,15
1348.0,SIGNAL_ADAPTIVE_DWA,15
1348.5,SIGNAL_ADAPTIVE_DWA,15
1349.0,SIGNAL_ADAPTIVE_DWA,15
1349.5,SIGNAL_ADAPTIVE_DWA,15
1350.0,SIGNAL_ADAPTIVE_DWA,15
1350.5,SIGNAL_ADAPTIVE_DWA,15
1351.0,SIGNAL_ADAPTIVE_DWA,15
1351.5,SIGNAL_ADAPTIVE_DWA,18
1352.0,SIGNAL_ADAPTIVE_DWA,18
1352.5,SIGNAL_ADAPTIVE_DWA,18
1353.0,SIGNAL_ADAPTIVE_DWA,18
1353.5,SIGNAL_ADAPTIVE_DWA,18
1354.0,SIGNAL_ADAPTIVE_DWA,18
1354.5,SIGNAL_ADAPTIVE_DWA,18
1355.0,SIGNAL_ADAPTIVE_DWA,18
1355.5,SIGNAL_ADAPTIVE_DWA,18
1356.0,SIGNAL_ADAPTIVE_DWA,18
1356.5,SIGNAL_ADAPTIVE_DWA,18
1357.0,SIGNAL_ADAPTIVE_DWA,18
1357.5,SIGNAL_ADAPTIVE_DWA,18
1358.0,SIGNAL_ADAPTIVE_DWA,18
1358.5,SIGNAL_ADAPTIVE_DWA,18
1359.0,SIGNAL_ADAPTIVE_DWA,18
1359.5,SIGNAL_ADAPTIVE_DWA,18
1360.0,SIGNAL_ADAPTIVE_DWA,18
1360.5,SIGNAL_ADAPTIVE_DWA,18
1361.0,SIGNAL_ADAPTIVE_DWA,18
1361.5,SIGNAL_ADAPTIVE_DWA,18
1362.0,SIGNAL_ADAPTIVE_DWA,18
1362.5,SIGNAL_ADAPTIVE_DWA,18
1363.0,SIGNAL_ADAPTIVE_DWA,18
1363.5,SIGNAL_ADAPTIVE_DWA,18
1364.0,SIGNAL_ADAPTIVE_DWA,18
1364.5,SIGNAL_ADAPTIVE_DWA,18
1365.0,SIGNAL_ADAPTIVE_DWA,18
1365.5,SIGNAL_ADAPTIVE_DWA,18
1366.0,SIGNAL_ADAPTIVE_DWA,15
1366.5,SIGNAL_ADAPTIVE_DWA,15
1367.0,SIGNAL_ADAPTIVE_DWA,15
1367.5,SIGNAL_ADAPTIVE_DWA,15
1368.0,SIGNAL_ADAPTIVE_DWA,15
1368.5,SIGNAL_ADAPTIVE_DWA,15
1369.0,SIGNAL_ADAPTIVE_DWA,15
1369.5,SIGNAL_ADAPTIVE_DWA,15
1370.0,SIGNAL_ADAPTIVE_DWA,15
1370.5,SIGNAL_ADAPTIVE_DWA,15
1371.0,SIGNAL_ADAPTIVE_DWA,15
1371.5,SIGNAL_ADAPTIVE_DWA,15
1372.0,SIGNAL_ADAPTIVE_DWA,15
1372.5,SIGNAL_ADAPTIVE_DWA,15
1373.0,SIGNAL_ADAPTIVE_DWA,15
1373.5,SIGNAL_ADAPTIVE_DWA,15
1374.0,SIGNAL_ADAPTIVE_DWA,15
1374.5,SIGNAL_ADAPTIVE_DWA,15
1375.0,SIGNAL_ADAPTIVE_DWA,15
1375.5,SIGNAL_ADAPTIVE_DWA,15
1376.0,SIGNAL_ADAPTIVE_DWA,15
1376.5,SIGNAL_ADAPTIVE_DWA,15
1377.0,SIGNAL_ADAPTIVE_DWA,15
1377.5,SIGNAL_ADAPTIVE_DWA,15
1378.0,SIGNAL_ADAPTIVE_DWA,15
1378.5,SIGNAL_ADAPTIVE_DWA,15
1379.0,SIGNAL_ADAPTIVE_DWA,15
1379.5,SIGNAL_ADAPTIVE_DWA,15
1380.0,SIGNAL_ADAPTIVE_DWA,15
1380.5,SIGNAL_ADAPTIVE_DWA,15
1381.0,SIGNAL_ADAPTIVE_DWA,15
1381.5,SIGNAL_ADAPTIVE_DWA,15
1382.0,SIGNAL_ADAPTIVE_DWA,15
1382.5,SIGNAL_ADAPTIVE_DWA,15
1383.0,SIGNAL_ADAPTIVE_DWA,15
1383.5,SIGNAL_ADAPTIVE_DWA,15
1384.0,SIGNAL_ADAPTIVE_DWA,15
1384.5,SIGNAL_ADAPTIVE_DWA,15
1385.0,SIGNAL_ADAPTIVE_DWA,15
1385.5,SIGNAL_ADAPTIVE_DWA,15
1386.0,SIGNAL_ADAPTIVE_DWA,15
1386.5,SIGNAL_ADAPTIVE_DWA,15
1387.0,SIGNAL_ADAPTIVE_DWA,15
1387.5,SIGNAL_ADAPTIVE_DWA,15
1388.0,SIGNAL_ADAPTIVE_DWA,15
1388.5,SIGNAL_ADAPTIVE_DWA,15
1389.0,SIGNAL_ADAPTIVE_DWA,15
1389.5,SIGNAL_ADAPTIVE_DWA,15
1390.0,SIGNAL_ADAPTIVE_DWA,15
1390.5,SIGNAL_ADAPTIVE_DWA,15
1391.0,SIGNAL_ADAPTIVE_DWA,15
1391.5,SIGNAL_ADAPTIVE_DWA,15
1392.0,SIGNAL_ADAPTIVE_DWA,15
1392.5,SIGNAL_ADAPTIVE_DWA,15
1393.0,SIGNAL_ADAPTIVE_DWA,15
1393.5,SIGNAL_ADAPTIVE_DWA,15
1394.0,SIGNAL_ADAPTIVE_DWA,15
1394.5,SIGNAL_ADAPTIVE_DWA,15
1395.0,SIGNAL_ADAPTIVE_DWA,15
1395.5,SIGNAL_ADAPTIVE_DWA,15
1396.0,SIGNAL_ADAPTIVE_DWA,15
1396.5,SIGNAL_ADAPTIVE_DWA,15
1397.0,SIGNAL_ADAPTIVE_DWA,15
1397.5,SIGNAL_ADAPTIVE_DWA,15
1398.0,SIGNAL_ADAPTIVE_DWA,15
1398.5,SIGNAL_ADAPTIVE_DWA,15
1399.0,SIGNAL_ADAPTIVE_DWA,15
1399.5,SIGNAL_ADAPTIVE_DWA,15
1400.0,SIGNAL_ADAPTIVE_DWA,15
1400.5,SIGNAL_ADAPTIVE_DWA,15
1401.0,SIGNAL_ADAPTIVE_DWA,15
1401.5,SIGNAL_ADAPTIVE_DWA,15
1402.0,SIGNAL_ADAPTIVE_DWA,15
1402.5,SIGNAL_ADAPTIVE_DWA,15
1403.0,SIGNAL_ADAPTIVE_DWA,15
1403.5,SIGNAL_ADAPTIVE_DWA,15
1404.0,SIGNAL_ADAPTIVE_DWA,15
1404.5,SIGNAL_ADAPTIVE_DWA,15
1405.0,SIGNAL_ADAPTIVE_DWA,15
1405.5,SIGNAL_ADAPTIVE_DWA,15
1406.0,SIGNAL_ADAPTIVE_DWA,15
1406.5,SIGNAL_ADAPTIVE_DWA,15
1407.0,SIGNAL_ADAPTIVE_DWA,15
1407.5,SIGNAL_ADAPTIVE_DWA,15
1408.0,SIGNAL_ADAPTIVE_DWA,15
1408.5,SIGNAL_ADAPTIVE_DWA,15
1409.0,SIGNAL_ADAPTIVE_DWA,15
1409.5,SIGNAL_ADAPTIVE_DWA,15
1410.0,SIGNAL_ADAPTIVE_DWA,15
1410.5,SIGNAL_ADAPTIVE_DWA,15
1411.0,SIGNAL_ADAPTIVE_DWA,15
1411.5,SIGNAL_ADAPTIVE_DWA,15
1412.0,SIGNAL_ADAPTIVE_DWA,15
1412.5,SIGNAL_ADAPTIVE_DWA,15
1413.0,SIGNAL_ADAPTIVE_DWA,15
1413.5,SIGNAL_ADAPTIVE_DWA,15
1414.0,SIGNAL_ADAPTIVE_DWA,15
1414.5,SIGNAL_ADAPTIVE_DWA,15
1415.0,SIGNAL_ADAPTIVE_DWA,15
1415.5,SIGNAL_ADAPTIVE_DWA,15
1416.0,SIGNAL_ADAPTIVE_DWA,15
1416.5,SIGNAL_ADAPTIVE_DWA,15
1417.0,SIGNAL_ADAPTIVE_DWA,15
1417.5,SIGNAL_ADAPTIVE_DWA,15
1418.0,SIGNAL_ADAPTIVE_DWA,15
1418.5,SIGNAL_ADAPTIVE_DWA,15
1419.0,SIGNAL_ADAPTIVE_DWA,15
1419.5,SIGNAL_ADAPTIVE_DWA,15
1420.0,SIGNAL_ADAPTIVE_DWA,15
1420.5,SIGNAL_ADAPTIVE_DWA,15
1421.0,SIGNAL_ADAPTIVE_DWA,15
1421.5,SIGNAL_ADAPTIVE_DWA,15
1422.0,SIGNAL_ADAPTIVE_DWA,15
1422.5,SIGNAL_ADAPTIVE_DWA,15
1423.0,SIGNAL_ADAPTIVE_DWA,15
1423.5,SIGNAL_ADAPTIVE_DWA,15
1424.0,SIGNAL_ADAPTIVE_DWA,15
1424.5,SIGNAL_ADAPTIVE_DWA,15
1425.0,SIGNAL_ADAPTIVE_DWA,15
1425.5,SIGNAL_ADAPTIVE_DWA,15
1426.0,SIGNAL_ADAPTIVE_DWA,15
1426.5,SIGNAL_ADAPTIVE_DWA,15
1427.0,SIGNAL_ADAPTIVE_DWA,15
1427.5,SIGNAL_ADAPTIVE_DWA,15
1428.0,SIGNAL_ADAPTIVE_DWA,15
1428.5,SIGNAL_ADAPTIVE_DWA,15
1429.0,SIGNAL_ADAPTIVE_DWA,15
1429.5,SIGNAL_ADAPTIVE_DWA,15
1430.0,SIGNAL_ADAPTIVE_DWA,15
1430.5,SIGNAL_ADAPTIVE_DWA,15
1431.0,SIGNAL_ADAPTIVE_DWA,15
1431.5,SIGNAL_ADAPTIVE_DWA,15
1432.0,SIGNAL_ADAPTIVE_DWA,15
1432.5,SIGNAL_ADAPTIVE_DWA,15
1433.0,SIGNAL_ADAPTIVE_DWA,15
1433.5,SIGNAL_ADAPTIVE_DWA,15
1434.0,SIGNAL_ADAPTIVE_DWA,15
1434.5,SIGNAL_ADAPTIVE_DWA,15
1435.0,SIGNAL_ADAPTIVE_DWA,15
1435.5,SIGNAL_ADAPTIVE_DWA,15
1436.0,SIGNAL_ADAPTIVE_DWA,15
1436.5,SIGNAL_ADAPTIVE_DWA,15
1437.0,SIGNAL_ADAPTIVE_DWA,15
1437.5,SIGNAL_ADAPTIVE_DWA,15
1438.0,SIGNAL_ADAPTIVE_DWA,15
1438.5,SIGNAL_ADAPTIVE_DWA,15
1439.0,SIGNAL_ADAPTIVE_DWA,15
1439.5,SIGNAL_ADAPTIVE_DWA,15
1440.0,SIGNAL_ADAPTIVE_DWA,15
1440.5,SIGNAL_ADAPTIVE_DWA,15
1441.0,SIGNAL_ADAPTIVE_DWA,15
1441.5,SIGNAL_ADAPTIVE_DWA,15
1442.0,SIGNAL_ADAPTIVE_DWA,15
1442.5,SIGNAL_ADAPTIVE_DWA,15
1443.0,SIGNAL_ADAPTIVE_DWA,15
1443.5,SIGNAL_ADAPTIVE_DWA,15
1444.0,SIGNAL_ADAPTIVE_DWA,15
1444.5,SIGNAL_ADAPTIVE_DWA,15
1445.0,SIGNAL_ADAPTIVE_DWA,15
1445.5,SIGNAL_ADAPTIVE_DWA,15
1446.0,SIGNAL_ADAPTIVE_DWA,15
1446.5,SIGNAL_ADAPTIVE_DWA,15
1447.0,SIGNAL_ADAPTIVE_DWA,15
1447.5,SIGNAL_ADAPTIVE_DWA,15
1448.0,SIGNAL_ADAPTIVE_DWA,15
1448.5,SIGNAL_ADAPTIVE_DWA,15
1449.0,SIGNAL_ADAPTIVE_DWA,15
1449.5,SIGNAL_ADAPTIVE_DWA,15
1450.0,SIGNAL_ADAPTIVE_DWA,15
1450.5,SIGNAL_ADAPTIVE_DWA,15
1451.0,SIGNAL_ADAPTIVE_DWA,15
1451.5,SIGNAL_ADAPTIVE_DWA,15
1452.0,SIGNAL_ADAPTIVE_DWA,15
1452.5,SIGNAL_ADAPTIVE_DWA,15
1453.0,SIGNAL_ADAPTIVE_DWA,15
1453.5,SIGNAL_ADAPTIVE_DWA,15
1454.0,SIGNAL_ADAPTIVE_DWA,15
1454.5,SIGNAL_ADAPTIVE_DWA,15
1455.0,SIGNAL_ADAPTIVE_DWA,15
1455.5,SIGNAL_ADAPTIVE_DWA,15
1456.0,SIGNAL_ADAPTIVE_DWA,15
1456.5,SIGNAL_ADAPTIVE_DWA,15
1457.0,SIGNAL_ADAPTIVE_DWA,15
1457.5,SIGNAL_ADAPTIVE_DWA,15
1458.0,SIGNAL_ADAPTIVE_DWA,15
1458.5,SIGNAL_ADAPTIVE_DWA,15
1459.0,SIGNAL_ADAPTIVE_DWA,15
1459.5,SIGNAL_ADAPTIVE_DWA,15
1460.0,SIGNAL_ADAPTIVE_DWA,15
1460.5,SIGNAL_ADAPTIVE_DWA,15
1461.0,SIGNAL_ADAPTIVE_DWA,15
1461.5,SIGNAL_ADAPTIVE_DWA,15
1462.0,SIGNAL_ADAPTIVE_DWA,15
1462.5,SIGNAL_ADAPTIVE_DWA,15
1463.0,SIGNAL_ADAPTIVE_DWA,15
1463.5,SIGNAL_ADAPTIVE_DWA,15
1464.0,SIGNAL_ADAPTIVE_DWA,15
1464.5,SIGNAL_ADAPTIVE_DWA,15
1465.0,SIGNAL_ADAPTIVE_DWA,15
1465.5,SIGNAL_ADAPTIVE_DWA,15
1466.0,SIGNAL_ADAPTIVE_DWA,15
1466.5,SIGNAL_ADAPTIVE_DWA,15
1467.0,SIGNAL_ADAPTIVE_DWA,15
1467.5,SIGNAL_ADAPTIVE_DWA,15
1468.0,SIGNAL_ADAPTIVE_DWA,15
1468.5,SIGNAL_ADAPTIVE_DWA,15
1469.0,SIGNAL_ADAPTIVE_DWA,15
1469.5,SIGNAL_ADAPTIVE_DWA,15
1470.0,SIGNAL_ADAPTIVE_DWA,15
1470.5,SIGNAL_ADAPTIVE_DWA,15
1471.0,SIGNAL_ADAPTIVE_DWA,15
1471.5,SIGNAL_ADAPTIVE_DWA,15
1472.0,SIGNAL_ADAPTIVE_DWA,15
1472.5,SIGNAL_ADAPTIVE_DWA,15
1473.0,SIGNAL_ADAPTIVE_DWA,15
1473.5,SIGNAL_ADAPTIVE_DWA,15
1474.0,SIGNAL_ADAPTIVE_DWA,15
1474.5,SIGNAL_ADAPTIVE_DWA,15
1475.0,SIGNAL_ADAPTIVE_DWA,15
1475.5,SIGNAL_ADAPTIVE_DWA,15
1476.0,SIGNAL_ADAPTIVE_DWA,15
1476.5,SIGNAL_ADAPTIVE_DWA,15
1477.0,SIGNAL_ADAPTIVE_DWA,15
1477.5,SIGNAL_ADAPTIVE_DWA,15
1478.0,SIGNAL_ADAPTIVE_DWA,15
1478.5,SIGNAL_ADAPTIVE_DWA,15
1479.0,SIGNAL_ADAPTIVE_DWA,15
1479.5,SIGNAL_ADAPTIVE_DWA,15
1480.0,SIGNAL_ADAPTIVE_DWA,15
1480.5,SIGNAL_ADAPTIVE_DWA,15
1481.0,SIGNAL_ADAPTIVE_DWA,15
1481.5,SIGNAL_ADAPTIVE_DWA,15
1482.0,SIGNAL_ADAPTIVE_DWA,15
1482.5,SIGNAL_ADAPTIVE_DWA,15
1483.0,SIGNAL_ADAPTIVE_DWA,15
1483.5,SIGNAL_ADAPTIVE_DWA,15
1484.0,SIGNAL_ADAPTIVE_DWA,15
1484.5,SIGNAL_ADAPTIVE_DWA,15
1485.0,SIGNAL_ADAPTIVE_DWA,15
1485.5,SIGNAL_ADAPTIVE_DWA,15
1486.0,SIGNAL_ADAPTIVE_DWA,15
1486.5,SIGNAL_ADAPTIVE_DWA,15
1487.0,SIGNAL_ADAPTIVE_DWA,15
1487.5,SIGNAL_ADAPTIVE_DWA,15
1488.0,SIGNAL_ADAPTIVE_DWA,15
1488.5,SIGNAL_ADAPTIVE_DWA,15
1489.0,SIGNAL_ADAPTIVE_DWA,15
1489.5,SIGNAL_ADAPTIVE_DWA,15
1490.0,SIGNAL_ADAPTIVE_DWA,15
1490.5,SIGNAL_ADAPTIVE_DWA,15
1491.0,SIGNAL_ADAPTIVE_DWA,15
1491.5,SIGNAL_ADAPTIVE_DWA,15
1492.0,SIGNAL_ADAPTIVE_DWA,15
1492.5,SIGNAL_ADAPTIVE_DWA,15
1493.0,SIGNAL_ADAPTIVE_DWA,15
1493.5,SIGNAL_ADAPTIVE_DWA,15
1494.0,SIGNAL_ADAPTIVE_DWA,15
1494.5,SIGNAL_ADAPTIVE_DWA,15
1495.0,SIGNAL_ADAPTIVE_DWA,15
1495.5,SIGNAL_ADAPTIVE_DWA,15
1496.0,SIGNAL_ADAPTIVE_DWA,15
1496.5,SIGNAL_ADAPTIVE_DWA,15
1497.0,SIGNAL_ADAPTIVE_DWA,15
1497.5,SIGNAL_ADAPTIVE_DWA,15
1498.0,SIGNAL_ADAPTIVE_DWA,15
1498.5,SIGNAL_ADAPTIVE_DWA,15
1499.0,SIGNAL_ADAPTIVE_DWA,15
1499.5,SIGNAL_ADAPTIVE_DWA,15
1500.0,SIGNAL_ADAPTIVE_DWA,15
1500.5,SIGNAL_ADAPTIVE_DWA,15
1501.0,SIGNAL_ADAPTIVE_DWA,15
1501.5,SIGNAL_ADAPTIVE_DWA,15
1502.0,SIGNAL_ADAPTIVE_DWA,15
1502.5,SIGNAL_ADAPTIVE_DWA,15
1503.0,SIGNAL_ADAPTIVE_DWA,15
1503.5,SIGNAL_ADAPTIVE_DWA,15
1504.0,SIGNAL_ADAPTIVE_DWA,15
1504.5,SIGNAL_ADAPTIVE_DWA,15
1505.0,SIGNAL_ADAPTIVE_DWA,15
1505.5,SIGNAL_ADAPTIVE_DWA,15
1506.0,SIGNAL_ADAPTIVE_DWA,15
1506.5,SIGNAL_ADAPTIVE_DWA,15
1507.0,SIGNAL_ADAPTIVE_DWA,15
1507.5,SIGNAL_ADAPTIVE_DWA,15
1508.0,SIGNAL_ADAPTIVE_DWA,15
1508.5,SIGNAL_ADAPTIVE_DWA,15
1509.0,SIGNAL_ADAPTIVE_DWA,15
1509.5,SIGNAL_ADAPTIVE_DWA,15
1510.0,SIGNAL_ADAPTIVE_DWA,15
1510.5,SIGNAL_ADAPTIVE_DWA,15
1511.0,SIGNAL_ADAPTIVE_DWA,15
1511.5,SIGNAL_ADAPTIVE_DWA,15
1512.0,SIGNAL_ADAPTIVE_DWA,15
1512.5,SIGNAL_ADAPTIVE_DWA,15
1513.0,SIGNAL_ADAPTIVE_DWA,15
1513.5,SIGNAL_ADAPTIVE_DWA,15
1514.0,SIGNAL_ADAPTIVE_DWA,15
1514.5,SIGNAL_ADAPTIVE_DWA,15
1515.0,SIGNAL_ADAPTIVE_DWA,15
1515.5,SIGNAL_ADAPTIVE_DWA,15
1516.0,SIGNAL_ADAPTIVE_DWA,15
1516.5,SIGNAL_ADAPTIVE_DWA,15
1517.0,SIGNAL_ADAPTIVE_DWA,15
1517.5,SIGNAL_ADAPTIVE_DWA,15
1518.0,SIGNAL_ADAPTIVE_DWA,15
1518.5,SIGNAL_ADAPTIVE_DWA,15
1519.0,SIGNAL_ADAPTIVE_DWA,15
1519.5,SIGNAL_ADAPTIVE_DWA,15
1520.0,SIGNAL_ADAPTIVE_DWA,15
1520.5,SIGNAL_ADAPTIVE_DWA,15
1521.0,SIGNAL_ADAPTIVE_DWA,15
1521.5,SIGNAL_ADAPTIVE_DWA,15
1522.0,SIGNAL_ADAPTIVE_DWA,15
1522.5,SIGNAL_ADAPTIVE_DWA,15
1523.0,SIGNAL_ADAPTIVE_DWA,15
1523.5,SIGNAL_ADAPTIVE_DWA,15
1524.0,SIGNAL_ADAPTIVE_DWA,15
1524.5,SIGNAL_ADAPTIVE_DWA,15
1525.0,SIGNAL_ADAPTIVE_DWA,15
1525.5,SIGNAL_ADAPTIVE_DWA,15
1526.0,SIGNAL_ADAPTIVE_DWA,15
1526.5,SIGNAL_ADAPTIVE_DWA,15
1527.0,SIGNAL_ADAPTIVE_DWA,15
1527.5,SIGNAL_ADAPTIVE_DWA,15
1528.0,SIGNAL_ADAPTIVE_DWA,15
1528.5,SIGNAL_ADAPTIVE_DWA,15
1529.0,SIGNAL_ADAPTIVE_DWA,15
1529.5,SIGNAL_ADAPTIVE_DWA,15
1530.0,SIGNAL_ADAPTIVE_DWA,15
1530.5,SIGNAL_ADAPTIVE_DWA,15
1531.0,SIGNAL_ADAPTIVE_DWA,15
1531.5,SIGNAL_ADAPTIVE_DWA,15
1532.0,SIGNAL_ADAPTIVE_DWA,15
1532.5,SIGNAL_ADAPTIVE_DWA,15
1533.0,SIGNAL_ADAPTIVE_DWA,15
1533.5,SIGNAL_ADAPTIVE_DWA,15
1534.0,SIGNAL_ADAPTIVE_DWA,15
1534.5,SIGNAL_ADAPTIVE_DWA,15
1535.0,SIGNAL_ADAPTIVE_DWA,15
1535.5,SIGNAL_ADAPTIVE_DWA,15
1536.0,SIGNAL_ADAPTIVE_DWA,15
1536.5,SIGNAL_ADAPTIVE_DWA,15
1537.0,SIGNAL_ADAPTIVE_DWA,15
1537.5,SIGNAL_ADAPTIVE_DWA,15
1538.0,SIGNAL_ADAPTIVE_DWA,15
1538.5,SIGNAL_ADAPTIVE_DWA,15
1539.0,SIGNAL_ADAPTIVE_DWA,15
1539.5,SIGNAL_ADAPTIVE_DWA,15
1540.0,SIGNAL_ADAPTIVE_DWA,15
1540.5,SIGNAL_ADAPTIVE_DWA,15
1541.0,SIGNAL_ADAPTIVE_DWA,15
1541.5,SIGNAL_ADAPTIVE_DWA,15
1542.0,SIGNAL_ADAPTIVE_DWA,15
1542.5,SIGNAL_ADAPTIVE_DWA,15
1543.0,SIGNAL_ADAPTIVE_DWA,15
1543.5,SIGNAL_ADAPTIVE_DWA,15
1544.0,SIGNAL_ADAPTIVE_DWA,15
1544.5,SIGNAL_ADAPTIVE_DWA,15
1545.0,SIGNAL_ADAPTIVE_DWA,15
1545.5,SIGNAL_ADAPTIVE_DWA,15
1546.0,SIGNAL_ADAPTIVE_DWA,15
1546.5,SIGNAL_ADAPTIVE_DWA,15
1547.0,SIGNAL_ADAPTIVE_DWA,15
1547.5,SIGNAL_ADAPTIVE_DWA,15
1548.0,SIGNAL_ADAPTIVE_DWA,15
1548.5,SIGNAL_ADAPTIVE_DWA,15
1549.0,SIGNAL_ADAPTIVE_DWA,15
1549.5,SIGNAL_ADAPTIVE_DWA,15
1550.0,SIGNAL_ADAPTIVE_DWA,15
1550.5,SIGNAL_ADAPTIVE_DWA,15
1551.0,SIGNAL_ADAPTIVE_DWA,15
1551.5,SIGNAL_ADAPTIVE_DWA,15
1552.0,SIGNAL_ADAPTIVE_DWA,15
1552.5,SIGNAL_ADAPTIVE_DWA,15
1553.0,SIGNAL_ADAPTIVE_DWA,15
1553.5,SIGNAL_ADAPTIVE_DWA,15
1554.0,SIGNAL_ADAPTIVE_DWA,15
1554.5,SIGNAL_ADAPTIVE_DWA,15
1555.0,SIGNAL_ADAPTIVE_DWA,15
1555.5,SIGNAL_ADAPTIVE_DWA,15
1556.0,SIGNAL_ADAPTIVE_DWA,15
1556.5,SIGNAL_ADAPTIVE_DWA,15
1557.0,SIGNAL_ADAPTIVE_DWA,15
1557.5,SIGNAL_ADAPTIVE_DWA,15
1558.0,SIGNAL_ADAPTIVE_DWA,15
1558.5,SIGNAL_ADAPTIVE_DWA,15
1559.0,SIGNAL_ADAPTIVE_DWA,15
1559.5,SIGNAL_ADAPTIVE_DWA,15
1560.0,SIGNAL_ADAPTIVE_DWA,15
1560.5,SIGNAL_ADAPTIVE_DWA,15
1561.0,SIGNAL_ADAPTIVE_DWA,18
1561.5,SIGNAL_ADAPTIVE_DWA,18
1562.0,SIGNAL_ADAPTIVE_DWA,18
1562.5,SIGNAL_ADAPTIVE_DWA,18
1563.0,SIGNAL_ADAPTIVE_DWA,18
1563.5,SIGNAL_ADAPTIVE_DWA,18
1564.0,SIGNAL_ADAPTIVE_DWA,18
1564.5,SIGNAL_ADAPTIVE_DWA,18
1565.0,SIGNAL_ADAPTIVE_DWA,18
1565.5,SIGNAL_ADAPTIVE_DWA,18
1566.0,SIGNAL_ADAPTIVE_DWA,18
1566.5,SIGNAL_ADAPTIVE_DWA,18
1567.0,SIGNAL_ADAPTIVE_DWA,18
1567.5,SIGNAL_ADAPTIVE_DWA,18
1568.0,SIGNAL_ADAPTIVE_DWA,18
1568.5,SIGNAL_ADAPTIVE_DWA,18
1569.0,SIGNAL_ADAPTIVE_DWA,18
1569.5,SIGNAL_ADAPTIVE_DWA,18
1570.0,SIGNAL_ADAPTIVE_DWA,18
1570.5,SIGNAL_ADAPTIVE_DWA,18
1571.0,SIGNAL_ADAPTIVE_DWA,18
1571.5,SIGNAL_ADAPTIVE_DWA,18
1572.0,SIGNAL_ADAPTIVE_DWA,18
1572.5,SIGNAL_ADAPTIVE_DWA,18
1573.0,SIGNAL_ADAPTIVE_DWA,18
1573.5,SIGNAL_ADAPTIVE_DWA,18
1574.0,SIGNAL_ADAPTIVE_DWA,18
1574.5,SIGNAL_ADAPTIVE_DWA,18
1575.0,SIGNAL_ADAPTIVE_DWA,18
1575.5,SIGNAL_ADAPTIVE_DWA,18
1576.0,SIGNAL_ADAPTIVE_DWA,18
1576.5,SIGNAL_ADAPTIVE_DWA,18
1577.0,SIGNAL_ADAPTIVE_DWA,18
1577.5,SIGNAL_ADAPTIVE_DWA,18
1578.0,SIGNAL_ADAPTIVE_DWA,18
1578.5,SIGNAL_ADAPTIVE_DWA,18
1579.0,SIGNAL_ADAPTIVE_DWA,18
1579.5,SIGNAL_ADAPTIVE_DWA,18
1580.0,SIGNAL_ADAPTIVE_DWA,18
1580.5,SIGNAL_ADAPTIVE_DWA,18
1581.0,SIGNAL_ADAPTIVE_DWA,18
1581.5,SIGNAL_ADAPTIVE_DWA,18
1582.0,SIGNAL_ADAPTIVE_DWA,18
1582.5,SIGNAL_ADAPTIVE_DWA,18
1583.0,SIGNAL_ADAPTIVE_DWA,18
1583.5,SIGNAL_ADAPTIVE_DWA,18
1584.0,SIGNAL_ADAPTIVE_DWA,18
1584.5,SIGNAL_ADAPTIVE_DWA,18
1585.0,SIGNAL_ADAPTIVE_DWA,18
1585.5,SIGNAL_ADAPTIVE_DWA,18
1586.0,SIGNAL_ADAPTIVE_DWA,18
1586.5,SIGNAL_ADAPTIVE_DWA,18
1587.0,SIGNAL_ADAPTIVE_DWA,18
1587.5,SIGNAL_ADAPTIVE_DWA,18
1588.0,SIGNAL_ADAPTIVE_DWA,18
1588.5,SIGNAL_ADAPTIVE_DWA,18
1589.0,SIGNAL_ADAPTIVE_DWA,18
1589.5,SIGNAL_ADAPTIVE_DWA,18
1590.0,SIGNAL_ADAPTIVE_DWA,18
1590.5,SIGNAL_ADAPTIVE_DWA,18
1591.0,SIGNAL_ADAPTIVE_DWA,18
1591.5,SIGNAL_ADAPTIVE_DWA,18
1592.0,SIGNAL_ADAPTIVE_DWA,18
1592.5,SIGNAL_ADAPTIVE_DWA,18
1593.0,SIGNAL_ADAPTIVE_DWA,18
1593.5,SIGNAL_ADAPTIVE_DWA,18
1594.0,SIGNAL_ADAPTIVE_DWA,18
1594.5,SIGNAL_ADAPTIVE_DWA,18
1595.0,SIGNAL_ADAPTIVE_DWA,18
1595.5,SIGNAL_ADAPTIVE_DWA,18
1596.0,SIGNAL_ADAPTIVE_DWA,18
1596.5,SIGNAL_ADAPTIVE_DWA,18
1597.0,SIGNAL_ADAPTIVE_DWA,18
1597.5,SIGNAL_ADAPTIVE_DWA,18
1598.0,SIGNAL_ADAPTIVE_DWA,18
1598.5,SIGNAL_ADAPTIVE_DWA,11
1599.0,SIGNAL_ADAPTIVE_DWA,11
1599.5,SIGNAL_ADAPTIVE_DWA,11
1600.0,SIGNAL_ADAPTIVE_DWA,11
1600.5,SIGNAL_ADAPTIVE_DWA,11
1601.0,SIGNAL_ADAPTIVE_DWA,11
1601.5,SIGNAL_ADAPTIVE_DWA,11
1602.0,SIGNAL_ADAPTIVE_DWA,11
1602.5,SIGNAL_ADAPTIVE_DWA,11
1603.0,SIGNAL_ADAPTIVE_DWA,11
1603.5,SIGNAL_ADAPTIVE_DWA,11
1604.0,SIGNAL_ADAPTIVE_DWA,11
1604.5,SIGNAL_ADAPTIVE_DWA,11
1605.0,SIGNAL_ADAPTIVE_DWA,11
1605.5,SIGNAL_ADAPTIVE_DWA,11
1606.0,SIGNAL_ADAPTIVE_DWA,11
1606.5,SIGNAL_ADAPTIVE_DWA,11
1607.0,SIGNAL_ADAPTIVE_DWA,11
1607.5,SIGNAL_ADAPTIVE_DWA,11
1608.0,SIGNAL_ADAPTIVE_DWA,11
1608.5,SIGNAL_ADAPTIVE_DWA,11
1609.0,SIGNAL_ADAPTIVE_DWA,11
1609.5,SIGNAL_ADAPTIVE_DWA,11
1610.0,SIGNAL_ADAPTIVE_DWA,11
1610.5,SIGNAL_ADAPTIVE_DWA,11
1611.0,SIGNAL_ADAPTIVE_DWA,11
1611.5,SIGNAL_ADAPTIVE_DWA,11
1612.0,SIGNAL_ADAPTIVE_DWA,11
1612.5,SIGNAL_ADAPTIVE_DWA,11
1613.0,SIGNAL_ADAPTIVE_DWA,11
1613.5,SIGNAL_ADAPTIVE_DWA,11
1614.0,SIGNAL_ADAPTIVE_DWA,11
1614.5,SIGNAL_ADAPTIVE_DWA,11
1615.0,SIGNAL_ADAPTIVE_DWA,11
1615.5,SIGNAL_ADAPTIVE_DWA,11
1616.0,SIGNAL_ADAPTIVE_DWA,11
1616.5,SIGNAL_ADAPTIVE_DWA,11
1617.0,SIGNAL_ADAPTIVE_DWA,11
1617.5,SIGNAL_ADAPTIVE_DWA,11
1618.0,SIGNAL_ADAPTIVE_DWA,11
1618.5,SIGNAL_ADAPTIVE_DWA,11
1619.0,SIGNAL_ADAPTIVE_DWA,11
1619.5,SIGNAL_ADAPTIVE_DWA,11
1620.0,SIGNAL_ADAPTIVE_DWA,11
1620.5,SIGNAL_ADAPTIVE_DWA,11
1621.0,SIGNAL_ADAPTIVE_DWA,11
1621.5,SIGNAL_ADAPTIVE_DWA,11
1622.0,SIGNAL_ADAPTIVE_DWA,11
1622.5,SIGNAL_ADAPTIVE_DWA,11
1623.0,SIGNAL_ADAPTIVE_DWA,11
1623.5,SIGNAL_ADAPTIVE_DWA,11
1624.0,SIGNAL_ADAPTIVE_DWA,11
1624.5,SIGNAL_ADAPTIVE_DWA,11
1625.0,SIGNAL_ADAPTIVE_DWA,11
1625.5,SIGNAL_ADAPTIVE_DWA,11
1626.0,SIGNAL_ADAPTIVE_DWA,11
1626.5,SIGNAL_ADAPTIVE_DWA,11
1627.0,SIGNAL_ADAPTIVE_DWA,11
1627.5,SIGNAL_ADAPTIVE_DWA,11
1628.0,SIGNAL_ADAPTIVE_DWA,11
1628.5,SIGNAL_ADAPTIVE_DWA,11
1629.0,SIGNAL_ADAPTIVE_DWA,11
1629.5,SIGNAL_ADAPTIVE_DWA,11
1630.0,SIGNAL_ADAPTIVE_DWA,11
1630.5,SIGNAL_ADAPTIVE_DWA,11
1631.0,SIGNAL_ADAPTIVE_DWA,11
1631.5,SIGNAL_ADAPTIVE_DWA,11
1632.0,SIGNAL_ADAPTIVE_DWA,11
1632.5,SIGNAL_ADAPTIVE_DWA,11
1633.0,SIGNAL_ADAPTIVE_DWA,11
1633.5,SIGNAL_ADAPTIVE_DWA,11
1634.0,SIGNAL_ADAPTIVE_DWA,11
1634.5,SIGNAL_ADAPTIVE_DWA,11
1635.0,SIGNAL_ADAPTIVE_DWA,11
1635.5,SIGNAL_ADAPTIVE_DWA,11
1636.0,SIGNAL_ADAPTIVE_DWA,11
1636.5,SIGNAL_ADAPTIVE_DWA,11
1637.0,SIGNAL_ADAPTIVE_DWA,11
1637.5,SIGNAL_ADAPTIVE_DWA,11
1638.0,SIGNAL_ADAPTIVE_DWA,11
1638.5,SIGNAL_ADAPTIVE_DWA,11
1639.0,SIGNAL_ADAPTIVE_DWA,11
1639.5,SIGNAL_ADAPTIVE_DWA,11
1640.0,SIGNAL_ADAPTIVE_DWA,11
1640.5,SIGNAL_ADAPTIVE_DWA,11
1641.0,SIGNAL_ADAPTIVE_DWA,11
1641.5,SIGNAL_ADAPTIVE_DWA,11
1642.0,SIGNAL_ADAPTIVE_DWA,11
1642.5,SIGNAL_ADAPTIVE_DWA,11
1643.0,SIGNAL_ADAPTIVE_DWA,11
1643.5,SIGNAL_ADAPTIVE_DWA,11
1644.0,SIGNAL_ADAPTIVE_DWA,11
1644.5,SIGNAL_ADAPTIVE_DWA,11
1645.0,SIGNAL_ADAPTIVE_DWA,11
1645.5,SIGNAL_ADAPTIVE_DWA,11
1646.0,SIGNAL_ADAPTIVE_DWA,11
1646.5,SIGNAL_ADAPTIVE_DWA,11
1647.0,SIGNAL_ADAPTIVE_DWA,11
1647.5,SIGNAL_ADAPTIVE_DWA,11
1648.0,SIGNAL_ADAPTIVE_DWA,11
1648.5,SIGNAL_ADAPTIVE_DWA,11
1649.0,SIGNAL_ADAPTIVE_DWA,11
1649.5,SIGNAL_ADAPTIVE_DWA,11
1650.0,SIGNAL_ADAPTIVE_DWA,11
1650.5,SIGNAL_ADAPTIVE_DWA,11
1651.0,SIGNAL_ADAPTIVE_DWA,11
1651.5,SIGNAL_ADAPTIVE_DWA,11
1652.0,SIGNAL_ADAPTIVE_DWA,11
1652.5,SIGNAL_ADAPTIVE_DWA,11
1653.0,SIGNAL_ADAPTIVE_DWA,11
1653.5,SIGNAL_ADAPTIVE_DWA,11
1654.0,SIGNAL_ADAPTIVE_DWA,11
1654.5,SIGNAL_ADAPTIVE_DWA,11
1655.0,SIGNAL_ADAPTIVE_DWA,11
1655.5,SIGNAL_ADAPTIVE_DWA,11
1656.0,SIGNAL_ADAPTIVE_DWA,11
1656.5,SIGNAL_ADAPTIVE_DWA,11
1657.0,SIGNAL_ADAPTIVE_DWA,11
1657.5,SIGNAL_ADAPTIVE_DWA,11
1658.0,SIGNAL_ADAPTIVE_DWA,11
1658.5,SIGNAL_ADAPTIVE_DWA,11
1659.0,SIGNAL_ADAPTIVE_DWA,11
1659.5,SIGNAL_ADAPTIVE_DWA,11
1660.0,SIGNAL_ADAPTIVE_DWA,11
1660.5,SIGNAL_ADAPTIVE_DWA,11
1661.0,SIGNAL_ADAPTIVE_DWA,11
1661.5,SIGNAL_ADAPTIVE_DWA,11
1662.0,SIGNAL_ADAPTIVE_DWA,11
1662.5,SIGNAL_ADAPTIVE_DWA,11
1663.0,SIGNAL_ADAPTIVE_DWA,11
1663.5,SIGNAL_ADAPTIVE_DWA,11
1664.0,SIGNAL_ADAPTIVE_DWA,11
1664.5,SIGNAL_ADAPTIVE_DWA,11
1665.0,SIGNAL_ADAPTIVE_DWA,11
1665.5,SIGNAL_ADAPTIVE_DWA,11
1666.0,SIGNAL_ADAPTIVE_DWA,11
1666.5,SIGNAL_ADAPTIVE_DWA,11
1667.0,SIGNAL_ADAPTIVE_DWA,11
1667.5,SIGNAL_ADAPTIVE_DWA,11
1668.0,SIGNAL_ADAPTIVE_DWA,11
1668.5,SIGNAL_ADAPTIVE_DWA,11
1669.0,SIGNAL_ADAPTIVE_DWA,11
1669.5,SIGNAL_ADAPTIVE_DWA,11
1670.0,SIGNAL_ADAPTIVE_DWA,11
1670.5,SIGNAL_ADAPTIVE_DWA,11
1671.0,SIGNAL_ADAPTIVE_DWA,11
1671.5,SIGNAL_ADAPTIVE_DWA,11
1672.0,SIGNAL_ADAPTIVE_DWA,11
1672.5,SIGNAL_ADAPTIVE_DWA,11
1673.0,SIGNAL_ADAPTIVE_DWA,11
1673.5,SIGNAL_ADAPTIVE_DWA,11
1674.0,SIGNAL_ADAPTIVE_DWA,11
1674.5,SIGNAL_ADAPTIVE_DWA,11
1675.0,SIGNAL_ADAPTIVE_DWA,11
1675.5,SIGNAL_ADAPTIVE_DWA,11
1676.0,SIGNAL_ADAPTIVE_DWA,11
1676.5,SIGNAL_ADAPTIVE_DWA,11
1677.0,SIGNAL_ADAPTIVE_DWA,11
1677.5,SIGNAL_ADAPTIVE_DWA,11
1678.0,SIGNAL_ADAPTIVE_DWA,11
1678.5,SIGNAL_ADAPTIVE_DWA,11
1679.0,SIGNAL_ADAPTIVE_DWA,11
1679.5,SIGNAL_ADAPTIVE_DWA,11
1680.0,SIGNAL_ADAPTIVE_DWA,11
1680.5,SIGNAL_ADAPTIVE_DWA,11
1681.0,SIGNAL_ADAPTIVE_DWA,11
1681.5,SIGNAL_ADAPTIVE_DWA,11
1682.0,SIGNAL_ADAPTIVE_DWA,11
1682.5,SIGNAL_ADAPTIVE_DWA,11
1683.0,SIGNAL_ADAPTIVE_DWA,11
1683.5,SIGNAL_ADAPTIVE_DWA,11
1684.0,SIGNAL_ADAPTIVE_DWA,11
1684.5,SIGNAL_ADAPTIVE_DWA,11
1685.0,SIGNAL_ADAPTIVE_DWA,11
1685.5,SIGNAL_ADAPTIVE_DWA,11
1686.0,SIGNAL_ADAPTIVE_DWA,11
1686.5,SIGNAL_ADAPTIVE_DWA,18
1687.0,SIGNAL_ADAPTIVE_DWA,18
1687.5,SIGNAL_ADAPTIVE_DWA,18
1688.0,SIGNAL_ADAPTIVE_DWA,18
1688.5,SIGNAL_ADAPTIVE_DWA,18
1689.0,SIGNAL_ADAPTIVE_DWA,18
1689.5,SIGNAL_ADAPTIVE_DWA,18
1690.0,SIGNAL_ADAPTIVE_DWA,18
1690.5,SIGNAL_ADAPTIVE_DWA,18
1691.0,SIGNAL_ADAPTIVE_DWA,18
1691.5,SIGNAL_ADAPTIVE_DWA,18
1692.0,SIGNAL_ADAPTIVE_DWA,18
1692.5,SIGNAL_ADAPTIVE_DWA,18
1693.0,SIGNAL_ADAPTIVE_DWA,18
1693.5,SIGNAL_ADAPTIVE_DWA,18
1694.0,SIGNAL_ADAPTIVE_DWA,18
1694.5,SIGNAL_ADAPTIVE_DWA,18
1695.0,SIGNAL_ADAPTIVE_DWA,18
1695.5,SIGNAL_ADAPTIVE_DWA,18
1696.0,SIGNAL_ADAPTIVE_DWA,18
1696.5,SIGNAL_ADAPTIVE_DWA,18
1697.0,SIGNAL_ADAPTIVE_DWA,18
1697.5,SIGNAL_ADAPTIVE_DWA,18
1698.0,SIGNAL_ADAPTIVE_DWA,18
1698.5,SIGNAL_ADAPTIVE_DWA,18
1699.0,SIGNAL_ADAPTIVE_DWA,18
1699.5,SIGNAL_ADAPTIVE_DWA,18
1700.0,SIGNAL_ADAPTIVE_DWA,18
1700.5,SIGNAL_ADAPTIVE_DWA,18
1701.0,SIGNAL_ADAPTIVE_DWA,18
1701.5,SIGNAL_ADAPTIVE_DWA,18
1702.0,SIGNAL_ADAPTIVE_DWA,18
1702.5,SIGNAL_ADAPTIVE_DWA,18
1703.0,SIGNAL_ADAPTIVE_DWA,18
1703.5,SIGNAL_ADAPTIVE_DWA,18
1704.0,SIGNAL_ADAPTIVE_DWA,18
1704.5,SIGNAL_ADAPTIVE_DWA,18
1705.0,SIGNAL_ADAPTIVE_DWA,18
1705.5,SIGNAL_ADAPTIVE_DWA,18
1706.0,SIGNAL_ADAPTIVE_DWA,18
1706.5,SIGNAL_ADAPTIVE_DWA,18
1707.0,SIGNAL_ADAPTIVE_DWA,18
1707.5,SIGNAL_ADAPTIVE_DWA,18
1708.0,SIGNAL_ADAPTIVE_DWA,18
1708.5,SIGNAL_ADAPTIVE_DWA,18
1709.0,SIGNAL_ADAPTIVE_DWA,18
1709.5,SIGNAL_ADAPTIVE_DWA,18
1710.0,SIGNAL_ADAPTIVE_DWA,18
1710.5,SIGNAL_ADAPTIVE_DWA,18
1711.0,SIGNAL_ADAPTIVE_DWA,18
1711.5,SIGNAL_ADAPTIVE_DWA,18
1712.0,SIGNAL_ADAPTIVE_DWA,18
1712.5,SIGNAL_ADAPTIVE_DWA,18
1713.0,SIGNAL_ADAPTIVE_DWA,18
1713.5,SIGNAL_ADAPTIVE_DWA,18
1714.0,SIGNAL_ADAPTIVE_DWA,18
1714.5,SIGNAL_ADAPTIVE_DWA,18
1715.0,SIGNAL_ADAPTIVE_DWA,18
1715.5,SIGNAL_ADAPTIVE_DWA,18
1716.0,SIGNAL_ADAPTIVE_DWA,18
1716.5,SIGNAL_ADAPTIVE_DWA,18
1717.0,SIGNAL_ADAPTIVE_DWA,18
1717.5,SIGNAL_ADAPTIVE_DWA,18
1718.0,SIGNAL_ADAPTIVE_DWA,18
1718.5,SIGNAL_ADAPTIVE_DWA,18
1719.0,SIGNAL_ADAPTIVE_DWA,18
1719.5,SIGNAL_ADAPTIVE_DWA,18
1720.0,SIGNAL_ADAPTIVE_DWA,18
1720.5,SIGNAL_ADAPTIVE_DWA,18
1721.0,SIGNAL_ADAPTIVE_DWA,18
1721.5,SIGNAL_ADAPTIVE_DWA,18
1722.0,SIGNAL_ADAPTIVE_DWA,18
1722.5,SIGNAL_ADAPTIVE_DWA,18
1723.0,SIGNAL_ADAPTIVE_DWA,18
1723.5,SIGNAL_ADAPTIVE_DWA,18
1724.0,SIGNAL_ADAPTIVE_DWA,18
1724.5,SIGNAL_ADAPTIVE_DWA,18
1725.0,SIGNAL_ADAPTIVE_DWA,18
1725.5,SIGNAL_ADAPTIVE_DWA,18
1726.0,SIGNAL_ADAPTIVE_DWA,18
1726.5,SIGNAL_ADAPTIVE_DWA,18
1727.0,SIGNAL_ADAPTIVE_DWA,18
1727.5,SIGNAL_ADAPTIVE_DWA,18
1728.0,SIGNAL_ADAPTIVE_DWA,18
1728.5,SIGNAL_ADAPTIVE_DWA,18
1729.0,SIGNAL_ADAPTIVE_DWA,18
1729.5,SIGNAL_ADAPTIVE_DWA,18
1730.0,SIGNAL_ADAPTIVE_DWA,18
1730.5,SIGNAL_ADAPTIVE_DWA,18
1731.0,SIGNAL_ADAPTIVE_DWA,18
1731.5,SIGNAL_ADAPTIVE_DWA,18
1732.0,SIGNAL_ADAPTIVE_DWA,18
1732.5,SIGNAL_ADAPTIVE_DWA,18
1733.0,SIGNAL_ADAPTIVE_DWA,18
1733.5,SIGNAL_ADAPTIVE_DWA,18
1734.0,SIGNAL_ADAPTIVE_DWA,18
1734.5,SIGNAL_ADAPTIVE_DWA,18
1735.0,SIGNAL_ADAPTIVE_DWA,18
1735.5,SIGNAL_ADAPTIVE_DWA,18
1736.0,SIGNAL_ADAPTIVE_DWA,18
1736.5,SIGNAL_ADAPTIVE_DWA,18
1737.0,SIGNAL_ADAPTIVE_DWA,18
1737.5,SIGNAL_ADAPTIVE_DWA,18
1738.0,SIGNAL_ADAPTIVE_DWA,18
1738.5,SIGNAL_ADAPTIVE_DWA,18
1739.0,SIGNAL_ADAPTIVE_DWA,18
1739.5,SIGNAL_ADAPTIVE_DWA,18
1740.0,SIGNAL_ADAPTIVE_DWA,18
1740.5,SIGNAL_ADAPTIVE_DWA,18
1741.0,SIGNAL_ADAPTIVE_DWA,18
1741.5,SIGNAL_ADAPTIVE_DWA,18
1742.0,SIGNAL_ADAPTIVE_DWA,18
1742.5,SIGNAL_ADAPTIVE_DWA,18
1743.0,SIGNAL_ADAPTIVE_DWA,18
1743.5,SIGNAL_ADAPTIVE_DWA,18
1744.0,SIGNAL_ADAPTIVE_DWA,18
1744.5,SIGNAL_ADAPTIVE_DWA,18
1745.0,SIGNAL_ADAPTIVE_DWA,18
1745.5,SIGNAL_ADAPTIVE_DWA,18
1746.0,SIGNAL_ADAPTIVE_DWA,18
1746.5,SIGNAL_ADAPTIVE_DWA,18
1747.0,SIGNAL_ADAPTIVE_DWA,18
1747.5,SIGNAL_ADAPTIVE_DWA,18
1748.0,SIGNAL_ADAPTIVE_DWA,18
1748.5,SIGNAL_ADAPTIVE_DWA,18
1749.0,SIGNAL_ADAPTIVE_DWA,18
1749.5,SIGNAL_ADAPTIVE_DWA,18
1750.0,SIGNAL_ADAPTIVE_DWA,18
1750.5,SIGNAL_ADAPTIVE_DWA,18
1751.0,SIGNAL_ADAPTIVE_DWA,18
1751.5,SIGNAL_ADAPTIVE_DWA,18
1752.0,SIGNAL_ADAPTIVE_DWA,18
1752.5,SIGNAL_ADAPTIVE_DWA,18
1753.0,SIGNAL_ADAPTIVE_DWA,18
1753.5,SIGNAL_ADAPTIVE_DWA,18
1754.0,SIGNAL_ADAPTIVE_DWA,18
1754.5,SIGNAL_ADAPTIVE_DWA,18
1755.0,SIGNAL_ADAPTIVE_DWA,18
1755.5,SIGNAL_ADAPTIVE_DWA,18
1756.0,SIGNAL_ADAPTIVE_DWA,18
1756.5,SIGNAL_ADAPTIVE_DWA,18
1757.0,SIGNAL_ADAPTIVE_DWA,18
1757.5,SIGNAL_ADAPTIVE_DWA,18
1758.0,SIGNAL_ADAPTIVE_DWA,18
1758.5,SIGNAL_ADAPTIVE_DWA,18
1759.0,SIGNAL_ADAPTIVE_DWA,18
1759.5,SIGNAL_ADAPTIVE_DWA,18
1760.0,SIGNAL_ADAPTIVE_DWA,18
1760.5,SIGNAL_ADAPTIVE_DWA,18
1761.0,SIGNAL_ADAPTIVE_DWA,18
1761.5,SIGNAL_ADAPTIVE_DWA,18
1762.0,SIGNAL_ADAPTIVE_DWA,18
1762.5,SIGNAL_ADAPTIVE_DWA,18
1763.0,SIGNAL_ADAPTIVE_DWA,18
1763.5,SIGNAL_ADAPTIVE_DWA,18
1764.0,SIGNAL_ADAPTIVE_DWA,18
1764.5,SIGNAL_ADAPTIVE_DWA,18
1765.0,SIGNAL_ADAPTIVE_DWA,18
1765.5,SIGNAL_ADAPTIVE_DWA,18
1766.0,SIGNAL_ADAPTIVE_DWA,18
1766.5,SIGNAL_ADAPTIVE_DWA,18
1767.0,SIGNAL_ADAPTIVE_DWA,18
1767.5,SIGNAL_ADAPTIVE_DWA,18
1768.0,SIGNAL_ADAPTIVE_DWA,18
1768.5,SIGNAL_ADAPTIVE_DWA,18
1769.0,SIGNAL_ADAPTIVE_DWA,18
1769.5,SIGNAL_ADAPTIVE_DWA,18
1770.0,SIGNAL_ADAPTIVE_DWA,18
1770.5,SIGNAL_ADAPTIVE_DWA,18
1771.0,SIGNAL_ADAPTIVE_DWA,18
1771.5,SIGNAL_ADAPTIVE_DWA,18
1772.0,SIGNAL_ADAPTIVE_DWA,18
1772.5,SIGNAL_ADAPTIVE_DWA,18
1773.0,SIGNAL_ADAPTIVE_DWA,18
1773.5,SIGNAL_ADAPTIVE_DWA,18
1774.0,SIGNAL_ADAPTIVE_DWA,8
1774.5,SIGNAL_ADAPTIVE_DWA,8
1775.0,SIGNAL_ADAPTIVE_DWA,8
1775.5,SIGNAL_ADAPTIVE_DWA,8
1776.0,SIGNAL_ADAPTIVE_DWA,8
1776.5,SIGNAL_ADAPTIVE_DWA,8
1777.0,SIGNAL_ADAPTIVE_DWA,8
1777.5,SIGNAL_ADAPTIVE_DWA,8
1778.0,SIGNAL_ADAPTIVE_DWA,8
1778.5,SIGNAL_ADAPTIVE_DWA,8
1779.0,SIGNAL_ADAPTIVE_DWA,8
1779.5,SIGNAL_ADAPTIVE_DWA,8
1780.0,SIGNAL_ADAPTIVE_DWA,8
1780.5,SIGNAL_ADAPTIVE_DWA,8
1781.0,SIGNAL_ADAPTIVE_DWA,8
1781.5,SIGNAL_ADAPTIVE_DWA,8
1782.0,SIGNAL_ADAPTIVE_DWA,8
1782.5,SIGNAL_ADAPTIVE_DWA,8
1783.0,SIGNAL_ADAPTIVE_DWA,8
1783.5,SIGNAL_ADAPTIVE_DWA,8
1784.0,SIGNAL_ADAPTIVE_DWA,8
1784.5,SIGNAL_ADAPTIVE_DWA,8
1785.0,SIGNAL_ADAPTIVE_DWA,8
1785.5,SIGNAL_ADAPTIVE_DWA,8
1786.0,SIGNAL_ADAPTIVE_DWA,8
1786.5,SIGNAL_ADAPTIVE_DWA,8
1787.0,SIGNAL_ADAPTIVE_DWA,8
1787.5,SIGNAL_ADAPTIVE_DWA,8
1788.0,SIGNAL_ADAPTIVE_DWA,8
1788.5,SIGNAL_ADAPTIVE_DWA,8
1789.0,SIGNAL_ADAPTIVE_DWA,8
1789.5,SIGNAL_ADAPTIVE_DWA,8
1790.0,SIGNAL_ADAPTIVE_DWA,8
1790.5,SIGNAL_ADAPTIVE_DWA,8
1791.0,SIGNAL_ADAPTIVE_DWA,8
1791.5,SIGNAL_ADAPTIVE_DWA,8
1792.0,SIGNAL_ADAPTIVE_DWA,8
1792.5,SIGNAL_ADAPTIVE_DWA,8
1793.0,SIGNAL_ADAPTIVE_DWA,8
1793.5,SIGNAL_ADAPTIVE_DWA,8
1794.0,SIGNAL_ADAPTIVE_DWA,8
1794.5,SIGNAL_ADAPTIVE_DWA,8
1795.0,SIGNAL_ADAPTIVE_DWA,8
1795.5,SIGNAL_ADAPTIVE_DWA,8
1796.0,SIGNAL_ADAPTIVE_DWA,8
1796.5,SIGNAL_ADAPTIVE_DWA,8
1797.0,SIGNAL_ADAPTIVE_DWA,8
1797.5,SIGNAL_ADAPTIVE_DWA,8
1798.0,SIGNAL_ADAPTIVE_DWA,8
1798.5,SIGNAL_ADAPTIVE_DWA,8
1799.0,SIGNAL_ADAPTIVE_DWA,8
1799.5,SIGNAL_ADAPTIVE_DWA,8
1800.0,SIGNAL_ADAPTIVE_DWA,8
1800.5,SIGNAL_ADAPTIVE_DWA,8
1801.0,SIGNAL_ADAPTIVE_DWA,8
1801.5,SIGNAL_ADAPTIVE_DWA,8
1802.0,SIGNAL_ADAPTIVE_DWA,8
1802.5,SIGNAL_ADAPTIVE_DWA,8
1803.0,SIGNAL_ADAPTIVE_DWA,18
1803.5,SIGNAL_ADAPTIVE_DWA,18
1804.0,SIGNAL_ADAPTIVE_DWA,18
1804.5,SIGNAL_ADAPTIVE_DWA,18
1805.0,SIGNAL_ADAPTIVE_DWA,18
1805.5,SIGNAL_ADAPTIVE_DWA,18
1806.0,SIGNAL_ADAPTIVE_DWA,18
1806.5,SIGNAL_ADAPTIVE_DWA,18
1807.0,SIGNAL_ADAPTIVE_DWA,18
1807.5,SIGNAL_ADAPTIVE_DWA,18
1808.0,SIGNAL_ADAPTIVE_DWA,18
1808.5,SIGNAL_ADAPTIVE_DWA,18
1809.0,SIGNAL_ADAPTIVE_DWA,18
1809.5,SIGNAL_ADAPTIVE_DWA,18
1810.0,SIGNAL_ADAPTIVE_DWA,18
1810.5,SIGNAL_ADAPTIVE_DWA,18
1811.0,SIGNAL_ADAPTIVE_DWA,18
1811.5,SIGNAL_ADAPTIVE_DWA,18
1812.0,SIGNAL_ADAPTIVE_DWA,18
1812.5,SIGNAL_ADAPTIVE_DWA,18
1813.0,SIGNAL_ADAPTIVE_DWA,18
1813.5,SIGNAL_ADAPTIVE_DWA,18
1814.0,SIGNAL_ADAPTIVE_DWA,18
1814.5,SIGNAL_ADAPTIVE_DWA,18
1815.0,SIGNAL_ADAPTIVE_DWA,18
1815.5,SIGNAL_ADAPTIVE_DWA,18
1816.0,SIGNAL_ADAPTIVE_DWA,18
1816.5,SIGNAL_ADAPTIVE_DWA,18
1817.0,SIGNAL_ADAPTIVE_DWA,18
1817.5,SIGNAL_ADAPTIVE_DWA,18
1818.0,SIGNAL_ADAPTIVE_DWA,18
1818.5,SIGNAL_ADAPTIVE_DWA,18
1819.0,SIGNAL_ADAPTIVE_DWA,18
1819.5,SIGNAL_ADAPTIVE_DWA,18
1820.0,SIGNAL_ADAPTIVE_DWA,18
1820.5,SIGNAL_ADAPTIVE_DWA,18
1821.0,SIGNAL_ADAPTIVE_DWA,18
1821.5,SIGNAL_ADAPTIVE_DWA,18
1822.0,SIGNAL_ADAPTIVE_DWA,18
1822.5,SIGNAL_ADAPTIVE_DWA,18
1823.0,SIGNAL_ADAPTIVE_DWA,18
1823.5,SIGNAL_ADAPTIVE_DWA,18
1824.0,SIGNAL_ADAPTIVE_DWA,18
1824.5,SIGNAL_ADAPTIVE_DWA,18
1825.0,SIGNAL_ADAPTIVE_DWA,18
1825.5,SIGNAL_ADAPTIVE_DWA,18
1826.0,SIGNAL_ADAPTIVE_DWA,18
1826.5,SIGNAL_ADAPTIVE_DWA,18
1827.0,SIGNAL_ADAPTIVE_DWA,18
1827.5,SIGNAL_ADAPTIVE_DWA,18
1828.0,SIGNAL_ADAPTIVE_DWA,18
1828.5,SIGNAL_ADAPTIVE_DWA,18
1829.0,SIGNAL_ADAPTIVE_DWA,18
1829.5,SIGNAL_ADAPTIVE_DWA,8
1830.0,SIGNAL_ADAPTIVE_DWA,8
1830.5,SIGNAL_ADAPTIVE_DWA,8
1831.0,SIGNAL_ADAPTIVE_DWA,8
1831.5,SIGNAL_ADAPTIVE_DWA,8
1832.0,SIGNAL_ADAPTIVE_DWA,8
1832.5,SIGNAL_ADAPTIVE_DWA,8
1833.0,SIGNAL_ADAPTIVE_DWA,8
1833.5,SIGNAL_ADAPTIVE_DWA,18
1834.0,SIGNAL_ADAPTIVE_DWA,18
1834.5,SIGNAL_ADAPTIVE_DWA,18
1835.0,SIGNAL_ADAPTIVE_DWA,18
1835.5,SIGNAL_ADAPTIVE_DWA,18
1836.0,SIGNAL_ADAPTIVE_DWA,18
1836.5,SIGNAL_ADAPTIVE_DWA,18
1837.0,SIGNAL_ADAPTIVE_DWA,18
1837.5,SIGNAL_ADAPTIVE_DWA,18
1838.0,SIGNAL_ADAPTIVE_DWA,18
1838.5,SIGNAL_ADAPTIVE_DWA,8
1839.0,SIGNAL_ADAPTIVE_DWA,8
1839.5,SIGNAL_ADAPTIVE_DWA,8
1840.0,SIGNAL_ADAPTIVE_DWA,8
1840.5,SIGNAL_ADAPTIVE_DWA,8
1841.0,SIGNAL_ADAPTIVE_DWA,8
1841.5,SIGNAL_ADAPTIVE_DWA,18
1842.0,SIGNAL_ADAPTIVE_DWA,18
1842.5,SIGNAL_ADAPTIVE_DWA,8
1843.0,SIGNAL_ADAPTIVE_DWA,8
1843.5,SIGNAL_ADAPTIVE_DWA,8
1844.0,SIGNAL_ADAPTIVE_DWA,8
1844.5,SIGNAL_ADAPTIVE_DWA,8
1845.0,SIGNAL_ADAPTIVE_DWA,8
1845.5,SIGNAL_ADAPTIVE_DWA,18
1846.0,SIGNAL_ADAPTIVE_DWA,18
1846.5,SIGNAL_ADAPTIVE_DWA,18
1847.0,SIGNAL_ADAPTIVE_DWA,18
1847.5,SIGNAL_ADAPTIVE_DWA,18
1848.0,SIGNAL_ADAPTIVE_DWA,18
1848.5,SIGNAL_ADAPTIVE_DWA,18
1849.0,SIGNAL_ADAPTIVE_DWA,18
1849.5,SIGNAL_ADAPTIVE_DWA,18
1850.0,SIGNAL_ADAPTIVE_DWA,18
1850.5,SIGNAL_ADAPTIVE_DWA,18
1851.0,SIGNAL_ADAPTIVE_DWA,18
1851.5,SIGNAL_ADAPTIVE_DWA,18
1852.0,SIGNAL_ADAPTIVE_DWA,18
1852.5,SIGNAL_ADAPTIVE_DWA,18
1853.0,SIGNAL_ADAPTIVE_DWA,18
1853.5,SIGNAL_ADAPTIVE_DWA,18
1854.0,SIGNAL_ADAPTIVE_DWA,18
1854.5,SIGNAL_ADAPTIVE_DWA,18
1855.0,SIGNAL_ADAPTIVE_DWA,18
1855.5,SIGNAL_ADAPTIVE_DWA,18
1856.0,SIGNAL_ADAPTIVE_DWA,18
1856.5,SIGNAL_ADAPTIVE_DWA,18
1857.0,SIGNAL_ADAPTIVE_DWA,18
1857.5,SIGNAL_ADAPTIVE_DWA,18
1858.0,SIGNAL_ADAPTIVE_DWA,18
1858.5,SIGNAL_ADAPTIVE_DWA,18
1859.0,SIGNAL_ADAPTIVE_DWA,18
1859.5,SIGNAL_ADAPTIVE_DWA,18
1860.0,SIGNAL_ADAPTIVE_DWA,18
1860.5,SIGNAL_ADAPTIVE_DWA,18
1861.0,SIGNAL_ADAPTIVE_DWA,18
1861.5,SIGNAL_ADAPTIVE_DWA,18
1862.0,SIGNAL_ADAPTIVE_DWA,18
1862.5,SIGNAL_ADAPTIVE_DWA,18
1863.0,SIGNAL_ADAPTIVE_DWA,18
1863.5,SIGNAL_ADAPTIVE_DWA,18
1864.0,SIGNAL_ADAPTIVE_DWA,18
1864.5,SIGNAL_ADAPTIVE_DWA,18
1865.0,SIGNAL_ADAPTIVE_DWA,18
1865.5,SIGNAL_ADAPTIVE_DWA,9
1866.0,SIGNAL_ADAPTIVE_DWA,9
1866.5,SIGNAL_ADAPTIVE_DWA,9
1867.0,SIGNAL_ADAPTIVE_DWA,9
1867.5,SIGNAL_ADAPTIVE_DWA,9
1868.0,SIGNAL_ADAPTIVE_DWA,9
1868.5,SIGNAL_ADAPTIVE_DWA,18
1869.0,SIGNAL_ADAPTIVE_DWA,18
1869.5,SIGNAL_ADAPTIVE_DWA,18
1870.0,SIGNAL_ADAPTIVE_DWA,18
1870.5,SIGNAL_ADAPTIVE_DWA,18
1871.0,SIGNAL_ADAPTIVE_DWA,18
1871.5,SIGNAL_ADAPTIVE_DWA,9
1872.0,SIGNAL_ADAPTIVE_DWA,18
1872.5,SIGNAL_ADAPTIVE_DWA,9
1873.0,SIGNAL_ADAPTIVE_DWA,9
1873.5,SIGNAL_ADAPTIVE_DWA,9
1874.0,SIGNAL_ADAPTIVE_DWA,9
1874.5,SIGNAL_ADAPTIVE_DWA,9
1875.0,SIGNAL_ADAPTIVE_DWA,9
1875.5,SIGNAL_ADAPTIVE_DWA,9
1876.0,SIGNAL_ADAPTIVE_DWA,9
1876.5,SIGNAL_ADAPTIVE_DWA,9
1877.0,SIGNAL_ADAPTIVE_DWA,9
1877.5,SIGNAL_ADAPTIVE_DWA,9
1878.0,SIGNAL_ADAPTIVE_DWA,9
1878.5,SIGNAL_ADAPTIVE_DWA,9
1879.0,SIGNAL_ADAPTIVE_DWA,9
1879.5,SIGNAL_ADAPTIVE_DWA,9
1880.0,SIGNAL_ADAPTIVE_DWA,9
1880.5,SIGNAL_ADAPTIVE_DWA,9
1881.0,SIGNAL_ADAPTIVE_DWA,9
1881.5,SIGNAL_ADAPTIVE_DWA,9
1882.0,SIGNAL_ADAPTIVE_DWA,9
1882.5,SIGNAL_ADAPTIVE_DWA,9
1883.0,SIGNAL_ADAPTIVE_DWA,9
1883.5,SIGNAL_ADAPTIVE_DWA,9
1884.0,SIGNAL_ADAPTIVE_DWA,9
1884.5,SIGNAL_ADAPTIVE_DWA,9
1885.0,SIGNAL_ADAPTIVE_DWA,9
1885.5,SIGNAL_ADAPTIVE_DWA,9
1886.0,SIGNAL_ADAPTIVE_DWA,9
1886.5,SIGNAL_ADAPTIVE_DWA,9
1887.0,SIGNAL_ADAPTIVE_DWA,9
1887.5,SIGNAL_ADAPTIVE_DWA,9
1888.0,SIGNAL_ADAPTIVE_DWA,9
1888.5,SIGNAL_ADAPTIVE_DWA,9
1889.0,SIGNAL_ADAPTIVE_DWA,9
1889.5,SIGNAL_ADAPTIVE_DWA,9
1890.0,SIGNAL_ADAPTIVE_DWA,9
1890.5,SIGNAL_ADAPTIVE_DWA,9
1891.0,SIGNAL_ADAPTIVE_DWA,9
1891.5,SIGNAL_ADAPTIVE_DWA,9
1892.0,SIGNAL_ADAPTIVE_DWA,9
1892.5,SIGNAL_ADAPTIVE_DWA,9
1893.0,SIGNAL_ADAPTIVE_DWA,9
1893.5,SIGNAL_ADAPTIVE_DWA,9
1894.0,SIGNAL_ADAPTIVE_DWA,9
1894.5,SIGNAL_ADAPTIVE_DWA,9
1895.0,SIGNAL_ADAPTIVE_DWA,9
1895.5,SIGNAL_ADAPTIVE_DWA,9
1896.0,SIGNAL_ADAPTIVE_DWA,9
1896.5,SIGNAL_ADAPTIVE_DWA,9
1897.0,SIGNAL_ADAPTIVE_DWA,9
1897.5,SIGNAL_ADAPTIVE_DWA,9
1898.0,SIGNAL_ADAPTIVE_DWA,9
1898.5,SIGNAL_ADAPTIVE_DWA,9
1899.0,SIGNAL_ADAPTIVE_DWA,9
1899.5,SIGNAL_ADAPTIVE_DWA,9
1900.0,SIGNAL_ADAPTIVE_DWA,9
1900.5,SIGNAL_ADAPTIVE_DWA,9
1901.0,SIGNAL_ADAPTIVE_DWA,9
1901.5,SIGNAL_ADAPTIVE_DWA,9
1902.0,SIGNAL_ADAPTIVE_DWA,9
1902.5,SIGNAL_ADAPTIVE_DWA,9
1903.0,SIGNAL_ADAPTIVE_DWA,9
1903.5,SIGNAL_ADAPTIVE_DWA,9
1904.0,SIGNAL_ADAPTIVE_DWA,9
1904.5,SIGNAL_ADAPTIVE_DWA,9
1905.0,SIGNAL_ADAPTIVE_DWA,9
1905.5,SIGNAL_ADAPTIVE_DWA,9
1906.0,SIGNAL_ADAPTIVE_DWA,9
1906.5,SIGNAL_ADAPTIVE_DWA,18
1907.0,SIGNAL_ADAPTIVE_DWA,18
1907.5,SIGNAL_ADAPTIVE_DWA,18
1908.0,SIGNAL_ADAPTIVE_DWA,18
1908.5,SIGNAL_ADAPTIVE_DWA,18
1909.0,SIGNAL_ADAPTIVE_DWA,18
1909.5,SIGNAL_ADAPTIVE_DWA,18
1910.0,SIGNAL_ADAPTIVE_DWA,18
1910.5,SIGNAL_ADAPTIVE_DWA,18
1911.0,SIGNAL_ADAPTIVE_DWA,18
1911.5,SIGNAL_ADAPTIVE_DWA,18
1912.0,SIGNAL_ADAPTIVE_DWA,18
1912.5,SIGNAL_ADAPTIVE_DWA,18
1913.0,SIGNAL_ADAPTIVE_DWA,18
1913.5,SIGNAL_ADAPTIVE_DWA,18
1914.0,SIGNAL_ADAPTIVE_DWA,18
1914.5,SIGNAL_ADAPTIVE_DWA,18
1915.0,SIGNAL_ADAPTIVE_DWA,18
1915.5,SIGNAL_ADAPTIVE_DWA,18
1916.0,SIGNAL_ADAPTIVE_DWA,18
1916.5,SIGNAL_ADAPTIVE_DWA,8
1917.0,SIGNAL_ADAPTIVE_DWA,8
1917.5,SIGNAL_ADAPTIVE_DWA,8
1918.0,SIGNAL_ADAPTIVE_DWA,18
1918.5,SIGNAL_ADAPTIVE_DWA,18
1919.0,SIGNAL_ADAPTIVE_DWA,18
1919.5,SIGNAL_ADAPTIVE_DWA,18
1920.0,SIGNAL_ADAPTIVE_DWA,18
1920.5,SIGNAL_ADAPTIVE_DWA,18
1921.0,SIGNAL_ADAPTIVE_DWA,18
1921.5,SIGNAL_ADAPTIVE_DWA,18
1922.0,SIGNAL_ADAPTIVE_DWA,18
1922.5,SIGNAL_ADAPTIVE_DWA,18
1923.0,SIGNAL_ADAPTIVE_DWA,18
1923.5,SIGNAL_ADAPTIVE_DWA,18
1924.0,SIGNAL_ADAPTIVE_DWA,18
1924.5,SIGNAL_ADAPTIVE_DWA,18
1925.0,SIGNAL_ADAPTIVE_DWA,18
1925.5,SIGNAL_ADAPTIVE_DWA,18
1926.0,SIGNAL_ADAPTIVE_DWA,18
1926.5,SIGNAL_ADAPTIVE_DWA,18
1927.0,SIGNAL_ADAPTIVE_DWA,18
1927.5,SIGNAL_ADAPTIVE_DWA,18
1928.0,SIGNAL_ADAPTIVE_DWA,18
1928.5,SIGNAL_ADAPTIVE_DWA,18
1929.0,SIGNAL_ADAPTIVE_DWA,18
1929.5,SIGNAL_ADAPTIVE_DWA,18
1930.0,SIGNAL_ADAPTIVE_DWA,18
1930.5,SIGNAL_ADAPTIVE_DWA,18
1931.0,SIGNAL_ADAPTIVE_DWA,18
1931.5,SIGNAL_ADAPTIVE_DWA,18
1932.0,SIGNAL_ADAPTIVE_DWA,18
1932.5,SIGNAL_ADAPTIVE_DWA,18
1933.0,SIGNAL_ADAPTIVE_DWA,18
1933.5,SIGNAL_ADAPTIVE_DWA,18
1934.0,SIGNAL_ADAPTIVE_DWA,18
1934.5,SIGNAL_ADAPTIVE_DWA,16
1935.0,SIGNAL_ADAPTIVE_DWA,16
1935.5,SIGNAL_ADAPTIVE_DWA,16
1936.0,SIGNAL_ADAPTIVE_DWA,18
1936.5,SIGNAL_ADAPTIVE_DWA,18
1937.0,SIGNAL_ADAPTIVE_DWA,16
1937.5,SIGNAL_ADAPTIVE_DWA,16
1938.0,SIGNAL_ADAPTIVE_DWA,16
1938.5,SIGNAL_ADAPTIVE_DWA,16
1939.0,SIGNAL_ADAPTIVE_DWA,16
1939.5,SIGNAL_ADAPTIVE_DWA,16
1940.0,SIGNAL_ADAPTIVE_DWA,16
1940.5,SIGNAL_ADAPTIVE_DWA,16
1941.0,SIGNAL_ADAPTIVE_DWA,16
1941.5,SIGNAL_ADAPTIVE_DWA,16
1942.0,SIGNAL_ADAPTIVE_DWA,16
1942.5,SIGNAL_ADAPTIVE_DWA,16
1943.0,SIGNAL_ADAPTIVE_DWA,16
1943.5,SIGNAL_ADAPTIVE_DWA,16
1944.0,SIGNAL_ADAPTIVE_DWA,16
1944.5,SIGNAL_ADAPTIVE_DWA,16
1945.0,SIGNAL_ADAPTIVE_DWA,16
1945.5,SIGNAL_ADAPTIVE_DWA,16
1946.0,SIGNAL_ADAPTIVE_DWA,16
1946.5,SIGNAL_ADAPTIVE_DWA,16
1947.0,SIGNAL_ADAPTIVE_DWA,16
1947.5,SIGNAL_ADAPTIVE_DWA,16
1948.0,SIGNAL_ADAPTIVE_DWA,16
1948.5,SIGNAL_ADAPTIVE_DWA,16
1949.0,SIGNAL_ADAPTIVE_DWA,16
1949.5,SIGNAL_ADAPTIVE_DWA,16
1950.0,SIGNAL_ADAPTIVE_DWA,16
1950.5,SIGNAL_ADAPTIVE_DWA,16
1951.0,SIGNAL_ADAPTIVE_DWA,16
1951.5,SIGNAL_ADAPTIVE_DWA,16
1952.0,SIGNAL_ADAPTIVE_DWA,16
1952.5,SIGNAL_ADAPTIVE_DWA,16
1953.0,SIGNAL_ADAPTIVE_DWA,16
1953.5,SIGNAL_ADAPTIVE_DWA,16
1954.0,SIGNAL_ADAPTIVE_DWA,16
1954.5,SIGNAL_ADAPTIVE_DWA,16
1955.0,SIGNAL_ADAPTIVE_DWA,16
1955.5,SIGNAL_ADAPTIVE_DWA,16
1956.0,SIGNAL_ADAPTIVE_DWA,16
1956.5,SIGNAL_ADAPTIVE_DWA,16
1957.0,SIGNAL_ADAPTIVE_DWA,16
1957.5,SIGNAL_ADAPTIVE_DWA,16
1958.0,SIGNAL_ADAPTIVE_DWA,16
1958.5,SIGNAL_ADAPTIVE_DWA,16
1959.0,SIGNAL_ADAPTIVE_DWA,16
1959.5,SIGNAL_ADAPTIVE_DWA,16
1960.0,SIGNAL_ADAPTIVE_DWA,16
1960.5,SIGNAL_ADAPTIVE_DWA,16
1961.0,SIGNAL_ADAPTIVE_DWA,16
1961.5,SIGNAL_ADAPTIVE_DWA,16
1962.0,SIGNAL_ADAPTIVE_DWA,16
1962.5,SIGNAL_ADAPTIVE_DWA,16
1963.0,SIGNAL_ADAPTIVE_DWA,16
1963.5,SIGNAL_ADAPTIVE_DWA,16
1964.0,SIGNAL_ADAPTIVE_DWA,16
1964.5,SIGNAL_ADAPTIVE_DWA,16
1965.0,SIGNAL_ADAPTIVE_DWA,16
1965.5,SIGNAL_ADAPTIVE_DWA,16
1966.0,SIGNAL_ADAPTIVE_DWA,16
1966.5,SIGNAL_ADAPTIVE_DWA,16
1967.0,SIGNAL_ADAPTIVE_DWA,16
1967.5,SIGNAL_ADAPTIVE_DWA,16
1968.0,SIGNAL_ADAPTIVE_DWA,16
1968.5,SIGNAL_ADAPTIVE_DWA,16
1969.0,SIGNAL_ADAPTIVE_DWA,16
1969.5,SIGNAL_ADAPTIVE_DWA,16
1970.0,SIGNAL_ADAPTIVE_DWA,16
1970.5,SIGNAL_ADAPTIVE_DWA,16
1971.0,SIGNAL_ADAPTIVE_DWA,16
1971.5,SIGNAL_ADAPTIVE_DWA,16
1972.0,SIGNAL_ADAPTIVE_DWA,16
1972.5,SIGNAL_ADAPTIVE_DWA,16
1973.0,SIGNAL_ADAPTIVE_DWA,16
1973.5,SIGNAL_ADAPTIVE_DWA,16
1974.0,SIGNAL_ADAPTIVE_DWA,16
1974.5,SIGNAL_ADAPTIVE_DWA,16
1975.0,SIGNAL_ADAPTIVE_DWA,16
1975.5,SIGNAL_ADAPTIVE_DWA,16
1976.0,SIGNAL_ADAPTIVE_DWA,16
1976.5,SIGNAL_ADAPTIVE_DWA,16
1977.0,SIGNAL_ADAPTIVE_DWA,16
1977.5,SIGNAL_ADAPTIVE_DWA,16
1978.0,SIGNAL_ADAPTIVE_DWA,16
1978.5,SIGNAL_ADAPTIVE_DWA,16
1979.0,SIGNAL_ADAPTIVE_DWA,16
1979.5,SIGNAL_ADAPTIVE_DWA,16
1980.0,SIGNAL_ADAPTIVE_DWA,16
1980.5,SIGNAL_ADAPTIVE_DWA,16
1981.0,SIGNAL_ADAPTIVE_DWA,16
1981.5,SIGNAL_ADAPTIVE_DWA,16
1982.0,SIGNAL_ADAPTIVE_DWA,16
1982.5,SIGNAL_ADAPTIVE_DWA,16
1983.0,SIGNAL_ADAPTIVE_DWA,16
1983.5,SIGNAL_ADAPTIVE_DWA,16
1984.0,SIGNAL_ADAPTIVE_DWA,16
1984.5,SIGNAL_ADAPTIVE_DWA,16
1985.0,SIGNAL_ADAPTIVE_DWA,16
1985.5,SIGNAL_ADAPTIVE_DWA,16
1986.0,SIGNAL_ADAPTIVE_DWA,16
1986.5,SIGNAL_ADAPTIVE_DWA,16
1987.0,SIGNAL_ADAPTIVE_DWA,16
1987.5,SIGNAL_ADAPTIVE_DWA,16
1988.0,SIGNAL_ADAPTIVE_DWA,16
1988.5,SIGNAL_ADAPTIVE_DWA,16
1989.0,SIGNAL_ADAPTIVE_DWA,16
1989.5,SIGNAL_ADAPTIVE_DWA,16
1990.0,SIGNAL_ADAPTIVE_DWA,16
1990.5,SIGNAL_ADAPTIVE_DWA,16
1991.0,SIGNAL_ADAPTIVE_DWA,16
1991.5,SIGNAL_ADAPTIVE_DWA,16
1992.0,SIGNAL_ADAPTIVE_DWA,16
1992.5,SIGNAL_ADAPTIVE_DWA,16
1993.0,SIGNAL_ADAPTIVE_DWA,16
1993.5,SIGNAL_ADAPTIVE_DWA,16
1994.0,SIGNAL_ADAPTIVE_DWA,16
1994.5,SIGNAL_ADAPTIVE_DWA,16
1995.0,SIGNAL_ADAPTIVE_DWA,16
1995.5,SIGNAL_ADAPTIVE_DWA,16
1996.0,SIGNAL_ADAPTIVE_DWA,16
1996.5,SIGNAL_ADAPTIVE_DWA,16
1997.0,SIGNAL_ADAPTIVE_DWA,16
1997.5,SIGNAL_ADAPTIVE_DWA,16
1998.0,SIGNAL_ADAPTIVE_DWA,16
1998.5,SIGNAL_ADAPTIVE_DWA,16
1999.0,SIGNAL_ADAPTIVE_DWA,16
1999.5,SIGNAL_ADAPTIVE_DWA,16
2000.0,SIGNAL_ADAPTIVE_DWA,16
2000.5,SIGNAL_ADAPTIVE_DWA,16
2001.0,SIGNAL_ADAPTIVE_DWA,16
2001.5,SIGNAL_ADAPTIVE_DWA,16
2002.0,SIGNAL_ADAPTIVE_DWA,16
2002.5,SIGNAL_ADAPTIVE_DWA,16
2003.0,SIGNAL_ADAPTIVE_DWA,16
2003.5,SIGNAL_ADAPTIVE_DWA,16
2004.0,SIGNAL_ADAPTIVE_DWA,16
2004.5,SIGNAL_ADAPTIVE_DWA,16
2005.0,SIGNAL_ADAPTIVE_DWA,16
2005.5,SIGNAL_ADAPTIVE_DWA,16
2006.0,SIGNAL_ADAPTIVE_DWA,16
2006.5,SIGNAL_ADAPTIVE_DWA,16
2007.0,SIGNAL_ADAPTIVE_DWA,16
2007.5,SIGNAL_ADAPTIVE_DWA,16
2008.0,SIGNAL_ADAPTIVE_DWA,16
2008.5,SIGNAL_ADAPTIVE_DWA,16
2009.0,SIGNAL_ADAPTIVE_DWA,16
2009.5,SIGNAL_ADAPTIVE_DWA,16
2010.0,SIGNAL_ADAPTIVE_DWA,16
2010.5,SIGNAL_ADAPTIVE_DWA,16
2011.0,SIGNAL_ADAPTIVE_DWA,16
2011.5,SIGNAL_ADAPTIVE_DWA,16
2012.0,SIGNAL_ADAPTIVE_DWA,16
2012.5,SIGNAL_ADAPTIVE_DWA,16
2013.0,SIGNAL_ADAPTIVE_DWA,16
2013.5,SIGNAL_ADAPTIVE_DWA,16
2014.0,SIGNAL_ADAPTIVE_DWA,16
2014.5,SIGNAL_ADAPTIVE_DWA,16
2015.0,SIGNAL_ADAPTIVE_DWA,16
2015.5,SIGNAL_ADAPTIVE_DWA,16
2016.0,SIGNAL_ADAPTIVE_DWA,16
2016.5,SIGNAL_ADAPTIVE_DWA,16
2017.0,SIGNAL_ADAPTIVE_DWA,16
2017.5,SIGNAL_ADAPTIVE_DWA,16
2018.0,SIGNAL_ADAPTIVE_DWA,16
2018.5,SIGNAL_ADAPTIVE_DWA,16
2019.0,SIGNAL_ADAPTIVE_DWA,16
2019.5,SIGNAL_ADAPTIVE_DWA,16
2020.0,SIGNAL_ADAPTIVE_DWA,16
2020.5,SIGNAL_ADAPTIVE_DWA,16
2021.0,SIGNAL_ADAPTIVE_DWA,16
2021.5,SIGNAL_ADAPTIVE_DWA,16
2022.0,SIGNAL_ADAPTIVE_DWA,16
2022.5,SIGNAL_ADAPTIVE_DWA,16
2023.0,SIGNAL_ADAPTIVE_DWA,16
2023.5,SIGNAL_ADAPTIVE_DWA,16
2024.0,SIGNAL_ADAPTIVE_DWA,16
2024.5,SIGNAL_ADAPTIVE_DWA,16
2025.0,SIGNAL_ADAPTIVE_DWA,16
2025.5,SIGNAL_ADAPTIVE_DWA,16
2026.0,SIGNAL_ADAPTIVE_DWA,16
2026.5,SIGNAL_ADAPTIVE_DWA,16
2027.0,SIGNAL_ADAPTIVE_DWA,16
2027.5,SIGNAL_ADAPTIVE_DWA,16
2028.0,SIGNAL_ADAPTIVE_DWA,16
2028.5,SIGNAL_ADAPTIVE_DWA,16
2029.0,SIGNAL_ADAPTIVE_DWA,16
2029.5,SIGNAL_ADAPTIVE_DWA,16
2030.0,SIGNAL_ADAPTIVE_DWA,16
2030.5,SIGNAL_ADAPTIVE_DWA,16
2031.0,SIGNAL_ADAPTIVE_DWA,16
2031.5,SIGNAL_ADAPTIVE_DWA,16
2032.0,SIGNAL_ADAPTIVE_DWA,16
2032.5,SIGNAL_ADAPTIVE_DWA,16
2033.0,SIGNAL_ADAPTIVE_DWA,16
2033.5,SIGNAL_ADAPTIVE_DWA,16
2034.0,SIGNAL_ADAPTIVE_DWA,16
2034.5,SIGNAL_ADAPTIVE_DWA,16
2035.0,SIGNAL_ADAPTIVE_DWA,16
2035.5,SIGNAL_ADAPTIVE_DWA,16
2036.0,SIGNAL_ADAPTIVE_DWA,16
2036.5,SIGNAL_ADAPTIVE_DWA,16
2037.0,SIGNAL_ADAPTIVE_DWA,16
2037.5,SIGNAL_ADAPTIVE_DWA,16
2038.0,SIGNAL_ADAPTIVE_DWA,16
2038.5,SIGNAL_ADAPTIVE_DWA,16
2039.0,SIGNAL_ADAPTIVE_DWA,16
2039.5,SIGNAL_ADAPTIVE_DWA,16
2040.0,SIGNAL_ADAPTIVE_DWA,16
2040.5,SIGNAL_ADAPTIVE_DWA,16
2041.0,SIGNAL_ADAPTIVE_DWA,16
2041.5,SIGNAL_ADAPTIVE_DWA,16
2042.0,SIGNAL_ADAPTIVE_DWA,16
2042.5,SIGNAL_ADAPTIVE_DWA,16
2043.0,SIGNAL_ADAPTIVE_DWA,16
2043.5,SIGNAL_ADAPTIVE_DWA,16
2044.0,SIGNAL_ADAPTIVE_DWA,16
2044.5,SIGNAL_ADAPTIVE_DWA,16
2045.0,SIGNAL_ADAPTIVE_DWA,16
2045.5,SIGNAL_ADAPTIVE_DWA,16
2046.0,SIGNAL_ADAPTIVE_DWA,16
2046.5,SIGNAL_ADAPTIVE_DWA,16
2047.0,SIGNAL_ADAPTIVE_DWA,16
2047.5,SIGNAL_ADAPTIVE_DWA,16
2048.0,SIGNAL_ADAPTIVE_DWA,16
2048.5,SIGNAL_ADAPTIVE_DWA,16
2049.0,SIGNAL_ADAPTIVE_DWA,16
2049.5,SIGNAL_ADAPTIVE_DWA,16
2050.0,SIGNAL_ADAPTIVE_DWA,16
2050.5,SIGNAL_ADAPTIVE_DWA,18
2051.0,SIGNAL_ADAPTIVE_DWA,18
2051.5,SIGNAL_ADAPTIVE_DWA,18
2052.0,SIGNAL_ADAPTIVE_DWA,18
2052.5,SIGNAL_ADAPTIVE_DWA,18
2053.0,SIGNAL_ADAPTIVE_DWA,18
2053.5,SIGNAL_ADAPTIVE_DWA,18
2054.0,SIGNAL_ADAPTIVE_DWA,18
2054.5,SIGNAL_ADAPTIVE_DWA,18
2055.0,SIGNAL_ADAPTIVE_DWA,18
2055.5,SIGNAL_ADAPTIVE_DWA,18
2056.0,SIGNAL_ADAPTIVE_DWA,18
2056.5,SIGNAL_ADAPTIVE_DWA,18
2057.0,SIGNAL_ADAPTIVE_DWA,18
2057.5,SIGNAL_ADAPTIVE_DWA,18
2058.0,SIGNAL_ADAPTIVE_DWA,18
2058.5,SIGNAL_ADAPTIVE_DWA,18
2059.0,SIGNAL_ADAPTIVE_DWA,18
2059.5,SIGNAL_ADAPTIVE_DWA,18
2060.0,SIGNAL_ADAPTIVE_DWA,18
2060.5,SIGNAL_ADAPTIVE_DWA,18
2061.0,SIGNAL_ADAPTIVE_DWA,18
2061.5,SIGNAL_ADAPTIVE_DWA,18
2062.0,SIGNAL_ADAPTIVE_DWA,18
2062.5,SIGNAL_ADAPTIVE_DWA,18
2063.0,SIGNAL_ADAPTIVE_DWA,18
2063.5,SIGNAL_ADAPTIVE_DWA,18
2064.0,SIGNAL_ADAPTIVE_DWA,18
2064.5,SIGNAL_ADAPTIVE_DWA,18
2065.0,SIGNAL_ADAPTIVE_DWA,18
2065.5,SIGNAL_ADAPTIVE_DWA,18
2066.0,SIGNAL_ADAPTIVE_DWA,18
2066.5,SIGNAL_ADAPTIVE_DWA,18
2067.0,SIGNAL_ADAPTIVE_DWA,18
2067.5,SIGNAL_ADAPTIVE_DWA,18
2068.0,SIGNAL_ADAPTIVE_DWA,18
2068.5,SIGNAL_ADAPTIVE_DWA,18
2069.0,SIGNAL_ADAPTIVE_DWA,18
2069.5,SIGNAL_ADAPTIVE_DWA,18
2070.0,SIGNAL_ADAPTIVE_DWA,18
2070.5,SIGNAL_ADAPTIVE_DWA,18
2071.0,SIGNAL_ADAPTIVE_DWA,18
2071.5,SIGNAL_ADAPTIVE_DWA,18
2072.0,SIGNAL_ADAPTIVE_DWA,18
2072.5,SIGNAL_ADAPTIVE_DWA,18
2073.0,SIGNAL_ADAPTIVE_DWA,18
2073.5,SIGNAL_ADAPTIVE_DWA,18
2074.0,SIGNAL_ADAPTIVE_DWA,18
2074.5,SIGNAL_ADAPTIVE_DWA,18
2075.0,SIGNAL_ADAPTIVE_DWA,18
2075.5,SIGNAL_ADAPTIVE_DWA,18
2076.0,SIGNAL_ADAPTIVE_DWA,18
2076.5,SIGNAL_ADAPTIVE_DWA,18
2077.0,SIGNAL_ADAPTIVE_DWA,18
2077.5,SIGNAL_ADAPTIVE_DWA,18
2078.0,SIGNAL_ADAPTIVE_DWA,18
2078.5,SIGNAL_ADAPTIVE_DWA,18
2079.0,SIGNAL_ADAPTIVE_DWA,18
2079.5,SIGNAL_ADAPTIVE_DWA,18
2080.0,SIGNAL_ADAPTIVE_DWA,18
2080.5,SIGNAL_ADAPTIVE_DWA,18
2081.0,SIGNAL_ADAPTIVE_DWA,18
2081.5,SIGNAL_ADAPTIVE_DWA,18
2082.0,SIGNAL_ADAPTIVE_DWA,18
2082.5,SIGNAL_ADAPTIVE_DWA,18
2083.0,SIGNAL_ADAPTIVE_DWA,18
2083.5,SIGNAL_ADAPTIVE_DWA,18
2084.0,SIGNAL_ADAPTIVE_DWA,18
2084.5,SIGNAL_ADAPTIVE_DWA,18
2085.0,SIGNAL_ADAPTIVE_DWA,18
2085.5,SIGNAL_ADAPTIVE_DWA,18
2086.0,SIGNAL_ADAPTIVE_DWA,18
2086.5,SIGNAL_ADAPTIVE_DWA,18
2087.0,SIGNAL_ADAPTIVE_DWA,18
2087.5,SIGNAL_ADAPTIVE_DWA,18
2088.0,SIGNAL_ADAPTIVE_DWA,18
2088.5,SIGNAL_ADAPTIVE_DWA,18
2089.0,SIGNAL_ADAPTIVE_DWA,18
2089.5,SIGNAL_ADAPTIVE_DWA,18
2090.0,SIGNAL_ADAPTIVE_DWA,18
2090.5,SIGNAL_ADAPTIVE_DWA,18
2091.0,SIGNAL_ADAPTIVE_DWA,18
2091.5,SIGNAL_ADAPTIVE_DWA,18
2092.0,SIGNAL_ADAPTIVE_DWA,18
2092.5,SIGNAL_ADAPTIVE_DWA,18
2093.0,SIGNAL_ADAPTIVE_DWA,18
2093.5,SIGNAL_ADAPTIVE_DWA,18
2094.0,SIGNAL_ADAPTIVE_DWA,18
2094.5,SIGNAL_ADAPTIVE_DWA,18
2095.0,SIGNAL_ADAPTIVE_DWA,18
2095.5,SIGNAL_ADAPTIVE_DWA,18
2096.0,SIGNAL_ADAPTIVE_DWA,18
2096.5,SIGNAL_ADAPTIVE_DWA,18
2097.0,SIGNAL_ADAPTIVE_DWA,18
2097.5,SIGNAL_ADAPTIVE_DWA,18
2098.0,SIGNAL_ADAPTIVE_DWA,18
2098.5,SIGNAL_ADAPTIVE_DWA,18
2099.0,SIGNAL_ADAPTIVE_DWA,18
2099.5,SIGNAL_ADAPTIVE_DWA,18
2100.0,SIGNAL_ADAPTIVE_DWA,18
2100.5,SIGNAL_ADAPTIVE_DWA,18
2101.0,SIGNAL_ADAPTIVE_DWA,18
2101.5,SIGNAL_ADAPTIVE_DWA,18
2102.0,SIGNAL_ADAPTIVE_DWA,18
2102.5,SIGNAL_ADAPTIVE_DWA,18
2103.0,SIGNAL_ADAPTIVE_DWA,18
2103.5,SIGNAL_ADAPTIVE_DWA,18
2104.0,SIGNAL_ADAPTIVE_DWA,18
2104.5,SIGNAL_ADAPTIVE_DWA,18
2105.0,SIGNAL_ADAPTIVE_DWA,18
2105.5,SIGNAL_ADAPTIVE_DWA,18
2106.0,SIGNAL_ADAPTIVE_DWA,18
2106.5,SIGNAL_ADAPTIVE_DWA,18
2107.0,SIGNAL_ADAPTIVE_DWA,18
2107.5,SIGNAL_ADAPTIVE_DWA,18
2108.0,SIGNAL_ADAPTIVE_DWA,18
2108.5,SIGNAL_ADAPTIVE_DWA,18
2109.0,SIGNAL_ADAPTIVE_DWA,18
2109.5,SIGNAL_ADAPTIVE_DWA,18
2110.0,SIGNAL_ADAPTIVE_DWA,18
2110.5,SIGNAL_ADAPTIVE_DWA,18
2111.0,SIGNAL_ADAPTIVE_DWA,18
2111.5,SIGNAL_ADAPTIVE_DWA,18
2112.0,SIGNAL_ADAPTIVE_DWA,18
2112.5,SIGNAL_ADAPTIVE_DWA,18
2113.0,SIGNAL_ADAPTIVE_DWA,18
2113.5,SIGNAL_ADAPTIVE_DWA,18
2114.0,SIGNAL_ADAPTIVE_DWA,18
2114.5,SIGNAL_ADAPTIVE_DWA,18
2115.0,SIGNAL_ADAPTIVE_DWA,18
2115.5,SIGNAL_ADAPTIVE_DWA,18
2116.0,SIGNAL_ADAPTIVE_DWA,18
2116.5,SIGNAL_ADAPTIVE_DWA,18
2117.0,SIGNAL_ADAPTIVE_DWA,18
2117.5,SIGNAL_ADAPTIVE_DWA,18
2118.0,SIGNAL_ADAPTIVE_DWA,18
2118.5,SIGNAL_ADAPTIVE_DWA,18
2119.0,SIGNAL_ADAPTIVE_DWA,18
2119.5,SIGNAL_ADAPTIVE_DWA,18
2120.0,SIGNAL_ADAPTIVE_DWA,18
2120.5,SIGNAL_ADAPTIVE_DWA,18
2121.0,SIGNAL_ADAPTIVE_DWA,18
2121.5,SIGNAL_ADAPTIVE_DWA,18
2122.0,SIGNAL_ADAPTIVE_DWA,18
2122.5,SIGNAL_ADAPTIVE_DWA,18
2123.0,SIGNAL_ADAPTIVE_DWA,18
2123.5,SIGNAL_ADAPTIVE_DWA,18
2124.0,SIGNAL_ADAPTIVE_DWA,18
2124.5,SIGNAL_ADAPTIVE_DWA,18
2125.0,SIGNAL_ADAPTIVE_DWA,18
2125.5,SIGNAL_ADAPTIVE_DWA,18
2126.0,SIGNAL_ADAPTIVE_DWA,18
2126.5,SIGNAL_ADAPTIVE_DWA,18
2127.0,SIGNAL_ADAPTIVE_DWA,18
2127.5,SIGNAL_ADAPTIVE_DWA,18
2128.0,SIGNAL_ADAPTIVE_DWA,18
2128.5,SIGNAL_ADAPTIVE_DWA,18
2129.0,SIGNAL_ADAPTIVE_DWA,18
2129.5,SIGNAL_ADAPTIVE_DWA,18
2130.0,SIGNAL_ADAPTIVE_DWA,18
2130.5,SIGNAL_ADAPTIVE_DWA,18
2131.0,SIGNAL_ADAPTIVE_DWA,18
2131.5,SIGNAL_ADAPTIVE_DWA,18
2132.0,SIGNAL_ADAPTIVE_DWA,18
2132.5,SIGNAL_ADAPTIVE_DWA,18
2133.0,SIGNAL_ADAPTIVE_DWA,18
2133.5,SIGNAL_ADAPTIVE_DWA,18
2134.0,SIGNAL_ADAPTIVE_DWA,18
2134.5,SIGNAL_ADAPTIVE_DWA,18
2135.0,SIGNAL_ADAPTIVE_DWA,18
2135.5,SIGNAL_ADAPTIVE_DWA,18
2136.0,SIGNAL_ADAPTIVE_DWA,18
2136.5,SIGNAL_ADAPTIVE_DWA,18
2137.0,SIGNAL_ADAPTIVE_DWA,18
2137.5,SIGNAL_ADAPTIVE_DWA,18
2138.0,SIGNAL_ADAPTIVE_DWA,18
2138.5,SIGNAL_ADAPTIVE_DWA,18
2139.0,SIGNAL_ADAPTIVE_DWA,18
2139.5,SIGNAL_ADAPTIVE_DWA,18
2140.0,SIGNAL_ADAPTIVE_DWA,18
2140.5,SIGNAL_ADAPTIVE_DWA,18
2141.0,SIGNAL_ADAPTIVE_DWA,18
2141.5,SIGNAL_ADAPTIVE_DWA,18
2142.0,SIGNAL_ADAPTIVE_DWA,18
2142.5,SIGNAL_ADAPTIVE_DWA,18
2143.0,SIGNAL_ADAPTIVE_DWA,18
2143.5,SIGNAL_ADAPTIVE_DWA,18
2144.0,SIGNAL_ADAPTIVE_DWA,18
2144.5,SIGNAL_ADAPTIVE_DWA,18
2145.0,SIGNAL_ADAPTIVE_DWA,18
2145.5,SIGNAL_ADAPTIVE_DWA,18
2146.0,SIGNAL_ADAPTIVE_DWA,18
2146.5,SIGNAL_ADAPTIVE_DWA,18
2147.0,SIGNAL_ADAPTIVE_DWA,18
2147.5,SIGNAL_ADAPTIVE_DWA,18
2148.0,SIGNAL_ADAPTIVE_DWA,18
2148.5,SIGNAL_ADAPTIVE_DWA,18
2149.0,SIGNAL_ADAPTIVE_DWA,18
2149.5,SIGNAL_ADAPTIVE_DWA,18
2150.0,SIGNAL_ADAPTIVE_DWA,18
2150.5,SIGNAL_ADAPTIVE_DWA,18
2151.0,SIGNAL_ADAPTIVE_DWA,18
2151.5,SIGNAL_ADAPTIVE_DWA,18
2152.0,SIGNAL_ADAPTIVE_DWA,18
2152.5,SIGNAL_ADAPTIVE_DWA,18
2153.0,SIGNAL_ADAPTIVE_DWA,18
2153.5,SIGNAL_ADAPTIVE_DWA,18
2154.0,SIGNAL_ADAPTIVE_DWA,18
2154.5,SIGNAL_ADAPTIVE_DWA,18
2155.0,SIGNAL_ADAPTIVE_DWA,18
2155.5,SIGNAL_ADAPTIVE_DWA,18
2156.0,SIGNAL_ADAPTIVE_DWA,18
2156.5,SIGNAL_ADAPTIVE_DWA,18
2157.0,SIGNAL_ADAPTIVE_DWA,18
2157.5,SIGNAL_ADAPTIVE_DWA,18
2158.0,SIGNAL_ADAPTIVE_DWA,18
2158.5,SIGNAL_ADAPTIVE_DWA,18
2159.0,SIGNAL_ADAPTIVE_DWA,18
2159.5,SIGNAL_ADAPTIVE_DWA,18
2160.0,SIGNAL_ADAPTIVE_DWA,18
2160.5,SIGNAL_ADAPTIVE_DWA,18
2161.0,SIGNAL_ADAPTIVE_DWA,18
2161.5,SIGNAL_ADAPTIVE_DWA,18
2162.0,SIGNAL_ADAPTIVE_DWA,18
2162.5,SIGNAL_ADAPTIVE_DWA,18
2163.0,SIGNAL_ADAPTIVE_DWA,18
2163.5,SIGNAL_ADAPTIVE_DWA,18
2164.0,SIGNAL_ADAPTIVE_DWA,18
2164.5,SIGNAL_ADAPTIVE_DWA,18
2165.0,SIGNAL_ADAPTIVE_DWA,18
