time_seconds,track,label
0.5,GT,3
1.0,GT,3
1.5,GT,3
2.0,GT,3
2.5,GT,3
3.0,GT,3
3.5,GT,3
4.0,GT,3
4.5,GT,3
5.0,GT,3
5.5,GT,3
6.0,GT,3
6.5,GT,3
7.0,GT,3
7.5,GT,3
8.0,GT,3
8.5,GT,3
9.0,GT,3
9.5,GT,3
10.0,GT,3
10.5,GT,3
11.0,GT,3
11.5,GT,3
12.0,GT,3
12.5,GT,3
13.0,GT,3
13.5,GT,3
14.0,GT,3
14.5,GT,3
15.0,GT,3
15.5,GT,3
16.0,GT,3
16.5,GT,3
17.0,GT,3
17.5,GT,3
18.0,GT,3
18.5,GT,3
19.0,GT,3
19.5,GT,3
20.0,GT,3
20.5,GT,3
21.0,GT,3
21.5,GT,3
22.0,GT,3
22.5,GT,18
23.0,GT,18
23.5,GT,18
24.0,GT,18
24.5,GT,18
25.0,GT,18
25.5,GT,18
26.0,GT,18
26.5,GT,18
27.0,GT,18
27.5,GT,3
28.0,GT,3
28.5,GT,3
29.0,GT,3
29.5,GT,3
30.0,GT,3
30.5,GT,3
31.0,GT,3
31.5,GT,3
32.0,GT,3
32.5,GT,3
33.0,GT,3
33.5,GT,3
34.0,GT,3
34.5,GT,3
35.0,GT,3
35.5,GT,3
36.0,GT,3
36.5,GT,3
37.0,GT,3
37.5,GT,3
38.0,GT,3
38.5,GT,3
39.0,GT,3
39.5,GT,3
40.0,GT,3
40.5,GT,3
41.0,GT,3
41.5,GT,3
42.0,GT,3
42.5,GT,3
43.0,GT,3
43.5,GT,3
44.0,GT,3
44.5,GT,3
45.0,GT,3
45.5,GT,3
46.0,GT,3
46.5,GT,3
47.0,GT,3
47.5,GT,3
48.0,GT,3
48.5,GT,3
49.0,GT,3
49.5,GT,3
50.0,GT,3
50.5,GT,3
51.0,GT,3
51.5,GT,3
52.0,GT,3
52.5,GT,3
53.0,GT,3
53.5,GT,3
54.0,GT,3
54.5,GT,3
55.0,GT,3
55.5,GT,3
56.0,GT,3
56.5,GT,3
57.0,GT,3
57.5,GT,3
58.0,GT,3
58.5,GT,3
59.0,GT,3
59.5,GT,3
60.0,GT,3
60.5,GT,3
61.0,GT,3
61.5,GT,3
62.0,GT,3
62.5,GT,3
63.0,GT,3
63.5,GT,3
64.0,GT,3
64.5,GT,3
65.0,GT,3
65.5,GT,3
66.0,GT,3
66.5,GT,3
67.0,GT,3
67.5,GT,3
68.0,GT,3
68.5,GT,3
69.0,GT,3
69.5,GT,3
70.0,GT,3
70.5,GT,3
71.0,GT,3
71.5,GT,3
72.0,GT,3
72.5,GT,3
73.0,GT,3
73.5,GT,3
74.0,GT,3
74.5,GT,3
75.0,GT,3
75.5,GT,3
76.0,GT,3
76.5,GT,3
77.0,GT,18
77.5,GT,18
78.0,GT,18
78.5,GT,18
79.0,GT,18
79.5,GT,18
80.0,GT,18
80.5,GT,18
81.0,GT,18
81.5,GT,18
82.0,GT,18
82.5,GT,18
83.0,GT,18
83.5,GT,18
84.0,GT,18
84.5,GT,18
85.0,GT,18
85.5,GT,18
86.0,GT,18
86.5,GT,18
87.0,GT,18
87.5,GT,18
88.0,GT,18
88.5,GT,18
89.0,GT,18
89.5,GT,18
90.0,GT,18
90.5,GT,18
91.0,GT,18
91.5,GT,18
92.0,GT,18
92.5,GT,18
93.0,GT,18
93.5,GT,18
94.0,GT,18
94.5,GT,18
95.0,GT,18
95.5,GT,18
96.0,GT,18
96.5,GT,3
97.0,GT,3
97.5,GT,3
98.0,GT,3
98.5,GT,3
99.0,GT,3
99.5,GT,3
100.0,GT,3
100.5,GT,3
101.0,GT,3
101.5,GT,3
102.0,GT,3
102.5,GT,3
103.0,GT,3
103.5,GT,3
104.0,GT,3
104.5,GT,3
105.0,GT,3
105.5,GT,3
106.0,GT,3
106.5,GT,3
107.0,GT,3
107.5,GT,3
108.0,GT,18
108.5,GT,18
109.0,GT,18
109.5,GT,18
110.0,GT,18
110.5,GT,18
111.0,GT,18
111.5,GT,18
112.0,GT,18
112.5,GT,18
113.0,GT,18
113.5,GT,18
114.0,GT,18
114.5,GT,18
115.0,GT,18
115.5,GT,18
116.0,GT,18
116.5,GT,18
117.0,GT,18
117.5,GT,18
118.0,GT,18
118.5,GT,18
119.0,GT,18
119.5,GT,7
120.0,GT,7
120.5,GT,7
121.0,GT,7
121.5,GT,7
122.0,GT,7
122.5,GT,7
123.0,GT,7
123.5,GT,7
124.0,GT,7
124.5,GT,7
125.0,GT,7
125.5,GT,7
126.0,GT,7
126.5,GT,7
127.0,GT,7
127.5,GT,7
128.0,GT,7
128.5,GT,7
129.0,GT,7
129.5,GT,7
130.0,GT,7
130.5,GT,7
131.0,GT,7
131.5,GT,7
132.0,GT,7
132.5,GT,7
133.0,GT,7
133.5,GT,7
134.0,GT,7
134.5,GT,7
135.0,GT,7
135.5,GT,7
136.0,GT,7
136.5,GT,7
137.0,GT,7
137.5,GT,7
138.0,GT,7
138.5,GT,7
139.0,GT,7
139.5,GT,7
140.0,GT,7
140.5,GT,7
141.0,GT,7
141.5,GT,7
142.0,GT,7
142.5,GT,7
143.0,GT,7
143.5,GT,7
144.0,GT,7
144.5,GT,7
145.0,GT,7
145.5,GT,7
146.0,GT,7
146.5,GT,7
147.0,GT,7
147.5,GT,7
148.0,GT,7
148.5,GT,7
149.0,GT,7
149.5,GT,7
150.0,GT,7
150.5,GT,7
151.0,GT,7
151.5,GT,7
152.0,GT,7
152.5,GT,7
153.0,GT,7
153.5,GT,7
154.0,GT,7
154.5,GT,7
155.0,GT,7
155.5,GT,7
156.0,GT,7
156.5,GT,7
157.0,GT,7
157.5,GT,7
158.0,GT,7
158.5,GT,7
159.0,GT,7
159.5,GT,7
160.0,GT,7
160.5,GT,7
161.0,GT,7
161.5,GT,7
162.0,GT,7
162.5,GT,7
163.0,GT,7
163.5,GT,7
164.0,GT,7
164.5,GT,7
165.0,GT,7
165.5,GT,7
166.0,GT,7
166.5,GT,7
167.0,GT,7
167.5,GT,7
168.0,GT,7
168.5,GT,7
169.0,GT,7
169.5,GT,7
170.0,GT,7
170.5,GT,7
171.0,GT,7
171.5,GT,7
172.0,GT,7
172.5,GT,7
173.0,GT,7
173.5,GT,7
174.0,GT,7
174.5,GT,7
175.0,GT,7
175.5,GT,7
176.0,GT,7
176.5,GT,7
177.0,GT,7
177.5,GT,7
178.0,GT,7
178.5,GT,7
179.0,GT,7
179.5,GT,7
180.0,GT,7
180.5,GT,7
181.0,GT,7
181.5,GT,7
182.0,GT,7
182.5,GT,7
183.0,GT,7
183.5,GT,7
184.0,GT,7
184.5,GT,7
185.0,GT,7
185.5,GT,7
186.0,GT,7
186.5,GT,7
187.0,GT,7
187.5,GT,7
188.0,GT,7
188.5,GT,7
189.0,GT,7
189.5,GT,7
190.0,GT,7
190.5,GT,7
191.0,GT,7
191.5,GT,7
192.0,GT,7
192.5,GT,7
193.0,GT,7
193.5,GT,7
194.0,GT,7
194.5,GT,7
195.0,GT,7
195.5,GT,7
196.0,GT,7
196.5,GT,7
197.0,GT,7
197.5,GT,7
198.0,GT,7
198.5,GT,7
199.0,GT,7
199.5,GT,7
200.0,GT,7
200.5,GT,7
201.0,GT,7
201.5,GT,7
202.0,GT,7
202.5,GT,7
203.0,GT,7
203.5,GT,7
204.0,GT,7
204.5,GT,7
205.0,GT,7
205.5,GT,7
206.0,GT,7
206.5,GT,7
207.0,GT,7
207.5,GT,7
208.0,GT,7
208.5,GT,7
209.0,GT,7
209.5,GT,7
210.0,GT,7
210.5,GT,7
211.0,GT,7
211.5,GT,7
212.0,GT,7
212.5,GT,7
213.0,GT,7
213.5,GT,7
214.0,GT,7
214.5,GT,7
215.0,GT,7
215.5,GT,7
216.0,GT,7
216.5,GT,7
217.0,GT,7
217.5,GT,7
218.0,GT,7
218.5,GT,7
219.0,GT,7
219.5,GT,7
220.0,GT,7
220.5,GT,7
221.0,GT,7
221.5,GT,7
222.0,GT,7
222.5,GT,7
223.0,GT,7
223.5,GT,7
224.0,GT,7
224.5,GT,7
225.0,GT,7
225.5,GT,7
226.0,GT,7
226.5,GT,7
227.0,GT,7
227.5,GT,7
228.0,GT,7
228.5,GT,7
229.0,GT,7
229.5,GT,7
230.0,GT,7
230.5,GT,7
231.0,GT,7
231.5,GT,7
232.0,GT,7
232.5,GT,7
233.0,GT,7
233.5,GT,7
234.0,GT,7
234.5,GT,7
235.0,GT,7
235.5,GT,7
236.0,GT,7
236.5,GT,7
237.0,GT,7
237.5,GT,7
238.0,GT,7
238.5,GT,18
239.0,GT,18
239.5,GT,18
240.0,GT,18
240.5,GT,18
241.0,GT,18
241.5,GT,18
242.0,GT,18
242.5,GT,18
243.0,GT,18
243.5,GT,18
244.0,GT,18
244.5,GT,18
245.0,GT,18
245.5,GT,4
246.0,GT,4
246.5,GT,4
247.0,GT,4
247.5,GT,4
248.0,GT,4
248.5,GT,4
249.0,GT,4
249.5,GT,4
250.0,GT,4
250.5,GT,4
251.0,GT,4
251.5,GT,4
252.0,GT,4
252.5,GT,4
253.0,GT,4
253.5,GT,4
254.0,GT,4
254.5,GT,4
255.0,GT,4
255.5,GT,4
256.0,GT,4
256.5,GT,4
257.0,GT,4
257.5,GT,4
258.0,GT,4
258.5,GT,4
259.0,GT,4
259.5,GT,4
260.0,GT,4
260.5,GT,4
261.0,GT,4
261.5,GT,4
262.0,GT,4
262.5,GT,4
263.0,GT,4
263.5,GT,4
264.0,GT,4
264.5,GT,4
265.0,GT,4
265.5,GT,4
266.0,GT,4
266.5,GT,4
267.0,GT,4
267.5,GT,4
268.0,GT,4
268.5,GT,4
269.0,GT,4
269.5,GT,4
270.0,GT,4
270.5,GT,4
271.0,GT,4
271.5,GT,4
272.0,GT,4
272.5,GT,4
273.0,GT,4
273.5,GT,4
274.0,GT,4
274.5,GT,4
275.0,GT,4
275.5,GT,4
276.0,GT,4
276.5,GT,4
277.0,GT,4
277.5,GT,4
278.0,GT,4
278.5,GT,4
279.0,GT,4
279.5,GT,4
280.0,GT,4
280.5,GT,18
281.0,GT,18
281.5,GT,18
282.0,GT,18
282.5,GT,4
283.0,GT,4
283.5,GT,4
284.0,GT,4
284.5,GT,4
285.0,GT,4
285.5,GT,4
286.0,GT,4
286.5,GT,4
287.0,GT,4
287.5,GT,4
288.0,GT,18
288.5,GT,18
289.0,GT,18
289.5,GT,18
290.0,GT,18
290.5,GT,18
291.0,GT,18
291.5,GT,18
292.0,GT,18
292.5,GT,18
293.0,GT,18
293.5,GT,18
294.0,GT,18
294.5,GT,18
295.0,GT,18
295.5,GT,18
296.0,GT,18
296.5,GT,18
297.0,GT,18
297.5,GT,18
298.0,GT,18
298.5,GT,18
299.0,GT,18
299.5,GT,18
300.0,GT,18
300.5,GT,18
301.0,GT,18
301.5,GT,18
302.0,GT,18
302.5,GT,18
303.0,GT,18
303.5,GT,18
304.0,GT,18
304.5,GT,18
305.0,GT,18
305.5,GT,18
306.0,GT,18
306.5,GT,18
307.0,GT,18
307.5,GT,18
308.0,GT,18
308.5,GT,18
309.0,GT,18
309.5,GT,18
310.0,GT,18
310.5,GT,18
311.0,GT,18
311.5,GT,18
312.0,GT,18
312.5,GT,18
313.0,GT,18
313.5,GT,4
314.0,GT,4
314.5,GT,4
315.0,GT,4
315.5,GT,4
316.0,GT,4
316.5,GT,4
317.0,GT,4
317.5,GT,4
318.0,GT,4
318.5,GT,4
319.0,GT,4
319.5,GT,4
320.0,GT,4
320.5,GT,4
321.0,GT,4
321.5,GT,4
322.0,GT,4
322.5,GT,4
323.0,GT,4
323.5,GT,4
324.0,GT,4
324.5,GT,4
325.0,GT,4
325.5,GT,4
326.0,GT,4
326.5,GT,4
327.0,GT,4
327.5,GT,4
328.0,GT,4
328.5,GT,4
329.0,GT,4
329.5,GT,4
330.0,GT,4
330.5,GT,4
331.0,GT,4
331.5,GT,4
332.0,GT,4
332.5,GT,4
333.0,GT,4
333.5,GT,4
334.0,GT,4
334.5,GT,4
335.0,GT,4
335.5,GT,4
336.0,GT,4
336.5,GT,4
337.0,GT,4
337.5,GT,4
338.0,GT,4
338.5,GT,4
339.0,GT,4
339.5,GT,4
340.0,GT,4
340.5,GT,4
341.0,GT,4
341.5,GT,18
342.0,GT,18
342.5,GT,18
343.0,GT,18
343.5,GT,18
344.0,GT,18
344.5,GT,18
345.0,GT,18
345.5,GT,18
346.0,GT,18
346.5,GT,18
347.0,GT,18
347.5,GT,18
348.0,GT,18
348.5,GT,18
349.0,GT,18
349.5,GT,18
350.0,GT,18
350.5,GT,18
351.0,GT,18
351.5,GT,18
352.0,GT,18
352.5,GT,18
353.0,GT,18
353.5,GT,18
354.0,GT,18
354.5,GT,18
355.0,GT,18
355.5,GT,18
356.0,GT,18
356.5,GT,18
357.0,GT,18
357.5,GT,18
358.0,GT,18
358.5,GT,18
359.0,GT,18
359.5,GT,18
360.0,GT,18
360.5,GT,18
361.0,GT,18
361.5,GT,18
362.0,GT,4
362.5,GT,4
363.0,GT,4
363.5,GT,4
364.0,GT,4
364.5,GT,4
365.0,GT,4
365.5,GT,4
366.0,GT,4
366.5,GT,4
367.0,GT,4
367.5,GT,4
368.0,GT,4
368.5,GT,4
369.0,GT,4
369.5,GT,4
370.0,GT,4
370.5,GT,4
371.0,GT,4
371.5,GT,4
372.0,GT,4
372.5,GT,4
373.0,GT,4
373.5,GT,4
374.0,GT,4
374.5,GT,4
375.0,GT,4
375.5,GT,4
376.0,GT,4
376.5,GT,4
377.0,GT,4
377.5,GT,4
378.0,GT,4
378.5,GT,4
379.0,GT,4
379.5,GT,4
380.0,GT,4
380.5,GT,4
381.0,GT,4
381.5,GT,4
382.0,GT,4
382.5,GT,4
383.0,GT,4
383.5,GT,4
384.0,GT,4
384.5,GT,4
385.0,GT,4
385.5,GT,4
386.0,GT,4
386.5,GT,4
387.0,GT,4
387.5,GT,4
388.0,GT,4
388.5,GT,4
389.0,GT,4
389.5,GT,18
390.0,GT,18
390.5,GT,18
391.0,GT,18
391.5,GT,18
392.0,GT,18
392.5,GT,18
393.0,GT,18
393.5,GT,18
394.0,GT,18
394.5,GT,18
395.0,GT,18
395.5,GT,18
396.0,GT,18
396.5,GT,18
397.0,GT,18
397.5,GT,18
398.0,GT,18
398.5,GT,18
399.0,GT,18
399.5,GT,18
400.0,GT,18
400.5,GT,18
401.0,GT,18
401.5,GT,18
402.0,GT,18
402.5,GT,18
403.0,GT,18
403.5,GT,18
404.0,GT,18
404.5,GT,18
405.0,GT,18
405.5,GT,18
406.0,GT,18
406.5,GT,18
407.0,GT,18
407.5,GT,18
408.0,GT,18
408.5,GT,18
409.0,GT,18
409.5,GT,18
410.0,GT,18
410.5,GT,18
411.0,GT,18
411.5,GT,18
412.0,GT,18
412.5,GT,18
413.0,GT,18
413.5,GT,18
414.0,GT,18
414.5,GT,18
415.0,GT,18
415.5,GT,18
416.0,GT,18
416.5,GT,18
417.0,GT,18
417.5,GT,18
418.0,GT,18
418.5,GT,18
419.0,GT,18
419.5,GT,18
420.0,GT,18
420.5,GT,18
421.0,GT,18
421.5,GT,18
422.0,GT,18
422.5,GT,18
423.0,GT,18
423.5,GT,18
424.0,GT,18
424.5,GT,18
425.0,GT,18
425.5,GT,18
426.0,GT,18
426.5,GT,18
427.0,GT,18
427.5,GT,18
428.0,GT,8
428.5,GT,8
429.0,GT,8
429.5,GT,8
430.0,GT,8
430.5,GT,8
431.0,GT,8
431.5,GT,8
432.0,GT,8
432.5,GT,8
433.0,GT,8
433.5,GT,8
434.0,GT,8
434.5,GT,8
435.0,GT,8
435.5,GT,8
436.0,GT,8
436.5,GT,8
437.0,GT,8
437.5,GT,8
438.0,GT,8
438.5,GT,8
439.0,GT,8
439.5,GT,8
440.0,GT,8
440.5,GT,8
441.0,GT,8
441.5,GT,8
442.0,GT,8
442.5,GT,8
443.0,GT,8
443.5,GT,8
444.0,GT,8
444.5,GT,8
445.0,GT,8
445.5,GT,8
446.0,GT,8
446.5,GT,8
447.0,GT,8
447.5,GT,8
448.0,GT,8
448.5,GT,8
449.0,GT,8
449.5,GT,8
450.0,GT,8
450.5,GT,8
451.0,GT,8
451.5,GT,8
452.0,GT,8
452.5,GT,8
453.0,GT,8
453.5,GT,8
454.0,GT,8
454.5,GT,8
455.0,GT,8
455.5,GT,8
456.0,GT,8
456.5,GT,8
457.0,GT,8
457.5,GT,8
458.0,GT,8
458.5,GT,8
459.0,GT,8
459.5,GT,8
460.0,GT,8
460.5,GT,8
461.0,GT,8
461.5,GT,8
462.0,GT,8
462.5,GT,8
463.0,GT,8
463.5,GT,8
464.0,GT,8
464.5,GT,8
465.0,GT,8
465.5,GT,8
466.0,GT,8
466.5,GT,8
467.0,GT,8
467.5,GT,8
468.0,GT,8
468.5,GT,8
469.0,GT,8
469.5,GT,8
470.0,GT,8
470.5,GT,8
471.0,GT,8
471.5,GT,8
472.0,GT,8
472.5,GT,8
473.0,GT,8
473.5,GT,8
474.0,GT,8
474.5,GT,8
475.0,GT,8
475.5,GT,8
476.0,GT,8
476.5,GT,8
477.0,GT,8
477.5,GT,8
478.0,GT,8
478.5,GT,8
479.0,GT,8
479.5,GT,8
480.0,GT,8
480.5,GT,8
481.0,GT,8
481.5,GT,8
482.0,GT,8
482.5,GT,8
483.0,GT,8
483.5,GT,8
484.0,GT,8
484.5,GT,8
485.0,GT,8
485.5,GT,8
486.0,GT,8
486.5,GT,8
487.0,GT,8
487.5,GT,8
488.0,GT,8
488.5,GT,8
489.0,GT,8
489.5,GT,8
490.0,GT,8
490.5,GT,8
491.0,GT,8
491.5,GT,8
492.0,GT,8
492.5,GT,8
493.0,GT,8
493.5,GT,8
494.0,GT,8
494.5,GT,8
495.0,GT,8
495.5,GT,8
496.0,GT,8
496.5,GT,8
497.0,GT,8
497.5,GT,8
498.0,GT,8
498.5,GT,8
499.0,GT,8
499.5,GT,8
500.0,GT,8
500.5,GT,8
501.0,GT,8
501.5,GT,8
502.0,GT,8
502.5,GT,8
503.0,GT,8
503.5,GT,8
504.0,GT,8
504.5,GT,8
505.0,GT,8
505.5,GT,8
506.0,GT,8
506.5,GT,8
507.0,GT,8
507.5,GT,8
508.0,GT,8
508.5,GT,8
509.0,GT,8
509.5,GT,8
510.0,GT,8
510.5,GT,8
511.0,GT,8
511.5,GT,8
512.0,GT,8
512.5,GT,8
513.0,GT,8
513.5,GT,8
514.0,GT,8
514.5,GT,8
515.0,GT,8
515.5,GT,8
516.0,GT,8
516.5,GT,8
517.0,GT,8
517.5,GT,8
518.0,GT,8
518.5,GT,8
519.0,GT,8
519.5,GT,8
520.0,GT,18
520.5,GT,18
521.0,GT,18
521.5,GT,18
522.0,GT,18
522.5,GT,18
523.0,GT,18
523.5,GT,18
524.0,GT,18
524.5,GT,18
525.0,GT,18
525.5,GT,18
526.0,GT,18
526.5,GT,18
527.0,GT,18
527.5,GT,18
528.0,GT,18
528.5,GT,18
529.0,GT,18
529.5,GT,18
530.0,GT,18
530.5,GT,18
531.0,GT,18
531.5,GT,18
532.0,GT,18
532.5,GT,18
533.0,GT,18
533.5,GT,18
534.0,GT,18
534.5,GT,18
535.0,GT,18
535.5,GT,18
536.0,GT,18
536.5,GT,18
537.0,GT,18
537.5,GT,18
538.0,GT,18
538.5,GT,18
539.0,GT,18
539.5,GT,18
540.0,GT,18
540.5,GT,18
541.0,GT,18
541.5,GT,18
542.0,GT,18
542.5,GT,18
543.0,GT,18
543.5,GT,18
544.0,GT,18
544.5,GT,18
545.0,GT,14
545.5,GT,14
546.0,GT,14
546.5,GT,14
547.0,GT,14
547.5,GT,14
548.0,GT,14
548.5,GT,14
549.0,GT,14
549.5,GT,14
550.0,GT,14
550.5,GT,14
551.0,GT,14
551.5,GT,14
552.0,GT,14
552.5,GT,14
553.0,GT,14
553.5,GT,14
554.0,GT,14
554.5,GT,14
555.0,GT,14
555.5,GT,14
556.0,GT,14
556.5,GT,14
557.0,GT,14
557.5,GT,14
558.0,GT,14
558.5,GT,14
559.0,GT,14
559.5,GT,14
560.0,GT,14
560.5,GT,14
561.0,GT,14
561.5,GT,14
562.0,GT,14
562.5,GT,14
563.0,GT,14
563.5,GT,14
564.0,GT,14
564.5,GT,14
565.0,GT,14
565.5,GT,14
566.0,GT,14
566.5,GT,14
567.0,GT,14
567.5,GT,14
568.0,GT,18
568.5,GT,18
569.0,GT,18
569.5,GT,18
570.0,GT,18
570.5,GT,18
571.0,GT,18
571.5,GT,18
572.0,GT,18
572.5,GT,18
573.0,GT,18
573.5,GT,18
574.0,GT,18
574.5,GT,18
575.0,GT,18
575.5,GT,18
576.0,GT,18
576.5,GT,18
577.0,GT,18
577.5,GT,18
578.0,GT,18
578.5,GT,18
579.0,GT,18
579.5,GT,18
580.0,GT,18
580.5,GT,18
581.0,GT,18
581.5,GT,18
582.0,GT,18
582.5,GT,18
583.0,GT,18
583.5,GT,18
584.0,GT,18
584.5,GT,18
585.0,GT,18
585.5,GT,18
586.0,GT,18
586.5,GT,18
587.0,GT,18
587.5,GT,18
588.0,GT,18
588.5,GT,18
589.0,GT,18
589.5,GT,18
590.0,GT,18
590.5,GT,18
591.0,GT,18
591.5,GT,18
592.0,GT,18
592.5,GT,18
593.0,GT,18
593.5,GT,14
594.0,GT,14
594.5,GT,14
595.0,GT,14
595.5,GT,14
596.0,GT,14
596.5,GT,14
597.0,GT,14
597.5,GT,14
598.0,GT,14
598.5,GT,14
599.0,GT,14
599.5,GT,14
600.0,GT,14
600.5,GT,14
601.0,GT,14
601.5,GT,14
602.0,GT,14
602.5,GT,14
603.0,GT,14
603.5,GT,14
604.0,GT,14
604.5,GT,14
605.0,GT,14
605.5,GT,14
606.0,GT,14
606.5,GT,14
607.0,GT,14
607.5,GT,14
608.0,GT,14
608.5,GT,14
609.0,GT,14
609.5,GT,14
610.0,GT,14
610.5,GT,14
611.0,GT,14
611.5,GT,14
612.0,GT,14
612.5,GT,14
613.0,GT,14
613.5,GT,14
614.0,GT,14
614.5,GT,14
615.0,GT,14
615.5,GT,14
616.0,GT,14
616.5,GT,14
617.0,GT,14
617.5,GT,14
618.0,GT,14
618.5,GT,18
619.0,GT,18
619.5,GT,18
620.0,GT,18
620.5,GT,18
621.0,GT,18
621.5,GT,18
622.0,GT,18
622.5,GT,18
623.0,GT,18
623.5,GT,18
624.0,GT,18
624.5,GT,18
625.0,GT,18
625.5,GT,18
626.0,GT,18
626.5,GT,18
627.0,GT,18
627.5,GT,18
628.0,GT,18
628.5,GT,18
629.0,GT,18
629.5,GT,18
630.0,GT,18
630.5,GT,18
631.0,GT,18
631.5,GT,18
632.0,GT,18
632.5,GT,18
633.0,GT,18
633.5,GT,18
634.0,GT,18
634.5,GT,18
635.0,GT,18
635.5,GT,18
636.0,GT,18
636.5,GT,18
637.0,GT,18
637.5,GT,18
638.0,GT,18
638.5,GT,18
639.0,GT,18
639.5,GT,18
640.0,GT,18
640.5,GT,18
641.0,GT,18
641.5,GT,18
642.0,GT,18
642.5,GT,18
643.0,GT,18
643.5,GT,18
644.0,GT,18
644.5,GT,18
645.0,GT,18
645.5,GT,18
646.0,GT,18
646.5,GT,18
647.0,GT,18
647.5,GT,18
648.0,GT,18
648.5,GT,18
649.0,GT,18
649.5,GT,18
650.0,GT,18
650.5,GT,18
651.0,GT,18
651.5,GT,18
652.0,GT,18
652.5,GT,18
653.0,GT,18
653.5,GT,18
654.0,GT,18
654.5,GT,18
655.0,GT,18
655.5,GT,18
656.0,GT,18
656.5,GT,18
657.0,GT,14
657.5,GT,14
658.0,GT,14
658.5,GT,14
659.0,GT,14
659.5,GT,14
660.0,GT,14
660.5,GT,14
661.0,GT,14
661.5,GT,14
662.0,GT,14
662.5,GT,14
663.0,GT,14
663.5,GT,14
664.0,GT,14
664.5,GT,14
665.0,GT,14
665.5,GT,14
666.0,GT,14
666.5,GT,14
667.0,GT,14
667.5,GT,14
668.0,GT,14
668.5,GT,14
669.0,GT,14
669.5,GT,14
670.0,GT,14
670.5,GT,14
671.0,GT,14
671.5,GT,14
672.0,GT,14
672.5,GT,14
673.0,GT,14
673.5,GT,14
674.0,GT,14
674.5,GT,14
675.0,GT,14
675.5,GT,14
676.0,GT,14
676.5,GT,14
677.0,GT,14
677.5,GT,14
678.0,GT,14
678.5,GT,14
679.0,GT,14
679.5,GT,14
680.0,GT,18
680.5,GT,18
681.0,GT,18
681.5,GT,18
682.0,GT,18
682.5,GT,18
683.0,GT,18
683.5,GT,18
684.0,GT,18
684.5,GT,18
685.0,GT,18
685.5,GT,18
686.0,GT,18
686.5,GT,18
687.0,GT,18
687.5,GT,18
688.0,GT,18
688.5,GT,18
689.0,GT,18
689.5,GT,18
690.0,GT,18
690.5,GT,18
691.0,GT,18
691.5,GT,18
692.0,GT,18
692.5,GT,18
693.0,GT,18
693.5,GT,18
694.0,GT,18
694.5,GT,18
695.0,GT,18
695.5,GT,18
696.0,GT,18
696.5,GT,18
697.0,GT,18
697.5,GT,18
698.0,GT,18
698.5,GT,18
699.0,GT,18
699.5,GT,18
700.0,GT,18
700.5,GT,18
701.0,GT,18
701.5,GT,18
702.0,GT,18
702.5,GT,18
703.0,GT,18
703.5,GT,18
704.0,GT,18
704.5,GT,18
705.0,GT,18
705.5,GT,18
706.0,GT,18
706.5,GT,18
707.0,GT,18
707.5,GT,18
708.0,GT,18
708.5,GT,18
709.0,GT,18
709.5,GT,18
710.0,GT,18
710.5,GT,18
711.0,GT,18
711.5,GT,18
712.0,GT,18
712.5,GT,18
713.0,GT,18
713.5,GT,18
714.0,GT,18
714.5,GT,18
715.0,GT,18
715.5,GT,18
716.0,GT,18
716.5,GT,18
717.0,GT,18
717.5,GT,18
718.0,GT,18
718.5,GT,18
719.0,GT,18
719.5,GT,18
720.0,GT,18
720.5,GT,18
721.0,GT,18
721.5,GT,18
722.0,GT,18
722.5,GT,18
723.0,GT,18
723.5,GT,18
724.0,GT,18
724.5,GT,18
725.0,GT,18
725.5,GT,18
726.0,GT,18
726.5,GT,18
727.0,GT,18
727.5,GT,18
728.0,GT,18
728.5,GT,18
729.0,GT,18
729.5,GT,18
730.0,GT,18
730.5,GT,18
731.0,GT,18
731.5,GT,18
732.0,GT,18
732.5,GT,18
733.0,GT,18
733.5,GT,18
734.0,GT,18
734.5,GT,18
735.0,GT,18
735.5,GT,18
736.0,GT,18
736.5,GT,18
737.0,GT,18
737.5,GT,18
738.0,GT,9
738.5,GT,9
739.0,GT,9
739.5,GT,9
740.0,GT,9
740.5,GT,9
741.0,GT,9
741.5,GT,9
742.0,GT,9
742.5,GT,9
743.0,GT,9
743.5,GT,9
744.0,GT,9
744.5,GT,9
745.0,GT,9
745.5,GT,9
746.0,GT,9
746.5,GT,9
747.0,GT,9
747.5,GT,9
748.0,GT,9
748.5,GT,9
749.0,GT,9
749.5,GT,9
750.0,GT,9
750.5,GT,9
751.0,GT,9
751.5,GT,9
752.0,GT,9
752.5,GT,9
753.0,GT,9
753.5,GT,9
754.0,GT,9
754.5,GT,9
755.0,GT,9
755.5,GT,9
756.0,GT,9
756.5,GT,9
757.0,GT,9
757.5,GT,9
758.0,GT,9
758.5,GT,9
759.0,GT,9
759.5,GT,9
760.0,GT,9
760.5,GT,9
761.0,GT,9
761.5,GT,9
762.0,GT,9
762.5,GT,9
763.0,GT,9
763.5,GT,9
764.0,GT,9
764.5,GT,9
765.0,GT,9
765.5,GT,9
766.0,GT,9
766.5,GT,9
767.0,GT,9
767.5,GT,9
768.0,GT,9
768.5,GT,9
769.0,GT,9
769.5,GT,9
770.0,GT,9
770.5,GT,9
771.0,GT,9
771.5,GT,9
772.0,GT,9
772.5,GT,9
773.0,GT,9
773.5,GT,9
774.0,GT,9
774.5,GT,9
775.0,GT,9
775.5,GT,9
776.0,GT,9
776.5,GT,9
777.0,GT,9
777.5,GT,9
778.0,GT,9
778.5,GT,9
779.0,GT,9
779.5,GT,9
780.0,GT,9
780.5,GT,9
781.0,GT,9
781.5,GT,9
782.0,GT,9
782.5,GT,9
783.0,GT,9
783.5,GT,9
784.0,GT,9
784.5,GT,9
785.0,GT,9
785.5,GT,9
786.0,GT,9
786.5,GT,9
787.0,GT,9
787.5,GT,9
788.0,GT,9
788.5,GT,9
789.0,GT,9
789.5,GT,9
790.0,GT,9
790.5,GT,9
791.0,GT,9
791.5,GT,9
792.0,GT,9
792.5,GT,9
793.0,GT,9
793.5,GT,9
794.0,GT,9
794.5,GT,9
795.0,GT,9
795.5,GT,9
796.0,GT,9
796.5,GT,9
797.0,GT,9
797.5,GT,9
798.0,GT,9
798.5,GT,9
799.0,GT,9
799.5,GT,9
800.0,GT,9
800.5,GT,18
801.0,GT,18
801.5,GT,18
802.0,GT,18
802.5,GT,18
803.0,GT,18
803.5,GT,18
804.0,GT,18
804.5,GT,18
805.0,GT,18
805.5,GT,18
806.0,GT,18
806.5,GT,18
807.0,GT,18
807.5,GT,18
808.0,GT,18
808.5,GT,18
809.0,GT,18
809.5,GT,18
810.0,GT,18
810.5,GT,18
811.0,GT,18
811.5,GT,18
812.0,GT,18
812.5,GT,18
813.0,GT,18
813.5,GT,18
814.0,GT,18
814.5,GT,18
815.0,GT,18
815.5,GT,18
816.0,GT,18
816.5,GT,18
817.0,GT,18
817.5,GT,18
818.0,GT,18
818.5,GT,18
819.0,GT,18
819.5,GT,18
820.0,GT,18
820.5,GT,18
821.0,GT,18
821.5,GT,18
822.0,GT,18
822.5,GT,18
823.0,GT,18
823.5,GT,15
824.0,GT,15
824.5,GT,15
825.0,GT,15
825.5,GT,15
826.0,GT,15
826.5,GT,15
827.0,GT,15
827.5,GT,15
828.0,GT,15
828.5,GT,15
829.0,GT,15
829.5,GT,15
830.0,GT,15
830.5,GT,15
831.0,GT,15
831.5,GT,15
832.0,GT,15
832.5,GT,15
833.0,GT,15
833.5,GT,15
834.0,GT,15
834.5,GT,15
835.0,GT,15
835.5,GT,15
836.0,GT,15
836.5,GT,15
837.0,GT,15
837.5,GT,15
838.0,GT,15
838.5,GT,15
839.0,GT,15
839.5,GT,15
840.0,GT,15
840.5,GT,15
841.0,GT,15
841.5,GT,15
842.0,GT,15
842.5,GT,15
843.0,GT,15
843.5,GT,15
844.0,GT,15
844.5,GT,15
845.0,GT,15
845.5,GT,15
846.0,GT,15
846.5,GT,15
847.0,GT,15
847.5,GT,15
848.0,GT,15
848.5,GT,15
849.0,GT,15
849.5,GT,15
850.0,GT,15
850.5,GT,15
851.0,GT,15
851.5,GT,15
852.0,GT,15
852.5,GT,15
853.0,GT,15
853.5,GT,15
854.0,GT,15
854.5,GT,15
855.0,GT,15
855.5,GT,15
856.0,GT,15
856.5,GT,15
857.0,GT,15
857.5,GT,15
858.0,GT,15
858.5,GT,15
859.0,GT,15
859.5,GT,15
860.0,GT,15
860.5,GT,15
861.0,GT,15
861.5,GT,15
862.0,GT,15
862.5,GT,15
863.0,GT,15
863.5,GT,15
864.0,GT,15
864.5,GT,15
865.0,GT,15
865.5,GT,15
866.0,GT,15
866.5,GT,15
867.0,GT,15
867.5,GT,15
868.0,GT,15
868.5,GT,15
869.0,GT,15
869.5,GT,15
870.0,GT,15
870.5,GT,15
871.0,GT,15
871.5,GT,15
872.0,GT,15
872.5,GT,15
873.0,GT,15
873.5,GT,15
874.0,GT,15
874.5,GT,15
875.0,GT,15
875.5,GT,15
876.0,GT,15
876.5,GT,15
877.0,GT,15
877.5,GT,15
878.0,GT,15
878.5,GT,15
879.0,GT,15
879.5,GT,15
880.0,GT,15
880.5,GT,15
881.0,GT,15
881.5,GT,15
882.0,GT,15
882.5,GT,15
883.0,GT,15
883.5,GT,15
884.0,GT,15
884.5,GT,15
885.0,GT,15
885.5,GT,15
886.0,GT,15
886.5,GT,15
887.0,GT,15
887.5,GT,15
888.0,GT,15
888.5,GT,15
889.0,GT,15
889.5,GT,15
890.0,GT,15
890.5,GT,15
891.0,GT,15
891.5,GT,15
892.0,GT,15
892.5,GT,15
893.0,GT,15
893.5,GT,15
894.0,GT,15
894.5,GT,15
895.0,GT,15
895.5,GT,15
896.0,GT,15
896.5,GT,15
897.0,GT,15
897.5,GT,15
898.0,GT,15
898.5,GT,15
899.0,GT,15
899.5,GT,15
900.0,GT,15
900.5,GT,15
901.0,GT,15
901.5,GT,15
902.0,GT,15
902.5,GT,15
903.0,GT,15
903.5,GT,15
904.0,GT,15
904.5,GT,15
905.0,GT,15
905.5,GT,15
906.0,GT,15
906.5,GT,15
907.0,GT,15
907.5,GT,15
908.0,GT,15
908.5,GT,15
909.0,GT,15
909.5,GT,15
910.0,GT,15
910.5,GT,15
911.0,GT,15
911.5,GT,15
912.0,GT,15
912.5,GT,15
913.0,GT,15
913.5,GT,15
914.0,GT,15
914.5,GT,15
915.0,GT,15
915.5,GT,15
916.0,GT,15
916.5,GT,15
917.0,GT,15
917.5,GT,15
918.0,GT,15
918.5,GT,15
919.0,GT,15
919.5,GT,15
920.0,GT,15
920.5,GT,15
921.0,GT,15
921.5,GT,15
922.0,GT,15
922.5,GT,15
923.0,GT,15
923.5,GT,15
924.0,GT,15
924.5,GT,15
925.0,GT,15
925.5,GT,15
926.0,GT,15
926.5,GT,15
927.0,GT,15
927.5,GT,15
928.0,GT,15
928.5,GT,15
929.0,GT,15
929.5,GT,15
930.0,GT,15
930.5,GT,15
931.0,GT,15
931.5,GT,15
932.0,GT,15
932.5,GT,15
933.0,GT,15
933.5,GT,15
934.0,GT,15
934.5,GT,15
935.0,GT,15
935.5,GT,15
936.0,GT,15
936.5,GT,18
937.0,GT,18
937.5,GT,18
938.0,GT,18
938.5,GT,18
939.0,GT,18
939.5,GT,18
940.0,GT,18
940.5,GT,18
941.0,GT,18
941.5,GT,18
942.0,GT,18
942.5,GT,18
943.0,GT,18
943.5,GT,18
944.0,GT,18
944.5,GT,18
945.0,GT,18
945.5,GT,18
946.0,GT,18
946.5,GT,18
947.0,GT,18
947.5,GT,18
948.0,GT,18
948.5,GT,18
949.0,GT,18
949.5,GT,18
950.0,GT,18
950.5,GT,18
951.0,GT,18
951.5,GT,18
952.0,GT,18
952.5,GT,18
953.0,GT,18
953.5,GT,18
954.0,GT,18
954.5,GT,18
955.0,GT,17
955.5,GT,17
956.0,GT,17
956.5,GT,17
957.0,GT,17
957.5,GT,17
958.0,GT,17
958.5,GT,17
959.0,GT,17
959.5,GT,17
960.0,GT,17
960.5,GT,17
961.0,GT,17
961.5,GT,17
962.0,GT,17
962.5,GT,17
963.0,GT,17
963.5,GT,17
964.0,GT,17
964.5,GT,17
965.0,GT,17
965.5,GT,17
966.0,GT,17
966.5,GT,17
967.0,GT,17
967.5,GT,17
968.0,GT,17
968.5,GT,17
969.0,GT,17
969.5,GT,17
970.0,GT,17
970.5,GT,17
971.0,GT,17
971.5,GT,17
972.0,GT,17
972.5,GT,17
973.0,GT,17
973.5,GT,17
974.0,GT,17
974.5,GT,17
975.0,GT,17
975.5,GT,17
976.0,GT,17
976.5,GT,17
977.0,GT,17
977.5,GT,17
978.0,GT,17
978.5,GT,17
979.0,GT,17
979.5,GT,17
980.0,GT,17
980.5,GT,17
981.0,GT,17
981.5,GT,17
982.0,GT,17
982.5,GT,17
983.0,GT,17
983.5,GT,17
984.0,GT,17
984.5,GT,17
985.0,GT,17
985.5,GT,18
986.0,GT,18
986.5,GT,18
987.0,GT,18
987.5,GT,18
988.0,GT,18
988.5,GT,18
989.0,GT,18
989.5,GT,18
990.0,GT,18
990.5,GT,18
991.0,GT,18
991.5,GT,18
992.0,GT,18
992.5,GT,18
993.0,GT,18
993.5,GT,18
994.0,GT,18
994.5,GT,18
995.0,GT,18
995.5,GT,18
996.0,GT,18
996.5,GT,18
997.0,GT,18
997.5,GT,18
998.0,GT,18
998.5,GT,18
999.0,GT,18
999.5,GT,18
1000.0,GT,18
1000.5,GT,18
1001.0,GT,18
1001.5,GT,18
1002.0,GT,18
1002.5,GT,18
1003.0,GT,18
1003.5,GT,18
1004.0,GT,18
1004.5,GT,18
1005.0,GT,18
1005.5,GT,18
1006.0,GT,18
1006.5,GT,18
1007.0,GT,18
1007.5,GT,18
1008.0,GT,18
1008.5,GT,17
1009.0,GT,17
1009.5,GT,17
1010.0,GT,17
1010.5,GT,17
1011.0,GT,17
1011.5,GT,17
1012.0,GT,17
1012.5,GT,17
1013.0,GT,17
1013.5,GT,17
1014.0,GT,17
1014.5,GT,17
1015.0,GT,17
1015.5,GT,17
1016.0,GT,17
1016.5,GT,17
1017.0,GT,17
1017.5,GT,17
1018.0,GT,17
1018.5,GT,17
1019.0,GT,17
1019.5,GT,17
1020.0,GT,17
1020.5,GT,17
1021.0,GT,17
1021.5,GT,17
1022.0,GT,17
1022.5,GT,17
1023.0,GT,17
1023.5,GT,17
1024.0,GT,17
1024.5,GT,17
1025.0,GT,17
1025.5,GT,17
1026.0,GT,17
1026.5,GT,17
1027.0,GT,17
1027.5,GT,17
1028.0,GT,17
1028.5,GT,17
1029.0,GT,17
1029.5,GT,17
1030.0,GT,17
1030.5,GT,17
1031.0,GT,17
1031.5,GT,17
1032.0,GT,17
1032.5,GT,18
1033.0,GT,18
1033.5,GT,18
1034.0,GT,18
1034.5,GT,18
1035.0,GT,18
1035.5,GT,18
1036.0,GT,18
1036.5,GT,18
1037.0,GT,18
1037.5,GT,18
1038.0,GT,18
1038.5,GT,18
1039.0,GT,18
1039.5,GT,18
1040.0,GT,18
1040.5,GT,18
1041.0,GT,18
1041.5,GT,18
1042.0,GT,18
1042.5,GT,18
1043.0,GT,18
1043.5,GT,18
1044.0,GT,18
1044.5,GT,18
1045.0,GT,18
1045.5,GT,18
1046.0,GT,18
1046.5,GT,18
1047.0,GT,18
1047.5,GT,18
1048.0,GT,18
1048.5,GT,18
1049.0,GT,18
1049.5,GT,18
1050.0,GT,18
1050.5,GT,18
1051.0,GT,18
1051.5,GT,18
1052.0,GT,18
1052.5,GT,18
1053.0,GT,18
1053.5,GT,17
1054.0,GT,17
1054.5,GT,17
1055.0,GT,17
1055.5,GT,17
1056.0,GT,17
1056.5,GT,17
1057.0,GT,17
1057.5,GT,17
1058.0,GT,17
1058.5,GT,17
1059.0,GT,17
1059.5,GT,17
1060.0,GT,17
1060.5,GT,17
1061.0,GT,17
1061.5,GT,17
1062.0,GT,17
1062.5,GT,17
1063.0,GT,17
1063.5,GT,17
1064.0,GT,17
1064.5,GT,17
1065.0,GT,17
1065.5,GT,17
1066.0,GT,17
1066.5,GT,17
1067.0,GT,17
1067.5,GT,17
1068.0,GT,17
1068.5,GT,17
1069.0,GT,17
1069.5,GT,17
1070.0,GT,17
1070.5,GT,17
1071.0,GT,17
1071.5,GT,17
1072.0,GT,17
1072.5,GT,17
1073.0,GT,17
1073.5,GT,17
1074.0,GT,17
1074.5,GT,17
1075.0,GT,17
1075.5,GT,17
1076.0,GT,17
1076.5,GT,17
1077.0,GT,17
1077.5,GT,17
1078.0,GT,18
1078.5,GT,18
1079.0,GT,18
1079.5,GT,18
1080.0,GT,18
1080.5,GT,18
1081.0,GT,18
1081.5,GT,18
1082.0,GT,18
1082.5,GT,18
1083.0,GT,18
1083.5,GT,18
1084.0,GT,18
1084.5,GT,18
1085.0,GT,18
1085.5,GT,18
1086.0,GT,18
1086.5,GT,18
1087.0,GT,18
1087.5,GT,18
1088.0,GT,18
1088.5,GT,18
1089.0,GT,18
1089.5,GT,18
1090.0,GT,18
1090.5,GT,18
1091.0,GT,18
1091.5,GT,18
1092.0,GT,18
1092.5,GT,18
1093.0,GT,18
1093.5,GT,18
1094.0,GT,18
1094.5,GT,18
1095.0,GT,18
1095.5,GT,18
1096.0,GT,18
1096.5,GT,18
1097.0,GT,18
1097.5,GT,18
1098.0,GT,18
1098.5,GT,18
1099.0,GT,18
1099.5,GT,18
1100.0,GT,18
1100.5,GT,18
1101.0,GT,18
1101.5,GT,16
1102.0,GT,16
1102.5,GT,16
1103.0,GT,16
1103.5,GT,16
1104.0,GT,16
1104.5,GT,16
1105.0,GT,16
1105.5,GT,16
1106.0,GT,16
1106.5,GT,16
1107.0,GT,16
1107.5,GT,16
1108.0,GT,16
1108.5,GT,16
1109.0,GT,16
1109.5,GT,16
1110.0,GT,16
1110.5,GT,16
1111.0,GT,16
1111.5,GT,16
1112.0,GT,16
1112.5,GT,16
1113.0,GT,16
1113.5,GT,16
1114.0,GT,16
1114.5,GT,16
1115.0,GT,16
1115.5,GT,16
1116.0,GT,16
1116.5,GT,16
1117.0,GT,16
1117.5,GT,16
1118.0,GT,16
1118.5,GT,16
1119.0,GT,16
1119.5,GT,16
1120.0,GT,16
1120.5,GT,16
1121.0,GT,16
1121.5,GT,16
1122.0,GT,16
1122.5,GT,16
1123.0,GT,16
1123.5,GT,16
1124.0,GT,16
1124.5,GT,16
1125.0,GT,16
1125.5,GT,16
1126.0,GT,16
1126.5,GT,16
1127.0,GT,16
1127.5,GT,16
1128.0,GT,16
1128.5,GT,16
1129.0,GT,16
1129.5,GT,16
1130.0,GT,16
1130.5,GT,16
1131.0,GT,16
1131.5,GT,16
1132.0,GT,16
1132.5,GT,16
1133.0,GT,16
1133.5,GT,16
1134.0,GT,16
1134.5,GT,16
1135.0,GT,16
1135.5,GT,16
1136.0,GT,16
1136.5,GT,16
1137.0,GT,16
1137.5,GT,16
1138.0,GT,16
1138.5,GT,16
1139.0,GT,16
1139.5,GT,16
1140.0,GT,16
1140.5,GT,16
1141.0,GT,16
1141.5,GT,16
1142.0,GT,16
1142.5,GT,16
1143.0,GT,16
1143.5,GT,16
1144.0,GT,16
1144.5,GT,16
1145.0,GT,16
1145.5,GT,16
1146.0,GT,16
1146.5,GT,16
1147.0,GT,16
1147.5,GT,16
1148.0,GT,16
1148.5,GT,16
1149.0,GT,16
1149.5,GT,16
1150.0,GT,16
1150.5,GT,16
1151.0,GT,16
1151.5,GT,16
1152.0,GT,16
1152.5,GT,16
1153.0,GT,16
1153.5,GT,16
1154.0,GT,16
1154.5,GT,16
1155.0,GT,16
1155.5,GT,16
1156.0,GT,16
1156.5,GT,16
1157.0,GT,16
1157.5,GT,16
1158.0,GT,16
1158.5,GT,16
1159.0,GT,16
1159.5,GT,16
1160.0,GT,16
1160.5,GT,16
1161.0,GT,16
1161.5,GT,16
1162.0,GT,16
1162.5,GT,16
1163.0,GT,16
1163.5,GT,16
1164.0,GT,16
1164.5,GT,16
1165.0,GT,16
1165.5,GT,16
1166.0,GT,16
1166.5,GT,16
1167.0,GT,16
1167.5,GT,16
1168.0,GT,16
1168.5,GT,16
1169.0,GT,16
1169.5,GT,16
1170.0,GT,16
1170.5,GT,16
1171.0,GT,16
1171.5,GT,16
1172.0,GT,16
1172.5,GT,16
1173.0,GT,16
1173.5,GT,16
1174.0,GT,16
1174.5,GT,16
1175.0,GT,16
1175.5,GT,16
1176.0,GT,16
1176.5,GT,16
1177.0,GT,16
1177.5,GT,16
1178.0,GT,16
1178.5,GT,16
1179.0,GT,16
1179.5,GT,16
1180.0,GT,16
1180.5,GT,16
1181.0,GT,16
1181.5,GT,16
1182.0,GT,16
1182.5,GT,16
1183.0,GT,16
1183.5,GT,16
1184.0,GT,16
1184.5,GT,16
1185.0,GT,16
1185.5,GT,16
1186.0,GT,16
1186.5,GT,16
1187.0,GT,16
1187.5,GT,16
1188.0,GT,16
1188.5,GT,16
1189.0,GT,16
1189.5,GT,16
1190.0,GT,16
1190.5,GT,16
1191.0,GT,16
1191.5,GT,16
1192.0,GT,16
1192.5,GT,16
1193.0,GT,16
1193.5,GT,16
1194.0,GT,16
1194.5,GT,16
1195.0,GT,16
1195.5,GT,16
1196.0,GT,16
1196.5,GT,16
1197.0,GT,16
1197.5,GT,16
1198.0,GT,16
1198.5,GT,16
1199.0,GT,16
1199.5,GT,16
1200.0,GT,16
1200.5,GT,16
1201.0,GT,16
1201.5,GT,16
1202.0,GT,16
1202.5,GT,16
1203.0,GT,16
1203.5,GT,16
1204.0,GT,16
1204.5,GT,16
1205.0,GT,16
1205.5,GT,16
1206.0,GT,16
1206.5,GT,16
1207.0,GT,16
1207.5,GT,16
1208.0,GT,16
1208.5,GT,16
1209.0,GT,16
1209.5,GT,16
1210.0,GT,16
1210.5,GT,18
1211.0,GT,18
1211.5,GT,18
1212.0,GT,18
1212.5,GT,18
1213.0,GT,18
1213.5,GT,18
1214.0,GT,18
1214.5,GT,18
1215.0,GT,18
1215.5,GT,18
1216.0,GT,18
1216.5,GT,18
1217.0,GT,18
1217.5,GT,18
1218.0,GT,18
1218.5,GT,18
1219.0,GT,18
1219.5,GT,18
1220.0,GT,18
1220.5,GT,18
1221.0,GT,18
1221.5,GT,18
1222.0,GT,18
1222.5,GT,18
1223.0,GT,18
1223.5,GT,18
1224.0,GT,18
1224.5,GT,18
1225.0,GT,18
1225.5,GT,18
1226.0,GT,18
1226.5,GT,18
1227.0,GT,18
1227.5,GT,18
1228.0,GT,18
1228.5,GT,18
1229.0,GT,18
1229.5,GT,10
1230.0,GT,10
1230.5,GT,10
1231.0,GT,10
1231.5,GT,10
1232.0,GT,10
1232.5,GT,10
1233.0,GT,10
1233.5,GT,10
1234.0,GT,10
1234.5,GT,10
1235.0,GT,10
1235.5,GT,10
1236.0,GT,10
1236.5,GT,10
1237.0,GT,10
1237.5,GT,10
1238.0,GT,10
1238.5,GT,10
1239.0,GT,10
1239.5,GT,10
1240.0,GT,10
1240.5,GT,10
1241.0,GT,10
1241.5,GT,10
1242.0,GT,10
1242.5,GT,10
1243.0,GT,10
1243.5,GT,10
1244.0,GT,10
1244.5,GT,10
1245.0,GT,10
1245.5,GT,10
1246.0,GT,10
1246.5,GT,10
1247.0,GT,10
1247.5,GT,10
1248.0,GT,10
1248.5,GT,10
1249.0,GT,10
1249.5,GT,10
1250.0,GT,10
1250.5,GT,10
1251.0,GT,10
1251.5,GT,10
1252.0,GT,10
1252.5,GT,10
1253.0,GT,10
1253.5,GT,10
1254.0,GT,10
1254.5,GT,10
1255.0,GT,10
1255.5,GT,10
1256.0,GT,10
1256.5,GT,18
1257.0,GT,18
1257.5,GT,18
1258.0,GT,18
1258.5,GT,18
1259.0,GT,18
1259.5,GT,18
1260.0,GT,18
1260.5,GT,18
1261.0,GT,18
1261.5,GT,18
1262.0,GT,18
1262.5,GT,18
1263.0,GT,18
1263.5,GT,18
1264.0,GT,18
1264.5,GT,18
1265.0,GT,18
1265.5,GT,18
1266.0,GT,18
1266.5,GT,18
1267.0,GT,18
1267.5,GT,18
1268.0,GT,18
1268.5,GT,18
1269.0,GT,18
1269.5,GT,18
1270.0,GT,18
1270.5,GT,18
1271.0,GT,18
1271.5,GT,18
1272.0,GT,18
1272.5,GT,18
1273.0,GT,18
1273.5,GT,18
1274.0,GT,18
1274.5,GT,18
1275.0,GT,18
1275.5,GT,18
1276.0,GT,18
1276.5,GT,18
1277.0,GT,18
1277.5,GT,18
1278.0,GT,18
1278.5,GT,18
1279.0,GT,18
1279.5,GT,18
1280.0,GT,18
1280.5,GT,18
1281.0,GT,18
1281.5,GT,18
1282.0,GT,18
1282.5,GT,18
1283.0,GT,18
1283.5,GT,18
1284.0,GT,18
1284.5,GT,18
1285.0,GT,18
1285.5,GT,18
1286.0,GT,18
1286.5,GT,18
1287.0,GT,18
1287.5,GT,18
1288.0,GT,18
1288.5,GT,18
1289.0,GT,18
1289.5,GT,18
1290.0,GT,18
1290.5,GT,18
1291.0,GT,18
1291.5,GT,18
1292.0,GT,18
1292.5,GT,18
1293.0,GT,18
1293.5,GT,18
1294.0,GT,18
1294.5,GT,18
1295.0,GT,10
1295.5,GT,10
1296.0,GT,10
1296.5,GT,10
1297.0,GT,10
1297.5,GT,10
1298.0,GT,10
1298.5,GT,10
1299.0,GT,10
1299.5,GT,10
1300.0,GT,10
1300.5,GT,10
1301.0,GT,10
1301.5,GT,10
1302.0,GT,10
1302.5,GT,10
1303.0,GT,10
1303.5,GT,10
1304.0,GT,10
1304.5,GT,10
1305.0,GT,10
1305.5,GT,10
1306.0,GT,10
1306.5,GT,10
1307.0,GT,10
1307.5,GT,10
1308.0,GT,10
1308.5,GT,10
1309.0,GT,10
1309.5,GT,10
1310.0,GT,10
1310.5,GT,10
1311.0,GT,10
1311.5,GT,10
1312.0,GT,10
1312.5,GT,10
1313.0,GT,10
1313.5,GT,10
1314.0,GT,10
1314.5,GT,10
1315.0,GT,10
1315.5,GT,10
1316.0,GT,10
1316.5,GT,10
1317.0,GT,10
1317.5,GT,10
1318.0,GT,10
1318.5,GT,10
1319.0,GT,10
1319.5,GT,10
1320.0,GT,10
1320.5,GT,10
1321.0,GT,10
1321.5,GT,10
1322.0,GT,10
1322.5,GT,10
1323.0,GT,10
1323.5,GT,10
1324.0,GT,10
1324.5,GT,18
1325.0,GT,18
1325.5,GT,18
1326.0,GT,18
1326.5,GT,18
1327.0,GT,18
1327.5,GT,18
1328.0,GT,18
1328.5,GT,18
1329.0,GT,18
1329.5,GT,18
1330.0,GT,18
1330.5,GT,18
1331.0,GT,18
1331.5,GT,18
1332.0,GT,18
1332.5,GT,18
1333.0,GT,18
1333.5,GT,18
1334.0,GT,18
1334.5,GT,18
1335.0,GT,18
1335.5,GT,18
1336.0,GT,18
1336.5,GT,18
1337.0,GT,18
1337.5,GT,18
1338.0,GT,18
1338.5,GT,18
1339.0,GT,18
1339.5,GT,18
1340.0,GT,18
1340.5,GT,18
1341.0,GT,18
1341.5,GT,18
1342.0,GT,18
1342.5,GT,18
1343.0,GT,18
1343.5,GT,18
1344.0,GT,18
1344.5,GT,18
1345.0,GT,18
1345.5,GT,18
1346.0,GT,18
1346.5,GT,18
1347.0,GT,18
1347.5,GT,18
1348.0,GT,18
1348.5,GT,18
1349.0,GT,18
1349.5,GT,18
1350.0,GT,18
1350.5,GT,18
1351.0,GT,18
1351.5,GT,18
1352.0,GT,18
1352.5,GT,18
1353.0,GT,18
1353.5,GT,18
1354.0,GT,18
1354.5,GT,18
1355.0,GT,18
1355.5,GT,18
1356.0,GT,18
1356.5,GT,18
1357.0,GT,18
1357.5,GT,18
1358.0,GT,18
1358.5,GT,18
1359.0,GT,18
1359.5,GT,18
1360.0,GT,18
1360.5,GT,18
1361.0,GT,18
1361.5,GT,18
1362.0,GT,18
1362.5,GT,18
1363.0,GT,18
1363.5,GT,18
1364.0,GT,18
1364.5,GT,18
1365.0,GT,18
1365.5,GT,18
1366.0,GT,18
1366.5,GT,18
1367.0,GT,18
1367.5,GT,10
1368.0,GT,10
1368.5,GT,10
1369.0,GT,10
1369.5,GT,10
1370.0,GT,10
1370.5,GT,10
1371.0,GT,10
1371.5,GT,10
1372.0,GT,10
1372.5,GT,10
1373.0,GT,10
1373.5,GT,10
1374.0,GT,10
1374.5,GT,10
1375.0,GT,10
1375.5,GT,10
1376.0,GT,10
1376.5,GT,10
1377.0,GT,10
1377.5,GT,10
1378.0,GT,10
1378.5,GT,10
1379.0,GT,10
1379.5,GT,10
1380.0,GT,10
1380.5,GT,10
1381.0,GT,10
1381.5,GT,10
1382.0,GT,10
1382.5,GT,10
1383.0,GT,10
1383.5,GT,10
1384.0,GT,10
1384.5,GT,10
1385.0,GT,10
1385.5,GT,10
1386.0,GT,10
1386.5,GT,10
1387.0,GT,10
1387.5,GT,10
1388.0,GT,10
1388.5,GT,10
1389.0,GT,10
1389.5,GT,10
1390.0,GT,10
1390.5,GT,10
1391.0,GT,10
1391.5,GT,10
1392.0,GT,10
1392.5,GT,10
1393.0,GT,10
1393.5,GT,10
1394.0,GT,10
1394.5,GT,10
1395.0,GT,10
1395.5,GT,10
1396.0,GT,10
1396.5,GT,10
1397.0,GT,10
1397.5,GT,10
1398.0,GT,10
1398.5,GT,10
1399.0,GT,10
1399.5,GT,10
1400.0,GT,10
1400.5,GT,10
1401.0,GT,10
1401.5,GT,10
1402.0,GT,10
1402.5,GT,10
1403.0,GT,10
1403.5,GT,10
1404.0,GT,10
1404.5,GT,10
1405.0,GT,18
1405.5,GT,18
1406.0,GT,18
1406.5,GT,18
1407.0,GT,18
1407.5,GT,18
1408.0,GT,18
1408.5,GT,18
1409.0,GT,18
1409.5,GT,18
1410.0,GT,18
1410.5,GT,18
1411.0,GT,18
1411.5,GT,18
1412.0,GT,18
1412.5,GT,18
1413.0,GT,18
1413.5,GT,18
1414.0,GT,18
1414.5,GT,18
1415.0,GT,18
1415.5,GT,18
1416.0,GT,18
1416.5,GT,18
1417.0,GT,18
1417.5,GT,18
1418.0,GT,18
1418.5,GT,18
1419.0,GT,18
1419.5,GT,18
1420.0,GT,18
1420.5,GT,18
1421.0,GT,18
1421.5,GT,18
1422.0,GT,18
1422.5,GT,18
1423.0,GT,18
1423.5,GT,18
1424.0,GT,18
1424.5,GT,18
1425.0,GT,18
1425.5,GT,18
1426.0,GT,18
1426.5,GT,18
1427.0,GT,18
1427.5,GT,18
1428.0,GT,18
1428.5,GT,18
1429.0,GT,18
1429.5,GT,18
1430.0,GT,18
1430.5,GT,18
1431.0,GT,18
1431.5,GT,18
1432.0,GT,18
1432.5,GT,18
1433.0,GT,18
1433.5,GT,18
1434.0,GT,18
1434.5,GT,18
1435.0,GT,18
1435.5,GT,18
1436.0,GT,18
1436.5,GT,18
1437.0,GT,18
1437.5,GT,0
1438.0,GT,0
1438.5,GT,0
1439.0,GT,0
1439.5,GT,0
1440.0,GT,0
1440.5,GT,0
1441.0,GT,0
1441.5,GT,0
1442.0,GT,0
1442.5,GT,0
1443.0,GT,0
1443.5,GT,0
1444.0,GT,0
1444.5,GT,0
1445.0,GT,0
1445.5,GT,0
1446.0,GT,0
1446.5,GT,0
1447.0,GT,0
1447.5,GT,0
1448.0,GT,0
1448.5,GT,0
1449.0,GT,0
1449.5,GT,0
1450.0,GT,0
1450.5,GT,0
1451.0,GT,0
1451.5,GT,0
1452.0,GT,0
1452.5,GT,0
1453.0,GT,0
1453.5,GT,0
1454.0,GT,0
1454.5,GT,0
1455.0,GT,0
1455.5,GT,0
1456.0,GT,0
1456.5,GT,0
1457.0,GT,0
1457.5,GT,0
1458.0,GT,0
1458.5,GT,0
1459.0,GT,0
1459.5,GT,0
1460.0,GT,0
1460.5,GT,0
1461.0,GT,0
1461.5,GT,0
1462.0,GT,0
1462.5,GT,0
1463.0,GT,0
1463.5,GT,0
1464.0,GT,0
1464.5,GT,0
1465.0,GT,0
1465.5,GT,0
1466.0,GT,0
1466.5,GT,0
1467.0,GT,0
1467.5,GT,0
1468.0,GT,0
1468.5,GT,0
1469.0,GT,0
1469.5,GT,0
1470.0,GT,0
1470.5,GT,0
1471.0,GT,0
1471.5,GT,0
1472.0,GT,0
1472.5,GT,0
1473.0,GT,0
1473.5,GT,0
1474.0,GT,0
1474.5,GT,0
1475.0,GT,0
1475.5,GT,0
1476.0,GT,0
1476.5,GT,0
1477.0,GT,0
1477.5,GT,0
1478.0,GT,0
1478.5,GT,0
1479.0,GT,0
1479.5,GT,0
1480.0,GT,0
1480.5,GT,0
1481.0,GT,0
1481.5,GT,0
1482.0,GT,0
1482.5,GT,0
1483.0,GT,0
1483.5,GT,0
1484.0,GT,0
1484.5,GT,0
1485.0,GT,0
1485.5,GT,0
1486.0,GT,0
1486.5,GT,0
1487.0,GT,0
1487.5,GT,0
1488.0,GT,0
1488.5,GT,0
1489.0,GT,0
1489.5,GT,0
1490.0,GT,0
1490.5,GT,0
1491.0,GT,0
1491.5,GT,0
1492.0,GT,0
1492.5,GT,0
1493.0,GT,0
1493.5,GT,0
1494.0,GT,0
1494.5,GT,0
1495.0,GT,0
1495.5,GT,0
1496.0,GT,0
1496.5,GT,0
1497.0,GT,0
1497.5,GT,0
1498.0,GT,0
1498.5,GT,0
1499.0,GT,0
1499.5,GT,0
1500.0,GT,0
1500.5,GT,0
1501.0,GT,0
1501.5,GT,0
1502.0,GT,0
1502.5,GT,0
1503.0,GT,0
1503.5,GT,0
1504.0,GT,0
1504.5,GT,0
1505.0,GT,0
1505.5,GT,0
1506.0,GT,0
1506.5,GT,0
1507.0,GT,0
1507.5,GT,0
1508.0,GT,0
1508.5,GT,0
1509.0,GT,0
1509.5,GT,0
1510.0,GT,0
1510.5,GT,0
1511.0,GT,0
1511.5,GT,0
1512.0,GT,0
1512.5,GT,0
1513.0,GT,0
1513.5,GT,0
1514.0,GT,0
1514.5,GT,0
1515.0,GT,0
1515.5,GT,0
1516.0,GT,0
1516.5,GT,0
1517.0,GT,0
1517.5,GT,0
1518.0,GT,0
1518.5,GT,0
1519.0,GT,0
1519.5,GT,0
1520.0,GT,0
1520.5,GT,0
1521.0,GT,0
1521.5,GT,0
1522.0,GT,18
1522.5,GT,18
1523.0,GT,18
1523.5,GT,18
1524.0,GT,18
1524.5,GT,18
1525.0,GT,18
1525.5,GT,18
1526.0,GT,18
1526.5,GT,18
1527.0,GT,18
1527.5,GT,18
1528.0,GT,18
1528.5,GT,18
1529.0,GT,18
1529.5,GT,18
1530.0,GT,18
1530.5,GT,18
1531.0,GT,18
1531.5,GT,18
1532.0,GT,18
1532.5,GT,18
1533.0,GT,18
1533.5,GT,18
1534.0,GT,18
1534.5,GT,18
1535.0,GT,6
1535.5,GT,6
1536.0,GT,6
1536.5,GT,6
1537.0,GT,6
1537.5,GT,6
1538.0,GT,6
1538.5,GT,6
1539.0,GT,6
1539.5,GT,6
1540.0,GT,6
1540.5,GT,6
1541.0,GT,6
1541.5,GT,6
1542.0,GT,6
1542.5,GT,6
1543.0,GT,6
1543.5,GT,6
1544.0,GT,6
1544.5,GT,6
1545.0,GT,6
1545.5,GT,6
1546.0,GT,6
1546.5,GT,6
1547.0,GT,6
1547.5,GT,6
1548.0,GT,6
1548.5,GT,6
1549.0,GT,6
1549.5,GT,6
1550.0,GT,6
1550.5,GT,6
1551.0,GT,6
1551.5,GT,6
1552.0,GT,6
1552.5,GT,6
1553.0,GT,6
1553.5,GT,6
1554.0,GT,6
1554.5,GT,6
1555.0,GT,6
1555.5,GT,6
1556.0,GT,6
1556.5,GT,6
1557.0,GT,6
1557.5,GT,6
1558.0,GT,6
1558.5,GT,6
1559.0,GT,6
1559.5,GT,6
1560.0,GT,6
1560.5,GT,6
1561.0,GT,6
1561.5,GT,6
1562.0,GT,6
1562.5,GT,6
1563.0,GT,6
1563.5,GT,6
1564.0,GT,6
1564.5,GT,6
1565.0,GT,6
1565.5,GT,6
1566.0,GT,6
1566.5,GT,6
1567.0,GT,6
1567.5,GT,6
1568.0,GT,6
1568.5,GT,6
1569.0,GT,6
1569.5,GT,6
1570.0,GT,6
1570.5,GT,6
1571.0,GT,6
1571.5,GT,6
1572.0,GT,6
1572.5,GT,6
1573.0,GT,6
1573.5,GT,6
1574.0,GT,6
1574.5,GT,6
1575.0,GT,6
1575.5,GT,6
1576.0,GT,6
1576.5,GT,6
1577.0,GT,6
1577.5,GT,6
1578.0,GT,6
1578.5,GT,6
1579.0,GT,6
1579.5,GT,6
1580.0,GT,6
1580.5,GT,6
1581.0,GT,6
1581.5,GT,6
1582.0,GT,6
1582.5,GT,6
1583.0,GT,6
1583.5,GT,6
1584.0,GT,6
1584.5,GT,6
1585.0,GT,6
1585.5,GT,6
1586.0,GT,6
1586.5,GT,6
1587.0,GT,6
1587.5,GT,6
1588.0,GT,6
1588.5,GT,6
1589.0,GT,6
1589.5,GT,6
1590.0,GT,6
1590.5,GT,6
1591.0,GT,6
1591.5,GT,6
1592.0,GT,6
1592.5,GT,6
1593.0,GT,6
1593.5,GT,6
1594.0,GT,6
1594.5,GT,6
1595.0,GT,6
1595.5,GT,6
1596.0,GT,6
1596.5,GT,6
1597.0,GT,6
1597.5,GT,6
1598.0,GT,6
1598.5,GT,6
1599.0,GT,6
1599.5,GT,6
1600.0,GT,6
1600.5,GT,6
1601.0,GT,6
1601.5,GT,6
1602.0,GT,6
1602.5,GT,6
1603.0,GT,6
1603.5,GT,6
1604.0,GT,6
1604.5,GT,6
1605.0,GT,6
1605.5,GT,6
1606.0,GT,6
1606.5,GT,6
1607.0,GT,6
1607.5,GT,6
1608.0,GT,6
1608.5,GT,6
1609.0,GT,6
1609.5,GT,6
1610.0,GT,6
1610.5,GT,6
1611.0,GT,6
1611.5,GT,6
1612.0,GT,6
1612.5,GT,6
1613.0,GT,6
1613.5,GT,6
1614.0,GT,6
1614.5,GT,6
1615.0,GT,6
1615.5,GT,6
1616.0,GT,6
1616.5,GT,6
1617.0,GT,6
1617.5,GT,6
1618.0,GT,6
1618.5,GT,6
1619.0,GT,6
1619.5,GT,6
1620.0,GT,6
1620.5,GT,6
1621.0,GT,6
1621.5,GT,6
1622.0,GT,6
1622.5,GT,6
1623.0,GT,6
1623.5,GT,6
1624.0,GT,6
1624.5,GT,6
1625.0,GT,6
1625.5,GT,6
1626.0,GT,6
1626.5,GT,6
1627.0,GT,6
1627.5,GT,6
1628.0,GT,6
1628.5,GT,6
1629.0,GT,6
1629.5,GT,6
1630.0,GT,6
1630.5,GT,6
1631.0,GT,6
1631.5,GT,6
1632.0,GT,6
1632.5,GT,6
1633.0,GT,6
1633.5,GT,6
1634.0,GT,6
1634.5,GT,6
1635.0,GT,6
1635.5,GT,6
1636.0,GT,6
1636.5,GT,6
1637.0,GT,6
1637.5,GT,6
1638.0,GT,6
1638.5,GT,6
1639.0,GT,6
1639.5,GT,6
1640.0,GT,6
1640.5,GT,6
1641.0,GT,18
1641.5,GT,18
1642.0,GT,18
1642.5,GT,18
1643.0,GT,18
1643.5,GT,18
1644.0,GT,18
1644.5,GT,18
1645.0,GT,18
1645.5,GT,18
1646.0,GT,18
1646.5,GT,18
1647.0,GT,18
1647.5,GT,18
1648.0,GT,18
1648.5,GT,18
1649.0,GT,18
1649.5,GT,18
1650.0,GT,18
1650.5,GT,18
1651.0,GT,18
1651.5,GT,18
1652.0,GT,18
1652.5,GT,18
1653.0,GT,18
1653.5,GT,18
1654.0,GT,18
1654.5,GT,18
1655.0,GT,18
1655.5,GT,18
1656.0,GT,18
1656.5,GT,18
1657.0,GT,18
1657.5,GT,18
1658.0,GT,18
1658.5,GT,18
1659.0,GT,18
1659.5,GT,18
1660.0,GT,18
1660.5,GT,18
1661.0,GT,18
1661.5,GT,18
1662.0,GT,18
1662.5,GT,18
1663.0,GT,18
1663.5,GT,18
1664.0,GT,18
1664.5,GT,18
1665.0,GT,18
1665.5,GT,18
1666.0,GT,18
1666.5,GT,18
1667.0,GT,18
1667.5,GT,18
1668.0,GT,18
1668.5,GT,18
1669.0,GT,12
1669.5,GT,12
1670.0,GT,12
1670.5,GT,12
1671.0,GT,12
1671.5,GT,12
1672.0,GT,12
1672.5,GT,12
1673.0,GT,12
1673.5,GT,12
1674.0,GT,12
1674.5,GT,12
1675.0,GT,12
1675.5,GT,12
1676.0,GT,12
1676.5,GT,12
1677.0,GT,12
1677.5,GT,12
1678.0,GT,12
1678.5,GT,12
1679.0,GT,12
1679.5,GT,12
1680.0,GT,12
1680.5,GT,12
1681.0,GT,12
1681.5,GT,12
1682.0,GT,12
1682.5,GT,12
1683.0,GT,12
1683.5,GT,12
1684.0,GT,12
1684.5,GT,12
1685.0,GT,12
1685.5,GT,12
1686.0,GT,12
1686.5,GT,12
1687.0,GT,12
1687.5,GT,12
1688.0,GT,12
1688.5,GT,12
1689.0,GT,12
1689.5,GT,12
1690.0,GT,12
1690.5,GT,12
1691.0,GT,12
1691.5,GT,12
1692.0,GT,12
1692.5,GT,12
1693.0,GT,12
1693.5,GT,12
1694.0,GT,12
1694.5,GT,12
1695.0,GT,12
1695.5,GT,12
1696.0,GT,12
1696.5,GT,12
1697.0,GT,12
1697.5,GT,12
1698.0,GT,12
1698.5,GT,12
1699.0,GT,12
1699.5,GT,12
1700.0,GT,12
1700.5,GT,12
1701.0,GT,12
1701.5,GT,12
1702.0,GT,12
1702.5,GT,12
1703.0,GT,12
1703.5,GT,12
1704.0,GT,12
1704.5,GT,12
1705.0,GT,12
1705.5,GT,12
1706.0,GT,12
1706.5,GT,18
1707.0,GT,18
1707.5,GT,18
1708.0,GT,18
1708.5,GT,18
1709.0,GT,18
1709.5,GT,18
1710.0,GT,18
1710.5,GT,18
1711.0,GT,18
1711.5,GT,18
1712.0,GT,18
1712.5,GT,18
1713.0,GT,18
1713.5,GT,18
1714.0,GT,18
1714.5,GT,18
1715.0,GT,18
1715.5,GT,18
1716.0,GT,18
1716.5,GT,18
1717.0,GT,18
1717.5,GT,18
1718.0,GT,18
1718.5,GT,18
1719.0,GT,18
1719.5,GT,18
1720.0,GT,18
1720.5,GT,18
1721.0,GT,18
1721.5,GT,18
1722.0,GT,18
1722.5,GT,18
1723.0,GT,18
1723.5,GT,18
1724.0,GT,18
1724.5,GT,18
1725.0,GT,18
1725.5,GT,18
1726.0,GT,18
1726.5,GT,18
1727.0,GT,18
1727.5,GT,18
1728.0,GT,18
1728.5,GT,18
1729.0,GT,18
1729.5,GT,18
1730.0,GT,18
1730.5,GT,18
1731.0,GT,18
1731.5,GT,18
1732.0,GT,18
1732.5,GT,18
1733.0,GT,18
1733.5,GT,18
1734.0,GT,18
1734.5,GT,18
1735.0,GT,18
1735.5,GT,18
1736.0,GT,18
1736.5,GT,18
1737.0,GT,18
1737.5,GT,18
1738.0,GT,18
1738.5,GT,18
1739.0,GT,18
1739.5,GT,18
1740.0,GT,18
1740.5,GT,18
1741.0,GT,18
1741.5,GT,18
1742.0,GT,18
1742.5,GT,18
1743.0,GT,18
1743.5,GT,18
1744.0,GT,18
1744.5,GT,18
1745.0,GT,12
1745.5,GT,12
1746.0,GT,12
1746.5,GT,12
1747.0,GT,12
1747.5,GT,12
1748.0,GT,12
1748.5,GT,12
1749.0,GT,12
1749.5,GT,12
1750.0,GT,12
1750.5,GT,12
1751.0,GT,12
1751.5,GT,12
1752.0,GT,12
1752.5,GT,12
1753.0,GT,12
1753.5,GT,12
1754.0,GT,12
1754.5,GT,12
1755.0,GT,12
1755.5,GT,12
1756.0,GT,12
1756.5,GT,12
1757.0,GT,12
1757.5,GT,12
1758.0,GT,12
1758.5,GT,12
1759.0,GT,12
1759.5,GT,12
1760.0,GT,12
1760.5,GT,12
1761.0,GT,12
1761.5,GT,12
1762.0,GT,12
1762.5,GT,12
1763.0,GT,12
1763.5,GT,12
1764.0,GT,12
1764.5,GT,12
1765.0,GT,12
1765.5,GT,12
1766.0,GT,12
1766.5,GT,12
1767.0,GT,12
1767.5,GT,12
1768.0,GT,12
1768.5,GT,12
1769.0,GT,12
1769.5,GT,12
1770.0,GT,12
1770.5,GT,12
1771.0,GT,12
1771.5,GT,12
1772.0,GT,12
1772.5,GT,12
1773.0,GT,12
1773.5,GT,12
1774.0,GT,12
1774.5,GT,12
1775.0,GT,12
1775.5,GT,12
1776.0,GT,12
1776.5,GT,12
1777.0,GT,12
1777.5,GT,12
1778.0,GT,12
1778.5,GT,12
1779.0,GT,12
1779.5,GT,12
1780.0,GT,12
1780.5,GT,12
1781.0,GT,12
1781.5,GT,12
1782.0,GT,12
1782.5,GT,12
1783.0,GT,12
1783.5,GT,12
1784.0,GT,18
1784.5,GT,18
1785.0,GT,18
1785.5,GT,18
1786.0,GT,18
1786.5,GT,18
1787.0,GT,18
1787.5,GT,18
1788.0,GT,18
1788.5,GT,18
1789.0,GT,18
1789.5,GT,18
1790.0,GT,18
1790.5,GT,18
1791.0,GT,18
1791.5,GT,18
1792.0,GT,18
1792.5,GT,18
1793.0,GT,18
1793.5,GT,18
1794.0,GT,18
1794.5,GT,18
1795.0,GT,18
1795.5,GT,18
1796.0,GT,18
1796.5,GT,18
1797.0,GT,18
1797.5,GT,18
1798.0,GT,18
1798.5,GT,18
1799.0,GT,18
1799.5,GT,18
1800.0,GT,18
1800.5,GT,18
1801.0,GT,18
1801.5,GT,18
1802.0,GT,18
1802.5,GT,18
1803.0,GT,18
1803.5,GT,18
1804.0,GT,18
1804.5,GT,18
1805.0,GT,18
1805.5,GT,18
1806.0,GT,18
1806.5,GT,18
1807.0,GT,18
1807.5,GT,18
1808.0,GT,18
1808.5,GT,18
1809.0,GT,18
1809.5,GT,18
1810.0,GT,18
1810.5,GT,18
1811.0,GT,18
1811.5,GT,18
1812.0,GT,18
1812.5,GT,18
1813.0,GT,18
1813.5,GT,18
1814.0,GT,18
1814.5,GT,18
1815.0,GT,18
1815.5,GT,18
1816.0,GT,18
1816.5,GT,18
1817.0,GT,18
1817.5,GT,18
1818.0,GT,12
1818.5,GT,12
1819.0,GT,12
1819.5,GT,12
1820.0,GT,12
1820.5,GT,12
1821.0,GT,12
1821.5,GT,12
1822.0,GT,12
1822.5,GT,12
1823.0,GT,12
1823.5,GT,12
1824.0,GT,12
1824.5,GT,12
1825.0,GT,12
1825.5,GT,12
1826.0,GT,12
1826.5,GT,12
1827.0,GT,12
1827.5,GT,12
1828.0,GT,12
1828.5,GT,12
1829.0,GT,12
1829.5,GT,12
1830.0,GT,12
1830.5,GT,12
1831.0,GT,12
1831.5,GT,12
1832.0,GT,12
1832.5,GT,12
1833.0,GT,12
1833.5,GT,12
1834.0,GT,12
1834.5,GT,12
1835.0,GT,12
1835.5,GT,12
1836.0,GT,12
1836.5,GT,12
1837.0,GT,12
1837.5,GT,12
1838.0,GT,12
1838.5,GT,12
1839.0,GT,12
1839.5,GT,12
1840.0,GT,12
1840.5,GT,12
1841.0,GT,12
1841.5,GT,12
1842.0,GT,12
1842.5,GT,12
1843.0,GT,12
1843.5,GT,12
1844.0,GT,12
1844.5,GT,12
1845.0,GT,12
1845.5,GT,12
1846.0,GT,12
1846.5,GT,12
1847.0,GT,12
1847.5,GT,12
1848.0,GT,12
1848.5,GT,12
1849.0,GT,12
1849.5,GT,12
1850.0,GT,12
1850.5,GT,12
1851.0,GT,12
1851.5,GT,12
1852.0,GT,12
1852.5,GT,12
1853.0,GT,12
1853.5,GT,12
1854.0,GT,12
1854.5,GT,12
1855.0,GT,12
1855.5,GT,12
1856.0,GT,12
1856.5,GT,12
1857.0,GT,12
1857.5,GT,12
1858.0,GT,12
1858.5,GT,12
1859.0,GT,12
1859.5,GT,12
1860.0,GT,18
1860.5,GT,18
1861.0,GT,18
1861.5,GT,18
1862.0,GT,18
1862.5,GT,18
1863.0,GT,18
1863.5,GT,18
1864.0,GT,18
1864.5,GT,18
1865.0,GT,18
1865.5,GT,18
1866.0,GT,18
1866.5,GT,18
1867.0,GT,18
1867.5,GT,18
1868.0,GT,18
1868.5,GT,18
1869.0,GT,18
1869.5,GT,18
1870.0,GT,18
1870.5,GT,18
1871.0,GT,18
1871.5,GT,18
1872.0,GT,18
1872.5,GT,18
1873.0,GT,18
1873.5,GT,18
1874.0,GT,18
1874.5,GT,18
1875.0,GT,18
1875.5,GT,18
1876.0,GT,18
1876.5,GT,18
1877.0,GT,18
1877.5,GT,18
1878.0,GT,18
1878.5,GT,18
1879.0,GT,18
1879.5,GT,18
1880.0,GT,18
1880.5,GT,1
1881.0,GT,1
1881.5,GT,1
1882.0,GT,1
1882.5,GT,1
1883.0,GT,1
1883.5,GT,1
1884.0,GT,1
1884.5,GT,1
1885.0,GT,1
1885.5,GT,1
1886.0,GT,1
1886.5,GT,1
1887.0,GT,1
1887.5,GT,1
1888.0,GT,1
1888.5,GT,1
1889.0,GT,1
1889.5,GT,1
1890.0,GT,1
1890.5,GT,1
1891.0,GT,1
1891.5,GT,1
1892.0,GT,1
1892.5,GT,1
1893.0,GT,1
1893.5,GT,1
1894.0,GT,1
1894.5,GT,1
1895.0,GT,1
1895.5,GT,1
1896.0,GT,1
1896.5,GT,1
1897.0,GT,1
1897.5,GT,1
1898.0,GT,1
1898.5,GT,1
1899.0,GT,1
1899.5,GT,1
1900.0,GT,1
1900.5,GT,1
1901.0,GT,1
1901.5,GT,1
1902.0,GT,1
1902.5,GT,1
1903.0,GT,1
1903.5,GT,1
1904.0,GT,1
1904.5,GT,1
1905.0,GT,1
1905.5,GT,1
1906.0,GT,1
1906.5,GT,1
1907.0,GT,1
1907.5,GT,1
1908.0,GT,1
1908.5,GT,1
1909.0,GT,1
1909.5,GT,1
1910.0,GT,1
1910.5,GT,1
1911.0,GT,1
1911.5,GT,1
1912.0,GT,1
1912.5,GT,1
1913.0,GT,1
1913.5,GT,1
1914.0,GT,1
1914.5,GT,1
1915.0,GT,1
1915.5,GT,1
1916.0,GT,1
1916.5,GT,1
1917.0,GT,1
1917.5,GT,1
1918.0,GT,1
1918.5,GT,1
1919.0,GT,1
1919.5,GT,1
1920.0,GT,1
1920.5,GT,1
1921.0,GT,1
1921.5,GT,1
1922.0,GT,1
1922.5,GT,1
1923.0,GT,1
1923.5,GT,1
1924.0,GT,1
1924.5,GT,1
1925.0,GT,1
1925.5,GT,1
1926.0,GT,1
1926.5,GT,1
1927.0,GT,1
1927.5,GT,1
1928.0,GT,1
1928.5,GT,1
1929.0,GT,1
1929.5,GT,1
1930.0,GT,1
1930.5,GT,1
1931.0,GT,1
1931.5,GT,1
1932.0,GT,1
1932.5,GT,1
1933.0,GT,1
1933.5,GT,1
1934.0,GT,1
1934.5,GT,1
1935.0,GT,1
1935.5,GT,1
1936.0,GT,1
1936.5,GT,1
1937.0,GT,1
1937.5,GT,1
1938.0,GT,1
1938.5,GT,1
1939.0,GT,1
1939.5,GT,1
1940.0,GT,1
1940.5,GT,1
1941.0,GT,1
1941.5,GT,1
1942.0,GT,1
1942.5,GT,1
1943.0,GT,1
1943.5,GT,1
1944.0,GT,1
1944.5,GT,1
1945.0,GT,1
1945.5,GT,1
1946.0,GT,1
1946.5,GT,1
1947.0,GT,1
1947.5,GT,1
1948.0,GT,1
1948.5,GT,1
1949.0,GT,1
1949.5,GT,1
1950.0,GT,1
1950.5,GT,1
1951.0,GT,1
1951.5,GT,1
1952.0,GT,1
1952.5,GT,1
1953.0,GT,1
1953.5,GT,1
1954.0,GT,1
1954.5,GT,1
1955.0,GT,1
1955.5,GT,1
1956.0,GT,1
1956.5,GT,1
1957.0,GT,1
1957.5,GT,1
1958.0,GT,1
1958.5,GT,1
1959.0,GT,1
1959.5,GT,1
1960.0,GT,1
1960.5,GT,1
1961.0,GT,1
1961.5,GT,1
1962.0,GT,1
1962.5,GT,1
1963.0,GT,1
1963.5,GT,1
1964.0,GT,1
1964.5,GT,1
1965.0,GT,1
1965.5,GT,1
1966.0,GT,1
1966.5,GT,1
1967.0,GT,1
1967.5,GT,1
1968.0,GT,1
1968.5,GT,1
1969.0,GT,1
1969.5,GT,1
1970.0,GT,1
1970.5,GT,1
1971.0,GT,1
1971.5,GT,1
1972.0,GT,1
1972.5,GT,1
1973.0,GT,1
1973.5,GT,18
1974.0,GT,18
1974.5,GT,18
1975.0,GT,18
1975.5,GT,18
1976.0,GT,18
1976.5,GT,18
1977.0,GT,18
1977.5,GT,18
1978.0,GT,18
1978.5,GT,18
1979.0,GT,18
1979.5,GT,18
1980.0,GT,18
1980.5,GT,18
1981.0,GT,18
1981.5,GT,18
1982.0,GT,18
1982.5,GT,18
1983.0,GT,18
1983.5,GT,18
1984.0,GT,18
1984.5,GT,18
1985.0,GT,18
1985.5,GT,18
1986.0,GT,18
1986.5,GT,18
1987.0,GT,18
1987.5,GT,18
1988.0,GT,18
1988.5,GT,18
1989.0,GT,18
1989.5,GT,18
1990.0,GT,18
1990.5,GT,18
1991.0,GT,18
1991.5,GT,18
1992.0,GT,18
1992.5,GT,18
1993.0,GT,18
1993.5,GT,18
1994.0,GT,18
1994.5,GT,18
1995.0,GT,18
1995.5,GT,18
1996.0,GT,18
1996.5,GT,18
1997.0,GT,18
1997.5,GT,18
1998.0,GT,18
1998.5,GT,18
1999.0,GT,18
1999.5,GT,18
2000.0,GT,18
2000.5,GT,18
2001.0,GT,18
2001.5,GT,5
2002.0,GT,5
2002.5,GT,5
2003.0,GT,5
2003.5,GT,5
2004.0,GT,5
2004.5,GT,5
2005.0,GT,5
2005.5,GT,5
2006.0,GT,5
2006.5,GT,5
2007.0,GT,5
2007.5,GT,5
2008.0,GT,5
2008.5,GT,5
2009.0,GT,5
2009.5,GT,5
2010.0,GT,5
2010.5,GT,5
2011.0,GT,5
2011.5,GT,5
2012.0,GT,5
2012.5,GT,5
2013.0,GT,5
2013.5,GT,5
2014.0,GT,5
2014.5,GT,5
2015.0,GT,5
2015.5,GT,5
2016.0,GT,5
2016.5,GT,5
2017.0,GT,5
2017.5,GT,5
2018.0,GT,5
2018.5,GT,5
2019.0,GT,5
2019.5,GT,5
2020.0,GT,5
2020.5,GT,5
2021.0,GT,5
2021.5,GT,5
2022.0,GT,5
2022.5,GT,5
2023.0,GT,5
2023.5,GT,5
2024.0,GT,5
2024.5,GT,5
2025.0,GT,5
2025.5,GT,5
2026.0,GT,5
2026.5,GT,5
2027.0,GT,5
2027.5,GT,5
2028.0,GT,5
2028.5,GT,5
2029.0,GT,5
2029.5,GT,5
2030.0,GT,5
2030.5,GT,5
2031.0,GT,5
2031.5,GT,5
2032.0,GT,5
2032.5,GT,5
2033.0,GT,5
2033.5,GT,5
2034.0,GT,5
2034.5,GT,5
2035.0,GT,5
2035.5,GT,5
2036.0,GT,5
2036.5,GT,5
2037.0,GT,5
2037.5,GT,5
2038.0,GT,5
2038.5,GT,5
2039.0,GT,5
2039.5,GT,5
2040.0,GT,5
2040.5,GT,5
2041.0,GT,5
2041.5,GT,5
2042.0,GT,5
2042.5,GT,5
2043.0,GT,5
2043.5,GT,5
2044.0,GT,5
2044.5,GT,5
2045.0,GT,5
2045.5,GT,5
2046.0,GT,5
2046.5,GT,5
2047.0,GT,5
2047.5,GT,5
2048.0,GT,5
2048.5,GT,5
2049.0,GT,5
2049.5,GT,5
2050.0,GT,5
2050.5,GT,5
2051.0,GT,5
2051.5,GT,5
2052.0,GT,5
2052.5,GT,5
2053.0,GT,5
2053.5,GT,5
2054.0,GT,5
2054.5,GT,5
2055.0,GT,5
2055.5,GT,5
2056.0,GT,5
2056.5,GT,5
2057.0,GT,5
2057.5,GT,5
2058.0,GT,5
2058.5,GT,5
2059.0,GT,5
2059.5,GT,5
2060.0,GT,5
2060.5,GT,5
2061.0,GT,5
2061.5,GT,5
2062.0,GT,5
2062.5,GT,5
2063.0,GT,5
2063.5,GT,5
2064.0,GT,5
2064.5,GT,5
2065.0,GT,5
2065.5,GT,5
2066.0,GT,5
2066.5,GT,5
2067.0,GT,5
2067.5,GT,5
2068.0,GT,5
2068.5,GT,5
2069.0,GT,5
2069.5,GT,5
2070.0,GT,5
2070.5,GT,5
2071.0,GT,5
2071.5,GT,5
2072.0,GT,5
2072.5,GT,5
2073.0,GT,5
2073.5,GT,5
2074.0,GT,5
2074.5,GT,5
2075.0,GT,5
2075.5,GT,5
2076.0,GT,5
2076.5,GT,5
2077.0,GT,5
2077.5,GT,5
2078.0,GT,5
2078.5,GT,5
2079.0,GT,5
2079.5,GT,5
2080.0,GT,5
2080.5,GT,5
2081.0,GT,5
2081.5,GT,5
2082.0,GT,5
2082.5,GT,5
2083.0,GT,5
2083.5,GT,5
2084.0,GT,5
2084.5,GT,5
2085.0,GT,5
2085.5,GT,5
2086.0,GT,5
2086.5,GT,5
2087.0,GT,5
2087.5,GT,5
2088.0,GT,5
2088.5,GT,5
2089.0,GT,5
2089.5,GT,5
2090.0,GT,5
2090.5,GT,5
2091.0,GT,5
2091.5,GT,5
2092.0,GT,5
2092.5,GT,5
2093.0,GT,5
2093.5,GT,5
2094.0,GT,5
2094.5,GT,5
2095.0,GT,5
2095.5,GT,5
2096.0,GT,5
2096.5,GT,5
2097.0,GT,5
2097.5,GT,5
2098.0,GT,5
2098.5,GT,5
2099.0,GT,5
2099.5,GT,5
2100.0,GT,5
2100.5,GT,5
2101.0,GT,5
2101.5,GT,5
2102.0,GT,5
2102.5,GT,5
2103.0,GT,5
2103.5,GT,5
2104.0,GT,5
2104.5,GT,5
2105.0,GT,5
2105.5,GT,5
2106.0,GT,5
2106.5,GT,18
2107.0,GT,18
2107.5,GT,18
2108.0,GT,18
2108.5,GT,18
2109.0,GT,18
2109.5,GT,18
2110.0,GT,18
2110.5,GT,18
2111.0,GT,18
2111.5,GT,18
2112.0,GT,18
2112.5,GT,18
2113.0,GT,18
2113.5,GT,18
2114.0,GT,18
2114.5,GT,18
2115.0,GT,18
2115.5,GT,18
2116.0,GT,18
2116.5,GT,18
2117.0,GT,18
2117.5,GT,18
2118.0,GT,18
2118.5,GT,18
2119.0,GT,18
2119.5,GT,18
2120.0,GT,18
2120.5,GT,18
2121.0,GT,18
2121.5,GT,18
2122.0,GT,18
2122.5,GT,18
2123.0,GT,18
2123.5,GT,18
2124.0,GT,18
2124.5,GT,18
2125.0,GT,18
2125.5,GT,18
2126.0,GT,18
2126.5,GT,18
2127.0,GT,18
2127.5,GT,18
2128.0,GT,18
2128.5,GT,18
2129.0,GT,18
2129.5,GT,18
2130.0,GT,18
2130.5,GT,18
2131.0,GT,18
2131.5,GT,18
2132.0,GT,18
2132.5,GT,18
2133.0,GT,18
2133.5,GT,18
2134.0,GT,18
2134.5,GT,18
2135.0,GT,18
2135.5,GT,18
2136.0,GT,18
2136.5,GT,18
2137.0,GT,18
2137.5,GT,18
2138.0,GT,18
2138.5,GT,18
2139.0,GT,18
2139.5,GT,18
2140.0,GT,18
2140.5,GT,18
2141.0,GT,18
2141.5,GT,18
2142.0,GT,18
2142.5,GT,18
2143.0,GT,18
2143.5,GT,18
2144.0,GT,18
2144.5,GT,18
2145.0,GT,18
2145.5,GT,18
2146.0,GT,18
2146.5,GT,18
2147.0,GT,18
2147.5,GT,18
2148.0,GT,18
2148.5,GT,18
2149.0,GT,18
2149.5,GT,18
2150.0,GT,18
2150.5,GT,18
2151.0,GT,18
2151.5,GT,18
2152.0,GT,18
2152.5,GT,18
2153.0,GT,18
2153.5,GT,18
2154.0,GT,18
2154.5,GT,18
2155.0,GT,18
2155.5,GT,18
2156.0,GT,18
2156.5,GT,18
2157.0,GT,18
2157.5,GT,18
2158.0,GT,18
2158.5,GT,11
2159.0,GT,11
2159.5,GT,11
2160.0,GT,11
2160.5,GT,11
2161.0,GT,11
2161.5,GT,11
2162.0,GT,11
2162.5,GT,11
2163.0,GT,11
2163.5,GT,11
2164.0,GT,11
2164.5,GT,11
2165.0,GT,11
2165.5,GT,11
2166.0,GT,11
2166.5,GT,11
2167.0,GT,11
2167.5,GT,11
2168.0,GT,11
2168.5,GT,11
2169.0,GT,11
2169.5,GT,11
2170.0,GT,11
2170.5,GT,11
2171.0,GT,11
2171.5,GT,11
2172.0,GT,11
2172.5,GT,11
2173.0,GT,11
2173.5,GT,11
2174.0,GT,11
2174.5,GT,11
2175.0,GT,11
2175.5,GT,11
2176.0,GT,11
2176.5,GT,11
2177.0,GT,11
2177.5,GT,11
2178.0,GT,11
2178.5,GT,11
2179.0,GT,11
2179.5,GT,11
2180.0,GT,11
2180.5,GT,11
2181.0,GT,11
2181.5,GT,11
2182.0,GT,11
2182.5,GT,11
2183.0,GT,11
2183.5,GT,11
2184.0,GT,11
2184.5,GT,11
2185.0,GT,11
2185.5,GT,11
2186.0,GT,11
2186.5,GT,11
2187.0,GT,11
2187.5,GT,11
2188.0,GT,11
2188.5,GT,11
2189.0,GT,11
2189.5,GT,11
2190.0,GT,11
2190.5,GT,11
2191.0,GT,11
2191.5,GT,11
2192.0,GT,11
2192.5,GT,11
2193.0,GT,11
2193.5,GT,11
2194.0,GT,11
2194.5,GT,11
2195.0,GT,11
2195.5,GT,11
2196.0,GT,11
2196.5,GT,18
2197.0,GT,18
2197.5,GT,18
2198.0,GT,18
2198.5,GT,18
2199.0,GT,18
2199.5,GT,18
2200.0,GT,18
2200.5,GT,18
2201.0,GT,18
2201.5,GT,18
2202.0,GT,18
2202.5,GT,18
2203.0,GT,18
2203.5,GT,18
2204.0,GT,18
2204.5,GT,18
2205.0,GT,18
2205.5,GT,18
2206.0,GT,18
2206.5,GT,18
2207.0,GT,18
2207.5,GT,18
2208.0,GT,18
2208.5,GT,18
2209.0,GT,18
2209.5,GT,18
2210.0,GT,18
2210.5,GT,18
2211.0,GT,18
2211.5,GT,18
2212.0,GT,18
2212.5,GT,18
2213.0,GT,18
2213.5,GT,18
2214.0,GT,18
2214.5,GT,18
2215.0,GT,18
2215.5,GT,18
2216.0,GT,18
2216.5,GT,18
2217.0,GT,18
2217.5,GT,18
2218.0,GT,18
2218.5,GT,18
2219.0,GT,18
2219.5,GT,18
2220.0,GT,18
2220.5,GT,18
2221.0,GT,18
2221.5,GT,18
2222.0,GT,18
2222.5,GT,18
2223.0,GT,18
2223.5,GT,18
2224.0,GT,11
2224.5,GT,11
2225.0,GT,11
2225.5,GT,11
2226.0,GT,11
2226.5,GT,11
2227.0,GT,11
2227.5,GT,11
2228.0,GT,11
2228.5,GT,11
2229.0,GT,11
2229.5,GT,11
2230.0,GT,11
2230.5,GT,11
2231.0,GT,11
2231.5,GT,11
2232.0,GT,11
2232.5,GT,11
2233.0,GT,11
2233.5,GT,11
2234.0,GT,11
2234.5,GT,11
2235.0,GT,11
2235.5,GT,11
2236.0,GT,11
2236.5,GT,11
2237.0,GT,11
2237.5,GT,11
2238.0,GT,11
2238.5,GT,11
2239.0,GT,11
2239.5,GT,11
2240.0,GT,11
2240.5,GT,11
2241.0,GT,11
2241.5,GT,11
2242.0,GT,11
2242.5,GT,11
2243.0,GT,11
2243.5,GT,11
2244.0,GT,11
2244.5,GT,11
2245.0,GT,11
2245.5,GT,11
2246.0,GT,11
2246.5,GT,11
2247.0,GT,11
2247.5,GT,11
2248.0,GT,11
2248.5,GT,11
2249.0,GT,11
2249.5,GT,11
2250.0,GT,11
2250.5,GT,11
2251.0,GT,11
2251.5,GT,11
2252.0,GT,11
2252.5,GT,11
2253.0,GT,11
2253.5,GT,11
2254.0,GT,11
2254.5,GT,11
2255.0,GT,11
2255.5,GT,11
2256.0,GT,11
2256.5,GT,11
2257.0,GT,11
2257.5,GT,11
2258.0,GT,11
2258.5,GT,11
2259.0,GT,11
2259.5,GT,11
2260.0,GT,11
2260.5,GT,11
2261.0,GT,11
2261.5,GT,11
2262.0,GT,11
2262.5,GT,11
2263.0,GT,11
2263.5,GT,11
2264.0,GT,11
2264.5,GT,11
2265.0,GT,11
2265.5,GT,11
2266.0,GT,11
2266.5,GT,11
2267.0,GT,11
2267.5,GT,11
2268.0,GT,11
2268.5,GT,11
2269.0,GT,11
2269.5,GT,11
2270.0,GT,11
2270.5,GT,11
2271.0,GT,11
2271.5,GT,11
2272.0,GT,11
2272.5,GT,11
2273.0,GT,11
2273.5,GT,11
2274.0,GT,11
2274.5,GT,11
2275.0,GT,11
2275.5,GT,18
2276.0,GT,18
2276.5,GT,18
2277.0,GT,18
2277.5,GT,18
2278.0,GT,18
2278.5,GT,18
2279.0,GT,18
2279.5,GT,18
2280.0,GT,18
2280.5,GT,18
2281.0,GT,18
2281.5,GT,18
2282.0,GT,18
2282.5,GT,18
2283.0,GT,18
2283.5,GT,18
2284.0,GT,18
2284.5,GT,18
2285.0,GT,18
2285.5,GT,18
2286.0,GT,18
2286.5,GT,18
2287.0,GT,18
2287.5,GT,18
2288.0,GT,18
2288.5,GT,18
2289.0,GT,18
2289.5,GT,18
2290.0,GT,18
2290.5,GT,18
2291.0,GT,18
2291.5,GT,18
2292.0,GT,18
2292.5,GT,18
2293.0,GT,18
2293.5,GT,18
2294.0,GT,18
2294.5,GT,18
2295.0,GT,18
2295.5,GT,18
2296.0,GT,18
2296.5,GT,18
2297.0,GT,18
2297.5,GT,18
2298.0,GT,18
2298.5,GT,18
2299.0,GT,18
2299.5,GT,18
2300.0,GT,18
2300.5,GT,18
2301.0,GT,18
2301.5,GT,18
2302.0,GT,18
2302.5,GT,18
2303.0,GT,18
2303.5,GT,18
2304.0,GT,18
2304.5,GT,18
2305.0,GT,18
2305.5,GT,18
2306.0,GT,18
2306.5,GT,18
2307.0,GT,18
2307.5,GT,18
2308.0,GT,18
2308.5,GT,18
2309.0,GT,18
2309.5,GT,18
2310.0,GT,18
2310.5,GT,18
2311.0,GT,18
2311.5,GT,18
2312.0,GT,18
2312.5,GT,18
2313.0,GT,18
2313.5,GT,18
2314.0,GT,18
2314.5,GT,18
2315.0,GT,11
2315.5,GT,11
2316.0,GT,11
2316.5,GT,11
2317.0,GT,11
2317.5,GT,11
2318.0,GT,11
2318.5,GT,11
2319.0,GT,11
2319.5,GT,11
2320.0,GT,11
2320.5,GT,11
2321.0,GT,11
2321.5,GT,11
2322.0,GT,11
2322.5,GT,11
2323.0,GT,11
2323.5,GT,11
2324.0,GT,11
2324.5,GT,11
2325.0,GT,11
2325.5,GT,11
2326.0,GT,11
2326.5,GT,11
2327.0,GT,11
2327.5,GT,11
2328.0,GT,11
2328.5,GT,11
2329.0,GT,11
2329.5,GT,11
2330.0,GT,11
2330.5,GT,11
2331.0,GT,11
2331.5,GT,11
2332.0,GT,11
2332.5,GT,11
2333.0,GT,11
2333.5,GT,11
2334.0,GT,11
2334.5,GT,11
2335.0,GT,11
2335.5,GT,11
2336.0,GT,11
2336.5,GT,11
2337.0,GT,11
2337.5,GT,11
2338.0,GT,11
2338.5,GT,11
2339.0,GT,11
2339.5,GT,11
2340.0,GT,11
2340.5,GT,11
2341.0,GT,11
2341.5,GT,11
2342.0,GT,11
2342.5,GT,11
2343.0,GT,11
2343.5,GT,11
2344.0,GT,11
2344.5,GT,11
2345.0,GT,11
2345.5,GT,11
2346.0,GT,11
2346.5,GT,11
2347.0,GT,11
2347.5,GT,11
2348.0,GT,11
2348.5,GT,11
2349.0,GT,11
2349.5,GT,11
2350.0,GT,11
2350.5,GT,11
2351.0,GT,11
2351.5,GT,11
2352.0,GT,11
2352.5,GT,11
2353.0,GT,11
2353.5,GT,11
2354.0,GT,11
2354.5,GT,11
2355.0,GT,11
2355.5,GT,11
2356.0,GT,11
2356.5,GT,11
2357.0,GT,11
2357.5,GT,11
2358.0,GT,11
2358.5,GT,11
2359.0,GT,11
2359.5,GT,11
2360.0,GT,11
2360.5,GT,11
2361.0,GT,11
2361.5,GT,11
2362.0,GT,11
2362.5,GT,11
2363.0,GT,11
2363.5,GT,11
2364.0,GT,11
2364.5,GT,11
2365.0,GT,11
2365.5,GT,11
2366.0,GT,11
2366.5,GT,11
2367.0,GT,11
2367.5,GT,11
2368.0,GT,11
2368.5,GT,11
2369.0,GT,11
2369.5,GT,11
2370.0,GT,11
2370.5,GT,18
2371.0,GT,18
2371.5,GT,18
2372.0,GT,18
2372.5,GT,18
2373.0,GT,18
2373.5,GT,18
2374.0,GT,18
2374.5,GT,18
2375.0,GT,18
2375.5,GT,18
2376.0,GT,18
2376.5,GT,18
2377.0,GT,18
2377.5,GT,18
2378.0,GT,18
2378.5,GT,18
2379.0,GT,18
2379.5,GT,18
2380.0,GT,18
2380.5,GT,18
2381.0,GT,18
2381.5,GT,18
2382.0,GT,18
2382.5,GT,18
2383.0,GT,18
2383.5,GT,18
2384.0,GT,18
2384.5,GT,18
2385.0,GT,18
2385.5,GT,18
2386.0,GT,18
2386.5,GT,18
2387.0,GT,18
2387.5,GT,18
2388.0,GT,18
2388.5,GT,18
2389.0,GT,18
2389.5,GT,18
2390.0,GT,18
2390.5,GT,18
2391.0,GT,18
2391.5,GT,18
2392.0,GT,18
2392.5,GT,18
2393.0,GT,18
2393.5,GT,18
2394.0,GT,18
2394.5,GT,18
2395.0,GT,18
2395.5,GT,18
2396.0,GT,18
2396.5,GT,18
2397.0,GT,18
2397.5,GT,18
2398.0,GT,18
2398.5,GT,18
2399.0,GT,18
2399.5,GT,18
2400.0,GT,18
2400.5,GT,18
2401.0,GT,18
2401.5,GT,18
2402.0,GT,18
2402.5,GT,18
2403.0,GT,18
2403.5,GT,18
2404.0,GT,18
2404.5,GT,18
2405.0,GT,2
2405.5,GT,2
2406.0,GT,2
2406.5,GT,2
2407.0,GT,2
2407.5,GT,2
2408.0,GT,2
2408.5,GT,2
2409.0,GT,2
2409.5,GT,2
2410.0,GT,2
2410.5,GT,2
2411.0,GT,2
2411.5,GT,2
2412.0,GT,2
2412.5,GT,2
2413.0,GT,2
2413.5,GT,2
2414.0,GT,2
2414.5,GT,2
2415.0,GT,2
2415.5,GT,2
2416.0,GT,2
2416.5,GT,2
2417.0,GT,2
2417.5,GT,2
2418.0,GT,2
2418.5,GT,2
2419.0,GT,2
2419.5,GT,2
2420.0,GT,2
2420.5,GT,2
2421.0,GT,2
2421.5,GT,2
2422.0,GT,2
2422.5,GT,2
2423.0,GT,2
2423.5,GT,2
2424.0,GT,2
2424.5,GT,2
2425.0,GT,2
2425.5,GT,2
2426.0,GT,2
2426.5,GT,2
2427.0,GT,2
2427.5,GT,2
2428.0,GT,2
2428.5,GT,2
2429.0,GT,2
2429.5,GT,2
2430.0,GT,2
2430.5,GT,2
2431.0,GT,2
2431.5,GT,2
2432.0,GT,2
2432.5,GT,2
2433.0,GT,18
2433.5,GT,18
2434.0,GT,18
2434.5,GT,18
2435.0,GT,18
2435.5,GT,18
2436.0,GT,18
2436.5,GT,18
2437.0,GT,18
2437.5,GT,18
2438.0,GT,18
2438.5,GT,18
2439.0,GT,18
2439.5,GT,18
2440.0,GT,18
2440.5,GT,18
2441.0,GT,18
2441.5,GT,18
2442.0,GT,18
2442.5,GT,18
2443.0,GT,18
2443.5,GT,18
2444.0,GT,18
2444.5,GT,18
2445.0,GT,18
2445.5,GT,18
2446.0,GT,18
2446.5,GT,18
2447.0,GT,18
2447.5,GT,18
2448.0,GT,18
2448.5,GT,18
2449.0,GT,2
2449.5,GT,2
2450.0,GT,2
2450.5,GT,2
2451.0,GT,2
2451.5,GT,2
2452.0,GT,2
2452.5,GT,2
2453.0,GT,2
2453.5,GT,2
2454.0,GT,2
2454.5,GT,2
2455.0,GT,2
2455.5,GT,2
2456.0,GT,2
2456.5,GT,2
2457.0,GT,2
2457.5,GT,2
2458.0,GT,2
2458.5,GT,2
2459.0,GT,2
2459.5,GT,2
2460.0,GT,2
2460.5,GT,2
2461.0,GT,2
2461.5,GT,2
2462.0,GT,2
2462.5,GT,2
2463.0,GT,2
2463.5,GT,2
2464.0,GT,2
2464.5,GT,2
2465.0,GT,2
2465.5,GT,2
2466.0,GT,2
2466.5,GT,2
2467.0,GT,2
2467.5,GT,2
2468.0,GT,2
2468.5,GT,2
2469.0,GT,2
2469.5,GT,2
2470.0,GT,2
2470.5,GT,2
2471.0,GT,2
2471.5,GT,2
2472.0,GT,2
2472.5,GT,2
2473.0,GT,2
2473.5,GT,2
2474.0,GT,2
2474.5,GT,2
2475.0,GT,2
2475.5,GT,2
2476.0,GT,2
2476.5,GT,2
2477.0,GT,2
2477.5,GT,2
2478.0,GT,2
2478.5,GT,18
2479.0,GT,18
2479.5,GT,18
2480.0,GT,18
2480.5,GT,18
2481.0,GT,18
2481.5,GT,18
2482.0,GT,18
2482.5,GT,18
2483.0,GT,18
2483.5,GT,18
2484.0,GT,18
2484.5,GT,18
2485.0,GT,18
2485.5,GT,18
2486.0,GT,18
2486.5,GT,18
2487.0,GT,18
2487.5,GT,18
2488.0,GT,18
2488.5,GT,18
2489.0,GT,18
2489.5,GT,18
2490.0,GT,18
2490.5,GT,18
2491.0,GT,18
2491.5,GT,18
2492.0,GT,18
2492.5,GT,18
2493.0,GT,18
2493.5,GT,18
2494.0,GT,18
2494.5,GT,18
2495.0,GT,18
2495.5,GT,2
2496.0,GT,2
2496.5,GT,2
2497.0,GT,2
2497.5,GT,2
2498.0,GT,2
2498.5,GT,2
2499.0,GT,2
2499.5,GT,2
2500.0,GT,2
2500.5,GT,2
2501.0,GT,2
2501.5,GT,2
2502.0,GT,2
2502.5,GT,2
2503.0,GT,2
2503.5,GT,2
2504.0,GT,2
2504.5,GT,2
2505.0,GT,2
2505.5,GT,2
2506.0,GT,2
2506.5,GT,2
2507.0,GT,2
2507.5,GT,2
2508.0,GT,2
2508.5,GT,2
2509.0,GT,2
2509.5,GT,2
2510.0,GT,2
2510.5,GT,2
2511.0,GT,2
2511.5,GT,2
2512.0,GT,2
2512.5,GT,2
2513.0,GT,2
2513.5,GT,2
2514.0,GT,2
2514.5,GT,2
2515.0,GT,2
2515.5,GT,2
2516.0,GT,2
2516.5,GT,2
2517.0,GT,2
2517.5,GT,2
2518.0,GT,2
2518.5,GT,2
2519.0,GT,2
2519.5,GT,2
2520.0,GT,2
2520.5,GT,2
2521.0,GT,2
2521.5,GT,2
2522.0,GT,2
2522.5,GT,2
2523.0,GT,2
2523.5,GT,2
2524.0,GT,2
2524.5,GT,2
2525.0,GT,2
2525.5,GT,2
2526.0,GT,2
2526.5,GT,2
2527.0,GT,2
2527.5,GT,2
2528.0,GT,2
2528.5,GT,2
2529.0,GT,2
2529.5,GT,2
2530.0,GT,2
2530.5,GT,2
2531.0,GT,2
2531.5,GT,2
2532.0,GT,2
2532.5,GT,2
2533.0,GT,2
2533.5,GT,18
2534.0,GT,18
2534.5,GT,18
2535.0,GT,18
2535.5,GT,18
2536.0,GT,18
2536.5,GT,18
2537.0,GT,18
2537.5,GT,18
2538.0,GT,18
2538.5,GT,18
2539.0,GT,18
2539.5,GT,18
2540.0,GT,18
2540.5,GT,18
2541.0,GT,18
2541.5,GT,18
2542.0,GT,18
2542.5,GT,18
2543.0,GT,18
2543.5,GT,18
2544.0,GT,18
2544.5,GT,18
2545.0,GT,18
2545.5,GT,18
2546.0,GT,18
2546.5,GT,18
2547.0,GT,18
2547.5,GT,18
2548.0,GT,18
2548.5,GT,18
2549.0,GT,18
2549.5,GT,18
2550.0,GT,18
2550.5,GT,18
2551.0,GT,18
2551.5,GT,18
2552.0,GT,18
2552.5,GT,18
2553.0,GT,18
2553.5,GT,18
2554.0,GT,18
2554.5,GT,18
2555.0,GT,18
2555.5,GT,18
2556.0,GT,18
2556.5,GT,18
2557.0,GT,18
2557.5,GT,18
2558.0,GT,18
2558.5,GT,18
2559.0,GT,18
2559.5,GT,18
2560.0,GT,18
2560.5,GT,18
2561.0,GT,18
2561.5,GT,18
2562.0,GT,18
2562.5,GT,18
2563.0,GT,18
2563.5,GT,18
2564.0,GT,18
2564.5,GT,18
2565.0,GT,18
2565.5,GT,18
2566.0,GT,18
2566.5,GT,18
2567.0,GT,18
2567.5,GT,18
2568.0,GT,18
2568.5,GT,18
2569.0,GT,18
2569.5,GT,18
2570.0,GT,18
2570.5,GT,18
2571.0,GT,18
2571.5,GT,18
2572.0,GT,18
2572.5,GT,18
2573.0,GT,18
2573.5,GT,18
2574.0,GT,18
2574.5,GT,18
2575.0,GT,18
2575.5,GT,18
2576.0,GT,18
2576.5,GT,18
2577.0,GT,18
2577.5,GT,18
2578.0,GT,18
2578.5,GT,18
2579.0,GT,18
2579.5,GT,18
2580.0,GT,18
2580.5,GT,18
2581.0,GT,18
2581.5,GT,18
2582.0,GT,18
2582.5,GT,18
2583.0,GT,18
2583.5,GT,18
2584.0,GT,18
2584.5,GT,18
2585.0,GT,18
2585.5,GT,18
2586.0,GT,18
2586.5,GT,18
2587.0,GT,18
2587.5,GT,18
2588.0,GT,18
2588.5,GT,18
2589.0,GT,18
2589.5,GT,18
2590.0,GT,18
2590.5,GT,18
2591.0,GT,18
2591.5,GT,18
2592.0,GT,18
2592.5,GT,18
2593.0,GT,18
2593.5,GT,18
2594.0,GT,18
2594.5,GT,18
2595.0,GT,18
2595.5,GT,18
2596.0,GT,18
2596.5,GT,18
2597.0,GT,18
2597.5,GT,18
2598.0,GT,18
2598.5,GT,13
2599.0,GT,13
2599.5,GT,13
2600.0,GT,13
2600.5,GT,13
2601.0,GT,13
2601.5,GT,13
2602.0,GT,13
2602.5,GT,13
2603.0,GT,13
2603.5,GT,13
2604.0,GT,13
2604.5,GT,13
2605.0,GT,13
2605.5,GT,13
2606.0,GT,13
2606.5,GT,13
2607.0,GT,13
2607.5,GT,13
2608.0,GT,13
2608.5,GT,13
2609.0,GT,13
2609.5,GT,13
2610.0,GT,13
2610.5,GT,13
2611.0,GT,13
2611.5,GT,13
2612.0,GT,13
2612.5,GT,13
2613.0,GT,13
2613.5,GT,13
2614.0,GT,13
2614.5,GT,13
2615.0,GT,13
2615.5,GT,13
2616.0,GT,13
2616.5,GT,13
2617.0,GT,13
2617.5,GT,13
2618.0,GT,13
2618.5,GT,13
2619.0,GT,13
2619.5,GT,13
2620.0,GT,13
2620.5,GT,13
2621.0,GT,13
2621.5,GT,13
2622.0,GT,13
2622.5,GT,13
2623.0,GT,13
2623.5,GT,13
2624.0,GT,13
2624.5,GT,13
2625.0,GT,13
2625.5,GT,13
2626.0,GT,13
2626.5,GT,13
2627.0,GT,13
2627.5,GT,13
2628.0,GT,13
2628.5,GT,13
2629.0,GT,13
2629.5,GT,13
2630.0,GT,13
2630.5,GT,13
2631.0,GT,13
2631.5,GT,13
2632.0,GT,13
2632.5,GT,13
2633.0,GT,13
2633.5,GT,13
2634.0,GT,13
2634.5,GT,13
2635.0,GT,13
2635.5,GT,13
2636.0,GT,13
2636.5,GT,13
2637.0,GT,13
2637.5,GT,13
2638.0,GT,13
2638.5,GT,13
2639.0,GT,13
2639.5,GT,13
2640.0,GT,13
2640.5,GT,13
2641.0,GT,13
2641.5,GT,13
2642.0,GT,13
2642.5,GT,13
2643.0,GT,13
2643.5,GT,13
2644.0,GT,13
2644.5,GT,13
2645.0,GT,13
2645.5,GT,13
2646.0,GT,13
2646.5,GT,13
2647.0,GT,13
2647.5,GT,13
2648.0,GT,13
2648.5,GT,13
2649.0,GT,13
2649.5,GT,13
2650.0,GT,13
2650.5,GT,13
2651.0,GT,13
2651.5,GT,13
2652.0,GT,13
2652.5,GT,13
2653.0,GT,13
2653.5,GT,13
2654.0,GT,13
2654.5,GT,13
2655.0,GT,13
2655.5,GT,13
2656.0,GT,13
2656.5,GT,18
2657.0,GT,18
2657.5,GT,18
2658.0,GT,18
2658.5,GT,18
2659.0,GT,18
2659.5,GT,18
2660.0,GT,18
2660.5,GT,18
2661.0,GT,18
2661.5,GT,18
2662.0,GT,18
2662.5,GT,18
2663.0,GT,18
2663.5,GT,18
2664.0,GT,18
2664.5,GT,18
2665.0,GT,18
2665.5,GT,18
2666.0,GT,18
2666.5,GT,18
2667.0,GT,18
2667.5,GT,18
2668.0,GT,18
2668.5,GT,18
2669.0,GT,18
2669.5,GT,18
2670.0,GT,18
2670.5,GT,18
2671.0,GT,18
2671.5,GT,18
2672.0,GT,18
2672.5,GT,18
2673.0,GT,18
2673.5,GT,18
2674.0,GT,18
2674.5,GT,13
2675.0,GT,13
2675.5,GT,13
2676.0,GT,13
2676.5,GT,13
2677.0,GT,13
2677.5,GT,13
2678.0,GT,13
2678.5,GT,13
2679.0,GT,13
2679.5,GT,13
2680.0,GT,13
2680.5,GT,13
2681.0,GT,13
2681.5,GT,13
2682.0,GT,13
2682.5,GT,13
2683.0,GT,13
2683.5,GT,13
2684.0,GT,13
2684.5,GT,13
2685.0,GT,13
2685.5,GT,13
2686.0,GT,13
2686.5,GT,13
2687.0,GT,13
2687.5,GT,13
2688.0,GT,13
2688.5,GT,13
2689.0,GT,13
2689.5,GT,13
2690.0,GT,13
2690.5,GT,13
2691.0,GT,13
2691.5,GT,13
2692.0,GT,13
2692.5,GT,13
2693.0,GT,13
2693.5,GT,13
2694.0,GT,13
2694.5,GT,13
2695.0,GT,13
2695.5,GT,13
2696.0,GT,13
2696.5,GT,13
2697.0,GT,13
2697.5,GT,13
2698.0,GT,13
2698.5,GT,13
2699.0,GT,13
2699.5,GT,13
2700.0,GT,13
2700.5,GT,13
2701.0,GT,13
2701.5,GT,13
2702.0,GT,13
2702.5,GT,13
2703.0,GT,13
2703.5,GT,13
2704.0,GT,13
2704.5,GT,13
2705.0,GT,13
2705.5,GT,13
2706.0,GT,13
2706.5,GT,13
2707.0,GT,13
2707.5,GT,13
2708.0,GT,13
2708.5,GT,13
2709.0,GT,13
2709.5,GT,13
2710.0,GT,18
2710.5,GT,18
2711.0,GT,18
2711.5,GT,18
2712.0,GT,18
2712.5,GT,18
2713.0,GT,18
2713.5,GT,18
2714.0,GT,18
2714.5,GT,18
2715.0,GT,18
2715.5,GT,18
2716.0,GT,18
2716.5,GT,18
2717.0,GT,18
2717.5,GT,18
2718.0,GT,18
2718.5,GT,18
2719.0,GT,18
2719.5,GT,18
2720.0,GT,18
2720.5,GT,18
2721.0,GT,18
2721.5,GT,18
2722.0,GT,18
2722.5,GT,18
2723.0,GT,18
2723.5,GT,18
2724.0,GT,18
2724.5,GT,18
2725.0,GT,18
2725.5,GT,18
2726.0,GT,18
2726.5,GT,18
2727.0,GT,18
2727.5,GT,18
2728.0,GT,18
2728.5,GT,18
2729.0,GT,13
2729.5,GT,13
2730.0,GT,13
2730.5,GT,13
2731.0,GT,13
2731.5,GT,13
2732.0,GT,13
2732.5,GT,13
2733.0,GT,13
2733.5,GT,13
2734.0,GT,13
2734.5,GT,13
2735.0,GT,13
2735.5,GT,13
2736.0,GT,13
2736.5,GT,13
2737.0,GT,13
2737.5,GT,13
2738.0,GT,13
2738.5,GT,13
2739.0,GT,13
2739.5,GT,13
2740.0,GT,13
2740.5,GT,13
2741.0,GT,13
2741.5,GT,13
2742.0,GT,13
2742.5,GT,13
2743.0,GT,13
2743.5,GT,13
2744.0,GT,13
2744.5,GT,13
2745.0,GT,13
2745.5,GT,13
2746.0,GT,13
2746.5,GT,13
2747.0,GT,13
2747.5,GT,13
2748.0,GT,13
2748.5,GT,13
2749.0,GT,13
2749.5,GT,13
2750.0,GT,13
2750.5,GT,13
2751.0,GT,13
2751.5,GT,13
2752.0,GT,13
2752.5,GT,13
2753.0,GT,13
2753.5,GT,13
2754.0,GT,13
2754.5,GT,13
2755.0,GT,13
2755.5,GT,13
2756.0,GT,13
2756.5,GT,13
2757.0,GT,13
2757.5,GT,13
2758.0,GT,13
2758.5,GT,13
2759.0,GT,13
2759.5,GT,13
2760.0,GT,13
2760.5,GT,13
2761.0,GT,13
2761.5,GT,13
2762.0,GT,13
2762.5,GT,13
2763.0,GT,13
2763.5,GT,13
2764.0,GT,13
2764.5,GT,13
2765.0,GT,13
2765.5,GT,13
2766.0,GT,13
2766.5,GT,13
2767.0,GT,13
2767.5,GT,13
2768.0,GT,13
2768.5,GT,13
2769.0,GT,13
2769.5,GT,13
2770.0,GT,13
2770.5,GT,18
2771.0,GT,18
2771.5,GT,18
2772.0,GT,18
2772.5,GT,18
2773.0,GT,18
2773.5,GT,18
2774.0,GT,18
2774.5,GT,18
2775.0,GT,18
2775.5,GT,18
2776.0,GT,18
2776.5,GT,18
2777.0,GT,18
0.5,VIDEO_ONLY,18
1.0,VIDEO_ONLY,18
1.5,VIDEO_ONLY,18
2.0,VIDEO_ONLY,18
2.5,VIDEO_ONLY,18
3.0,VIDEO_ONLY,18
3.5,VIDEO_ONLY,18
4.0,VIDEO_ONLY,18
4.5,VIDEO_ONLY,18
5.0,VIDEO_ONLY,18
5.5,VIDEO_ONLY,18
6.0,VIDEO_ONLY,18
6.5,VIDEO_ONLY,18
7.0,VIDEO_ONLY,18
7.5,VIDEO_ONLY,18
8.0,VIDEO_ONLY,18
8.5,VIDEO_ONLY,18
9.0,VIDEO_ONLY,18
9.5,VIDEO_ONLY,18
10.0,VIDEO_ONLY,18
10.5,VIDEO_ONLY,18
11.0,VIDEO_ONLY,18
11.5,VIDEO_ONLY,18
12.0,VIDEO_ONLY,18
12.5,VIDEO_ONLY,18
13.0,VIDEO_ONLY,18
13.5,VIDEO_ONLY,18
14.0,VIDEO_ONLY,18
14.5,VIDEO_ONLY,18
15.0,VIDEO_ONLY,18
15.5,VIDEO_ONLY,18
16.0,VIDEO_ONLY,18
16.5,VIDEO_ONLY,18
17.0,VIDEO_ONLY,18
17.5,VIDEO_ONLY,18
18.0,VIDEO_ONLY,18
18.5,VIDEO_ONLY,18
19.0,VIDEO_ONLY,18
19.5,VIDEO_ONLY,18
20.0,VIDEO_ONLY,18
20.5,VIDEO_ONLY,18
21.0,VIDEO_ONLY,18
21.5,VIDEO_ONLY,18
22.0,VIDEO_ONLY,18
22.5,VIDEO_ONLY,18
23.0,VIDEO_ONLY,18
23.5,VIDEO_ONLY,18
24.0,VIDEO_ONLY,18
24.5,VIDEO_ONLY,18
25.0,VIDEO_ONLY,18
25.5,VIDEO_ONLY,18
26.0,VIDEO_ONLY,18
26.5,VIDEO_ONLY,18
27.0,VIDEO_ONLY,18
27.5,VIDEO_ONLY,18
28.0,VIDEO_ONLY,18
28.5,VIDEO_ONLY,18
29.0,VIDEO_ONLY,18
29.5,VIDEO_ONLY,18
30.0,VIDEO_ONLY,18
30.5,VIDEO_ONLY,18
31.0,VIDEO_ONLY,18
31.5,VIDEO_ONLY,18
32.0,VIDEO_ONLY,18
32.5,VIDEO_ONLY,18
33.0,VIDEO_ONLY,18
33.5,VIDEO_ONLY,18
34.0,VIDEO_ONLY,18
34.5,VIDEO_ONLY,18
35.0,VIDEO_ONLY,18
35.5,VIDEO_ONLY,18
36.0,VIDEO_ONLY,18
36.5,VIDEO_ONLY,18
37.0,VIDEO_ONLY,18
37.5,VIDEO_ONLY,18
38.0,VIDEO_ONLY,18
38.5,VIDEO_ONLY,18
39.0,VIDEO_ONLY,18
39.5,VIDEO_ONLY,18
40.0,VIDEO_ONLY,18
40.5,VIDEO_ONLY,18
41.0,VIDEO_ONLY,18
41.5,VIDEO_ONLY,18
42.0,VIDEO_ONLY,18
42.5,VIDEO_ONLY,18
43.0,VIDEO_ONLY,18
43.5,VIDEO_ONLY,18
44.0,VIDEO_ONLY,18
44.5,VIDEO_ONLY,18
45.0,VIDEO_ONLY,18
45.5,VIDEO_ONLY,18
46.0,VIDEO_ONLY,18
46.5,VIDEO_ONLY,18
47.0,VIDEO_ONLY,18
47.5,VIDEO_ONLY,18
48.0,VIDEO_ONLY,3
48.5,VIDEO_ONLY,3
49.0,VIDEO_ONLY,3
49.5,VIDEO_ONLY,3
50.0,VIDEO_ONLY,3
50.5,VIDEO_ONLY,3
51.0,VIDEO_ONLY,3
51.5,VIDEO_ONLY,3
52.0,VIDEO_ONLY,3
52.5,VIDEO_ONLY,3
53.0,VIDEO_ONLY,3
53.5,VIDEO_ONLY,3
54.0,VIDEO_ONLY,3
54.5,VIDEO_ONLY,3
55.0,VIDEO_ONLY,3
55.5,VIDEO_ONLY,3
56.0,VIDEO_ONLY,3
56.5,VIDEO_ONLY,3
57.0,VIDEO_ONLY,3
57.5,VIDEO_ONLY,3
58.0,VIDEO_ONLY,3
58.5,VIDEO_ONLY,3
59.0,VIDEO_ONLY,3
59.5,VIDEO_ONLY,3
60.0,VIDEO_ONLY,3
60.5,VIDEO_ONLY,3
61.0,VIDEO_ONLY,3
61.5,VIDEO_ONLY,3
62.0,VIDEO_ONLY,3
62.5,VIDEO_ONLY,3
63.0,VIDEO_ONLY,3
63.5,VIDEO_ONLY,18
64.0,VIDEO_ONLY,18
64.5,VIDEO_ONLY,18
65.0,VIDEO_ONLY,18
65.5,VIDEO_ONLY,18
66.0,VIDEO_ONLY,18
66.5,VIDEO_ONLY,18
67.0,VIDEO_ONLY,18
67.5,VIDEO_ONLY,18
68.0,VIDEO_ONLY,18
68.5,VIDEO_ONLY,18
69.0,VIDEO_ONLY,18
69.5,VIDEO_ONLY,18
70.0,VIDEO_ONLY,18
70.5,VIDEO_ONLY,18
71.0,VIDEO_ONLY,18
71.5,VIDEO_ONLY,18
72.0,VIDEO_ONLY,18
72.5,VIDEO_ONLY,18
73.0,VIDEO_ONLY,18
73.5,VIDEO_ONLY,18
74.0,VIDEO_ONLY,18
74.5,VIDEO_ONLY,18
75.0,VIDEO_ONLY,18
75.5,VIDEO_ONLY,18
76.0,VIDEO_ONLY,18
76.5,VIDEO_ONLY,18
77.0,VIDEO_ONLY,18
77.5,VIDEO_ONLY,18
78.0,VIDEO_ONLY,18
78.5,VIDEO_ONLY,18
79.0,VIDEO_ONLY,18
79.5,VIDEO_ONLY,18
80.0,VIDEO_ONLY,18
80.5,VIDEO_ONLY,18
81.0,VIDEO_ONLY,18
81.5,VIDEO_ONLY,18
82.0,VIDEO_ONLY,18
82.5,VIDEO_ONLY,18
83.0,VIDEO_ONLY,18
83.5,VIDEO_ONLY,18
84.0,VIDEO_ONLY,18
84.5,VIDEO_ONLY,18
85.0,VIDEO_ONLY,18
85.5,VIDEO_ONLY,18
86.0,VIDEO_ONLY,18
86.5,VIDEO_ONLY,18
87.0,VIDEO_ONLY,18
87.5,VIDEO_ONLY,18
88.0,VIDEO_ONLY,18
88.5,VIDEO_ONLY,18
89.0,VIDEO_ONLY,18
89.5,VIDEO_ONLY,18
90.0,VIDEO_ONLY,18
90.5,VIDEO_ONLY,18
91.0,VIDEO_ONLY,18
91.5,VIDEO_ONLY,18
92.0,VIDEO_ONLY,18
92.5,VIDEO_ONLY,18
93.0,VIDEO_ONLY,18
93.5,VIDEO_ONLY,18
94.0,VIDEO_ONLY,18
94.5,VIDEO_ONLY,18
95.0,VIDEO_ONLY,18
95.5,VIDEO_ONLY,18
96.0,VIDEO_ONLY,18
96.5,VIDEO_ONLY,18
97.0,VIDEO_ONLY,18
97.5,VIDEO_ONLY,18
98.0,VIDEO_ONLY,18
98.5,VIDEO_ONLY,18
99.0,VIDEO_ONLY,18
99.5,VIDEO_ONLY,18
100.0,VIDEO_ONLY,18
100.5,VIDEO_ONLY,18
101.0,VIDEO_ONLY,18
101.5,VIDEO_ONLY,18
102.0,VIDEO_ONLY,18
102.5,VIDEO_ONLY,18
103.0,VIDEO_ONLY,18
103.5,VIDEO_ONLY,7
104.0,VIDEO_ONLY,7
104.5,VIDEO_ONLY,7
105.0,VIDEO_ONLY,7
105.5,VIDEO_ONLY,7
106.0,VIDEO_ONLY,7
106.5,VIDEO_ONLY,7
107.0,VIDEO_ONLY,7
107.5,VIDEO_ONLY,7
108.0,VIDEO_ONLY,7
108.5,VIDEO_ONLY,7
109.0,VIDEO_ONLY,7
109.5,VIDEO_ONLY,7
110.0,VIDEO_ONLY,7
110.5,VIDEO_ONLY,7
111.0,VIDEO_ONLY,7
111.5,VIDEO_ONLY,7
112.0,VIDEO_ONLY,7
112.5,VIDEO_ONLY,7
113.0,VIDEO_ONLY,7
113.5,VIDEO_ONLY,7
114.0,VIDEO_ONLY,7
114.5,VIDEO_ONLY,7
115.0,VIDEO_ONLY,7
115.5,VIDEO_ONLY,7
116.0,VIDEO_ONLY,7
116.5,VIDEO_ONLY,7
117.0,VIDEO_ONLY,7
117.5,VIDEO_ONLY,7
118.0,VIDEO_ONLY,7
118.5,VIDEO_ONLY,7
119.0,VIDEO_ONLY,7
119.5,VIDEO_ONLY,7
120.0,VIDEO_ONLY,7
120.5,VIDEO_ONLY,7
121.0,VIDEO_ONLY,7
121.5,VIDEO_ONLY,7
122.0,VIDEO_ONLY,7
122.5,VIDEO_ONLY,7
123.0,VIDEO_ONLY,7
123.5,VIDEO_ONLY,7
124.0,VIDEO_ONLY,7
124.5,VIDEO_ONLY,7
125.0,VIDEO_ONLY,7
125.5,VIDEO_ONLY,7
126.0,VIDEO_ONLY,7
126.5,VIDEO_ONLY,7
127.0,VIDEO_ONLY,7
127.5,VIDEO_ONLY,7
128.0,VIDEO_ONLY,7
128.5,VIDEO_ONLY,7
129.0,VIDEO_ONLY,7
129.5,VIDEO_ONLY,7
130.0,VIDEO_ONLY,7
130.5,VIDEO_ONLY,7
131.0,VIDEO_ONLY,7
131.5,VIDEO_ONLY,7
132.0,VIDEO_ONLY,7
132.5,VIDEO_ONLY,7
133.0,VIDEO_ONLY,7
133.5,VIDEO_ONLY,7
134.0,VIDEO_ONLY,7
134.5,VIDEO_ONLY,7
135.0,VIDEO_ONLY,7
135.5,VIDEO_ONLY,7
136.0,VIDEO_ONLY,7
136.5,VIDEO_ONLY,7
137.0,VIDEO_ONLY,7
137.5,VIDEO_ONLY,7
138.0,VIDEO_ONLY,7
138.5,VIDEO_ONLY,7
139.0,VIDEO_ONLY,7
139.5,VIDEO_ONLY,7
140.0,VIDEO_ONLY,7
140.5,VIDEO_ONLY,7
141.0,VIDEO_ONLY,7
141.5,VIDEO_ONLY,7
142.0,VIDEO_ONLY,7
142.5,VIDEO_ONLY,7
143.0,VIDEO_ONLY,7
143.5,VIDEO_ONLY,7
144.0,VIDEO_ONLY,7
144.5,VIDEO_ONLY,7
145.0,VIDEO_ONLY,7
145.5,VIDEO_ONLY,7
146.0,VIDEO_ONLY,7
146.5,VIDEO_ONLY,7
147.0,VIDEO_ONLY,7
147.5,VIDEO_ONLY,7
148.0,VIDEO_ONLY,7
148.5,VIDEO_ONLY,7
149.0,VIDEO_ONLY,7
149.5,VIDEO_ONLY,7
150.0,VIDEO_ONLY,7
150.5,VIDEO_ONLY,7
151.0,VIDEO_ONLY,7
151.5,VIDEO_ONLY,7
152.0,VIDEO_ONLY,7
152.5,VIDEO_ONLY,7
153.0,VIDEO_ONLY,7
153.5,VIDEO_ONLY,7
154.0,VIDEO_ONLY,7
154.5,VIDEO_ONLY,7
155.0,VIDEO_ONLY,7
155.5,VIDEO_ONLY,7
156.0,VIDEO_ONLY,7
156.5,VIDEO_ONLY,7
157.0,VIDEO_ONLY,7
157.5,VIDEO_ONLY,7
158.0,VIDEO_ONLY,7
158.5,VIDEO_ONLY,7
159.0,VIDEO_ONLY,7
159.5,VIDEO_ONLY,7
160.0,VIDEO_ONLY,7
160.5,VIDEO_ONLY,7
161.0,VIDEO_ONLY,7
161.5,VIDEO_ONLY,7
162.0,VIDEO_ONLY,7
162.5,VIDEO_ONLY,7
163.0,VIDEO_ONLY,7
163.5,VIDEO_ONLY,7
164.0,VIDEO_ONLY,7
164.5,VIDEO_ONLY,7
165.0,VIDEO_ONLY,7
165.5,VIDEO_ONLY,7
166.0,VIDEO_ONLY,7
166.5,VIDEO_ONLY,7
167.0,VIDEO_ONLY,7
167.5,VIDEO_ONLY,7
168.0,VIDEO_ONLY,7
168.5,VIDEO_ONLY,7
169.0,VIDEO_ONLY,7
169.5,VIDEO_ONLY,7
170.0,VIDEO_ONLY,7
170.5,VIDEO_ONLY,7
171.0,VIDEO_ONLY,7
171.5,VIDEO_ONLY,7
172.0,VIDEO_ONLY,7
172.5,VIDEO_ONLY,7
173.0,VIDEO_ONLY,7
173.5,VIDEO_ONLY,7
174.0,VIDEO_ONLY,7
174.5,VIDEO_ONLY,7
175.0,VIDEO_ONLY,7
175.5,VIDEO_ONLY,7
176.0,VIDEO_ONLY,7
176.5,VIDEO_ONLY,7
177.0,VIDEO_ONLY,7
177.5,VIDEO_ONLY,7
178.0,VIDEO_ONLY,7
178.5,VIDEO_ONLY,7
179.0,VIDEO_ONLY,7
179.5,VIDEO_ONLY,7
180.0,VIDEO_ONLY,7
180.5,VIDEO_ONLY,7
181.0,VIDEO_ONLY,7
181.5,VIDEO_ONLY,7
182.0,VIDEO_ONLY,7
182.5,VIDEO_ONLY,7
183.0,VIDEO_ONLY,7
183.5,VIDEO_ONLY,7
184.0,VIDEO_ONLY,7
184.5,VIDEO_ONLY,7
185.0,VIDEO_ONLY,7
185.5,VIDEO_ONLY,7
186.0,VIDEO_ONLY,7
186.5,VIDEO_ONLY,7
187.0,VIDEO_ONLY,7
187.5,VIDEO_ONLY,7
188.0,VIDEO_ONLY,7
188.5,VIDEO_ONLY,7
189.0,VIDEO_ONLY,7
189.5,VIDEO_ONLY,7
190.0,VIDEO_ONLY,7
190.5,VIDEO_ONLY,7
191.0,VIDEO_ONLY,7
191.5,VIDEO_ONLY,7
192.0,VIDEO_ONLY,7
192.5,VIDEO_ONLY,7
193.0,VIDEO_ONLY,7
193.5,VIDEO_ONLY,7
194.0,VIDEO_ONLY,7
194.5,VIDEO_ONLY,7
195.0,VIDEO_ONLY,7
195.5,VIDEO_ONLY,7
196.0,VIDEO_ONLY,7
196.5,VIDEO_ONLY,7
197.0,VIDEO_ONLY,7
197.5,VIDEO_ONLY,7
198.0,VIDEO_ONLY,7
198.5,VIDEO_ONLY,7
199.0,VIDEO_ONLY,7
199.5,VIDEO_ONLY,7
200.0,VIDEO_ONLY,7
200.5,VIDEO_ONLY,7
201.0,VIDEO_ONLY,7
201.5,VIDEO_ONLY,7
202.0,VIDEO_ONLY,7
202.5,VIDEO_ONLY,7
203.0,VIDEO_ONLY,7
203.5,VIDEO_ONLY,7
204.0,VIDEO_ONLY,7
204.5,VIDEO_ONLY,7
205.0,VIDEO_ONLY,7
205.5,VIDEO_ONLY,7
206.0,VIDEO_ONLY,7
206.5,VIDEO_ONLY,7
207.0,VIDEO_ONLY,7
207.5,VIDEO_ONLY,7
208.0,VIDEO_ONLY,7
208.5,VIDEO_ONLY,7
209.0,VIDEO_ONLY,7
209.5,VIDEO_ONLY,7
210.0,VIDEO_ONLY,7
210.5,VIDEO_ONLY,7
211.0,VIDEO_ONLY,7
211.5,VIDEO_ONLY,7
212.0,VIDEO_ONLY,7
212.5,VIDEO_ONLY,7
213.0,VIDEO_ONLY,7
213.5,VIDEO_ONLY,7
214.0,VIDEO_ONLY,7
214.5,VIDEO_ONLY,7
215.0,VIDEO_ONLY,7
215.5,VIDEO_ONLY,7
216.0,VIDEO_ONLY,7
216.5,VIDEO_ONLY,7
217.0,VIDEO_ONLY,7
217.5,VIDEO_ONLY,7
218.0,VIDEO_ONLY,7
218.5,VIDEO_ONLY,7
219.0,VIDEO_ONLY,7
219.5,VIDEO_ONLY,7
220.0,VIDEO_ONLY,7
220.5,VIDEO_ONLY,7
221.0,VIDEO_ONLY,7
221.5,VIDEO_ONLY,7
222.0,VIDEO_ONLY,7
222.5,VIDEO_ONLY,7
223.0,VIDEO_ONLY,7
223.5,VIDEO_ONLY,7
224.0,VIDEO_ONLY,7
224.5,VIDEO_ONLY,7
225.0,VIDEO_ONLY,7
225.5,VIDEO_ONLY,7
226.0,VIDEO_ONLY,7
226.5,VIDEO_ONLY,7
227.0,VIDEO_ONLY,7
227.5,VIDEO_ONLY,7
228.0,VIDEO_ONLY,7
228.5,VIDEO_ONLY,7
229.0,VIDEO_ONLY,7
229.5,VIDEO_ONLY,7
230.0,VIDEO_ONLY,7
230.5,VIDEO_ONLY,18
231.0,VIDEO_ONLY,18
231.5,VIDEO_ONLY,18
232.0,VIDEO_ONLY,18
232.5,VIDEO_ONLY,18
233.0,VIDEO_ONLY,18
233.5,VIDEO_ONLY,18
234.0,VIDEO_ONLY,18
234.5,VIDEO_ONLY,18
235.0,VIDEO_ONLY,18
235.5,VIDEO_ONLY,18
236.0,VIDEO_ONLY,18
236.5,VIDEO_ONLY,18
237.0,VIDEO_ONLY,18
237.5,VIDEO_ONLY,18
238.0,VIDEO_ONLY,18
238.5,VIDEO_ONLY,18
239.0,VIDEO_ONLY,18
239.5,VIDEO_ONLY,18
240.0,VIDEO_ONLY,18
240.5,VIDEO_ONLY,18
241.0,VIDEO_ONLY,18
241.5,VIDEO_ONLY,18
242.0,VIDEO_ONLY,18
242.5,VIDEO_ONLY,18
243.0,VIDEO_ONLY,18
243.5,VIDEO_ONLY,18
244.0,VIDEO_ONLY,18
244.5,VIDEO_ONLY,18
245.0,VIDEO_ONLY,18
245.5,VIDEO_ONLY,4
246.0,VIDEO_ONLY,4
246.5,VIDEO_ONLY,4
247.0,VIDEO_ONLY,4
247.5,VIDEO_ONLY,4
248.0,VIDEO_ONLY,4
248.5,VIDEO_ONLY,4
249.0,VIDEO_ONLY,4
249.5,VIDEO_ONLY,4
250.0,VIDEO_ONLY,4
250.5,VIDEO_ONLY,4
251.0,VIDEO_ONLY,4
251.5,VIDEO_ONLY,4
252.0,VIDEO_ONLY,4
252.5,VIDEO_ONLY,4
253.0,VIDEO_ONLY,4
253.5,VIDEO_ONLY,4
254.0,VIDEO_ONLY,4
254.5,VIDEO_ONLY,4
255.0,VIDEO_ONLY,4
255.5,VIDEO_ONLY,4
256.0,VIDEO_ONLY,4
256.5,VIDEO_ONLY,4
257.0,VIDEO_ONLY,4
257.5,VIDEO_ONLY,4
258.0,VIDEO_ONLY,4
258.5,VIDEO_ONLY,4
259.0,VIDEO_ONLY,4
259.5,VIDEO_ONLY,4
260.0,VIDEO_ONLY,4
260.5,VIDEO_ONLY,4
261.0,VIDEO_ONLY,4
261.5,VIDEO_ONLY,4
262.0,VIDEO_ONLY,4
262.5,VIDEO_ONLY,4
263.0,VIDEO_ONLY,4
263.5,VIDEO_ONLY,4
264.0,VIDEO_ONLY,4
264.5,VIDEO_ONLY,4
265.0,VIDEO_ONLY,4
265.5,VIDEO_ONLY,4
266.0,VIDEO_ONLY,4
266.5,VIDEO_ONLY,4
267.0,VIDEO_ONLY,4
267.5,VIDEO_ONLY,4
268.0,VIDEO_ONLY,4
268.5,VIDEO_ONLY,4
269.0,VIDEO_ONLY,4
269.5,VIDEO_ONLY,4
270.0,VIDEO_ONLY,4
270.5,VIDEO_ONLY,4
271.0,VIDEO_ONLY,4
271.5,VIDEO_ONLY,4
272.0,VIDEO_ONLY,4
272.5,VIDEO_ONLY,4
273.0,VIDEO_ONLY,4
273.5,VIDEO_ONLY,4
274.0,VIDEO_ONLY,4
274.5,VIDEO_ONLY,4
275.0,VIDEO_ONLY,4
275.5,VIDEO_ONLY,4
276.0,VIDEO_ONLY,4
276.5,VIDEO_ONLY,4
277.0,VIDEO_ONLY,4
277.5,VIDEO_ONLY,4
278.0,VIDEO_ONLY,4
278.5,VIDEO_ONLY,4
279.0,VIDEO_ONLY,4
279.5,VIDEO_ONLY,4
280.0,VIDEO_ONLY,4
280.5,VIDEO_ONLY,4
281.0,VIDEO_ONLY,4
281.5,VIDEO_ONLY,4
282.0,VIDEO_ONLY,4
282.5,VIDEO_ONLY,4
283.0,VIDEO_ONLY,4
283.5,VIDEO_ONLY,4
284.0,VIDEO_ONLY,4
284.5,VIDEO_ONLY,4
285.0,VIDEO_ONLY,4
285.5,VIDEO_ONLY,4
286.0,VIDEO_ONLY,4
286.5,VIDEO_ONLY,4
287.0,VIDEO_ONLY,4
287.5,VIDEO_ONLY,4
288.0,VIDEO_ONLY,4
288.5,VIDEO_ONLY,18
289.0,VIDEO_ONLY,18
289.5,VIDEO_ONLY,18
290.0,VIDEO_ONLY,18
290.5,VIDEO_ONLY,18
291.0,VIDEO_ONLY,18
291.5,VIDEO_ONLY,18
292.0,VIDEO_ONLY,18
292.5,VIDEO_ONLY,18
293.0,VIDEO_ONLY,18
293.5,VIDEO_ONLY,18
294.0,VIDEO_ONLY,18
294.5,VIDEO_ONLY,18
295.0,VIDEO_ONLY,18
295.5,VIDEO_ONLY,18
296.0,VIDEO_ONLY,18
296.5,VIDEO_ONLY,18
297.0,VIDEO_ONLY,18
297.5,VIDEO_ONLY,18
298.0,VIDEO_ONLY,18
298.5,VIDEO_ONLY,18
299.0,VIDEO_ONLY,18
299.5,VIDEO_ONLY,18
300.0,VIDEO_ONLY,18
300.5,VIDEO_ONLY,18
301.0,VIDEO_ONLY,18
301.5,VIDEO_ONLY,18
302.0,VIDEO_ONLY,18
302.5,VIDEO_ONLY,18
303.0,VIDEO_ONLY,18
303.5,VIDEO_ONLY,18
304.0,VIDEO_ONLY,18
304.5,VIDEO_ONLY,18
305.0,VIDEO_ONLY,18
305.5,VIDEO_ONLY,18
306.0,VIDEO_ONLY,18
306.5,VIDEO_ONLY,18
307.0,VIDEO_ONLY,18
307.5,VIDEO_ONLY,18
308.0,VIDEO_ONLY,18
308.5,VIDEO_ONLY,18
309.0,VIDEO_ONLY,18
309.5,VIDEO_ONLY,18
310.0,VIDEO_ONLY,18
310.5,VIDEO_ONLY,18
311.0,VIDEO_ONLY,18
311.5,VIDEO_ONLY,18
312.0,VIDEO_ONLY,18
312.5,VIDEO_ONLY,18
313.0,VIDEO_ONLY,18
313.5,VIDEO_ONLY,18
314.0,VIDEO_ONLY,18
314.5,VIDEO_ONLY,18
315.0,VIDEO_ONLY,18
315.5,VIDEO_ONLY,4
316.0,VIDEO_ONLY,4
316.5,VIDEO_ONLY,4
317.0,VIDEO_ONLY,4
317.5,VIDEO_ONLY,4
318.0,VIDEO_ONLY,4
318.5,VIDEO_ONLY,4
319.0,VIDEO_ONLY,4
319.5,VIDEO_ONLY,4
320.0,VIDEO_ONLY,4
320.5,VIDEO_ONLY,4
321.0,VIDEO_ONLY,4
321.5,VIDEO_ONLY,4
322.0,VIDEO_ONLY,4
322.5,VIDEO_ONLY,4
323.0,VIDEO_ONLY,4
323.5,VIDEO_ONLY,4
324.0,VIDEO_ONLY,4
324.5,VIDEO_ONLY,4
325.0,VIDEO_ONLY,4
325.5,VIDEO_ONLY,4
326.0,VIDEO_ONLY,4
326.5,VIDEO_ONLY,4
327.0,VIDEO_ONLY,4
327.5,VIDEO_ONLY,4
328.0,VIDEO_ONLY,4
328.5,VIDEO_ONLY,4
329.0,VIDEO_ONLY,4
329.5,VIDEO_ONLY,4
330.0,VIDEO_ONLY,4
330.5,VIDEO_ONLY,4
331.0,VIDEO_ONLY,4
331.5,VIDEO_ONLY,4
332.0,VIDEO_ONLY,4
332.5,VIDEO_ONLY,4
333.0,VIDEO_ONLY,4
333.5,VIDEO_ONLY,4
334.0,VIDEO_ONLY,4
334.5,VIDEO_ONLY,4
335.0,VIDEO_ONLY,4
335.5,VIDEO_ONLY,4
336.0,VIDEO_ONLY,4
336.5,VIDEO_ONLY,4
337.0,VIDEO_ONLY,4
337.5,VIDEO_ONLY,4
338.0,VIDEO_ONLY,4
338.5,VIDEO_ONLY,4
339.0,VIDEO_ONLY,4
339.5,VIDEO_ONLY,18
340.0,VIDEO_ONLY,18
340.5,VIDEO_ONLY,18
341.0,VIDEO_ONLY,18
341.5,VIDEO_ONLY,18
342.0,VIDEO_ONLY,18
342.5,VIDEO_ONLY,18
343.0,VIDEO_ONLY,18
343.5,VIDEO_ONLY,18
344.0,VIDEO_ONLY,18
344.5,VIDEO_ONLY,18
345.0,VIDEO_ONLY,18
345.5,VIDEO_ONLY,18
346.0,VIDEO_ONLY,18
346.5,VIDEO_ONLY,18
347.0,VIDEO_ONLY,18
347.5,VIDEO_ONLY,18
348.0,VIDEO_ONLY,18
348.5,VIDEO_ONLY,18
349.0,VIDEO_ONLY,18
349.5,VIDEO_ONLY,18
350.0,VIDEO_ONLY,18
350.5,VIDEO_ONLY,18
351.0,VIDEO_ONLY,18
351.5,VIDEO_ONLY,18
352.0,VIDEO_ONLY,18
352.5,VIDEO_ONLY,18
353.0,VIDEO_ONLY,18
353.5,VIDEO_ONLY,18
354.0,VIDEO_ONLY,18
354.5,VIDEO_ONLY,18
355.0,VIDEO_ONLY,18
355.5,VIDEO_ONLY,18
356.0,VIDEO_ONLY,18
356.5,VIDEO_ONLY,18
357.0,VIDEO_ONLY,18
357.5,VIDEO_ONLY,18
358.0,VIDEO_ONLY,18
358.5,VIDEO_ONLY,18
359.0,VIDEO_ONLY,18
359.5,VIDEO_ONLY,18
360.0,VIDEO_ONLY,18
360.5,VIDEO_ONLY,18
361.0,VIDEO_ONLY,18
361.5,VIDEO_ONLY,18
362.0,VIDEO_ONLY,18
362.5,VIDEO_ONLY,18
363.0,VIDEO_ONLY,18
363.5,VIDEO_ONLY,18
364.0,VIDEO_ONLY,18
364.5,VIDEO_ONLY,18
365.0,VIDEO_ONLY,18
365.5,VIDEO_ONLY,2
366.0,VIDEO_ONLY,2
366.5,VIDEO_ONLY,2
367.0,VIDEO_ONLY,2
367.5,VIDEO_ONLY,2
368.0,VIDEO_ONLY,3
368.5,VIDEO_ONLY,3
369.0,VIDEO_ONLY,3
369.5,VIDEO_ONLY,3
370.0,VIDEO_ONLY,3
370.5,VIDEO_ONLY,3
371.0,VIDEO_ONLY,3
371.5,VIDEO_ONLY,3
372.0,VIDEO_ONLY,3
372.5,VIDEO_ONLY,3
373.0,VIDEO_ONLY,3
373.5,VIDEO_ONLY,3
374.0,VIDEO_ONLY,3
374.5,VIDEO_ONLY,3
375.0,VIDEO_ONLY,3
375.5,VIDEO_ONLY,3
376.0,VIDEO_ONLY,3
376.5,VIDEO_ONLY,3
377.0,VIDEO_ONLY,3
377.5,VIDEO_ONLY,3
378.0,VIDEO_ONLY,3
378.5,VIDEO_ONLY,3
379.0,VIDEO_ONLY,3
379.5,VIDEO_ONLY,3
380.0,VIDEO_ONLY,3
380.5,VIDEO_ONLY,3
381.0,VIDEO_ONLY,3
381.5,VIDEO_ONLY,3
382.0,VIDEO_ONLY,3
382.5,VIDEO_ONLY,3
383.0,VIDEO_ONLY,3
383.5,VIDEO_ONLY,3
384.0,VIDEO_ONLY,3
384.5,VIDEO_ONLY,3
385.0,VIDEO_ONLY,3
385.5,VIDEO_ONLY,3
386.0,VIDEO_ONLY,3
386.5,VIDEO_ONLY,3
387.0,VIDEO_ONLY,3
387.5,VIDEO_ONLY,3
388.0,VIDEO_ONLY,3
388.5,VIDEO_ONLY,18
389.0,VIDEO_ONLY,18
389.5,VIDEO_ONLY,18
390.0,VIDEO_ONLY,18
390.5,VIDEO_ONLY,18
391.0,VIDEO_ONLY,18
391.5,VIDEO_ONLY,18
392.0,VIDEO_ONLY,18
392.5,VIDEO_ONLY,18
393.0,VIDEO_ONLY,18
393.5,VIDEO_ONLY,18
394.0,VIDEO_ONLY,18
394.5,VIDEO_ONLY,18
395.0,VIDEO_ONLY,18
395.5,VIDEO_ONLY,18
396.0,VIDEO_ONLY,18
396.5,VIDEO_ONLY,18
397.0,VIDEO_ONLY,18
397.5,VIDEO_ONLY,18
398.0,VIDEO_ONLY,18
398.5,VIDEO_ONLY,18
399.0,VIDEO_ONLY,18
399.5,VIDEO_ONLY,18
400.0,VIDEO_ONLY,18
400.5,VIDEO_ONLY,18
401.0,VIDEO_ONLY,18
401.5,VIDEO_ONLY,18
402.0,VIDEO_ONLY,18
402.5,VIDEO_ONLY,18
403.0,VIDEO_ONLY,18
403.5,VIDEO_ONLY,18
404.0,VIDEO_ONLY,18
404.5,VIDEO_ONLY,18
405.0,VIDEO_ONLY,18
405.5,VIDEO_ONLY,18
406.0,VIDEO_ONLY,18
406.5,VIDEO_ONLY,18
407.0,VIDEO_ONLY,18
407.5,VIDEO_ONLY,18
408.0,VIDEO_ONLY,18
408.5,VIDEO_ONLY,18
409.0,VIDEO_ONLY,18
409.5,VIDEO_ONLY,18
410.0,VIDEO_ONLY,18
410.5,VIDEO_ONLY,18
411.0,VIDEO_ONLY,18
411.5,VIDEO_ONLY,18
412.0,VIDEO_ONLY,18
412.5,VIDEO_ONLY,18
413.0,VIDEO_ONLY,18
413.5,VIDEO_ONLY,18
414.0,VIDEO_ONLY,18
414.5,VIDEO_ONLY,18
415.0,VIDEO_ONLY,18
415.5,VIDEO_ONLY,18
416.0,VIDEO_ONLY,18
416.5,VIDEO_ONLY,18
417.0,VIDEO_ONLY,18
417.5,VIDEO_ONLY,18
418.0,VIDEO_ONLY,18
418.5,VIDEO_ONLY,18
419.0,VIDEO_ONLY,18
419.5,VIDEO_ONLY,18
420.0,VIDEO_ONLY,18
420.5,VIDEO_ONLY,18
421.0,VIDEO_ONLY,18
421.5,VIDEO_ONLY,18
422.0,VIDEO_ONLY,18
422.5,VIDEO_ONLY,18
423.0,VIDEO_ONLY,18
423.5,VIDEO_ONLY,18
424.0,VIDEO_ONLY,18
424.5,VIDEO_ONLY,18
425.0,VIDEO_ONLY,18
425.5,VIDEO_ONLY,18
426.0,VIDEO_ONLY,18
426.5,VIDEO_ONLY,18
427.0,VIDEO_ONLY,18
427.5,VIDEO_ONLY,18
428.0,VIDEO_ONLY,18
428.5,VIDEO_ONLY,18
429.0,VIDEO_ONLY,18
429.5,VIDEO_ONLY,18
430.0,VIDEO_ONLY,18
430.5,VIDEO_ONLY,18
431.0,VIDEO_ONLY,18
431.5,VIDEO_ONLY,18
432.0,VIDEO_ONLY,18
432.5,VIDEO_ONLY,18
433.0,VIDEO_ONLY,18
433.5,VIDEO_ONLY,18
434.0,VIDEO_ONLY,18
434.5,VIDEO_ONLY,18
435.0,VIDEO_ONLY,18
435.5,VIDEO_ONLY,18
436.0,VIDEO_ONLY,18
436.5,VIDEO_ONLY,18
437.0,VIDEO_ONLY,18
437.5,VIDEO_ONLY,18
438.0,VIDEO_ONLY,18
438.5,VIDEO_ONLY,18
439.0,VIDEO_ONLY,18
439.5,VIDEO_ONLY,18
440.0,VIDEO_ONLY,18
440.5,VIDEO_ONLY,18
441.0,VIDEO_ONLY,18
441.5,VIDEO_ONLY,18
442.0,VIDEO_ONLY,18
442.5,VIDEO_ONLY,18
443.0,VIDEO_ONLY,18
443.5,VIDEO_ONLY,18
444.0,VIDEO_ONLY,18
444.5,VIDEO_ONLY,18
445.0,VIDEO_ONLY,18
445.5,VIDEO_ONLY,18
446.0,VIDEO_ONLY,18
446.5,VIDEO_ONLY,18
447.0,VIDEO_ONLY,18
447.5,VIDEO_ONLY,18
448.0,VIDEO_ONLY,18
448.5,VIDEO_ONLY,18
449.0,VIDEO_ONLY,18
449.5,VIDEO_ONLY,18
450.0,VIDEO_ONLY,18
450.5,VIDEO_ONLY,18
451.0,VIDEO_ONLY,18
451.5,VIDEO_ONLY,18
452.0,VIDEO_ONLY,18
452.5,VIDEO_ONLY,18
453.0,VIDEO_ONLY,18
453.5,VIDEO_ONLY,18
454.0,VIDEO_ONLY,18
454.5,VIDEO_ONLY,18
455.0,VIDEO_ONLY,18
455.5,VIDEO_ONLY,18
456.0,VIDEO_ONLY,18
456.5,VIDEO_ONLY,18
457.0,VIDEO_ONLY,18
457.5,VIDEO_ONLY,18
458.0,VIDEO_ONLY,18
458.5,VIDEO_ONLY,18
459.0,VIDEO_ONLY,18
459.5,VIDEO_ONLY,18
460.0,VIDEO_ONLY,18
460.5,VIDEO_ONLY,18
461.0,VIDEO_ONLY,18
461.5,VIDEO_ONLY,18
462.0,VIDEO_ONLY,18
462.5,VIDEO_ONLY,18
463.0,VIDEO_ONLY,18
463.5,VIDEO_ONLY,18
464.0,VIDEO_ONLY,18
464.5,VIDEO_ONLY,18
465.0,VIDEO_ONLY,18
465.5,VIDEO_ONLY,18
466.0,VIDEO_ONLY,18
466.5,VIDEO_ONLY,18
467.0,VIDEO_ONLY,18
467.5,VIDEO_ONLY,18
468.0,VIDEO_ONLY,18
468.5,VIDEO_ONLY,18
469.0,VIDEO_ONLY,18
469.5,VIDEO_ONLY,18
470.0,VIDEO_ONLY,18
470.5,VIDEO_ONLY,18
471.0,VIDEO_ONLY,18
471.5,VIDEO_ONLY,18
472.0,VIDEO_ONLY,18
472.5,VIDEO_ONLY,18
473.0,VIDEO_ONLY,18
473.5,VIDEO_ONLY,18
474.0,VIDEO_ONLY,18
474.5,VIDEO_ONLY,18
475.0,VIDEO_ONLY,18
475.5,VIDEO_ONLY,18
476.0,VIDEO_ONLY,18
476.5,VIDEO_ONLY,18
477.0,VIDEO_ONLY,18
477.5,VIDEO_ONLY,18
478.0,VIDEO_ONLY,18
478.5,VIDEO_ONLY,18
479.0,VIDEO_ONLY,18
479.5,VIDEO_ONLY,18
480.0,VIDEO_ONLY,18
480.5,VIDEO_ONLY,18
481.0,VIDEO_ONLY,18
481.5,VIDEO_ONLY,18
482.0,VIDEO_ONLY,18
482.5,VIDEO_ONLY,18
483.0,VIDEO_ONLY,18
483.5,VIDEO_ONLY,18
484.0,VIDEO_ONLY,18
484.5,VIDEO_ONLY,18
485.0,VIDEO_ONLY,18
485.5,VIDEO_ONLY,18
486.0,VIDEO_ONLY,18
486.5,VIDEO_ONLY,18
487.0,VIDEO_ONLY,18
487.5,VIDEO_ONLY,18
488.0,VIDEO_ONLY,18
488.5,VIDEO_ONLY,18
489.0,VIDEO_ONLY,18
489.5,VIDEO_ONLY,18
490.0,VIDEO_ONLY,18
490.5,VIDEO_ONLY,18
491.0,VIDEO_ONLY,18
491.5,VIDEO_ONLY,18
492.0,VIDEO_ONLY,18
492.5,VIDEO_ONLY,18
493.0,VIDEO_ONLY,18
493.5,VIDEO_ONLY,18
494.0,VIDEO_ONLY,18
494.5,VIDEO_ONLY,18
495.0,VIDEO_ONLY,18
495.5,VIDEO_ONLY,18
496.0,VIDEO_ONLY,18
496.5,VIDEO_ONLY,18
497.0,VIDEO_ONLY,18
497.5,VIDEO_ONLY,18
498.0,VIDEO_ONLY,18
498.5,VIDEO_ONLY,18
499.0,VIDEO_ONLY,18
499.5,VIDEO_ONLY,18
500.0,VIDEO_ONLY,18
500.5,VIDEO_ONLY,18
501.0,VIDEO_ONLY,18
501.5,VIDEO_ONLY,18
502.0,VIDEO_ONLY,18
502.5,VIDEO_ONLY,18
503.0,VIDEO_ONLY,18
503.5,VIDEO_ONLY,18
504.0,VIDEO_ONLY,18
504.5,VIDEO_ONLY,18
505.0,VIDEO_ONLY,18
505.5,VIDEO_ONLY,18
506.0,VIDEO_ONLY,18
506.5,VIDEO_ONLY,18
507.0,VIDEO_ONLY,18
507.5,VIDEO_ONLY,18
508.0,VIDEO_ONLY,18
508.5,VIDEO_ONLY,18
509.0,VIDEO_ONLY,18
509.5,VIDEO_ONLY,18
510.0,VIDEO_ONLY,18
510.5,VIDEO_ONLY,18
511.0,VIDEO_ONLY,18
511.5,VIDEO_ONLY,18
512.0,VIDEO_ONLY,18
512.5,VIDEO_ONLY,18
513.0,VIDEO_ONLY,18
513.5,VIDEO_ONLY,18
514.0,VIDEO_ONLY,18
514.5,VIDEO_ONLY,18
515.0,VIDEO_ONLY,18
515.5,VIDEO_ONLY,18
516.0,VIDEO_ONLY,18
516.5,VIDEO_ONLY,18
517.0,VIDEO_ONLY,18
517.5,VIDEO_ONLY,18
518.0,VIDEO_ONLY,18
518.5,VIDEO_ONLY,18
519.0,VIDEO_ONLY,18
519.5,VIDEO_ONLY,18
520.0,VIDEO_ONLY,18
520.5,VIDEO_ONLY,18
521.0,VIDEO_ONLY,18
521.5,VIDEO_ONLY,18
522.0,VIDEO_ONLY,18
522.5,VIDEO_ONLY,18
523.0,VIDEO_ONLY,18
523.5,VIDEO_ONLY,18
524.0,VIDEO_ONLY,18
524.5,VIDEO_ONLY,18
525.0,VIDEO_ONLY,18
525.5,VIDEO_ONLY,18
526.0,VIDEO_ONLY,18
526.5,VIDEO_ONLY,18
527.0,VIDEO_ONLY,18
527.5,VIDEO_ONLY,18
528.0,VIDEO_ONLY,18
528.5,VIDEO_ONLY,18
529.0,VIDEO_ONLY,18
529.5,VIDEO_ONLY,18
530.0,VIDEO_ONLY,18
530.5,VIDEO_ONLY,18
531.0,VIDEO_ONLY,18
531.5,VIDEO_ONLY,18
532.0,VIDEO_ONLY,18
532.5,VIDEO_ONLY,18
533.0,VIDEO_ONLY,18
533.5,VIDEO_ONLY,18
534.0,VIDEO_ONLY,18
534.5,VIDEO_ONLY,18
535.0,VIDEO_ONLY,18
535.5,VIDEO_ONLY,18
536.0,VIDEO_ONLY,18
536.5,VIDEO_ONLY,18
537.0,VIDEO_ONLY,18
537.5,VIDEO_ONLY,18
538.0,VIDEO_ONLY,18
538.5,VIDEO_ONLY,18
539.0,VIDEO_ONLY,18
539.5,VIDEO_ONLY,18
540.0,VIDEO_ONLY,18
540.5,VIDEO_ONLY,18
541.0,VIDEO_ONLY,18
541.5,VIDEO_ONLY,18
542.0,VIDEO_ONLY,18
542.5,VIDEO_ONLY,18
543.0,VIDEO_ONLY,18
543.5,VIDEO_ONLY,18
544.0,VIDEO_ONLY,18
544.5,VIDEO_ONLY,18
545.0,VIDEO_ONLY,18
545.5,VIDEO_ONLY,18
546.0,VIDEO_ONLY,18
546.5,VIDEO_ONLY,18
547.0,VIDEO_ONLY,18
547.5,VIDEO_ONLY,18
548.0,VIDEO_ONLY,14
548.5,VIDEO_ONLY,14
549.0,VIDEO_ONLY,14
549.5,VIDEO_ONLY,14
550.0,VIDEO_ONLY,14
550.5,VIDEO_ONLY,14
551.0,VIDEO_ONLY,14
551.5,VIDEO_ONLY,14
552.0,VIDEO_ONLY,14
552.5,VIDEO_ONLY,14
553.0,VIDEO_ONLY,14
553.5,VIDEO_ONLY,14
554.0,VIDEO_ONLY,14
554.5,VIDEO_ONLY,14
555.0,VIDEO_ONLY,14
555.5,VIDEO_ONLY,14
556.0,VIDEO_ONLY,14
556.5,VIDEO_ONLY,14
557.0,VIDEO_ONLY,14
557.5,VIDEO_ONLY,14
558.0,VIDEO_ONLY,14
558.5,VIDEO_ONLY,14
559.0,VIDEO_ONLY,14
559.5,VIDEO_ONLY,14
560.0,VIDEO_ONLY,14
560.5,VIDEO_ONLY,14
561.0,VIDEO_ONLY,14
561.5,VIDEO_ONLY,14
562.0,VIDEO_ONLY,14
562.5,VIDEO_ONLY,14
563.0,VIDEO_ONLY,14
563.5,VIDEO_ONLY,14
564.0,VIDEO_ONLY,14
564.5,VIDEO_ONLY,14
565.0,VIDEO_ONLY,14
565.5,VIDEO_ONLY,14
566.0,VIDEO_ONLY,14
566.5,VIDEO_ONLY,14
567.0,VIDEO_ONLY,14
567.5,VIDEO_ONLY,18
568.0,VIDEO_ONLY,18
568.5,VIDEO_ONLY,18
569.0,VIDEO_ONLY,18
569.5,VIDEO_ONLY,18
570.0,VIDEO_ONLY,18
570.5,VIDEO_ONLY,18
571.0,VIDEO_ONLY,18
571.5,VIDEO_ONLY,18
572.0,VIDEO_ONLY,18
572.5,VIDEO_ONLY,18
573.0,VIDEO_ONLY,18
573.5,VIDEO_ONLY,18
574.0,VIDEO_ONLY,18
574.5,VIDEO_ONLY,18
575.0,VIDEO_ONLY,18
575.5,VIDEO_ONLY,18
576.0,VIDEO_ONLY,18
576.5,VIDEO_ONLY,18
577.0,VIDEO_ONLY,18
577.5,VIDEO_ONLY,18
578.0,VIDEO_ONLY,18
578.5,VIDEO_ONLY,18
579.0,VIDEO_ONLY,18
579.5,VIDEO_ONLY,18
580.0,VIDEO_ONLY,18
580.5,VIDEO_ONLY,18
581.0,VIDEO_ONLY,18
581.5,VIDEO_ONLY,18
582.0,VIDEO_ONLY,18
582.5,VIDEO_ONLY,18
583.0,VIDEO_ONLY,18
583.5,VIDEO_ONLY,18
584.0,VIDEO_ONLY,18
584.5,VIDEO_ONLY,18
585.0,VIDEO_ONLY,18
585.5,VIDEO_ONLY,18
586.0,VIDEO_ONLY,18
586.5,VIDEO_ONLY,18
587.0,VIDEO_ONLY,18
587.5,VIDEO_ONLY,18
588.0,VIDEO_ONLY,18
588.5,VIDEO_ONLY,18
589.0,VIDEO_ONLY,18
589.5,VIDEO_ONLY,18
590.0,VIDEO_ONLY,18
590.5,VIDEO_ONLY,18
591.0,VIDEO_ONLY,18
591.5,VIDEO_ONLY,18
592.0,VIDEO_ONLY,18
592.5,VIDEO_ONLY,18
593.0,VIDEO_ONLY,18
593.5,VIDEO_ONLY,18
594.0,VIDEO_ONLY,18
594.5,VIDEO_ONLY,18
595.0,VIDEO_ONLY,14
595.5,VIDEO_ONLY,14
596.0,VIDEO_ONLY,14
596.5,VIDEO_ONLY,14
597.0,VIDEO_ONLY,14
597.5,VIDEO_ONLY,14
598.0,VIDEO_ONLY,14
598.5,VIDEO_ONLY,14
599.0,VIDEO_ONLY,14
599.5,VIDEO_ONLY,14
600.0,VIDEO_ONLY,14
600.5,VIDEO_ONLY,14
601.0,VIDEO_ONLY,14
601.5,VIDEO_ONLY,14
602.0,VIDEO_ONLY,14
602.5,VIDEO_ONLY,14
603.0,VIDEO_ONLY,14
603.5,VIDEO_ONLY,14
604.0,VIDEO_ONLY,14
604.5,VIDEO_ONLY,14
605.0,VIDEO_ONLY,14
605.5,VIDEO_ONLY,14
606.0,VIDEO_ONLY,14
606.5,VIDEO_ONLY,14
607.0,VIDEO_ONLY,14
607.5,VIDEO_ONLY,14
608.0,VIDEO_ONLY,14
608.5,VIDEO_ONLY,14
609.0,VIDEO_ONLY,14
609.5,VIDEO_ONLY,14
610.0,VIDEO_ONLY,14
610.5,VIDEO_ONLY,14
611.0,VIDEO_ONLY,14
611.5,VIDEO_ONLY,14
612.0,VIDEO_ONLY,14
612.5,VIDEO_ONLY,14
613.0,VIDEO_ONLY,14
613.5,VIDEO_ONLY,14
614.0,VIDEO_ONLY,14
614.5,VIDEO_ONLY,14
615.0,VIDEO_ONLY,14
615.5,VIDEO_ONLY,14
616.0,VIDEO_ONLY,14
616.5,VIDEO_ONLY,14
617.0,VIDEO_ONLY,14
617.5,VIDEO_ONLY,14
618.0,VIDEO_ONLY,18
618.5,VIDEO_ONLY,18
619.0,VIDEO_ONLY,18
619.5,VIDEO_ONLY,18
620.0,VIDEO_ONLY,18
620.5,VIDEO_ONLY,18
621.0,VIDEO_ONLY,18
621.5,VIDEO_ONLY,18
622.0,VIDEO_ONLY,18
622.5,VIDEO_ONLY,18
623.0,VIDEO_ONLY,18
623.5,VIDEO_ONLY,18
624.0,VIDEO_ONLY,18
624.5,VIDEO_ONLY,18
625.0,VIDEO_ONLY,18
625.5,VIDEO_ONLY,18
626.0,VIDEO_ONLY,18
626.5,VIDEO_ONLY,18
627.0,VIDEO_ONLY,18
627.5,VIDEO_ONLY,18
628.0,VIDEO_ONLY,18
628.5,VIDEO_ONLY,18
629.0,VIDEO_ONLY,18
629.5,VIDEO_ONLY,18
630.0,VIDEO_ONLY,18
630.5,VIDEO_ONLY,18
631.0,VIDEO_ONLY,18
631.5,VIDEO_ONLY,18
632.0,VIDEO_ONLY,18
632.5,VIDEO_ONLY,18
633.0,VIDEO_ONLY,18
633.5,VIDEO_ONLY,18
634.0,VIDEO_ONLY,18
634.5,VIDEO_ONLY,18
635.0,VIDEO_ONLY,18
635.5,VIDEO_ONLY,18
636.0,VIDEO_ONLY,18
636.5,VIDEO_ONLY,18
637.0,VIDEO_ONLY,18
637.5,VIDEO_ONLY,18
638.0,VIDEO_ONLY,18
638.5,VIDEO_ONLY,18
639.0,VIDEO_ONLY,18
639.5,VIDEO_ONLY,18
640.0,VIDEO_ONLY,18
640.5,VIDEO_ONLY,18
641.0,VIDEO_ONLY,18
641.5,VIDEO_ONLY,18
642.0,VIDEO_ONLY,18
642.5,VIDEO_ONLY,18
643.0,VIDEO_ONLY,18
643.5,VIDEO_ONLY,18
644.0,VIDEO_ONLY,18
644.5,VIDEO_ONLY,18
645.0,VIDEO_ONLY,18
645.5,VIDEO_ONLY,18
646.0,VIDEO_ONLY,18
646.5,VIDEO_ONLY,18
647.0,VIDEO_ONLY,18
647.5,VIDEO_ONLY,18
648.0,VIDEO_ONLY,18
648.5,VIDEO_ONLY,18
649.0,VIDEO_ONLY,18
649.5,VIDEO_ONLY,18
650.0,VIDEO_ONLY,18
650.5,VIDEO_ONLY,18
651.0,VIDEO_ONLY,18
651.5,VIDEO_ONLY,18
652.0,VIDEO_ONLY,18
652.5,VIDEO_ONLY,18
653.0,VIDEO_ONLY,18
653.5,VIDEO_ONLY,18
654.0,VIDEO_ONLY,18
654.5,VIDEO_ONLY,18
655.0,VIDEO_ONLY,18
655.5,VIDEO_ONLY,18
656.0,VIDEO_ONLY,18
656.5,VIDEO_ONLY,18
657.0,VIDEO_ONLY,18
657.5,VIDEO_ONLY,18
658.0,VIDEO_ONLY,18
658.5,VIDEO_ONLY,18
659.0,VIDEO_ONLY,14
659.5,VIDEO_ONLY,14
660.0,VIDEO_ONLY,14
660.5,VIDEO_ONLY,14
661.0,VIDEO_ONLY,14
661.5,VIDEO_ONLY,14
662.0,VIDEO_ONLY,14
662.5,VIDEO_ONLY,14
663.0,VIDEO_ONLY,14
663.5,VIDEO_ONLY,14
664.0,VIDEO_ONLY,14
664.5,VIDEO_ONLY,14
665.0,VIDEO_ONLY,14
665.5,VIDEO_ONLY,14
666.0,VIDEO_ONLY,14
666.5,VIDEO_ONLY,14
667.0,VIDEO_ONLY,14
667.5,VIDEO_ONLY,14
668.0,VIDEO_ONLY,14
668.5,VIDEO_ONLY,14
669.0,VIDEO_ONLY,14
669.5,VIDEO_ONLY,14
670.0,VIDEO_ONLY,14
670.5,VIDEO_ONLY,14
671.0,VIDEO_ONLY,14
671.5,VIDEO_ONLY,14
672.0,VIDEO_ONLY,14
672.5,VIDEO_ONLY,14
673.0,VIDEO_ONLY,14
673.5,VIDEO_ONLY,14
674.0,VIDEO_ONLY,14
674.5,VIDEO_ONLY,14
675.0,VIDEO_ONLY,14
675.5,VIDEO_ONLY,14
676.0,VIDEO_ONLY,14
676.5,VIDEO_ONLY,14
677.0,VIDEO_ONLY,14
677.5,VIDEO_ONLY,14
678.0,VIDEO_ONLY,14
678.5,VIDEO_ONLY,14
679.0,VIDEO_ONLY,14
679.5,VIDEO_ONLY,18
680.0,VIDEO_ONLY,18
680.5,VIDEO_ONLY,18
681.0,VIDEO_ONLY,18
681.5,VIDEO_ONLY,18
682.0,VIDEO_ONLY,18
682.5,VIDEO_ONLY,18
683.0,VIDEO_ONLY,18
683.5,VIDEO_ONLY,18
684.0,VIDEO_ONLY,18
684.5,VIDEO_ONLY,18
685.0,VIDEO_ONLY,18
685.5,VIDEO_ONLY,18
686.0,VIDEO_ONLY,18
686.5,VIDEO_ONLY,18
687.0,VIDEO_ONLY,18
687.5,VIDEO_ONLY,18
688.0,VIDEO_ONLY,18
688.5,VIDEO_ONLY,18
689.0,VIDEO_ONLY,18
689.5,VIDEO_ONLY,18
690.0,VIDEO_ONLY,18
690.5,VIDEO_ONLY,18
691.0,VIDEO_ONLY,18
691.5,VIDEO_ONLY,18
692.0,VIDEO_ONLY,18
692.5,VIDEO_ONLY,18
693.0,VIDEO_ONLY,18
693.5,VIDEO_ONLY,18
694.0,VIDEO_ONLY,18
694.5,VIDEO_ONLY,18
695.0,VIDEO_ONLY,18
695.5,VIDEO_ONLY,18
696.0,VIDEO_ONLY,18
696.5,VIDEO_ONLY,18
697.0,VIDEO_ONLY,18
697.5,VIDEO_ONLY,18
698.0,VIDEO_ONLY,18
698.5,VIDEO_ONLY,18
699.0,VIDEO_ONLY,18
699.5,VIDEO_ONLY,18
700.0,VIDEO_ONLY,18
700.5,VIDEO_ONLY,18
701.0,VIDEO_ONLY,18
701.5,VIDEO_ONLY,18
702.0,VIDEO_ONLY,18
702.5,VIDEO_ONLY,18
703.0,VIDEO_ONLY,18
703.5,VIDEO_ONLY,18
704.0,VIDEO_ONLY,18
704.5,VIDEO_ONLY,18
705.0,VIDEO_ONLY,18
705.5,VIDEO_ONLY,18
706.0,VIDEO_ONLY,18
706.5,VIDEO_ONLY,18
707.0,VIDEO_ONLY,18
707.5,VIDEO_ONLY,18
708.0,VIDEO_ONLY,18
708.5,VIDEO_ONLY,18
709.0,VIDEO_ONLY,18
709.5,VIDEO_ONLY,18
710.0,VIDEO_ONLY,18
710.5,VIDEO_ONLY,18
711.0,VIDEO_ONLY,18
711.5,VIDEO_ONLY,18
712.0,VIDEO_ONLY,18
712.5,VIDEO_ONLY,18
713.0,VIDEO_ONLY,18
713.5,VIDEO_ONLY,18
714.0,VIDEO_ONLY,18
714.5,VIDEO_ONLY,18
715.0,VIDEO_ONLY,18
715.5,VIDEO_ONLY,18
716.0,VIDEO_ONLY,18
716.5,VIDEO_ONLY,18
717.0,VIDEO_ONLY,18
717.5,VIDEO_ONLY,18
718.0,VIDEO_ONLY,18
718.5,VIDEO_ONLY,18
719.0,VIDEO_ONLY,18
719.5,VIDEO_ONLY,18
720.0,VIDEO_ONLY,18
720.5,VIDEO_ONLY,18
721.0,VIDEO_ONLY,18
721.5,VIDEO_ONLY,18
722.0,VIDEO_ONLY,18
722.5,VIDEO_ONLY,18
723.0,VIDEO_ONLY,18
723.5,VIDEO_ONLY,18
724.0,VIDEO_ONLY,18
724.5,VIDEO_ONLY,18
725.0,VIDEO_ONLY,18
725.5,VIDEO_ONLY,18
726.0,VIDEO_ONLY,18
726.5,VIDEO_ONLY,18
727.0,VIDEO_ONLY,18
727.5,VIDEO_ONLY,18
728.0,VIDEO_ONLY,18
728.5,VIDEO_ONLY,18
729.0,VIDEO_ONLY,18
729.5,VIDEO_ONLY,18
730.0,VIDEO_ONLY,18
730.5,VIDEO_ONLY,18
731.0,VIDEO_ONLY,18
731.5,VIDEO_ONLY,18
732.0,VIDEO_ONLY,18
732.5,VIDEO_ONLY,18
733.0,VIDEO_ONLY,18
733.5,VIDEO_ONLY,18
734.0,VIDEO_ONLY,18
734.5,VIDEO_ONLY,18
735.0,VIDEO_ONLY,18
735.5,VIDEO_ONLY,18
736.0,VIDEO_ONLY,18
736.5,VIDEO_ONLY,18
737.0,VIDEO_ONLY,18
737.5,VIDEO_ONLY,18
738.0,VIDEO_ONLY,18
738.5,VIDEO_ONLY,18
739.0,VIDEO_ONLY,18
739.5,VIDEO_ONLY,18
740.0,VIDEO_ONLY,18
740.5,VIDEO_ONLY,9
741.0,VIDEO_ONLY,9
741.5,VIDEO_ONLY,9
742.0,VIDEO_ONLY,9
742.5,VIDEO_ONLY,9
743.0,VIDEO_ONLY,9
743.5,VIDEO_ONLY,9
744.0,VIDEO_ONLY,9
744.5,VIDEO_ONLY,9
745.0,VIDEO_ONLY,9
745.5,VIDEO_ONLY,9
746.0,VIDEO_ONLY,9
746.5,VIDEO_ONLY,9
747.0,VIDEO_ONLY,9
747.5,VIDEO_ONLY,9
748.0,VIDEO_ONLY,9
748.5,VIDEO_ONLY,9
749.0,VIDEO_ONLY,9
749.5,VIDEO_ONLY,9
750.0,VIDEO_ONLY,9
750.5,VIDEO_ONLY,9
751.0,VIDEO_ONLY,9
751.5,VIDEO_ONLY,9
752.0,VIDEO_ONLY,9
752.5,VIDEO_ONLY,9
753.0,VIDEO_ONLY,9
753.5,VIDEO_ONLY,9
754.0,VIDEO_ONLY,9
754.5,VIDEO_ONLY,9
755.0,VIDEO_ONLY,9
755.5,VIDEO_ONLY,9
756.0,VIDEO_ONLY,9
756.5,VIDEO_ONLY,9
757.0,VIDEO_ONLY,9
757.5,VIDEO_ONLY,9
758.0,VIDEO_ONLY,9
758.5,VIDEO_ONLY,9
759.0,VIDEO_ONLY,9
759.5,VIDEO_ONLY,9
760.0,VIDEO_ONLY,9
760.5,VIDEO_ONLY,9
761.0,VIDEO_ONLY,9
761.5,VIDEO_ONLY,9
762.0,VIDEO_ONLY,9
762.5,VIDEO_ONLY,9
763.0,VIDEO_ONLY,9
763.5,VIDEO_ONLY,9
764.0,VIDEO_ONLY,9
764.5,VIDEO_ONLY,9
765.0,VIDEO_ONLY,9
765.5,VIDEO_ONLY,9
766.0,VIDEO_ONLY,9
766.5,VIDEO_ONLY,9
767.0,VIDEO_ONLY,9
767.5,VIDEO_ONLY,9
768.0,VIDEO_ONLY,9
768.5,VIDEO_ONLY,9
769.0,VIDEO_ONLY,9
769.5,VIDEO_ONLY,9
770.0,VIDEO_ONLY,9
770.5,VIDEO_ONLY,9
771.0,VIDEO_ONLY,9
771.5,VIDEO_ONLY,9
772.0,VIDEO_ONLY,9
772.5,VIDEO_ONLY,9
773.0,VIDEO_ONLY,9
773.5,VIDEO_ONLY,9
774.0,VIDEO_ONLY,9
774.5,VIDEO_ONLY,9
775.0,VIDEO_ONLY,9
775.5,VIDEO_ONLY,9
776.0,VIDEO_ONLY,9
776.5,VIDEO_ONLY,9
777.0,VIDEO_ONLY,9
777.5,VIDEO_ONLY,9
778.0,VIDEO_ONLY,9
778.5,VIDEO_ONLY,9
779.0,VIDEO_ONLY,9
779.5,VIDEO_ONLY,9
780.0,VIDEO_ONLY,9
780.5,VIDEO_ONLY,9
781.0,VIDEO_ONLY,9
781.5,VIDEO_ONLY,9
782.0,VIDEO_ONLY,9
782.5,VIDEO_ONLY,9
783.0,VIDEO_ONLY,9
783.5,VIDEO_ONLY,9
784.0,VIDEO_ONLY,9
784.5,VIDEO_ONLY,9
785.0,VIDEO_ONLY,9
785.5,VIDEO_ONLY,9
786.0,VIDEO_ONLY,9
786.5,VIDEO_ONLY,9
787.0,VIDEO_ONLY,9
787.5,VIDEO_ONLY,9
788.0,VIDEO_ONLY,9
788.5,VIDEO_ONLY,9
789.0,VIDEO_ONLY,9
789.5,VIDEO_ONLY,9
790.0,VIDEO_ONLY,9
790.5,VIDEO_ONLY,9
791.0,VIDEO_ONLY,9
791.5,VIDEO_ONLY,9
792.0,VIDEO_ONLY,9
792.5,VIDEO_ONLY,9
793.0,VIDEO_ONLY,9
793.5,VIDEO_ONLY,9
794.0,VIDEO_ONLY,9
794.5,VIDEO_ONLY,9
795.0,VIDEO_ONLY,9
795.5,VIDEO_ONLY,9
796.0,VIDEO_ONLY,9
796.5,VIDEO_ONLY,9
797.0,VIDEO_ONLY,9
797.5,VIDEO_ONLY,9
798.0,VIDEO_ONLY,9
798.5,VIDEO_ONLY,9
799.0,VIDEO_ONLY,18
799.5,VIDEO_ONLY,18
800.0,VIDEO_ONLY,18
800.5,VIDEO_ONLY,18
801.0,VIDEO_ONLY,18
801.5,VIDEO_ONLY,18
802.0,VIDEO_ONLY,18
802.5,VIDEO_ONLY,18
803.0,VIDEO_ONLY,18
803.5,VIDEO_ONLY,18
804.0,VIDEO_ONLY,18
804.5,VIDEO_ONLY,18
805.0,VIDEO_ONLY,18
805.5,VIDEO_ONLY,18
806.0,VIDEO_ONLY,18
806.5,VIDEO_ONLY,18
807.0,VIDEO_ONLY,18
807.5,VIDEO_ONLY,18
808.0,VIDEO_ONLY,18
808.5,VIDEO_ONLY,18
809.0,VIDEO_ONLY,18
809.5,VIDEO_ONLY,18
810.0,VIDEO_ONLY,18
810.5,VIDEO_ONLY,18
811.0,VIDEO_ONLY,18
811.5,VIDEO_ONLY,18
812.0,VIDEO_ONLY,18
812.5,VIDEO_ONLY,18
813.0,VIDEO_ONLY,18
813.5,VIDEO_ONLY,18
814.0,VIDEO_ONLY,18
814.5,VIDEO_ONLY,18
815.0,VIDEO_ONLY,18
815.5,VIDEO_ONLY,18
816.0,VIDEO_ONLY,18
816.5,VIDEO_ONLY,18
817.0,VIDEO_ONLY,18
817.5,VIDEO_ONLY,18
818.0,VIDEO_ONLY,18
818.5,VIDEO_ONLY,18
819.0,VIDEO_ONLY,18
819.5,VIDEO_ONLY,18
820.0,VIDEO_ONLY,18
820.5,VIDEO_ONLY,18
821.0,VIDEO_ONLY,18
821.5,VIDEO_ONLY,18
822.0,VIDEO_ONLY,18
822.5,VIDEO_ONLY,18
823.0,VIDEO_ONLY,18
823.5,VIDEO_ONLY,18
824.0,VIDEO_ONLY,18
824.5,VIDEO_ONLY,18
825.0,VIDEO_ONLY,18
825.5,VIDEO_ONLY,18
826.0,VIDEO_ONLY,18
826.5,VIDEO_ONLY,18
827.0,VIDEO_ONLY,18
827.5,VIDEO_ONLY,18
828.0,VIDEO_ONLY,18
828.5,VIDEO_ONLY,18
829.0,VIDEO_ONLY,18
829.5,VIDEO_ONLY,18
830.0,VIDEO_ONLY,18
830.5,VIDEO_ONLY,18
831.0,VIDEO_ONLY,6
831.5,VIDEO_ONLY,6
832.0,VIDEO_ONLY,6
832.5,VIDEO_ONLY,6
833.0,VIDEO_ONLY,6
833.5,VIDEO_ONLY,6
834.0,VIDEO_ONLY,6
834.5,VIDEO_ONLY,6
835.0,VIDEO_ONLY,6
835.5,VIDEO_ONLY,6
836.0,VIDEO_ONLY,6
836.5,VIDEO_ONLY,6
837.0,VIDEO_ONLY,6
837.5,VIDEO_ONLY,6
838.0,VIDEO_ONLY,6
838.5,VIDEO_ONLY,6
839.0,VIDEO_ONLY,6
839.5,VIDEO_ONLY,6
840.0,VIDEO_ONLY,6
840.5,VIDEO_ONLY,6
841.0,VIDEO_ONLY,6
841.5,VIDEO_ONLY,6
842.0,VIDEO_ONLY,6
842.5,VIDEO_ONLY,6
843.0,VIDEO_ONLY,6
843.5,VIDEO_ONLY,6
844.0,VIDEO_ONLY,6
844.5,VIDEO_ONLY,6
845.0,VIDEO_ONLY,6
845.5,VIDEO_ONLY,6
846.0,VIDEO_ONLY,6
846.5,VIDEO_ONLY,6
847.0,VIDEO_ONLY,6
847.5,VIDEO_ONLY,6
848.0,VIDEO_ONLY,6
848.5,VIDEO_ONLY,6
849.0,VIDEO_ONLY,6
849.5,VIDEO_ONLY,6
850.0,VIDEO_ONLY,6
850.5,VIDEO_ONLY,6
851.0,VIDEO_ONLY,6
851.5,VIDEO_ONLY,6
852.0,VIDEO_ONLY,6
852.5,VIDEO_ONLY,6
853.0,VIDEO_ONLY,6
853.5,VIDEO_ONLY,6
854.0,VIDEO_ONLY,6
854.5,VIDEO_ONLY,6
855.0,VIDEO_ONLY,6
855.5,VIDEO_ONLY,6
856.0,VIDEO_ONLY,6
856.5,VIDEO_ONLY,6
857.0,VIDEO_ONLY,6
857.5,VIDEO_ONLY,6
858.0,VIDEO_ONLY,6
858.5,VIDEO_ONLY,6
859.0,VIDEO_ONLY,6
859.5,VIDEO_ONLY,6
860.0,VIDEO_ONLY,6
860.5,VIDEO_ONLY,6
861.0,VIDEO_ONLY,6
861.5,VIDEO_ONLY,6
862.0,VIDEO_ONLY,6
862.5,VIDEO_ONLY,6
863.0,VIDEO_ONLY,6
863.5,VIDEO_ONLY,6
864.0,VIDEO_ONLY,6
864.5,VIDEO_ONLY,6
865.0,VIDEO_ONLY,6
865.5,VIDEO_ONLY,6
866.0,VIDEO_ONLY,6
866.5,VIDEO_ONLY,6
867.0,VIDEO_ONLY,6
867.5,VIDEO_ONLY,6
868.0,VIDEO_ONLY,6
868.5,VIDEO_ONLY,6
869.0,VIDEO_ONLY,6
869.5,VIDEO_ONLY,6
870.0,VIDEO_ONLY,6
870.5,VIDEO_ONLY,6
871.0,VIDEO_ONLY,6
871.5,VIDEO_ONLY,6
872.0,VIDEO_ONLY,6
872.5,VIDEO_ONLY,6
873.0,VIDEO_ONLY,6
873.5,VIDEO_ONLY,6
874.0,VIDEO_ONLY,6
874.5,VIDEO_ONLY,6
875.0,VIDEO_ONLY,6
875.5,VIDEO_ONLY,6
876.0,VIDEO_ONLY,6
876.5,VIDEO_ONLY,6
877.0,VIDEO_ONLY,6
877.5,VIDEO_ONLY,6
878.0,VIDEO_ONLY,6
878.5,VIDEO_ONLY,6
879.0,VIDEO_ONLY,6
879.5,VIDEO_ONLY,6
880.0,VIDEO_ONLY,6
880.5,VIDEO_ONLY,6
881.0,VIDEO_ONLY,6
881.5,VIDEO_ONLY,6
882.0,VIDEO_ONLY,6
882.5,VIDEO_ONLY,6
883.0,VIDEO_ONLY,6
883.5,VIDEO_ONLY,6
884.0,VIDEO_ONLY,6
884.5,VIDEO_ONLY,6
885.0,VIDEO_ONLY,6
885.5,VIDEO_ONLY,6
886.0,VIDEO_ONLY,6
886.5,VIDEO_ONLY,6
887.0,VIDEO_ONLY,6
887.5,VIDEO_ONLY,6
888.0,VIDEO_ONLY,6
888.5,VIDEO_ONLY,6
889.0,VIDEO_ONLY,6
889.5,VIDEO_ONLY,6
890.0,VIDEO_ONLY,6
890.5,VIDEO_ONLY,6
891.0,VIDEO_ONLY,6
891.5,VIDEO_ONLY,6
892.0,VIDEO_ONLY,6
892.5,VIDEO_ONLY,6
893.0,VIDEO_ONLY,6
893.5,VIDEO_ONLY,6
894.0,VIDEO_ONLY,6
894.5,VIDEO_ONLY,6
895.0,VIDEO_ONLY,6
895.5,VIDEO_ONLY,6
896.0,VIDEO_ONLY,6
896.5,VIDEO_ONLY,6
897.0,VIDEO_ONLY,6
897.5,VIDEO_ONLY,6
898.0,VIDEO_ONLY,6
898.5,VIDEO_ONLY,6
899.0,VIDEO_ONLY,6
899.5,VIDEO_ONLY,6
900.0,VIDEO_ONLY,6
900.5,VIDEO_ONLY,6
901.0,VIDEO_ONLY,6
901.5,VIDEO_ONLY,6
902.0,VIDEO_ONLY,6
902.5,VIDEO_ONLY,6
903.0,VIDEO_ONLY,6
903.5,VIDEO_ONLY,6
904.0,VIDEO_ONLY,6
904.5,VIDEO_ONLY,6
905.0,VIDEO_ONLY,6
905.5,VIDEO_ONLY,6
906.0,VIDEO_ONLY,6
906.5,VIDEO_ONLY,6
907.0,VIDEO_ONLY,6
907.5,VIDEO_ONLY,6
908.0,VIDEO_ONLY,6
908.5,VIDEO_ONLY,6
909.0,VIDEO_ONLY,6
909.5,VIDEO_ONLY,6
910.0,VIDEO_ONLY,6
910.5,VIDEO_ONLY,6
911.0,VIDEO_ONLY,6
911.5,VIDEO_ONLY,6
912.0,VIDEO_ONLY,6
912.5,VIDEO_ONLY,6
913.0,VIDEO_ONLY,6
913.5,VIDEO_ONLY,6
914.0,VIDEO_ONLY,6
914.5,VIDEO_ONLY,6
915.0,VIDEO_ONLY,6
915.5,VIDEO_ONLY,6
916.0,VIDEO_ONLY,6
916.5,VIDEO_ONLY,6
917.0,VIDEO_ONLY,6
917.5,VIDEO_ONLY,6
918.0,VIDEO_ONLY,6
918.5,VIDEO_ONLY,6
919.0,VIDEO_ONLY,6
919.5,VIDEO_ONLY,6
920.0,VIDEO_ONLY,6
920.5,VIDEO_ONLY,6
921.0,VIDEO_ONLY,6
921.5,VIDEO_ONLY,6
922.0,VIDEO_ONLY,6
922.5,VIDEO_ONLY,6
923.0,VIDEO_ONLY,6
923.5,VIDEO_ONLY,6
924.0,VIDEO_ONLY,6
924.5,VIDEO_ONLY,6
925.0,VIDEO_ONLY,6
925.5,VIDEO_ONLY,6
926.0,VIDEO_ONLY,6
926.5,VIDEO_ONLY,6
927.0,VIDEO_ONLY,6
927.5,VIDEO_ONLY,6
928.0,VIDEO_ONLY,6
928.5,VIDEO_ONLY,6
929.0,VIDEO_ONLY,6
929.5,VIDEO_ONLY,6
930.0,VIDEO_ONLY,6
930.5,VIDEO_ONLY,6
931.0,VIDEO_ONLY,6
931.5,VIDEO_ONLY,6
932.0,VIDEO_ONLY,6
932.5,VIDEO_ONLY,6
933.0,VIDEO_ONLY,6
933.5,VIDEO_ONLY,18
934.0,VIDEO_ONLY,18
934.5,VIDEO_ONLY,18
935.0,VIDEO_ONLY,18
935.5,VIDEO_ONLY,18
936.0,VIDEO_ONLY,18
936.5,VIDEO_ONLY,18
937.0,VIDEO_ONLY,18
937.5,VIDEO_ONLY,18
938.0,VIDEO_ONLY,18
938.5,VIDEO_ONLY,18
939.0,VIDEO_ONLY,18
939.5,VIDEO_ONLY,18
940.0,VIDEO_ONLY,18
940.5,VIDEO_ONLY,18
941.0,VIDEO_ONLY,18
941.5,VIDEO_ONLY,18
942.0,VIDEO_ONLY,18
942.5,VIDEO_ONLY,18
943.0,VIDEO_ONLY,18
943.5,VIDEO_ONLY,18
944.0,VIDEO_ONLY,18
944.5,VIDEO_ONLY,18
945.0,VIDEO_ONLY,18
945.5,VIDEO_ONLY,18
946.0,VIDEO_ONLY,18
946.5,VIDEO_ONLY,18
947.0,VIDEO_ONLY,18
947.5,VIDEO_ONLY,18
948.0,VIDEO_ONLY,18
948.5,VIDEO_ONLY,18
949.0,VIDEO_ONLY,18
949.5,VIDEO_ONLY,18
950.0,VIDEO_ONLY,18
950.5,VIDEO_ONLY,18
951.0,VIDEO_ONLY,18
951.5,VIDEO_ONLY,18
952.0,VIDEO_ONLY,18
952.5,VIDEO_ONLY,18
953.0,VIDEO_ONLY,18
953.5,VIDEO_ONLY,18
954.0,VIDEO_ONLY,18
954.5,VIDEO_ONLY,18
955.0,VIDEO_ONLY,18
955.5,VIDEO_ONLY,18
956.0,VIDEO_ONLY,18
956.5,VIDEO_ONLY,18
957.0,VIDEO_ONLY,18
957.5,VIDEO_ONLY,18
958.0,VIDEO_ONLY,18
958.5,VIDEO_ONLY,18
959.0,VIDEO_ONLY,18
959.5,VIDEO_ONLY,18
960.0,VIDEO_ONLY,18
960.5,VIDEO_ONLY,18
961.0,VIDEO_ONLY,18
961.5,VIDEO_ONLY,18
962.0,VIDEO_ONLY,18
962.5,VIDEO_ONLY,6
963.0,VIDEO_ONLY,6
963.5,VIDEO_ONLY,6
964.0,VIDEO_ONLY,6
964.5,VIDEO_ONLY,6
965.0,VIDEO_ONLY,6
965.5,VIDEO_ONLY,6
966.0,VIDEO_ONLY,6
966.5,VIDEO_ONLY,6
967.0,VIDEO_ONLY,6
967.5,VIDEO_ONLY,6
968.0,VIDEO_ONLY,6
968.5,VIDEO_ONLY,6
969.0,VIDEO_ONLY,6
969.5,VIDEO_ONLY,6
970.0,VIDEO_ONLY,6
970.5,VIDEO_ONLY,6
971.0,VIDEO_ONLY,6
971.5,VIDEO_ONLY,6
972.0,VIDEO_ONLY,6
972.5,VIDEO_ONLY,6
973.0,VIDEO_ONLY,6
973.5,VIDEO_ONLY,6
974.0,VIDEO_ONLY,6
974.5,VIDEO_ONLY,6
975.0,VIDEO_ONLY,6
975.5,VIDEO_ONLY,6
976.0,VIDEO_ONLY,6
976.5,VIDEO_ONLY,6
977.0,VIDEO_ONLY,6
977.5,VIDEO_ONLY,6
978.0,VIDEO_ONLY,6
978.5,VIDEO_ONLY,6
979.0,VIDEO_ONLY,6
979.5,VIDEO_ONLY,6
980.0,VIDEO_ONLY,6
980.5,VIDEO_ONLY,6
981.0,VIDEO_ONLY,6
981.5,VIDEO_ONLY,6
982.0,VIDEO_ONLY,6
982.5,VIDEO_ONLY,6
983.0,VIDEO_ONLY,6
983.5,VIDEO_ONLY,6
984.0,VIDEO_ONLY,6
984.5,VIDEO_ONLY,18
985.0,VIDEO_ONLY,18
985.5,VIDEO_ONLY,18
986.0,VIDEO_ONLY,18
986.5,VIDEO_ONLY,18
987.0,VIDEO_ONLY,18
987.5,VIDEO_ONLY,18
988.0,VIDEO_ONLY,18
988.5,VIDEO_ONLY,18
989.0,VIDEO_ONLY,18
989.5,VIDEO_ONLY,18
990.0,VIDEO_ONLY,18
990.5,VIDEO_ONLY,18
991.0,VIDEO_ONLY,18
991.5,VIDEO_ONLY,18
992.0,VIDEO_ONLY,18
992.5,VIDEO_ONLY,18
993.0,VIDEO_ONLY,18
993.5,VIDEO_ONLY,18
994.0,VIDEO_ONLY,18
994.5,VIDEO_ONLY,18
995.0,VIDEO_ONLY,18
995.5,VIDEO_ONLY,18
996.0,VIDEO_ONLY,18
996.5,VIDEO_ONLY,18
997.0,VIDEO_ONLY,18
997.5,VIDEO_ONLY,18
998.0,VIDEO_ONLY,6
998.5,VIDEO_ONLY,6
999.0,VIDEO_ONLY,6
999.5,VIDEO_ONLY,6
1000.0,VIDEO_ONLY,6
1000.5,VIDEO_ONLY,6
1001.0,VIDEO_ONLY,6
1001.5,VIDEO_ONLY,6
1002.0,VIDEO_ONLY,6
1002.5,VIDEO_ONLY,6
1003.0,VIDEO_ONLY,6
1003.5,VIDEO_ONLY,6
1004.0,VIDEO_ONLY,6
1004.5,VIDEO_ONLY,6
1005.0,VIDEO_ONLY,6
1005.5,VIDEO_ONLY,6
1006.0,VIDEO_ONLY,6
1006.5,VIDEO_ONLY,6
1007.0,VIDEO_ONLY,6
1007.5,VIDEO_ONLY,6
1008.0,VIDEO_ONLY,6
1008.5,VIDEO_ONLY,6
1009.0,VIDEO_ONLY,6
1009.5,VIDEO_ONLY,6
1010.0,VIDEO_ONLY,6
1010.5,VIDEO_ONLY,6
1011.0,VIDEO_ONLY,6
1011.5,VIDEO_ONLY,6
1012.0,VIDEO_ONLY,6
1012.5,VIDEO_ONLY,6
1013.0,VIDEO_ONLY,6
1013.5,VIDEO_ONLY,6
1014.0,VIDEO_ONLY,6
1014.5,VIDEO_ONLY,6
1015.0,VIDEO_ONLY,6
1015.5,VIDEO_ONLY,6
1016.0,VIDEO_ONLY,6
1016.5,VIDEO_ONLY,6
1017.0,VIDEO_ONLY,6
1017.5,VIDEO_ONLY,6
1018.0,VIDEO_ONLY,6
1018.5,VIDEO_ONLY,6
1019.0,VIDEO_ONLY,6
1019.5,VIDEO_ONLY,6
1020.0,VIDEO_ONLY,6
1020.5,VIDEO_ONLY,6
1021.0,VIDEO_ONLY,6
1021.5,VIDEO_ONLY,6
1022.0,VIDEO_ONLY,6
1022.5,VIDEO_ONLY,6
1023.0,VIDEO_ONLY,6
1023.5,VIDEO_ONLY,6
1024.0,VIDEO_ONLY,6
1024.5,VIDEO_ONLY,6
1025.0,VIDEO_ONLY,6
1025.5,VIDEO_ONLY,6
1026.0,VIDEO_ONLY,6
1026.5,VIDEO_ONLY,6
1027.0,VIDEO_ONLY,6
1027.5,VIDEO_ONLY,6
1028.0,VIDEO_ONLY,6
1028.5,VIDEO_ONLY,6
1029.0,VIDEO_ONLY,6
1029.5,VIDEO_ONLY,6
1030.0,VIDEO_ONLY,6
1030.5,VIDEO_ONLY,6
1031.0,VIDEO_ONLY,6
1031.5,VIDEO_ONLY,6
1032.0,VIDEO_ONLY,6
1032.5,VIDEO_ONLY,6
1033.0,VIDEO_ONLY,6
1033.5,VIDEO_ONLY,6
1034.0,VIDEO_ONLY,6
1034.5,VIDEO_ONLY,6
1035.0,VIDEO_ONLY,6
1035.5,VIDEO_ONLY,6
1036.0,VIDEO_ONLY,6
1036.5,VIDEO_ONLY,18
1037.0,VIDEO_ONLY,6
1037.5,VIDEO_ONLY,6
1038.0,VIDEO_ONLY,6
1038.5,VIDEO_ONLY,6
1039.0,VIDEO_ONLY,6
1039.5,VIDEO_ONLY,6
1040.0,VIDEO_ONLY,6
1040.5,VIDEO_ONLY,6
1041.0,VIDEO_ONLY,6
1041.5,VIDEO_ONLY,6
1042.0,VIDEO_ONLY,6
1042.5,VIDEO_ONLY,6
1043.0,VIDEO_ONLY,6
1043.5,VIDEO_ONLY,6
1044.0,VIDEO_ONLY,6
1044.5,VIDEO_ONLY,6
1045.0,VIDEO_ONLY,6
1045.5,VIDEO_ONLY,6
1046.0,VIDEO_ONLY,6
1046.5,VIDEO_ONLY,6
1047.0,VIDEO_ONLY,6
1047.5,VIDEO_ONLY,6
1048.0,VIDEO_ONLY,6
1048.5,VIDEO_ONLY,6
1049.0,VIDEO_ONLY,6
1049.5,VIDEO_ONLY,6
1050.0,VIDEO_ONLY,6
1050.5,VIDEO_ONLY,6
1051.0,VIDEO_ONLY,6
1051.5,VIDEO_ONLY,6
1052.0,VIDEO_ONLY,6
1052.5,VIDEO_ONLY,6
1053.0,VIDEO_ONLY,6
1053.5,VIDEO_ONLY,6
1054.0,VIDEO_ONLY,6
1054.5,VIDEO_ONLY,6
1055.0,VIDEO_ONLY,6
1055.5,VIDEO_ONLY,6
1056.0,VIDEO_ONLY,6
1056.5,VIDEO_ONLY,6
1057.0,VIDEO_ONLY,6
1057.5,VIDEO_ONLY,6
1058.0,VIDEO_ONLY,6
1058.5,VIDEO_ONLY,6
1059.0,VIDEO_ONLY,6
1059.5,VIDEO_ONLY,6
1060.0,VIDEO_ONLY,6
1060.5,VIDEO_ONLY,6
1061.0,VIDEO_ONLY,6
1061.5,VIDEO_ONLY,6
1062.0,VIDEO_ONLY,6
1062.5,VIDEO_ONLY,6
1063.0,VIDEO_ONLY,6
1063.5,VIDEO_ONLY,6
1064.0,VIDEO_ONLY,6
1064.5,VIDEO_ONLY,6
1065.0,VIDEO_ONLY,6
1065.5,VIDEO_ONLY,6
1066.0,VIDEO_ONLY,6
1066.5,VIDEO_ONLY,6
1067.0,VIDEO_ONLY,6
1067.5,VIDEO_ONLY,6
1068.0,VIDEO_ONLY,6
1068.5,VIDEO_ONLY,6
1069.0,VIDEO_ONLY,6
1069.5,VIDEO_ONLY,6
1070.0,VIDEO_ONLY,6
1070.5,VIDEO_ONLY,6
1071.0,VIDEO_ONLY,6
1071.5,VIDEO_ONLY,6
1072.0,VIDEO_ONLY,6
1072.5,VIDEO_ONLY,6
1073.0,VIDEO_ONLY,6
1073.5,VIDEO_ONLY,6
1074.0,VIDEO_ONLY,18
1074.5,VIDEO_ONLY,18
1075.0,VIDEO_ONLY,18
1075.5,VIDEO_ONLY,18
1076.0,VIDEO_ONLY,18
1076.5,VIDEO_ONLY,18
1077.0,VIDEO_ONLY,18
1077.5,VIDEO_ONLY,18
1078.0,VIDEO_ONLY,18
1078.5,VIDEO_ONLY,18
1079.0,VIDEO_ONLY,18
1079.5,VIDEO_ONLY,18
1080.0,VIDEO_ONLY,18
1080.5,VIDEO_ONLY,18
1081.0,VIDEO_ONLY,18
1081.5,VIDEO_ONLY,18
1082.0,VIDEO_ONLY,18
1082.5,VIDEO_ONLY,18
1083.0,VIDEO_ONLY,18
1083.5,VIDEO_ONLY,18
1084.0,VIDEO_ONLY,18
1084.5,VIDEO_ONLY,18
1085.0,VIDEO_ONLY,18
1085.5,VIDEO_ONLY,18
1086.0,VIDEO_ONLY,18
1086.5,VIDEO_ONLY,18
1087.0,VIDEO_ONLY,18
1087.5,VIDEO_ONLY,18
1088.0,VIDEO_ONLY,18
1088.5,VIDEO_ONLY,18
1089.0,VIDEO_ONLY,18
1089.5,VIDEO_ONLY,18
1090.0,VIDEO_ONLY,18
1090.5,VIDEO_ONLY,18
1091.0,VIDEO_ONLY,18
1091.5,VIDEO_ONLY,18
1092.0,VIDEO_ONLY,18
1092.5,VIDEO_ONLY,18
1093.0,VIDEO_ONLY,18
1093.5,VIDEO_ONLY,18
1094.0,VIDEO_ONLY,18
1094.5,VIDEO_ONLY,18
1095.0,VIDEO_ONLY,18
1095.5,VIDEO_ONLY,18
1096.0,VIDEO_ONLY,18
1096.5,VIDEO_ONLY,18
1097.0,VIDEO_ONLY,18
1097.5,VIDEO_ONLY,18
1098.0,VIDEO_ONLY,18
1098.5,VIDEO_ONLY,18
1099.0,VIDEO_ONLY,18
1099.5,VIDEO_ONLY,18
1100.0,VIDEO_ONLY,18
1100.5,VIDEO_ONLY,18
1101.0,VIDEO_ONLY,18
1101.5,VIDEO_ONLY,18
1102.0,VIDEO_ONLY,18
1102.5,VIDEO_ONLY,18
1103.0,VIDEO_ONLY,18
1103.5,VIDEO_ONLY,18
1104.0,VIDEO_ONLY,18
1104.5,VIDEO_ONLY,18
1105.0,VIDEO_ONLY,18
1105.5,VIDEO_ONLY,18
1106.0,VIDEO_ONLY,18
1106.5,VIDEO_ONLY,18
1107.0,VIDEO_ONLY,18
1107.5,VIDEO_ONLY,18
1108.0,VIDEO_ONLY,18
1108.5,VIDEO_ONLY,18
1109.0,VIDEO_ONLY,18
1109.5,VIDEO_ONLY,18
1110.0,VIDEO_ONLY,16
1110.5,VIDEO_ONLY,16
1111.0,VIDEO_ONLY,16
1111.5,VIDEO_ONLY,16
1112.0,VIDEO_ONLY,16
1112.5,VIDEO_ONLY,16
1113.0,VIDEO_ONLY,16
1113.5,VIDEO_ONLY,16
1114.0,VIDEO_ONLY,16
1114.5,VIDEO_ONLY,16
1115.0,VIDEO_ONLY,16
1115.5,VIDEO_ONLY,16
1116.0,VIDEO_ONLY,16
1116.5,VIDEO_ONLY,16
1117.0,VIDEO_ONLY,16
1117.5,VIDEO_ONLY,16
1118.0,VIDEO_ONLY,16
1118.5,VIDEO_ONLY,16
1119.0,VIDEO_ONLY,16
1119.5,VIDEO_ONLY,16
1120.0,VIDEO_ONLY,16
1120.5,VIDEO_ONLY,16
1121.0,VIDEO_ONLY,16
1121.5,VIDEO_ONLY,16
1122.0,VIDEO_ONLY,16
1122.5,VIDEO_ONLY,16
1123.0,VIDEO_ONLY,16
1123.5,VIDEO_ONLY,16
1124.0,VIDEO_ONLY,16
1124.5,VIDEO_ONLY,16
1125.0,VIDEO_ONLY,16
1125.5,VIDEO_ONLY,16
1126.0,VIDEO_ONLY,16
1126.5,VIDEO_ONLY,16
1127.0,VIDEO_ONLY,16
1127.5,VIDEO_ONLY,16
1128.0,VIDEO_ONLY,16
1128.5,VIDEO_ONLY,16
1129.0,VIDEO_ONLY,16
1129.5,VIDEO_ONLY,16
1130.0,VIDEO_ONLY,16
1130.5,VIDEO_ONLY,16
1131.0,VIDEO_ONLY,16
1131.5,VIDEO_ONLY,16
1132.0,VIDEO_ONLY,16
1132.5,VIDEO_ONLY,16
1133.0,VIDEO_ONLY,16
1133.5,VIDEO_ONLY,16
1134.0,VIDEO_ONLY,16
1134.5,VIDEO_ONLY,16
1135.0,VIDEO_ONLY,16
1135.5,VIDEO_ONLY,16
1136.0,VIDEO_ONLY,16
1136.5,VIDEO_ONLY,16
1137.0,VIDEO_ONLY,16
1137.5,VIDEO_ONLY,16
1138.0,VIDEO_ONLY,16
1138.5,VIDEO_ONLY,16
1139.0,VIDEO_ONLY,16
1139.5,VIDEO_ONLY,16
1140.0,VIDEO_ONLY,16
1140.5,VIDEO_ONLY,16
1141.0,VIDEO_ONLY,16
1141.5,VIDEO_ONLY,16
1142.0,VIDEO_ONLY,16
1142.5,VIDEO_ONLY,16
1143.0,VIDEO_ONLY,16
1143.5,VIDEO_ONLY,16
1144.0,VIDEO_ONLY,16
1144.5,VIDEO_ONLY,16
1145.0,VIDEO_ONLY,16
1145.5,VIDEO_ONLY,16
1146.0,VIDEO_ONLY,16
1146.5,VIDEO_ONLY,16
1147.0,VIDEO_ONLY,16
1147.5,VIDEO_ONLY,16
1148.0,VIDEO_ONLY,16
1148.5,VIDEO_ONLY,16
1149.0,VIDEO_ONLY,16
1149.5,VIDEO_ONLY,16
1150.0,VIDEO_ONLY,16
1150.5,VIDEO_ONLY,16
1151.0,VIDEO_ONLY,16
1151.5,VIDEO_ONLY,16
1152.0,VIDEO_ONLY,16
1152.5,VIDEO_ONLY,16
1153.0,VIDEO_ONLY,16
1153.5,VIDEO_ONLY,16
1154.0,VIDEO_ONLY,16
1154.5,VIDEO_ONLY,16
1155.0,VIDEO_ONLY,16
1155.5,VIDEO_ONLY,16
1156.0,VIDEO_ONLY,16
1156.5,VIDEO_ONLY,16
1157.0,VIDEO_ONLY,16
1157.5,VIDEO_ONLY,16
1158.0,VIDEO_ONLY,16
1158.5,VIDEO_ONLY,16
1159.0,VIDEO_ONLY,16
1159.5,VIDEO_ONLY,16
1160.0,VIDEO_ONLY,16
1160.5,VIDEO_ONLY,16
1161.0,VIDEO_ONLY,16
1161.5,VIDEO_ONLY,16
1162.0,VIDEO_ONLY,16
1162.5,VIDEO_ONLY,16
1163.0,VIDEO_ONLY,16
1163.5,VIDEO_ONLY,16
1164.0,VIDEO_ONLY,16
1164.5,VIDEO_ONLY,16
1165.0,VIDEO_ONLY,16
1165.5,VIDEO_ONLY,16
1166.0,VIDEO_ONLY,16
1166.5,VIDEO_ONLY,16
1167.0,VIDEO_ONLY,16
1167.5,VIDEO_ONLY,16
1168.0,VIDEO_ONLY,16
1168.5,VIDEO_ONLY,16
1169.0,VIDEO_ONLY,16
1169.5,VIDEO_ONLY,16
1170.0,VIDEO_ONLY,16
1170.5,VIDEO_ONLY,16
1171.0,VIDEO_ONLY,16
1171.5,VIDEO_ONLY,16
1172.0,VIDEO_ONLY,16
1172.5,VIDEO_ONLY,16
1173.0,VIDEO_ONLY,16
1173.5,VIDEO_ONLY,16
1174.0,VIDEO_ONLY,16
1174.5,VIDEO_ONLY,16
1175.0,VIDEO_ONLY,16
1175.5,VIDEO_ONLY,16
1176.0,VIDEO_ONLY,16
1176.5,VIDEO_ONLY,16
1177.0,VIDEO_ONLY,16
1177.5,VIDEO_ONLY,16
1178.0,VIDEO_ONLY,16
1178.5,VIDEO_ONLY,16
1179.0,VIDEO_ONLY,16
1179.5,VIDEO_ONLY,16
1180.0,VIDEO_ONLY,16
1180.5,VIDEO_ONLY,16
1181.0,VIDEO_ONLY,16
1181.5,VIDEO_ONLY,16
1182.0,VIDEO_ONLY,16
1182.5,VIDEO_ONLY,16
1183.0,VIDEO_ONLY,16
1183.5,VIDEO_ONLY,16
1184.0,VIDEO_ONLY,16
1184.5,VIDEO_ONLY,16
1185.0,VIDEO_ONLY,16
1185.5,VIDEO_ONLY,16
1186.0,VIDEO_ONLY,16
1186.5,VIDEO_ONLY,16
1187.0,VIDEO_ONLY,16
1187.5,VIDEO_ONLY,16
1188.0,VIDEO_ONLY,16
1188.5,VIDEO_ONLY,16
1189.0,VIDEO_ONLY,16
1189.5,VIDEO_ONLY,16
1190.0,VIDEO_ONLY,16
1190.5,VIDEO_ONLY,16
1191.0,VIDEO_ONLY,16
1191.5,VIDEO_ONLY,16
1192.0,VIDEO_ONLY,16
1192.5,VIDEO_ONLY,16
1193.0,VIDEO_ONLY,16
1193.5,VIDEO_ONLY,16
1194.0,VIDEO_ONLY,16
1194.5,VIDEO_ONLY,16
1195.0,VIDEO_ONLY,16
1195.5,VIDEO_ONLY,16
1196.0,VIDEO_ONLY,16
1196.5,VIDEO_ONLY,16
1197.0,VIDEO_ONLY,16
1197.5,VIDEO_ONLY,16
1198.0,VIDEO_ONLY,16
1198.5,VIDEO_ONLY,16
1199.0,VIDEO_ONLY,16
1199.5,VIDEO_ONLY,16
1200.0,VIDEO_ONLY,16
1200.5,VIDEO_ONLY,16
1201.0,VIDEO_ONLY,16
1201.5,VIDEO_ONLY,16
1202.0,VIDEO_ONLY,16
1202.5,VIDEO_ONLY,16
1203.0,VIDEO_ONLY,16
1203.5,VIDEO_ONLY,16
1204.0,VIDEO_ONLY,16
1204.5,VIDEO_ONLY,16
1205.0,VIDEO_ONLY,16
1205.5,VIDEO_ONLY,16
1206.0,VIDEO_ONLY,16
1206.5,VIDEO_ONLY,16
1207.0,VIDEO_ONLY,16
1207.5,VIDEO_ONLY,16
1208.0,VIDEO_ONLY,16
1208.5,VIDEO_ONLY,16
1209.0,VIDEO_ONLY,16
1209.5,VIDEO_ONLY,16
1210.0,VIDEO_ONLY,18
1210.5,VIDEO_ONLY,18
1211.0,VIDEO_ONLY,18
1211.5,VIDEO_ONLY,18
1212.0,VIDEO_ONLY,18
1212.5,VIDEO_ONLY,18
1213.0,VIDEO_ONLY,18
1213.5,VIDEO_ONLY,18
1214.0,VIDEO_ONLY,18
1214.5,VIDEO_ONLY,18
1215.0,VIDEO_ONLY,18
1215.5,VIDEO_ONLY,18
1216.0,VIDEO_ONLY,18
1216.5,VIDEO_ONLY,18
1217.0,VIDEO_ONLY,18
1217.5,VIDEO_ONLY,18
1218.0,VIDEO_ONLY,18
1218.5,VIDEO_ONLY,18
1219.0,VIDEO_ONLY,18
1219.5,VIDEO_ONLY,18
1220.0,VIDEO_ONLY,18
1220.5,VIDEO_ONLY,18
1221.0,VIDEO_ONLY,18
1221.5,VIDEO_ONLY,18
1222.0,VIDEO_ONLY,18
1222.5,VIDEO_ONLY,18
1223.0,VIDEO_ONLY,18
1223.5,VIDEO_ONLY,18
1224.0,VIDEO_ONLY,18
1224.5,VIDEO_ONLY,18
1225.0,VIDEO_ONLY,18
1225.5,VIDEO_ONLY,18
1226.0,VIDEO_ONLY,18
1226.5,VIDEO_ONLY,18
1227.0,VIDEO_ONLY,18
1227.5,VIDEO_ONLY,18
1228.0,VIDEO_ONLY,18
1228.5,VIDEO_ONLY,18
1229.0,VIDEO_ONLY,18
1229.5,VIDEO_ONLY,18
1230.0,VIDEO_ONLY,18
1230.5,VIDEO_ONLY,18
1231.0,VIDEO_ONLY,10
1231.5,VIDEO_ONLY,10
1232.0,VIDEO_ONLY,10
1232.5,VIDEO_ONLY,10
1233.0,VIDEO_ONLY,10
1233.5,VIDEO_ONLY,10
1234.0,VIDEO_ONLY,10
1234.5,VIDEO_ONLY,10
1235.0,VIDEO_ONLY,10
1235.5,VIDEO_ONLY,10
1236.0,VIDEO_ONLY,10
1236.5,VIDEO_ONLY,10
1237.0,VIDEO_ONLY,10
1237.5,VIDEO_ONLY,10
1238.0,VIDEO_ONLY,10
1238.5,VIDEO_ONLY,10
1239.0,VIDEO_ONLY,10
1239.5,VIDEO_ONLY,10
1240.0,VIDEO_ONLY,10
1240.5,VIDEO_ONLY,10
1241.0,VIDEO_ONLY,10
1241.5,VIDEO_ONLY,10
1242.0,VIDEO_ONLY,10
1242.5,VIDEO_ONLY,10
1243.0,VIDEO_ONLY,10
1243.5,VIDEO_ONLY,10
1244.0,VIDEO_ONLY,10
1244.5,VIDEO_ONLY,10
1245.0,VIDEO_ONLY,10
1245.5,VIDEO_ONLY,10
1246.0,VIDEO_ONLY,10
1246.5,VIDEO_ONLY,10
1247.0,VIDEO_ONLY,10
1247.5,VIDEO_ONLY,10
1248.0,VIDEO_ONLY,10
1248.5,VIDEO_ONLY,10
1249.0,VIDEO_ONLY,10
1249.5,VIDEO_ONLY,10
1250.0,VIDEO_ONLY,10
1250.5,VIDEO_ONLY,10
1251.0,VIDEO_ONLY,10
1251.5,VIDEO_ONLY,10
1252.0,VIDEO_ONLY,10
1252.5,VIDEO_ONLY,10
1253.0,VIDEO_ONLY,10
1253.5,VIDEO_ONLY,10
1254.0,VIDEO_ONLY,10
1254.5,VIDEO_ONLY,10
1255.0,VIDEO_ONLY,10
1255.5,VIDEO_ONLY,10
1256.0,VIDEO_ONLY,18
1256.5,VIDEO_ONLY,18
1257.0,VIDEO_ONLY,18
1257.5,VIDEO_ONLY,18
1258.0,VIDEO_ONLY,18
1258.5,VIDEO_ONLY,18
1259.0,VIDEO_ONLY,18
1259.5,VIDEO_ONLY,18
1260.0,VIDEO_ONLY,18
1260.5,VIDEO_ONLY,18
1261.0,VIDEO_ONLY,18
1261.5,VIDEO_ONLY,18
1262.0,VIDEO_ONLY,18
1262.5,VIDEO_ONLY,18
1263.0,VIDEO_ONLY,18
1263.5,VIDEO_ONLY,18
1264.0,VIDEO_ONLY,18
1264.5,VIDEO_ONLY,18
1265.0,VIDEO_ONLY,18
1265.5,VIDEO_ONLY,18
1266.0,VIDEO_ONLY,18
1266.5,VIDEO_ONLY,18
1267.0,VIDEO_ONLY,18
1267.5,VIDEO_ONLY,18
1268.0,VIDEO_ONLY,18
1268.5,VIDEO_ONLY,18
1269.0,VIDEO_ONLY,18
1269.5,VIDEO_ONLY,18
1270.0,VIDEO_ONLY,18
1270.5,VIDEO_ONLY,18
1271.0,VIDEO_ONLY,18
1271.5,VIDEO_ONLY,18
1272.0,VIDEO_ONLY,18
1272.5,VIDEO_ONLY,18
1273.0,VIDEO_ONLY,18
1273.5,VIDEO_ONLY,18
1274.0,VIDEO_ONLY,18
1274.5,VIDEO_ONLY,18
1275.0,VIDEO_ONLY,18
1275.5,VIDEO_ONLY,18
1276.0,VIDEO_ONLY,18
1276.5,VIDEO_ONLY,18
1277.0,VIDEO_ONLY,18
1277.5,VIDEO_ONLY,18
1278.0,VIDEO_ONLY,18
1278.5,VIDEO_ONLY,18
1279.0,VIDEO_ONLY,18
1279.5,VIDEO_ONLY,18
1280.0,VIDEO_ONLY,18
1280.5,VIDEO_ONLY,18
1281.0,VIDEO_ONLY,18
1281.5,VIDEO_ONLY,18
1282.0,VIDEO_ONLY,18
1282.5,VIDEO_ONLY,18
1283.0,VIDEO_ONLY,18
1283.5,VIDEO_ONLY,18
1284.0,VIDEO_ONLY,18
1284.5,VIDEO_ONLY,18
1285.0,VIDEO_ONLY,18
1285.5,VIDEO_ONLY,18
1286.0,VIDEO_ONLY,18
1286.5,VIDEO_ONLY,18
1287.0,VIDEO_ONLY,18
1287.5,VIDEO_ONLY,18
1288.0,VIDEO_ONLY,18
1288.5,VIDEO_ONLY,18
1289.0,VIDEO_ONLY,18
1289.5,VIDEO_ONLY,18
1290.0,VIDEO_ONLY,18
1290.5,VIDEO_ONLY,18
1291.0,VIDEO_ONLY,18
1291.5,VIDEO_ONLY,18
1292.0,VIDEO_ONLY,18
1292.5,VIDEO_ONLY,18
1293.0,VIDEO_ONLY,18
1293.5,VIDEO_ONLY,18
1294.0,VIDEO_ONLY,18
1294.5,VIDEO_ONLY,18
1295.0,VIDEO_ONLY,18
1295.5,VIDEO_ONLY,10
1296.0,VIDEO_ONLY,10
1296.5,VIDEO_ONLY,10
1297.0,VIDEO_ONLY,10
1297.5,VIDEO_ONLY,10
1298.0,VIDEO_ONLY,10
1298.5,VIDEO_ONLY,10
1299.0,VIDEO_ONLY,10
1299.5,VIDEO_ONLY,10
1300.0,VIDEO_ONLY,10
1300.5,VIDEO_ONLY,10
1301.0,VIDEO_ONLY,10
1301.5,VIDEO_ONLY,10
1302.0,VIDEO_ONLY,10
1302.5,VIDEO_ONLY,10
1303.0,VIDEO_ONLY,10
1303.5,VIDEO_ONLY,10
1304.0,VIDEO_ONLY,10
1304.5,VIDEO_ONLY,10
1305.0,VIDEO_ONLY,10
1305.5,VIDEO_ONLY,10
1306.0,VIDEO_ONLY,10
1306.5,VIDEO_ONLY,10
1307.0,VIDEO_ONLY,10
1307.5,VIDEO_ONLY,10
1308.0,VIDEO_ONLY,10
1308.5,VIDEO_ONLY,10
1309.0,VIDEO_ONLY,10
1309.5,VIDEO_ONLY,10
1310.0,VIDEO_ONLY,10
1310.5,VIDEO_ONLY,10
1311.0,VIDEO_ONLY,10
1311.5,VIDEO_ONLY,10
1312.0,VIDEO_ONLY,10
1312.5,VIDEO_ONLY,10
1313.0,VIDEO_ONLY,10
1313.5,VIDEO_ONLY,10
1314.0,VIDEO_ONLY,10
1314.5,VIDEO_ONLY,10
1315.0,VIDEO_ONLY,10
1315.5,VIDEO_ONLY,10
1316.0,VIDEO_ONLY,10
1316.5,VIDEO_ONLY,10
1317.0,VIDEO_ONLY,10
1317.5,VIDEO_ONLY,10
1318.0,VIDEO_ONLY,10
1318.5,VIDEO_ONLY,10
1319.0,VIDEO_ONLY,10
1319.5,VIDEO_ONLY,10
1320.0,VIDEO_ONLY,10
1320.5,VIDEO_ONLY,10
1321.0,VIDEO_ONLY,10
1321.5,VIDEO_ONLY,10
1322.0,VIDEO_ONLY,10
1322.5,VIDEO_ONLY,10
1323.0,VIDEO_ONLY,10
1323.5,VIDEO_ONLY,18
1324.0,VIDEO_ONLY,18
1324.5,VIDEO_ONLY,18
1325.0,VIDEO_ONLY,18
1325.5,VIDEO_ONLY,18
1326.0,VIDEO_ONLY,18
1326.5,VIDEO_ONLY,18
1327.0,VIDEO_ONLY,18
1327.5,VIDEO_ONLY,18
1328.0,VIDEO_ONLY,18
1328.5,VIDEO_ONLY,18
1329.0,VIDEO_ONLY,18
1329.5,VIDEO_ONLY,18
1330.0,VIDEO_ONLY,18
1330.5,VIDEO_ONLY,18
1331.0,VIDEO_ONLY,18
1331.5,VIDEO_ONLY,18
1332.0,VIDEO_ONLY,18
1332.5,VIDEO_ONLY,18
1333.0,VIDEO_ONLY,18
1333.5,VIDEO_ONLY,18
1334.0,VIDEO_ONLY,18
1334.5,VIDEO_ONLY,18
1335.0,VIDEO_ONLY,18
1335.5,VIDEO_ONLY,18
1336.0,VIDEO_ONLY,18
1336.5,VIDEO_ONLY,18
1337.0,VIDEO_ONLY,18
1337.5,VIDEO_ONLY,18
1338.0,VIDEO_ONLY,18
1338.5,VIDEO_ONLY,18
1339.0,VIDEO_ONLY,18
1339.5,VIDEO_ONLY,18
1340.0,VIDEO_ONLY,18
1340.5,VIDEO_ONLY,18
1341.0,VIDEO_ONLY,18
1341.5,VIDEO_ONLY,18
1342.0,VIDEO_ONLY,18
1342.5,VIDEO_ONLY,18
1343.0,VIDEO_ONLY,18
1343.5,VIDEO_ONLY,18
1344.0,VIDEO_ONLY,18
1344.5,VIDEO_ONLY,18
1345.0,VIDEO_ONLY,18
1345.5,VIDEO_ONLY,18
1346.0,VIDEO_ONLY,18
1346.5,VIDEO_ONLY,18
1347.0,VIDEO_ONLY,18
1347.5,VIDEO_ONLY,18
1348.0,VIDEO_ONLY,18
1348.5,VIDEO_ONLY,18
1349.0,VIDEO_ONLY,18
1349.5,VIDEO_ONLY,18
1350.0,VIDEO_ONLY,18
1350.5,VIDEO_ONLY,18
1351.0,VIDEO_ONLY,18
1351.5,VIDEO_ONLY,18
1352.0,VIDEO_ONLY,18
1352.5,VIDEO_ONLY,18
1353.0,VIDEO_ONLY,18
1353.5,VIDEO_ONLY,18
1354.0,VIDEO_ONLY,18
1354.5,VIDEO_ONLY,18
1355.0,VIDEO_ONLY,18
1355.5,VIDEO_ONLY,18
1356.0,VIDEO_ONLY,18
1356.5,VIDEO_ONLY,18
1357.0,VIDEO_ONLY,18
1357.5,VIDEO_ONLY,18
1358.0,VIDEO_ONLY,18
1358.5,VIDEO_ONLY,18
1359.0,VIDEO_ONLY,18
1359.5,VIDEO_ONLY,18
1360.0,VIDEO_ONLY,18
1360.5,VIDEO_ONLY,18
1361.0,VIDEO_ONLY,18
1361.5,VIDEO_ONLY,18
1362.0,VIDEO_ONLY,18
1362.5,VIDEO_ONLY,18
1363.0,VIDEO_ONLY,18
1363.5,VIDEO_ONLY,18
1364.0,VIDEO_ONLY,18
1364.5,VIDEO_ONLY,18
1365.0,VIDEO_ONLY,18
1365.5,VIDEO_ONLY,18
1366.0,VIDEO_ONLY,18
1366.5,VIDEO_ONLY,18
1367.0,VIDEO_ONLY,18
1367.5,VIDEO_ONLY,18
1368.0,VIDEO_ONLY,18
1368.5,VIDEO_ONLY,10
1369.0,VIDEO_ONLY,10
1369.5,VIDEO_ONLY,10
1370.0,VIDEO_ONLY,10
1370.5,VIDEO_ONLY,10
1371.0,VIDEO_ONLY,10
1371.5,VIDEO_ONLY,10
1372.0,VIDEO_ONLY,10
1372.5,VIDEO_ONLY,10
1373.0,VIDEO_ONLY,10
1373.5,VIDEO_ONLY,10
1374.0,VIDEO_ONLY,10
1374.5,VIDEO_ONLY,10
1375.0,VIDEO_ONLY,10
1375.5,VIDEO_ONLY,10
1376.0,VIDEO_ONLY,10
1376.5,VIDEO_ONLY,10
1377.0,VIDEO_ONLY,10
1377.5,VIDEO_ONLY,10
1378.0,VIDEO_ONLY,10
1378.5,VIDEO_ONLY,10
1379.0,VIDEO_ONLY,10
1379.5,VIDEO_ONLY,10
1380.0,VIDEO_ONLY,10
1380.5,VIDEO_ONLY,10
1381.0,VIDEO_ONLY,10
1381.5,VIDEO_ONLY,10
1382.0,VIDEO_ONLY,10
1382.5,VIDEO_ONLY,10
1383.0,VIDEO_ONLY,10
1383.5,VIDEO_ONLY,10
1384.0,VIDEO_ONLY,10
1384.5,VIDEO_ONLY,10
1385.0,VIDEO_ONLY,10
1385.5,VIDEO_ONLY,10
1386.0,VIDEO_ONLY,10
1386.5,VIDEO_ONLY,10
1387.0,VIDEO_ONLY,10
1387.5,VIDEO_ONLY,10
1388.0,VIDEO_ONLY,10
1388.5,VIDEO_ONLY,10
1389.0,VIDEO_ONLY,10
1389.5,VIDEO_ONLY,10
1390.0,VIDEO_ONLY,10
1390.5,VIDEO_ONLY,10
1391.0,VIDEO_ONLY,10
1391.5,VIDEO_ONLY,10
1392.0,VIDEO_ONLY,10
1392.5,VIDEO_ONLY,10
1393.0,VIDEO_ONLY,10
1393.5,VIDEO_ONLY,10
1394.0,VIDEO_ONLY,10
1394.5,VIDEO_ONLY,10
1395.0,VIDEO_ONLY,10
1395.5,VIDEO_ONLY,10
1396.0,VIDEO_ONLY,10
1396.5,VIDEO_ONLY,10
1397.0,VIDEO_ONLY,10
1397.5,VIDEO_ONLY,10
1398.0,VIDEO_ONLY,10
1398.5,VIDEO_ONLY,10
1399.0,VIDEO_ONLY,10
1399.5,VIDEO_ONLY,10
1400.0,VIDEO_ONLY,10
1400.5,VIDEO_ONLY,10
1401.0,VIDEO_ONLY,10
1401.5,VIDEO_ONLY,10
1402.0,VIDEO_ONLY,10
1402.5,VIDEO_ONLY,10
1403.0,VIDEO_ONLY,10
1403.5,VIDEO_ONLY,10
1404.0,VIDEO_ONLY,10
1404.5,VIDEO_ONLY,10
1405.0,VIDEO_ONLY,18
1405.5,VIDEO_ONLY,18
1406.0,VIDEO_ONLY,18
1406.5,VIDEO_ONLY,18
1407.0,VIDEO_ONLY,18
1407.5,VIDEO_ONLY,18
1408.0,VIDEO_ONLY,18
1408.5,VIDEO_ONLY,18
1409.0,VIDEO_ONLY,18
1409.5,VIDEO_ONLY,18
1410.0,VIDEO_ONLY,18
1410.5,VIDEO_ONLY,18
1411.0,VIDEO_ONLY,18
1411.5,VIDEO_ONLY,18
1412.0,VIDEO_ONLY,18
1412.5,VIDEO_ONLY,18
1413.0,VIDEO_ONLY,18
1413.5,VIDEO_ONLY,18
1414.0,VIDEO_ONLY,18
1414.5,VIDEO_ONLY,18
1415.0,VIDEO_ONLY,18
1415.5,VIDEO_ONLY,18
1416.0,VIDEO_ONLY,18
1416.5,VIDEO_ONLY,18
1417.0,VIDEO_ONLY,18
1417.5,VIDEO_ONLY,18
1418.0,VIDEO_ONLY,18
1418.5,VIDEO_ONLY,18
1419.0,VIDEO_ONLY,18
1419.5,VIDEO_ONLY,18
1420.0,VIDEO_ONLY,18
1420.5,VIDEO_ONLY,18
1421.0,VIDEO_ONLY,18
1421.5,VIDEO_ONLY,18
1422.0,VIDEO_ONLY,18
1422.5,VIDEO_ONLY,18
1423.0,VIDEO_ONLY,18
1423.5,VIDEO_ONLY,18
1424.0,VIDEO_ONLY,18
1424.5,VIDEO_ONLY,18
1425.0,VIDEO_ONLY,18
1425.5,VIDEO_ONLY,18
1426.0,VIDEO_ONLY,18
1426.5,VIDEO_ONLY,18
1427.0,VIDEO_ONLY,18
1427.5,VIDEO_ONLY,18
1428.0,VIDEO_ONLY,18
1428.5,VIDEO_ONLY,18
1429.0,VIDEO_ONLY,18
1429.5,VIDEO_ONLY,18
1430.0,VIDEO_ONLY,18
1430.5,VIDEO_ONLY,18
1431.0,VIDEO_ONLY,18
1431.5,VIDEO_ONLY,18
1432.0,VIDEO_ONLY,18
1432.5,VIDEO_ONLY,18
1433.0,VIDEO_ONLY,18
1433.5,VIDEO_ONLY,18
1434.0,VIDEO_ONLY,18
1434.5,VIDEO_ONLY,18
1435.0,VIDEO_ONLY,18
1435.5,VIDEO_ONLY,18
1436.0,VIDEO_ONLY,18
1436.5,VIDEO_ONLY,18
1437.0,VIDEO_ONLY,18
1437.5,VIDEO_ONLY,18
1438.0,VIDEO_ONLY,18
1438.5,VIDEO_ONLY,3
1439.0,VIDEO_ONLY,3
1439.5,VIDEO_ONLY,3
1440.0,VIDEO_ONLY,3
1440.5,VIDEO_ONLY,3
1441.0,VIDEO_ONLY,3
1441.5,VIDEO_ONLY,3
1442.0,VIDEO_ONLY,3
1442.5,VIDEO_ONLY,3
1443.0,VIDEO_ONLY,3
1443.5,VIDEO_ONLY,3
1444.0,VIDEO_ONLY,3
1444.5,VIDEO_ONLY,3
1445.0,VIDEO_ONLY,3
1445.5,VIDEO_ONLY,3
1446.0,VIDEO_ONLY,3
1446.5,VIDEO_ONLY,3
1447.0,VIDEO_ONLY,3
1447.5,VIDEO_ONLY,3
1448.0,VIDEO_ONLY,3
1448.5,VIDEO_ONLY,3
1449.0,VIDEO_ONLY,3
1449.5,VIDEO_ONLY,3
1450.0,VIDEO_ONLY,3
1450.5,VIDEO_ONLY,3
1451.0,VIDEO_ONLY,3
1451.5,VIDEO_ONLY,3
1452.0,VIDEO_ONLY,3
1452.5,VIDEO_ONLY,3
1453.0,VIDEO_ONLY,3
1453.5,VIDEO_ONLY,3
1454.0,VIDEO_ONLY,3
1454.5,VIDEO_ONLY,3
1455.0,VIDEO_ONLY,3
1455.5,VIDEO_ONLY,3
1456.0,VIDEO_ONLY,3
1456.5,VIDEO_ONLY,3
1457.0,VIDEO_ONLY,3
1457.5,VIDEO_ONLY,3
1458.0,VIDEO_ONLY,3
1458.5,VIDEO_ONLY,3
1459.0,VIDEO_ONLY,3
1459.5,VIDEO_ONLY,3
1460.0,VIDEO_ONLY,3
1460.5,VIDEO_ONLY,3
1461.0,VIDEO_ONLY,3
1461.5,VIDEO_ONLY,3
1462.0,VIDEO_ONLY,3
1462.5,VIDEO_ONLY,3
1463.0,VIDEO_ONLY,3
1463.5,VIDEO_ONLY,3
1464.0,VIDEO_ONLY,3
1464.5,VIDEO_ONLY,3
1465.0,VIDEO_ONLY,3
1465.5,VIDEO_ONLY,3
1466.0,VIDEO_ONLY,3
1466.5,VIDEO_ONLY,3
1467.0,VIDEO_ONLY,3
1467.5,VIDEO_ONLY,3
1468.0,VIDEO_ONLY,3
1468.5,VIDEO_ONLY,3
1469.0,VIDEO_ONLY,3
1469.5,VIDEO_ONLY,3
1470.0,VIDEO_ONLY,3
1470.5,VIDEO_ONLY,3
1471.0,VIDEO_ONLY,3
1471.5,VIDEO_ONLY,3
1472.0,VIDEO_ONLY,3
1472.5,VIDEO_ONLY,3
1473.0,VIDEO_ONLY,3
1473.5,VIDEO_ONLY,3
1474.0,VIDEO_ONLY,3
1474.5,VIDEO_ONLY,3
1475.0,VIDEO_ONLY,3
1475.5,VIDEO_ONLY,3
1476.0,VIDEO_ONLY,3
1476.5,VIDEO_ONLY,3
1477.0,VIDEO_ONLY,3
1477.5,VIDEO_ONLY,3
1478.0,VIDEO_ONLY,3
1478.5,VIDEO_ONLY,3
1479.0,VIDEO_ONLY,3
1479.5,VIDEO_ONLY,3
1480.0,VIDEO_ONLY,3
1480.5,VIDEO_ONLY,3
1481.0,VIDEO_ONLY,3
1481.5,VIDEO_ONLY,3
1482.0,VIDEO_ONLY,3
1482.5,VIDEO_ONLY,3
1483.0,VIDEO_ONLY,3
1483.5,VIDEO_ONLY,3
1484.0,VIDEO_ONLY,3
1484.5,VIDEO_ONLY,3
1485.0,VIDEO_ONLY,3
1485.5,VIDEO_ONLY,3
1486.0,VIDEO_ONLY,3
1486.5,VIDEO_ONLY,3
1487.0,VIDEO_ONLY,3
1487.5,VIDEO_ONLY,3
1488.0,VIDEO_ONLY,3
1488.5,VIDEO_ONLY,3
1489.0,VIDEO_ONLY,3
1489.5,VIDEO_ONLY,3
1490.0,VIDEO_ONLY,3
1490.5,VIDEO_ONLY,3
1491.0,VIDEO_ONLY,3
1491.5,VIDEO_ONLY,3
1492.0,VIDEO_ONLY,3
1492.5,VIDEO_ONLY,3
1493.0,VIDEO_ONLY,3
1493.5,VIDEO_ONLY,3
1494.0,VIDEO_ONLY,3
1494.5,VIDEO_ONLY,3
1495.0,VIDEO_ONLY,3
1495.5,VIDEO_ONLY,3
1496.0,VIDEO_ONLY,3
1496.5,VIDEO_ONLY,3
1497.0,VIDEO_ONLY,3
1497.5,VIDEO_ONLY,3
1498.0,VIDEO_ONLY,3
1498.5,VIDEO_ONLY,3
1499.0,VIDEO_ONLY,3
1499.5,VIDEO_ONLY,3
1500.0,VIDEO_ONLY,3
1500.5,VIDEO_ONLY,3
1501.0,VIDEO_ONLY,3
1501.5,VIDEO_ONLY,3
1502.0,VIDEO_ONLY,3
1502.5,VIDEO_ONLY,3
1503.0,VIDEO_ONLY,3
1503.5,VIDEO_ONLY,3
1504.0,VIDEO_ONLY,3
1504.5,VIDEO_ONLY,3
1505.0,VIDEO_ONLY,3
1505.5,VIDEO_ONLY,3
1506.0,VIDEO_ONLY,3
1506.5,VIDEO_ONLY,3
1507.0,VIDEO_ONLY,3
1507.5,VIDEO_ONLY,3
1508.0,VIDEO_ONLY,3
1508.5,VIDEO_ONLY,3
1509.0,VIDEO_ONLY,3
1509.5,VIDEO_ONLY,3
1510.0,VIDEO_ONLY,2
1510.5,VIDEO_ONLY,2
1511.0,VIDEO_ONLY,2
1511.5,VIDEO_ONLY,2
1512.0,VIDEO_ONLY,2
1512.5,VIDEO_ONLY,2
1513.0,VIDEO_ONLY,2
1513.5,VIDEO_ONLY,2
1514.0,VIDEO_ONLY,2
1514.5,VIDEO_ONLY,4
1515.0,VIDEO_ONLY,4
1515.5,VIDEO_ONLY,4
1516.0,VIDEO_ONLY,4
1516.5,VIDEO_ONLY,4
1517.0,VIDEO_ONLY,4
1517.5,VIDEO_ONLY,4
1518.0,VIDEO_ONLY,4
1518.5,VIDEO_ONLY,4
1519.0,VIDEO_ONLY,4
1519.5,VIDEO_ONLY,4
1520.0,VIDEO_ONLY,18
1520.5,VIDEO_ONLY,18
1521.0,VIDEO_ONLY,18
1521.5,VIDEO_ONLY,18
1522.0,VIDEO_ONLY,18
1522.5,VIDEO_ONLY,18
1523.0,VIDEO_ONLY,18
1523.5,VIDEO_ONLY,18
1524.0,VIDEO_ONLY,18
1524.5,VIDEO_ONLY,18
1525.0,VIDEO_ONLY,18
1525.5,VIDEO_ONLY,18
1526.0,VIDEO_ONLY,18
1526.5,VIDEO_ONLY,18
1527.0,VIDEO_ONLY,18
1527.5,VIDEO_ONLY,18
1528.0,VIDEO_ONLY,18
1528.5,VIDEO_ONLY,18
1529.0,VIDEO_ONLY,18
1529.5,VIDEO_ONLY,18
1530.0,VIDEO_ONLY,18
1530.5,VIDEO_ONLY,18
1531.0,VIDEO_ONLY,18
1531.5,VIDEO_ONLY,18
1532.0,VIDEO_ONLY,18
1532.5,VIDEO_ONLY,18
1533.0,VIDEO_ONLY,18
1533.5,VIDEO_ONLY,18
1534.0,VIDEO_ONLY,18
1534.5,VIDEO_ONLY,18
1535.0,VIDEO_ONLY,18
1535.5,VIDEO_ONLY,18
1536.0,VIDEO_ONLY,18
1536.5,VIDEO_ONLY,18
1537.0,VIDEO_ONLY,18
1537.5,VIDEO_ONLY,18
1538.0,VIDEO_ONLY,18
1538.5,VIDEO_ONLY,18
1539.0,VIDEO_ONLY,18
1539.5,VIDEO_ONLY,18
1540.0,VIDEO_ONLY,18
1540.5,VIDEO_ONLY,18
1541.0,VIDEO_ONLY,18
1541.5,VIDEO_ONLY,18
1542.0,VIDEO_ONLY,18
1542.5,VIDEO_ONLY,18
1543.0,VIDEO_ONLY,18
1543.5,VIDEO_ONLY,18
1544.0,VIDEO_ONLY,18
1544.5,VIDEO_ONLY,6
1545.0,VIDEO_ONLY,6
1545.5,VIDEO_ONLY,6
1546.0,VIDEO_ONLY,6
1546.5,VIDEO_ONLY,6
1547.0,VIDEO_ONLY,6
1547.5,VIDEO_ONLY,6
1548.0,VIDEO_ONLY,6
1548.5,VIDEO_ONLY,6
1549.0,VIDEO_ONLY,6
1549.5,VIDEO_ONLY,6
1550.0,VIDEO_ONLY,6
1550.5,VIDEO_ONLY,6
1551.0,VIDEO_ONLY,6
1551.5,VIDEO_ONLY,6
1552.0,VIDEO_ONLY,6
1552.5,VIDEO_ONLY,6
1553.0,VIDEO_ONLY,6
1553.5,VIDEO_ONLY,6
1554.0,VIDEO_ONLY,6
1554.5,VIDEO_ONLY,6
1555.0,VIDEO_ONLY,6
1555.5,VIDEO_ONLY,6
1556.0,VIDEO_ONLY,6
1556.5,VIDEO_ONLY,6
1557.0,VIDEO_ONLY,6
1557.5,VIDEO_ONLY,6
1558.0,VIDEO_ONLY,6
1558.5,VIDEO_ONLY,6
1559.0,VIDEO_ONLY,6
1559.5,VIDEO_ONLY,6
1560.0,VIDEO_ONLY,6
1560.5,VIDEO_ONLY,6
1561.0,VIDEO_ONLY,6
1561.5,VIDEO_ONLY,6
1562.0,VIDEO_ONLY,6
1562.5,VIDEO_ONLY,6
1563.0,VIDEO_ONLY,6
1563.5,VIDEO_ONLY,6
1564.0,VIDEO_ONLY,6
1564.5,VIDEO_ONLY,6
1565.0,VIDEO_ONLY,6
1565.5,VIDEO_ONLY,6
1566.0,VIDEO_ONLY,6
1566.5,VIDEO_ONLY,6
1567.0,VIDEO_ONLY,6
1567.5,VIDEO_ONLY,6
1568.0,VIDEO_ONLY,6
1568.5,VIDEO_ONLY,6
1569.0,VIDEO_ONLY,6
1569.5,VIDEO_ONLY,6
1570.0,VIDEO_ONLY,6
1570.5,VIDEO_ONLY,6
1571.0,VIDEO_ONLY,6
1571.5,VIDEO_ONLY,6
1572.0,VIDEO_ONLY,6
1572.5,VIDEO_ONLY,6
1573.0,VIDEO_ONLY,6
1573.5,VIDEO_ONLY,6
1574.0,VIDEO_ONLY,6
1574.5,VIDEO_ONLY,6
1575.0,VIDEO_ONLY,6
1575.5,VIDEO_ONLY,6
1576.0,VIDEO_ONLY,6
1576.5,VIDEO_ONLY,6
1577.0,VIDEO_ONLY,6
1577.5,VIDEO_ONLY,6
1578.0,VIDEO_ONLY,6
1578.5,VIDEO_ONLY,6
1579.0,VIDEO_ONLY,6
1579.5,VIDEO_ONLY,6
1580.0,VIDEO_ONLY,6
1580.5,VIDEO_ONLY,6
1581.0,VIDEO_ONLY,6
1581.5,VIDEO_ONLY,6
1582.0,VIDEO_ONLY,6
1582.5,VIDEO_ONLY,6
1583.0,VIDEO_ONLY,6
1583.5,VIDEO_ONLY,6
1584.0,VIDEO_ONLY,6
1584.5,VIDEO_ONLY,6
1585.0,VIDEO_ONLY,6
1585.5,VIDEO_ONLY,6
1586.0,VIDEO_ONLY,6
1586.5,VIDEO_ONLY,6
1587.0,VIDEO_ONLY,6
1587.5,VIDEO_ONLY,6
1588.0,VIDEO_ONLY,6
1588.5,VIDEO_ONLY,6
1589.0,VIDEO_ONLY,6
1589.5,VIDEO_ONLY,6
1590.0,VIDEO_ONLY,6
1590.5,VIDEO_ONLY,6
1591.0,VIDEO_ONLY,6
1591.5,VIDEO_ONLY,6
1592.0,VIDEO_ONLY,6
1592.5,VIDEO_ONLY,6
1593.0,VIDEO_ONLY,6
1593.5,VIDEO_ONLY,6
1594.0,VIDEO_ONLY,6
1594.5,VIDEO_ONLY,6
1595.0,VIDEO_ONLY,6
1595.5,VIDEO_ONLY,6
1596.0,VIDEO_ONLY,6
1596.5,VIDEO_ONLY,6
1597.0,VIDEO_ONLY,6
1597.5,VIDEO_ONLY,6
1598.0,VIDEO_ONLY,6
1598.5,VIDEO_ONLY,6
1599.0,VIDEO_ONLY,6
1599.5,VIDEO_ONLY,6
1600.0,VIDEO_ONLY,6
1600.5,VIDEO_ONLY,6
1601.0,VIDEO_ONLY,6
1601.5,VIDEO_ONLY,6
1602.0,VIDEO_ONLY,6
1602.5,VIDEO_ONLY,6
1603.0,VIDEO_ONLY,6
1603.5,VIDEO_ONLY,6
1604.0,VIDEO_ONLY,6
1604.5,VIDEO_ONLY,6
1605.0,VIDEO_ONLY,6
1605.5,VIDEO_ONLY,6
1606.0,VIDEO_ONLY,6
1606.5,VIDEO_ONLY,6
1607.0,VIDEO_ONLY,6
1607.5,VIDEO_ONLY,6
1608.0,VIDEO_ONLY,6
1608.5,VIDEO_ONLY,6
1609.0,VIDEO_ONLY,6
1609.5,VIDEO_ONLY,6
1610.0,VIDEO_ONLY,6
1610.5,VIDEO_ONLY,6
1611.0,VIDEO_ONLY,6
1611.5,VIDEO_ONLY,6
1612.0,VIDEO_ONLY,6
1612.5,VIDEO_ONLY,6
1613.0,VIDEO_ONLY,6
1613.5,VIDEO_ONLY,6
1614.0,VIDEO_ONLY,6
1614.5,VIDEO_ONLY,6
1615.0,VIDEO_ONLY,6
1615.5,VIDEO_ONLY,6
1616.0,VIDEO_ONLY,6
1616.5,VIDEO_ONLY,6
1617.0,VIDEO_ONLY,6
1617.5,VIDEO_ONLY,6
1618.0,VIDEO_ONLY,6
1618.5,VIDEO_ONLY,6
1619.0,VIDEO_ONLY,6
1619.5,VIDEO_ONLY,6
1620.0,VIDEO_ONLY,6
1620.5,VIDEO_ONLY,6
1621.0,VIDEO_ONLY,6
1621.5,VIDEO_ONLY,6
1622.0,VIDEO_ONLY,6
1622.5,VIDEO_ONLY,6
1623.0,VIDEO_ONLY,6
1623.5,VIDEO_ONLY,6
1624.0,VIDEO_ONLY,6
1624.5,VIDEO_ONLY,6
1625.0,VIDEO_ONLY,6
1625.5,VIDEO_ONLY,6
1626.0,VIDEO_ONLY,6
1626.5,VIDEO_ONLY,6
1627.0,VIDEO_ONLY,6
1627.5,VIDEO_ONLY,6
1628.0,VIDEO_ONLY,6
1628.5,VIDEO_ONLY,6
1629.0,VIDEO_ONLY,6
1629.5,VIDEO_ONLY,6
1630.0,VIDEO_ONLY,6
1630.5,VIDEO_ONLY,6
1631.0,VIDEO_ONLY,6
1631.5,VIDEO_ONLY,6
1632.0,VIDEO_ONLY,6
1632.5,VIDEO_ONLY,6
1633.0,VIDEO_ONLY,6
1633.5,VIDEO_ONLY,6
1634.0,VIDEO_ONLY,6
1634.5,VIDEO_ONLY,6
1635.0,VIDEO_ONLY,6
1635.5,VIDEO_ONLY,6
1636.0,VIDEO_ONLY,6
1636.5,VIDEO_ONLY,6
1637.0,VIDEO_ONLY,6
1637.5,VIDEO_ONLY,6
1638.0,VIDEO_ONLY,6
1638.5,VIDEO_ONLY,6
1639.0,VIDEO_ONLY,6
1639.5,VIDEO_ONLY,6
1640.0,VIDEO_ONLY,18
1640.5,VIDEO_ONLY,18
1641.0,VIDEO_ONLY,18
1641.5,VIDEO_ONLY,18
1642.0,VIDEO_ONLY,18
1642.5,VIDEO_ONLY,18
1643.0,VIDEO_ONLY,18
1643.5,VIDEO_ONLY,18
1644.0,VIDEO_ONLY,18
1644.5,VIDEO_ONLY,18
1645.0,VIDEO_ONLY,18
1645.5,VIDEO_ONLY,18
1646.0,VIDEO_ONLY,18
1646.5,VIDEO_ONLY,18
1647.0,VIDEO_ONLY,18
1647.5,VIDEO_ONLY,18
1648.0,VIDEO_ONLY,18
1648.5,VIDEO_ONLY,18
1649.0,VIDEO_ONLY,18
1649.5,VIDEO_ONLY,18
1650.0,VIDEO_ONLY,18
1650.5,VIDEO_ONLY,18
1651.0,VIDEO_ONLY,18
1651.5,VIDEO_ONLY,18
1652.0,VIDEO_ONLY,18
1652.5,VIDEO_ONLY,18
1653.0,VIDEO_ONLY,18
1653.5,VIDEO_ONLY,18
1654.0,VIDEO_ONLY,18
1654.5,VIDEO_ONLY,18
1655.0,VIDEO_ONLY,18
1655.5,VIDEO_ONLY,18
1656.0,VIDEO_ONLY,18
1656.5,VIDEO_ONLY,18
1657.0,VIDEO_ONLY,18
1657.5,VIDEO_ONLY,18
1658.0,VIDEO_ONLY,18
1658.5,VIDEO_ONLY,18
1659.0,VIDEO_ONLY,18
1659.5,VIDEO_ONLY,18
1660.0,VIDEO_ONLY,18
1660.5,VIDEO_ONLY,18
1661.0,VIDEO_ONLY,18
1661.5,VIDEO_ONLY,18
1662.0,VIDEO_ONLY,18
1662.5,VIDEO_ONLY,18
1663.0,VIDEO_ONLY,18
1663.5,VIDEO_ONLY,18
1664.0,VIDEO_ONLY,18
1664.5,VIDEO_ONLY,18
1665.0,VIDEO_ONLY,18
1665.5,VIDEO_ONLY,18
1666.0,VIDEO_ONLY,18
1666.5,VIDEO_ONLY,18
1667.0,VIDEO_ONLY,18
1667.5,VIDEO_ONLY,18
1668.0,VIDEO_ONLY,18
1668.5,VIDEO_ONLY,18
1669.0,VIDEO_ONLY,18
1669.5,VIDEO_ONLY,12
1670.0,VIDEO_ONLY,12
1670.5,VIDEO_ONLY,12
1671.0,VIDEO_ONLY,12
1671.5,VIDEO_ONLY,12
1672.0,VIDEO_ONLY,12
1672.5,VIDEO_ONLY,12
1673.0,VIDEO_ONLY,12
1673.5,VIDEO_ONLY,12
1674.0,VIDEO_ONLY,12
1674.5,VIDEO_ONLY,12
1675.0,VIDEO_ONLY,12
1675.5,VIDEO_ONLY,12
1676.0,VIDEO_ONLY,12
1676.5,VIDEO_ONLY,12
1677.0,VIDEO_ONLY,12
1677.5,VIDEO_ONLY,12
1678.0,VIDEO_ONLY,12
1678.5,VIDEO_ONLY,12
1679.0,VIDEO_ONLY,12
1679.5,VIDEO_ONLY,12
1680.0,VIDEO_ONLY,12
1680.5,VIDEO_ONLY,12
1681.0,VIDEO_ONLY,12
1681.5,VIDEO_ONLY,12
1682.0,VIDEO_ONLY,12
1682.5,VIDEO_ONLY,13
1683.0,VIDEO_ONLY,13
1683.5,VIDEO_ONLY,13
1684.0,VIDEO_ONLY,13
1684.5,VIDEO_ONLY,13
1685.0,VIDEO_ONLY,13
1685.5,VIDEO_ONLY,13
1686.0,VIDEO_ONLY,13
1686.5,VIDEO_ONLY,13
1687.0,VIDEO_ONLY,13
1687.5,VIDEO_ONLY,13
1688.0,VIDEO_ONLY,13
1688.5,VIDEO_ONLY,13
1689.0,VIDEO_ONLY,13
1689.5,VIDEO_ONLY,13
1690.0,VIDEO_ONLY,13
1690.5,VIDEO_ONLY,13
1691.0,VIDEO_ONLY,13
1691.5,VIDEO_ONLY,13
1692.0,VIDEO_ONLY,13
1692.5,VIDEO_ONLY,13
1693.0,VIDEO_ONLY,13
1693.5,VIDEO_ONLY,13
1694.0,VIDEO_ONLY,13
1694.5,VIDEO_ONLY,13
1695.0,VIDEO_ONLY,13
1695.5,VIDEO_ONLY,13
1696.0,VIDEO_ONLY,13
1696.5,VIDEO_ONLY,13
1697.0,VIDEO_ONLY,13
1697.5,VIDEO_ONLY,13
1698.0,VIDEO_ONLY,13
1698.5,VIDEO_ONLY,13
1699.0,VIDEO_ONLY,13
1699.5,VIDEO_ONLY,13
1700.0,VIDEO_ONLY,13
1700.5,VIDEO_ONLY,13
1701.0,VIDEO_ONLY,12
1701.5,VIDEO_ONLY,13
1702.0,VIDEO_ONLY,12
1702.5,VIDEO_ONLY,13
1703.0,VIDEO_ONLY,12
1703.5,VIDEO_ONLY,13
1704.0,VIDEO_ONLY,13
1704.5,VIDEO_ONLY,13
1705.0,VIDEO_ONLY,18
1705.5,VIDEO_ONLY,18
1706.0,VIDEO_ONLY,18
1706.5,VIDEO_ONLY,18
1707.0,VIDEO_ONLY,18
1707.5,VIDEO_ONLY,18
1708.0,VIDEO_ONLY,18
1708.5,VIDEO_ONLY,18
1709.0,VIDEO_ONLY,18
1709.5,VIDEO_ONLY,18
1710.0,VIDEO_ONLY,18
1710.5,VIDEO_ONLY,18
1711.0,VIDEO_ONLY,18
1711.5,VIDEO_ONLY,18
1712.0,VIDEO_ONLY,18
1712.5,VIDEO_ONLY,18
1713.0,VIDEO_ONLY,18
1713.5,VIDEO_ONLY,18
1714.0,VIDEO_ONLY,18
1714.5,VIDEO_ONLY,18
1715.0,VIDEO_ONLY,18
1715.5,VIDEO_ONLY,18
1716.0,VIDEO_ONLY,18
1716.5,VIDEO_ONLY,18
1717.0,VIDEO_ONLY,18
1717.5,VIDEO_ONLY,18
1718.0,VIDEO_ONLY,18
1718.5,VIDEO_ONLY,18
1719.0,VIDEO_ONLY,18
1719.5,VIDEO_ONLY,18
1720.0,VIDEO_ONLY,18
1720.5,VIDEO_ONLY,18
1721.0,VIDEO_ONLY,18
1721.5,VIDEO_ONLY,18
1722.0,VIDEO_ONLY,18
1722.5,VIDEO_ONLY,18
1723.0,VIDEO_ONLY,18
1723.5,VIDEO_ONLY,18
1724.0,VIDEO_ONLY,18
1724.5,VIDEO_ONLY,18
1725.0,VIDEO_ONLY,18
1725.5,VIDEO_ONLY,18
1726.0,VIDEO_ONLY,18
1726.5,VIDEO_ONLY,18
1727.0,VIDEO_ONLY,18
1727.5,VIDEO_ONLY,18
1728.0,VIDEO_ONLY,18
1728.5,VIDEO_ONLY,18
1729.0,VIDEO_ONLY,18
1729.5,VIDEO_ONLY,18
1730.0,VIDEO_ONLY,18
1730.5,VIDEO_ONLY,18
1731.0,VIDEO_ONLY,18
1731.5,VIDEO_ONLY,18
1732.0,VIDEO_ONLY,18
1732.5,VIDEO_ONLY,18
1733.0,VIDEO_ONLY,18
1733.5,VIDEO_ONLY,18
1734.0,VIDEO_ONLY,18
1734.5,VIDEO_ONLY,18
1735.0,VIDEO_ONLY,18
1735.5,VIDEO_ONLY,18
1736.0,VIDEO_ONLY,18
1736.5,VIDEO_ONLY,18
1737.0,VIDEO_ONLY,18
1737.5,VIDEO_ONLY,18
1738.0,VIDEO_ONLY,18
1738.5,VIDEO_ONLY,18
1739.0,VIDEO_ONLY,18
1739.5,VIDEO_ONLY,18
1740.0,VIDEO_ONLY,18
1740.5,VIDEO_ONLY,18
1741.0,VIDEO_ONLY,18
1741.5,VIDEO_ONLY,18
1742.0,VIDEO_ONLY,18
1742.5,VIDEO_ONLY,18
1743.0,VIDEO_ONLY,18
1743.5,VIDEO_ONLY,18
1744.0,VIDEO_ONLY,18
1744.5,VIDEO_ONLY,12
1745.0,VIDEO_ONLY,12
1745.5,VIDEO_ONLY,12
1746.0,VIDEO_ONLY,12
1746.5,VIDEO_ONLY,12
1747.0,VIDEO_ONLY,12
1747.5,VIDEO_ONLY,12
1748.0,VIDEO_ONLY,12
1748.5,VIDEO_ONLY,12
1749.0,VIDEO_ONLY,12
1749.5,VIDEO_ONLY,12
1750.0,VIDEO_ONLY,12
1750.5,VIDEO_ONLY,12
1751.0,VIDEO_ONLY,12
1751.5,VIDEO_ONLY,12
1752.0,VIDEO_ONLY,12
1752.5,VIDEO_ONLY,12
1753.0,VIDEO_ONLY,12
1753.5,VIDEO_ONLY,12
1754.0,VIDEO_ONLY,12
1754.5,VIDEO_ONLY,12
1755.0,VIDEO_ONLY,12
1755.5,VIDEO_ONLY,12
1756.0,VIDEO_ONLY,12
1756.5,VIDEO_ONLY,12
1757.0,VIDEO_ONLY,12
1757.5,VIDEO_ONLY,12
1758.0,VIDEO_ONLY,12
1758.5,VIDEO_ONLY,12
1759.0,VIDEO_ONLY,12
1759.5,VIDEO_ONLY,12
1760.0,VIDEO_ONLY,12
1760.5,VIDEO_ONLY,12
1761.0,VIDEO_ONLY,12
1761.5,VIDEO_ONLY,12
1762.0,VIDEO_ONLY,12
1762.5,VIDEO_ONLY,12
1763.0,VIDEO_ONLY,12
1763.5,VIDEO_ONLY,12
1764.0,VIDEO_ONLY,12
1764.5,VIDEO_ONLY,12
1765.0,VIDEO_ONLY,12
1765.5,VIDEO_ONLY,12
1766.0,VIDEO_ONLY,12
1766.5,VIDEO_ONLY,12
1767.0,VIDEO_ONLY,12
1767.5,VIDEO_ONLY,12
1768.0,VIDEO_ONLY,12
1768.5,VIDEO_ONLY,12
1769.0,VIDEO_ONLY,12
1769.5,VIDEO_ONLY,12
1770.0,VIDEO_ONLY,12
1770.5,VIDEO_ONLY,12
1771.0,VIDEO_ONLY,12
1771.5,VIDEO_ONLY,12
1772.0,VIDEO_ONLY,12
1772.5,VIDEO_ONLY,12
1773.0,VIDEO_ONLY,12
1773.5,VIDEO_ONLY,12
1774.0,VIDEO_ONLY,12
1774.5,VIDEO_ONLY,12
1775.0,VIDEO_ONLY,12
1775.5,VIDEO_ONLY,12
1776.0,VIDEO_ONLY,12
1776.5,VIDEO_ONLY,12
1777.0,VIDEO_ONLY,12
1777.5,VIDEO_ONLY,12
1778.0,VIDEO_ONLY,12
1778.5,VIDEO_ONLY,12
1779.0,VIDEO_ONLY,12
1779.5,VIDEO_ONLY,12
1780.0,VIDEO_ONLY,12
1780.5,VIDEO_ONLY,12
1781.0,VIDEO_ONLY,12
1781.5,VIDEO_ONLY,12
1782.0,VIDEO_ONLY,18
1782.5,VIDEO_ONLY,18
1783.0,VIDEO_ONLY,18
1783.5,VIDEO_ONLY,18
1784.0,VIDEO_ONLY,18
1784.5,VIDEO_ONLY,18
1785.0,VIDEO_ONLY,18
1785.5,VIDEO_ONLY,18
1786.0,VIDEO_ONLY,18
1786.5,VIDEO_ONLY,18
1787.0,VIDEO_ONLY,18
1787.5,VIDEO_ONLY,18
1788.0,VIDEO_ONLY,18
1788.5,VIDEO_ONLY,18
1789.0,VIDEO_ONLY,18
1789.5,VIDEO_ONLY,18
1790.0,VIDEO_ONLY,18
1790.5,VIDEO_ONLY,18
1791.0,VIDEO_ONLY,18
1791.5,VIDEO_ONLY,18
1792.0,VIDEO_ONLY,18
1792.5,VIDEO_ONLY,18
1793.0,VIDEO_ONLY,18
1793.5,VIDEO_ONLY,18
1794.0,VIDEO_ONLY,18
1794.5,VIDEO_ONLY,18
1795.0,VIDEO_ONLY,18
1795.5,VIDEO_ONLY,18
1796.0,VIDEO_ONLY,18
1796.5,VIDEO_ONLY,18
1797.0,VIDEO_ONLY,18
1797.5,VIDEO_ONLY,18
1798.0,VIDEO_ONLY,18
1798.5,VIDEO_ONLY,18
1799.0,VIDEO_ONLY,18
1799.5,VIDEO_ONLY,18
1800.0,VIDEO_ONLY,18
1800.5,VIDEO_ONLY,18
1801.0,VIDEO_ONLY,18
1801.5,VIDEO_ONLY,18
1802.0,VIDEO_ONLY,18
1802.5,VIDEO_ONLY,18
1803.0,VIDEO_ONLY,18
1803.5,VIDEO_ONLY,18
1804.0,VIDEO_ONLY,18
1804.5,VIDEO_ONLY,18
1805.0,VIDEO_ONLY,18
1805.5,VIDEO_ONLY,18
1806.0,VIDEO_ONLY,18
1806.5,VIDEO_ONLY,18
1807.0,VIDEO_ONLY,18
1807.5,VIDEO_ONLY,18
1808.0,VIDEO_ONLY,18
1808.5,VIDEO_ONLY,18
1809.0,VIDEO_ONLY,18
1809.5,VIDEO_ONLY,18
1810.0,VIDEO_ONLY,18
1810.5,VIDEO_ONLY,18
1811.0,VIDEO_ONLY,18
1811.5,VIDEO_ONLY,18
1812.0,VIDEO_ONLY,18
1812.5,VIDEO_ONLY,18
1813.0,VIDEO_ONLY,18
1813.5,VIDEO_ONLY,18
1814.0,VIDEO_ONLY,18
1814.5,VIDEO_ONLY,18
1815.0,VIDEO_ONLY,18
1815.5,VIDEO_ONLY,18
1816.0,VIDEO_ONLY,18
1816.5,VIDEO_ONLY,18
1817.0,VIDEO_ONLY,13
1817.5,VIDEO_ONLY,13
1818.0,VIDEO_ONLY,13
1818.5,VIDEO_ONLY,13
1819.0,VIDEO_ONLY,13
1819.5,VIDEO_ONLY,13
1820.0,VIDEO_ONLY,13
1820.5,VIDEO_ONLY,13
1821.0,VIDEO_ONLY,13
1821.5,VIDEO_ONLY,13
1822.0,VIDEO_ONLY,13
1822.5,VIDEO_ONLY,13
1823.0,VIDEO_ONLY,13
1823.5,VIDEO_ONLY,13
1824.0,VIDEO_ONLY,13
1824.5,VIDEO_ONLY,13
1825.0,VIDEO_ONLY,13
1825.5,VIDEO_ONLY,13
1826.0,VIDEO_ONLY,13
1826.5,VIDEO_ONLY,13
1827.0,VIDEO_ONLY,13
1827.5,VIDEO_ONLY,13
1828.0,VIDEO_ONLY,13
1828.5,VIDEO_ONLY,13
1829.0,VIDEO_ONLY,13
1829.5,VIDEO_ONLY,13
1830.0,VIDEO_ONLY,13
1830.5,VIDEO_ONLY,13
1831.0,VIDEO_ONLY,13
1831.5,VIDEO_ONLY,13
1832.0,VIDEO_ONLY,13
1832.5,VIDEO_ONLY,13
1833.0,VIDEO_ONLY,13
1833.5,VIDEO_ONLY,13
1834.0,VIDEO_ONLY,13
1834.5,VIDEO_ONLY,13
1835.0,VIDEO_ONLY,13
1835.5,VIDEO_ONLY,13
1836.0,VIDEO_ONLY,13
1836.5,VIDEO_ONLY,13
1837.0,VIDEO_ONLY,13
1837.5,VIDEO_ONLY,13
1838.0,VIDEO_ONLY,13
1838.5,VIDEO_ONLY,13
1839.0,VIDEO_ONLY,13
1839.5,VIDEO_ONLY,13
1840.0,VIDEO_ONLY,13
1840.5,VIDEO_ONLY,13
1841.0,VIDEO_ONLY,13
1841.5,VIDEO_ONLY,13
1842.0,VIDEO_ONLY,13
1842.5,VIDEO_ONLY,13
1843.0,VIDEO_ONLY,13
1843.5,VIDEO_ONLY,13
1844.0,VIDEO_ONLY,13
1844.5,VIDEO_ONLY,13
1845.0,VIDEO_ONLY,13
1845.5,VIDEO_ONLY,13
1846.0,VIDEO_ONLY,13
1846.5,VIDEO_ONLY,13
1847.0,VIDEO_ONLY,13
1847.5,VIDEO_ONLY,13
1848.0,VIDEO_ONLY,13
1848.5,VIDEO_ONLY,13
1849.0,VIDEO_ONLY,13
1849.5,VIDEO_ONLY,13
1850.0,VIDEO_ONLY,13
1850.5,VIDEO_ONLY,13
1851.0,VIDEO_ONLY,13
1851.5,VIDEO_ONLY,13
1852.0,VIDEO_ONLY,13
1852.5,VIDEO_ONLY,13
1853.0,VIDEO_ONLY,13
1853.5,VIDEO_ONLY,13
1854.0,VIDEO_ONLY,13
1854.5,VIDEO_ONLY,13
1855.0,VIDEO_ONLY,13
1855.5,VIDEO_ONLY,13
1856.0,VIDEO_ONLY,13
1856.5,VIDEO_ONLY,13
1857.0,VIDEO_ONLY,13
1857.5,VIDEO_ONLY,13
1858.0,VIDEO_ONLY,13
1858.5,VIDEO_ONLY,18
1859.0,VIDEO_ONLY,18
1859.5,VIDEO_ONLY,18
1860.0,VIDEO_ONLY,18
1860.5,VIDEO_ONLY,18
1861.0,VIDEO_ONLY,18
1861.5,VIDEO_ONLY,18
1862.0,VIDEO_ONLY,18
1862.5,VIDEO_ONLY,18
1863.0,VIDEO_ONLY,18
1863.5,VIDEO_ONLY,18
1864.0,VIDEO_ONLY,18
1864.5,VIDEO_ONLY,18
1865.0,VIDEO_ONLY,18
1865.5,VIDEO_ONLY,18
1866.0,VIDEO_ONLY,18
1866.5,VIDEO_ONLY,18
1867.0,VIDEO_ONLY,18
1867.5,VIDEO_ONLY,18
1868.0,VIDEO_ONLY,18
1868.5,VIDEO_ONLY,18
1869.0,VIDEO_ONLY,18
1869.5,VIDEO_ONLY,18
1870.0,VIDEO_ONLY,18
1870.5,VIDEO_ONLY,18
1871.0,VIDEO_ONLY,18
1871.5,VIDEO_ONLY,18
1872.0,VIDEO_ONLY,18
1872.5,VIDEO_ONLY,18
1873.0,VIDEO_ONLY,18
1873.5,VIDEO_ONLY,18
1874.0,VIDEO_ONLY,18
1874.5,VIDEO_ONLY,18
1875.0,VIDEO_ONLY,18
1875.5,VIDEO_ONLY,18
1876.0,VIDEO_ONLY,18
1876.5,VIDEO_ONLY,18
1877.0,VIDEO_ONLY,18
1877.5,VIDEO_ONLY,18
1878.0,VIDEO_ONLY,18
1878.5,VIDEO_ONLY,18
1879.0,VIDEO_ONLY,18
1879.5,VIDEO_ONLY,18
1880.0,VIDEO_ONLY,18
1880.5,VIDEO_ONLY,18
1881.0,VIDEO_ONLY,3
1881.5,VIDEO_ONLY,3
1882.0,VIDEO_ONLY,3
1882.5,VIDEO_ONLY,3
1883.0,VIDEO_ONLY,3
1883.5,VIDEO_ONLY,3
1884.0,VIDEO_ONLY,3
1884.5,VIDEO_ONLY,3
1885.0,VIDEO_ONLY,3
1885.5,VIDEO_ONLY,3
1886.0,VIDEO_ONLY,3
1886.5,VIDEO_ONLY,3
1887.0,VIDEO_ONLY,3
1887.5,VIDEO_ONLY,3
1888.0,VIDEO_ONLY,3
1888.5,VIDEO_ONLY,3
1889.0,VIDEO_ONLY,3
1889.5,VIDEO_ONLY,3
1890.0,VIDEO_ONLY,3
1890.5,VIDEO_ONLY,3
1891.0,VIDEO_ONLY,3
1891.5,VIDEO_ONLY,3
1892.0,VIDEO_ONLY,3
1892.5,VIDEO_ONLY,3
1893.0,VIDEO_ONLY,3
1893.5,VIDEO_ONLY,3
1894.0,VIDEO_ONLY,3
1894.5,VIDEO_ONLY,3
1895.0,VIDEO_ONLY,3
1895.5,VIDEO_ONLY,3
1896.0,VIDEO_ONLY,3
1896.5,VIDEO_ONLY,3
1897.0,VIDEO_ONLY,3
1897.5,VIDEO_ONLY,3
1898.0,VIDEO_ONLY,3
1898.5,VIDEO_ONLY,3
1899.0,VIDEO_ONLY,3
1899.5,VIDEO_ONLY,3
1900.0,VIDEO_ONLY,3
1900.5,VIDEO_ONLY,3
1901.0,VIDEO_ONLY,3
1901.5,VIDEO_ONLY,3
1902.0,VIDEO_ONLY,3
1902.5,VIDEO_ONLY,3
1903.0,VIDEO_ONLY,3
1903.5,VIDEO_ONLY,3
1904.0,VIDEO_ONLY,3
1904.5,VIDEO_ONLY,3
1905.0,VIDEO_ONLY,3
1905.5,VIDEO_ONLY,3
1906.0,VIDEO_ONLY,3
1906.5,VIDEO_ONLY,3
1907.0,VIDEO_ONLY,3
1907.5,VIDEO_ONLY,3
1908.0,VIDEO_ONLY,3
1908.5,VIDEO_ONLY,3
1909.0,VIDEO_ONLY,3
1909.5,VIDEO_ONLY,3
1910.0,VIDEO_ONLY,3
1910.5,VIDEO_ONLY,3
1911.0,VIDEO_ONLY,3
1911.5,VIDEO_ONLY,3
1912.0,VIDEO_ONLY,3
1912.5,VIDEO_ONLY,3
1913.0,VIDEO_ONLY,3
1913.5,VIDEO_ONLY,3
1914.0,VIDEO_ONLY,3
1914.5,VIDEO_ONLY,3
1915.0,VIDEO_ONLY,3
1915.5,VIDEO_ONLY,3
1916.0,VIDEO_ONLY,3
1916.5,VIDEO_ONLY,3
1917.0,VIDEO_ONLY,3
1917.5,VIDEO_ONLY,3
1918.0,VIDEO_ONLY,3
1918.5,VIDEO_ONLY,3
1919.0,VIDEO_ONLY,3
1919.5,VIDEO_ONLY,3
1920.0,VIDEO_ONLY,3
1920.5,VIDEO_ONLY,3
1921.0,VIDEO_ONLY,3
1921.5,VIDEO_ONLY,3
1922.0,VIDEO_ONLY,3
1922.5,VIDEO_ONLY,3
1923.0,VIDEO_ONLY,3
1923.5,VIDEO_ONLY,3
1924.0,VIDEO_ONLY,3
1924.5,VIDEO_ONLY,3
1925.0,VIDEO_ONLY,3
1925.5,VIDEO_ONLY,3
1926.0,VIDEO_ONLY,3
1926.5,VIDEO_ONLY,3
1927.0,VIDEO_ONLY,3
1927.5,VIDEO_ONLY,3
1928.0,VIDEO_ONLY,3
1928.5,VIDEO_ONLY,3
1929.0,VIDEO_ONLY,3
1929.5,VIDEO_ONLY,3
1930.0,VIDEO_ONLY,3
1930.5,VIDEO_ONLY,3
1931.0,VIDEO_ONLY,3
1931.5,VIDEO_ONLY,3
1932.0,VIDEO_ONLY,3
1932.5,VIDEO_ONLY,3
1933.0,VIDEO_ONLY,3
1933.5,VIDEO_ONLY,3
1934.0,VIDEO_ONLY,3
1934.5,VIDEO_ONLY,3
1935.0,VIDEO_ONLY,3
1935.5,VIDEO_ONLY,3
1936.0,VIDEO_ONLY,3
1936.5,VIDEO_ONLY,3
1937.0,VIDEO_ONLY,3
1937.5,VIDEO_ONLY,3
1938.0,VIDEO_ONLY,3
1938.5,VIDEO_ONLY,3
1939.0,VIDEO_ONLY,3
1939.5,VIDEO_ONLY,3
1940.0,VIDEO_ONLY,3
1940.5,VIDEO_ONLY,3
1941.0,VIDEO_ONLY,3
1941.5,VIDEO_ONLY,3
1942.0,VIDEO_ONLY,3
1942.5,VIDEO_ONLY,3
1943.0,VIDEO_ONLY,3
1943.5,VIDEO_ONLY,3
1944.0,VIDEO_ONLY,3
1944.5,VIDEO_ONLY,3
1945.0,VIDEO_ONLY,3
1945.5,VIDEO_ONLY,3
1946.0,VIDEO_ONLY,3
1946.5,VIDEO_ONLY,3
1947.0,VIDEO_ONLY,3
1947.5,VIDEO_ONLY,3
1948.0,VIDEO_ONLY,3
1948.5,VIDEO_ONLY,3
1949.0,VIDEO_ONLY,3
1949.5,VIDEO_ONLY,3
1950.0,VIDEO_ONLY,3
1950.5,VIDEO_ONLY,3
1951.0,VIDEO_ONLY,3
1951.5,VIDEO_ONLY,3
1952.0,VIDEO_ONLY,3
1952.5,VIDEO_ONLY,3
1953.0,VIDEO_ONLY,3
1953.5,VIDEO_ONLY,3
1954.0,VIDEO_ONLY,3
1954.5,VIDEO_ONLY,3
1955.0,VIDEO_ONLY,3
1955.5,VIDEO_ONLY,3
1956.0,VIDEO_ONLY,3
1956.5,VIDEO_ONLY,3
1957.0,VIDEO_ONLY,3
1957.5,VIDEO_ONLY,3
1958.0,VIDEO_ONLY,3
1958.5,VIDEO_ONLY,3
1959.0,VIDEO_ONLY,3
1959.5,VIDEO_ONLY,3
1960.0,VIDEO_ONLY,3
1960.5,VIDEO_ONLY,3
1961.0,VIDEO_ONLY,3
1961.5,VIDEO_ONLY,3
1962.0,VIDEO_ONLY,3
1962.5,VIDEO_ONLY,3
1963.0,VIDEO_ONLY,3
1963.5,VIDEO_ONLY,3
1964.0,VIDEO_ONLY,3
1964.5,VIDEO_ONLY,3
1965.0,VIDEO_ONLY,3
1965.5,VIDEO_ONLY,3
1966.0,VIDEO_ONLY,3
1966.5,VIDEO_ONLY,3
1967.0,VIDEO_ONLY,3
1967.5,VIDEO_ONLY,3
1968.0,VIDEO_ONLY,3
1968.5,VIDEO_ONLY,3
1969.0,VIDEO_ONLY,3
1969.5,VIDEO_ONLY,3
1970.0,VIDEO_ONLY,3
1970.5,VIDEO_ONLY,3
1971.0,VIDEO_ONLY,3
1971.5,VIDEO_ONLY,3
1972.0,VIDEO_ONLY,18
1972.5,VIDEO_ONLY,18
1973.0,VIDEO_ONLY,18
1973.5,VIDEO_ONLY,18
1974.0,VIDEO_ONLY,18
1974.5,VIDEO_ONLY,18
1975.0,VIDEO_ONLY,18
1975.5,VIDEO_ONLY,18
1976.0,VIDEO_ONLY,18
1976.5,VIDEO_ONLY,18
1977.0,VIDEO_ONLY,18
1977.5,VIDEO_ONLY,18
1978.0,VIDEO_ONLY,18
1978.5,VIDEO_ONLY,18
1979.0,VIDEO_ONLY,18
1979.5,VIDEO_ONLY,18
1980.0,VIDEO_ONLY,18
1980.5,VIDEO_ONLY,18
1981.0,VIDEO_ONLY,18
1981.5,VIDEO_ONLY,18
1982.0,VIDEO_ONLY,18
1982.5,VIDEO_ONLY,18
1983.0,VIDEO_ONLY,18
1983.5,VIDEO_ONLY,18
1984.0,VIDEO_ONLY,18
1984.5,VIDEO_ONLY,18
1985.0,VIDEO_ONLY,18
1985.5,VIDEO_ONLY,18
1986.0,VIDEO_ONLY,18
1986.5,VIDEO_ONLY,18
1987.0,VIDEO_ONLY,18
1987.5,VIDEO_ONLY,18
1988.0,VIDEO_ONLY,18
1988.5,VIDEO_ONLY,18
1989.0,VIDEO_ONLY,18
1989.5,VIDEO_ONLY,18
1990.0,VIDEO_ONLY,18
1990.5,VIDEO_ONLY,18
1991.0,VIDEO_ONLY,18
1991.5,VIDEO_ONLY,18
1992.0,VIDEO_ONLY,18
1992.5,VIDEO_ONLY,18
1993.0,VIDEO_ONLY,18
1993.5,VIDEO_ONLY,18
1994.0,VIDEO_ONLY,18
1994.5,VIDEO_ONLY,18
1995.0,VIDEO_ONLY,18
1995.5,VIDEO_ONLY,18
1996.0,VIDEO_ONLY,18
1996.5,VIDEO_ONLY,18
1997.0,VIDEO_ONLY,18
1997.5,VIDEO_ONLY,18
1998.0,VIDEO_ONLY,18
1998.5,VIDEO_ONLY,18
1999.0,VIDEO_ONLY,18
1999.5,VIDEO_ONLY,18
2000.0,VIDEO_ONLY,18
2000.5,VIDEO_ONLY,18
2001.0,VIDEO_ONLY,18
2001.5,VIDEO_ONLY,18
2002.0,VIDEO_ONLY,18
2002.5,VIDEO_ONLY,5
2003.0,VIDEO_ONLY,5
2003.5,VIDEO_ONLY,5
2004.0,VIDEO_ONLY,5
2004.5,VIDEO_ONLY,5
2005.0,VIDEO_ONLY,5
2005.5,VIDEO_ONLY,5
2006.0,VIDEO_ONLY,5
2006.5,VIDEO_ONLY,5
2007.0,VIDEO_ONLY,5
2007.5,VIDEO_ONLY,5
2008.0,VIDEO_ONLY,5
2008.5,VIDEO_ONLY,5
2009.0,VIDEO_ONLY,5
2009.5,VIDEO_ONLY,5
2010.0,VIDEO_ONLY,5
2010.5,VIDEO_ONLY,5
2011.0,VIDEO_ONLY,5
2011.5,VIDEO_ONLY,5
2012.0,VIDEO_ONLY,5
2012.5,VIDEO_ONLY,5
2013.0,VIDEO_ONLY,5
2013.5,VIDEO_ONLY,5
2014.0,VIDEO_ONLY,5
2014.5,VIDEO_ONLY,5
2015.0,VIDEO_ONLY,5
2015.5,VIDEO_ONLY,5
2016.0,VIDEO_ONLY,5
2016.5,VIDEO_ONLY,5
2017.0,VIDEO_ONLY,5
2017.5,VIDEO_ONLY,5
2018.0,VIDEO_ONLY,5
2018.5,VIDEO_ONLY,5
2019.0,VIDEO_ONLY,5
2019.5,VIDEO_ONLY,5
2020.0,VIDEO_ONLY,5
2020.5,VIDEO_ONLY,5
2021.0,VIDEO_ONLY,5
2021.5,VIDEO_ONLY,5
2022.0,VIDEO_ONLY,5
2022.5,VIDEO_ONLY,5
2023.0,VIDEO_ONLY,5
2023.5,VIDEO_ONLY,5
2024.0,VIDEO_ONLY,5
2024.5,VIDEO_ONLY,5
2025.0,VIDEO_ONLY,5
2025.5,VIDEO_ONLY,5
2026.0,VIDEO_ONLY,5
2026.5,VIDEO_ONLY,5
2027.0,VIDEO_ONLY,5
2027.5,VIDEO_ONLY,5
2028.0,VIDEO_ONLY,5
2028.5,VIDEO_ONLY,5
2029.0,VIDEO_ONLY,5
2029.5,VIDEO_ONLY,5
2030.0,VIDEO_ONLY,5
2030.5,VIDEO_ONLY,5
2031.0,VIDEO_ONLY,5
2031.5,VIDEO_ONLY,5
2032.0,VIDEO_ONLY,5
2032.5,VIDEO_ONLY,5
2033.0,VIDEO_ONLY,5
2033.5,VIDEO_ONLY,5
2034.0,VIDEO_ONLY,5
2034.5,VIDEO_ONLY,5
2035.0,VIDEO_ONLY,5
2035.5,VIDEO_ONLY,5
2036.0,VIDEO_ONLY,5
2036.5,VIDEO_ONLY,5
2037.0,VIDEO_ONLY,5
2037.5,VIDEO_ONLY,5
2038.0,VIDEO_ONLY,5
2038.5,VIDEO_ONLY,5
2039.0,VIDEO_ONLY,5
2039.5,VIDEO_ONLY,5
2040.0,VIDEO_ONLY,5
2040.5,VIDEO_ONLY,5
2041.0,VIDEO_ONLY,5
2041.5,VIDEO_ONLY,5
2042.0,VIDEO_ONLY,5
2042.5,VIDEO_ONLY,5
2043.0,VIDEO_ONLY,5
2043.5,VIDEO_ONLY,5
2044.0,VIDEO_ONLY,5
2044.5,VIDEO_ONLY,5
2045.0,VIDEO_ONLY,5
2045.5,VIDEO_ONLY,5
2046.0,VIDEO_ONLY,5
2046.5,VIDEO_ONLY,5
2047.0,VIDEO_ONLY,5
2047.5,VIDEO_ONLY,5
2048.0,VIDEO_ONLY,5
2048.5,VIDEO_ONLY,5
2049.0,VIDEO_ONLY,5
2049.5,VIDEO_ONLY,5
2050.0,VIDEO_ONLY,5
2050.5,VIDEO_ONLY,5
2051.0,VIDEO_ONLY,5
2051.5,VIDEO_ONLY,5
2052.0,VIDEO_ONLY,5
2052.5,VIDEO_ONLY,5
2053.0,VIDEO_ONLY,5
2053.5,VIDEO_ONLY,5
2054.0,VIDEO_ONLY,5
2054.5,VIDEO_ONLY,5
2055.0,VIDEO_ONLY,5
2055.5,VIDEO_ONLY,5
2056.0,VIDEO_ONLY,5
2056.5,VIDEO_ONLY,5
2057.0,VIDEO_ONLY,5
2057.5,VIDEO_ONLY,5
2058.0,VIDEO_ONLY,5
2058.5,VIDEO_ONLY,5
2059.0,VIDEO_ONLY,5
2059.5,VIDEO_ONLY,5
2060.0,VIDEO_ONLY,5
2060.5,VIDEO_ONLY,5
2061.0,VIDEO_ONLY,5
2061.5,VIDEO_ONLY,5
2062.0,VIDEO_ONLY,5
2062.5,VIDEO_ONLY,5
2063.0,VIDEO_ONLY,5
2063.5,VIDEO_ONLY,5
2064.0,VIDEO_ONLY,5
2064.5,VIDEO_ONLY,5
2065.0,VIDEO_ONLY,5
2065.5,VIDEO_ONLY,5
2066.0,VIDEO_ONLY,5
2066.5,VIDEO_ONLY,5
2067.0,VIDEO_ONLY,5
2067.5,VIDEO_ONLY,5
2068.0,VIDEO_ONLY,5
2068.5,VIDEO_ONLY,5
2069.0,VIDEO_ONLY,5
2069.5,VIDEO_ONLY,5
2070.0,VIDEO_ONLY,5
2070.5,VIDEO_ONLY,5
2071.0,VIDEO_ONLY,5
2071.5,VIDEO_ONLY,5
2072.0,VIDEO_ONLY,5
2072.5,VIDEO_ONLY,5
2073.0,VIDEO_ONLY,5
2073.5,VIDEO_ONLY,5
2074.0,VIDEO_ONLY,5
2074.5,VIDEO_ONLY,5
2075.0,VIDEO_ONLY,5
2075.5,VIDEO_ONLY,5
2076.0,VIDEO_ONLY,5
2076.5,VIDEO_ONLY,5
2077.0,VIDEO_ONLY,5
2077.5,VIDEO_ONLY,5
2078.0,VIDEO_ONLY,5
2078.5,VIDEO_ONLY,5
2079.0,VIDEO_ONLY,5
2079.5,VIDEO_ONLY,5
2080.0,VIDEO_ONLY,5
2080.5,VIDEO_ONLY,5
2081.0,VIDEO_ONLY,5
2081.5,VIDEO_ONLY,5
2082.0,VIDEO_ONLY,18
2082.5,VIDEO_ONLY,18
2083.0,VIDEO_ONLY,18
2083.5,VIDEO_ONLY,18
2084.0,VIDEO_ONLY,18
2084.5,VIDEO_ONLY,18
2085.0,VIDEO_ONLY,18
2085.5,VIDEO_ONLY,18
2086.0,VIDEO_ONLY,18
2086.5,VIDEO_ONLY,18
2087.0,VIDEO_ONLY,18
2087.5,VIDEO_ONLY,18
2088.0,VIDEO_ONLY,18
2088.5,VIDEO_ONLY,18
2089.0,VIDEO_ONLY,18
2089.5,VIDEO_ONLY,18
2090.0,VIDEO_ONLY,18
2090.5,VIDEO_ONLY,18
2091.0,VIDEO_ONLY,18
2091.5,VIDEO_ONLY,18
2092.0,VIDEO_ONLY,18
2092.5,VIDEO_ONLY,18
2093.0,VIDEO_ONLY,18
2093.5,VIDEO_ONLY,18
2094.0,VIDEO_ONLY,18
2094.5,VIDEO_ONLY,18
2095.0,VIDEO_ONLY,18
2095.5,VIDEO_ONLY,18
2096.0,VIDEO_ONLY,18
2096.5,VIDEO_ONLY,18
2097.0,VIDEO_ONLY,18
2097.5,VIDEO_ONLY,18
2098.0,VIDEO_ONLY,18
2098.5,VIDEO_ONLY,18
2099.0,VIDEO_ONLY,18
2099.5,VIDEO_ONLY,18
2100.0,VIDEO_ONLY,18
2100.5,VIDEO_ONLY,18
2101.0,VIDEO_ONLY,18
2101.5,VIDEO_ONLY,18
2102.0,VIDEO_ONLY,18
2102.5,VIDEO_ONLY,18
2103.0,VIDEO_ONLY,18
2103.5,VIDEO_ONLY,18
2104.0,VIDEO_ONLY,18
2104.5,VIDEO_ONLY,18
2105.0,VIDEO_ONLY,18
2105.5,VIDEO_ONLY,18
2106.0,VIDEO_ONLY,18
2106.5,VIDEO_ONLY,18
2107.0,VIDEO_ONLY,18
2107.5,VIDEO_ONLY,18
2108.0,VIDEO_ONLY,18
2108.5,VIDEO_ONLY,18
2109.0,VIDEO_ONLY,18
2109.5,VIDEO_ONLY,18
2110.0,VIDEO_ONLY,18
2110.5,VIDEO_ONLY,18
2111.0,VIDEO_ONLY,18
2111.5,VIDEO_ONLY,18
2112.0,VIDEO_ONLY,18
2112.5,VIDEO_ONLY,18
2113.0,VIDEO_ONLY,18
2113.5,VIDEO_ONLY,18
2114.0,VIDEO_ONLY,18
2114.5,VIDEO_ONLY,18
2115.0,VIDEO_ONLY,18
2115.5,VIDEO_ONLY,18
2116.0,VIDEO_ONLY,18
2116.5,VIDEO_ONLY,18
2117.0,VIDEO_ONLY,18
2117.5,VIDEO_ONLY,18
2118.0,VIDEO_ONLY,18
2118.5,VIDEO_ONLY,18
2119.0,VIDEO_ONLY,18
2119.5,VIDEO_ONLY,18
2120.0,VIDEO_ONLY,18
2120.5,VIDEO_ONLY,18
2121.0,VIDEO_ONLY,18
2121.5,VIDEO_ONLY,18
2122.0,VIDEO_ONLY,18
2122.5,VIDEO_ONLY,18
2123.0,VIDEO_ONLY,18
2123.5,VIDEO_ONLY,18
2124.0,VIDEO_ONLY,18
2124.5,VIDEO_ONLY,18
2125.0,VIDEO_ONLY,18
2125.5,VIDEO_ONLY,18
2126.0,VIDEO_ONLY,18
2126.5,VIDEO_ONLY,18
2127.0,VIDEO_ONLY,18
2127.5,VIDEO_ONLY,18
2128.0,VIDEO_ONLY,18
2128.5,VIDEO_ONLY,18
2129.0,VIDEO_ONLY,18
2129.5,VIDEO_ONLY,18
2130.0,VIDEO_ONLY,18
2130.5,VIDEO_ONLY,18
2131.0,VIDEO_ONLY,18
2131.5,VIDEO_ONLY,18
2132.0,VIDEO_ONLY,18
2132.5,VIDEO_ONLY,18
2133.0,VIDEO_ONLY,18
2133.5,VIDEO_ONLY,18
2134.0,VIDEO_ONLY,18
2134.5,VIDEO_ONLY,18
2135.0,VIDEO_ONLY,18
2135.5,VIDEO_ONLY,18
2136.0,VIDEO_ONLY,18
2136.5,VIDEO_ONLY,18
2137.0,VIDEO_ONLY,18
2137.5,VIDEO_ONLY,18
2138.0,VIDEO_ONLY,18
2138.5,VIDEO_ONLY,18
2139.0,VIDEO_ONLY,18
2139.5,VIDEO_ONLY,18
2140.0,VIDEO_ONLY,18
2140.5,VIDEO_ONLY,18
2141.0,VIDEO_ONLY,18
2141.5,VIDEO_ONLY,18
2142.0,VIDEO_ONLY,18
2142.5,VIDEO_ONLY,18
2143.0,VIDEO_ONLY,18
2143.5,VIDEO_ONLY,18
2144.0,VIDEO_ONLY,18
2144.5,VIDEO_ONLY,18
2145.0,VIDEO_ONLY,18
2145.5,VIDEO_ONLY,18
2146.0,VIDEO_ONLY,18
2146.5,VIDEO_ONLY,18
2147.0,VIDEO_ONLY,18
2147.5,VIDEO_ONLY,18
2148.0,VIDEO_ONLY,18
2148.5,VIDEO_ONLY,18
2149.0,VIDEO_ONLY,18
2149.5,VIDEO_ONLY,18
2150.0,VIDEO_ONLY,18
2150.5,VIDEO_ONLY,18
2151.0,VIDEO_ONLY,18
2151.5,VIDEO_ONLY,18
2152.0,VIDEO_ONLY,18
2152.5,VIDEO_ONLY,18
2153.0,VIDEO_ONLY,18
2153.5,VIDEO_ONLY,18
2154.0,VIDEO_ONLY,18
2154.5,VIDEO_ONLY,18
2155.0,VIDEO_ONLY,18
2155.5,VIDEO_ONLY,18
2156.0,VIDEO_ONLY,18
2156.5,VIDEO_ONLY,18
2157.0,VIDEO_ONLY,18
2157.5,VIDEO_ONLY,11
2158.0,VIDEO_ONLY,11
2158.5,VIDEO_ONLY,11
2159.0,VIDEO_ONLY,11
2159.5,VIDEO_ONLY,11
2160.0,VIDEO_ONLY,11
2160.5,VIDEO_ONLY,11
2161.0,VIDEO_ONLY,11
2161.5,VIDEO_ONLY,11
2162.0,VIDEO_ONLY,11
2162.5,VIDEO_ONLY,11
2163.0,VIDEO_ONLY,11
2163.5,VIDEO_ONLY,11
2164.0,VIDEO_ONLY,11
2164.5,VIDEO_ONLY,11
2165.0,VIDEO_ONLY,11
2165.5,VIDEO_ONLY,11
2166.0,VIDEO_ONLY,11
2166.5,VIDEO_ONLY,11
2167.0,VIDEO_ONLY,11
2167.5,VIDEO_ONLY,11
2168.0,VIDEO_ONLY,11
2168.5,VIDEO_ONLY,11
2169.0,VIDEO_ONLY,11
2169.5,VIDEO_ONLY,11
2170.0,VIDEO_ONLY,11
2170.5,VIDEO_ONLY,11
2171.0,VIDEO_ONLY,11
2171.5,VIDEO_ONLY,11
2172.0,VIDEO_ONLY,11
2172.5,VIDEO_ONLY,11
2173.0,VIDEO_ONLY,11
2173.5,VIDEO_ONLY,11
2174.0,VIDEO_ONLY,11
2174.5,VIDEO_ONLY,11
2175.0,VIDEO_ONLY,11
2175.5,VIDEO_ONLY,11
2176.0,VIDEO_ONLY,11
2176.5,VIDEO_ONLY,11
2177.0,VIDEO_ONLY,11
2177.5,VIDEO_ONLY,11
2178.0,VIDEO_ONLY,11
2178.5,VIDEO_ONLY,11
2179.0,VIDEO_ONLY,11
2179.5,VIDEO_ONLY,11
2180.0,VIDEO_ONLY,11
2180.5,VIDEO_ONLY,11
2181.0,VIDEO_ONLY,11
2181.5,VIDEO_ONLY,11
2182.0,VIDEO_ONLY,11
2182.5,VIDEO_ONLY,11
2183.0,VIDEO_ONLY,11
2183.5,VIDEO_ONLY,11
2184.0,VIDEO_ONLY,11
2184.5,VIDEO_ONLY,11
2185.0,VIDEO_ONLY,11
2185.5,VIDEO_ONLY,11
2186.0,VIDEO_ONLY,11
2186.5,VIDEO_ONLY,11
2187.0,VIDEO_ONLY,11
2187.5,VIDEO_ONLY,11
2188.0,VIDEO_ONLY,11
2188.5,VIDEO_ONLY,11
2189.0,VIDEO_ONLY,11
2189.5,VIDEO_ONLY,11
2190.0,VIDEO_ONLY,11
2190.5,VIDEO_ONLY,11
2191.0,VIDEO_ONLY,18
2191.5,VIDEO_ONLY,18
2192.0,VIDEO_ONLY,18
2192.5,VIDEO_ONLY,18
2193.0,VIDEO_ONLY,18
2193.5,VIDEO_ONLY,18
2194.0,VIDEO_ONLY,18
2194.5,VIDEO_ONLY,18
2195.0,VIDEO_ONLY,18
2195.5,VIDEO_ONLY,18
2196.0,VIDEO_ONLY,18
2196.5,VIDEO_ONLY,18
2197.0,VIDEO_ONLY,18
2197.5,VIDEO_ONLY,18
2198.0,VIDEO_ONLY,18
2198.5,VIDEO_ONLY,18
2199.0,VIDEO_ONLY,18
2199.5,VIDEO_ONLY,18
2200.0,VIDEO_ONLY,18
2200.5,VIDEO_ONLY,18
2201.0,VIDEO_ONLY,18
2201.5,VIDEO_ONLY,18
2202.0,VIDEO_ONLY,18
2202.5,VIDEO_ONLY,18
2203.0,VIDEO_ONLY,18
2203.5,VIDEO_ONLY,18
2204.0,VIDEO_ONLY,18
2204.5,VIDEO_ONLY,18
2205.0,VIDEO_ONLY,18
2205.5,VIDEO_ONLY,18
2206.0,VIDEO_ONLY,18
2206.5,VIDEO_ONLY,18
2207.0,VIDEO_ONLY,18
2207.5,VIDEO_ONLY,18
2208.0,VIDEO_ONLY,18
2208.5,VIDEO_ONLY,18
2209.0,VIDEO_ONLY,18
2209.5,VIDEO_ONLY,18
2210.0,VIDEO_ONLY,18
2210.5,VIDEO_ONLY,18
2211.0,VIDEO_ONLY,18
2211.5,VIDEO_ONLY,18
2212.0,VIDEO_ONLY,18
2212.5,VIDEO_ONLY,18
2213.0,VIDEO_ONLY,18
2213.5,VIDEO_ONLY,18
2214.0,VIDEO_ONLY,18
2214.5,VIDEO_ONLY,18
2215.0,VIDEO_ONLY,18
2215.5,VIDEO_ONLY,18
2216.0,VIDEO_ONLY,18
2216.5,VIDEO_ONLY,18
2217.0,VIDEO_ONLY,18
2217.5,VIDEO_ONLY,18
2218.0,VIDEO_ONLY,18
2218.5,VIDEO_ONLY,18
2219.0,VIDEO_ONLY,18
2219.5,VIDEO_ONLY,18
2220.0,VIDEO_ONLY,18
2220.5,VIDEO_ONLY,18
2221.0,VIDEO_ONLY,18
2221.5,VIDEO_ONLY,18
2222.0,VIDEO_ONLY,18
2222.5,VIDEO_ONLY,18
2223.0,VIDEO_ONLY,18
2223.5,VIDEO_ONLY,18
2224.0,VIDEO_ONLY,18
2224.5,VIDEO_ONLY,11
2225.0,VIDEO_ONLY,11
2225.5,VIDEO_ONLY,11
2226.0,VIDEO_ONLY,11
2226.5,VIDEO_ONLY,11
2227.0,VIDEO_ONLY,11
2227.5,VIDEO_ONLY,11
2228.0,VIDEO_ONLY,11
2228.5,VIDEO_ONLY,11
2229.0,VIDEO_ONLY,11
2229.5,VIDEO_ONLY,11
2230.0,VIDEO_ONLY,11
2230.5,VIDEO_ONLY,11
2231.0,VIDEO_ONLY,11
2231.5,VIDEO_ONLY,11
2232.0,VIDEO_ONLY,11
2232.5,VIDEO_ONLY,11
2233.0,VIDEO_ONLY,11
2233.5,VIDEO_ONLY,11
2234.0,VIDEO_ONLY,11
2234.5,VIDEO_ONLY,11
2235.0,VIDEO_ONLY,11
2235.5,VIDEO_ONLY,11
2236.0,VIDEO_ONLY,11
2236.5,VIDEO_ONLY,11
2237.0,VIDEO_ONLY,11
2237.5,VIDEO_ONLY,11
2238.0,VIDEO_ONLY,11
2238.5,VIDEO_ONLY,11
2239.0,VIDEO_ONLY,11
2239.5,VIDEO_ONLY,11
2240.0,VIDEO_ONLY,11
2240.5,VIDEO_ONLY,11
2241.0,VIDEO_ONLY,11
2241.5,VIDEO_ONLY,11
2242.0,VIDEO_ONLY,11
2242.5,VIDEO_ONLY,11
2243.0,VIDEO_ONLY,11
2243.5,VIDEO_ONLY,11
2244.0,VIDEO_ONLY,11
2244.5,VIDEO_ONLY,11
2245.0,VIDEO_ONLY,11
2245.5,VIDEO_ONLY,11
2246.0,VIDEO_ONLY,11
2246.5,VIDEO_ONLY,11
2247.0,VIDEO_ONLY,11
2247.5,VIDEO_ONLY,11
2248.0,VIDEO_ONLY,11
2248.5,VIDEO_ONLY,11
2249.0,VIDEO_ONLY,11
2249.5,VIDEO_ONLY,11
2250.0,VIDEO_ONLY,11
2250.5,VIDEO_ONLY,11
2251.0,VIDEO_ONLY,11
2251.5,VIDEO_ONLY,11
2252.0,VIDEO_ONLY,11
2252.5,VIDEO_ONLY,11
2253.0,VIDEO_ONLY,11
2253.5,VIDEO_ONLY,11
2254.0,VIDEO_ONLY,11
2254.5,VIDEO_ONLY,11
2255.0,VIDEO_ONLY,11
2255.5,VIDEO_ONLY,11
2256.0,VIDEO_ONLY,11
2256.5,VIDEO_ONLY,11
2257.0,VIDEO_ONLY,11
2257.5,VIDEO_ONLY,11
2258.0,VIDEO_ONLY,11
2258.5,VIDEO_ONLY,11
2259.0,VIDEO_ONLY,11
2259.5,VIDEO_ONLY,11
2260.0,VIDEO_ONLY,11
2260.5,VIDEO_ONLY,11
2261.0,VIDEO_ONLY,11
2261.5,VIDEO_ONLY,11
2262.0,VIDEO_ONLY,11
2262.5,VIDEO_ONLY,11
2263.0,VIDEO_ONLY,11
2263.5,VIDEO_ONLY,11
2264.0,VIDEO_ONLY,11
2264.5,VIDEO_ONLY,11
2265.0,VIDEO_ONLY,11
2265.5,VIDEO_ONLY,11
2266.0,VIDEO_ONLY,11
2266.5,VIDEO_ONLY,11
2267.0,VIDEO_ONLY,11
2267.5,VIDEO_ONLY,11
2268.0,VIDEO_ONLY,11
2268.5,VIDEO_ONLY,11
2269.0,VIDEO_ONLY,11
2269.5,VIDEO_ONLY,11
2270.0,VIDEO_ONLY,11
2270.5,VIDEO_ONLY,11
2271.0,VIDEO_ONLY,11
2271.5,VIDEO_ONLY,11
2272.0,VIDEO_ONLY,11
2272.5,VIDEO_ONLY,11
2273.0,VIDEO_ONLY,18
2273.5,VIDEO_ONLY,18
2274.0,VIDEO_ONLY,18
2274.5,VIDEO_ONLY,18
2275.0,VIDEO_ONLY,18
2275.5,VIDEO_ONLY,18
2276.0,VIDEO_ONLY,18
2276.5,VIDEO_ONLY,18
2277.0,VIDEO_ONLY,18
2277.5,VIDEO_ONLY,18
2278.0,VIDEO_ONLY,18
2278.5,VIDEO_ONLY,18
2279.0,VIDEO_ONLY,18
2279.5,VIDEO_ONLY,18
2280.0,VIDEO_ONLY,18
2280.5,VIDEO_ONLY,18
2281.0,VIDEO_ONLY,18
2281.5,VIDEO_ONLY,18
2282.0,VIDEO_ONLY,18
2282.5,VIDEO_ONLY,18
2283.0,VIDEO_ONLY,18
2283.5,VIDEO_ONLY,18
2284.0,VIDEO_ONLY,18
2284.5,VIDEO_ONLY,18
2285.0,VIDEO_ONLY,18
2285.5,VIDEO_ONLY,18
2286.0,VIDEO_ONLY,18
2286.5,VIDEO_ONLY,18
2287.0,VIDEO_ONLY,18
2287.5,VIDEO_ONLY,18
2288.0,VIDEO_ONLY,18
2288.5,VIDEO_ONLY,18
2289.0,VIDEO_ONLY,18
2289.5,VIDEO_ONLY,18
2290.0,VIDEO_ONLY,18
2290.5,VIDEO_ONLY,18
2291.0,VIDEO_ONLY,18
2291.5,VIDEO_ONLY,18
2292.0,VIDEO_ONLY,18
2292.5,VIDEO_ONLY,18
2293.0,VIDEO_ONLY,18
2293.5,VIDEO_ONLY,18
2294.0,VIDEO_ONLY,18
2294.5,VIDEO_ONLY,18
2295.0,VIDEO_ONLY,18
2295.5,VIDEO_ONLY,18
2296.0,VIDEO_ONLY,18
2296.5,VIDEO_ONLY,18
2297.0,VIDEO_ONLY,18
2297.5,VIDEO_ONLY,18
2298.0,VIDEO_ONLY,18
2298.5,VIDEO_ONLY,18
2299.0,VIDEO_ONLY,18
2299.5,VIDEO_ONLY,18
2300.0,VIDEO_ONLY,18
2300.5,VIDEO_ONLY,18
2301.0,VIDEO_ONLY,18
2301.5,VIDEO_ONLY,18
2302.0,VIDEO_ONLY,18
2302.5,VIDEO_ONLY,18
2303.0,VIDEO_ONLY,18
2303.5,VIDEO_ONLY,18
2304.0,VIDEO_ONLY,18
2304.5,VIDEO_ONLY,18
2305.0,VIDEO_ONLY,18
2305.5,VIDEO_ONLY,18
2306.0,VIDEO_ONLY,18
2306.5,VIDEO_ONLY,18
2307.0,VIDEO_ONLY,18
2307.5,VIDEO_ONLY,18
2308.0,VIDEO_ONLY,18
2308.5,VIDEO_ONLY,18
2309.0,VIDEO_ONLY,18
2309.5,VIDEO_ONLY,18
2310.0,VIDEO_ONLY,18
2310.5,VIDEO_ONLY,18
2311.0,VIDEO_ONLY,18
2311.5,VIDEO_ONLY,18
2312.0,VIDEO_ONLY,18
2312.5,VIDEO_ONLY,18
2313.0,VIDEO_ONLY,18
2313.5,VIDEO_ONLY,18
2314.0,VIDEO_ONLY,18
2314.5,VIDEO_ONLY,18
2315.0,VIDEO_ONLY,18
2315.5,VIDEO_ONLY,11
2316.0,VIDEO_ONLY,11
2316.5,VIDEO_ONLY,11
2317.0,VIDEO_ONLY,11
2317.5,VIDEO_ONLY,11
2318.0,VIDEO_ONLY,11
2318.5,VIDEO_ONLY,11
2319.0,VIDEO_ONLY,11
2319.5,VIDEO_ONLY,11
2320.0,VIDEO_ONLY,11
2320.5,VIDEO_ONLY,11
2321.0,VIDEO_ONLY,11
2321.5,VIDEO_ONLY,11
2322.0,VIDEO_ONLY,11
2322.5,VIDEO_ONLY,11
2323.0,VIDEO_ONLY,11
2323.5,VIDEO_ONLY,11
2324.0,VIDEO_ONLY,11
2324.5,VIDEO_ONLY,11
2325.0,VIDEO_ONLY,11
2325.5,VIDEO_ONLY,11
2326.0,VIDEO_ONLY,11
2326.5,VIDEO_ONLY,11
2327.0,VIDEO_ONLY,11
2327.5,VIDEO_ONLY,11
2328.0,VIDEO_ONLY,11
2328.5,VIDEO_ONLY,11
2329.0,VIDEO_ONLY,11
2329.5,VIDEO_ONLY,11
2330.0,VIDEO_ONLY,11
2330.5,VIDEO_ONLY,11
2331.0,VIDEO_ONLY,11
2331.5,VIDEO_ONLY,11
2332.0,VIDEO_ONLY,11
2332.5,VIDEO_ONLY,11
2333.0,VIDEO_ONLY,11
2333.5,VIDEO_ONLY,11
2334.0,VIDEO_ONLY,11
2334.5,VIDEO_ONLY,11
2335.0,VIDEO_ONLY,11
2335.5,VIDEO_ONLY,11
2336.0,VIDEO_ONLY,11
2336.5,VIDEO_ONLY,11
2337.0,VIDEO_ONLY,11
2337.5,VIDEO_ONLY,11
2338.0,VIDEO_ONLY,11
2338.5,VIDEO_ONLY,11
2339.0,VIDEO_ONLY,11
2339.5,VIDEO_ONLY,11
2340.0,VIDEO_ONLY,11
2340.5,VIDEO_ONLY,11
2341.0,VIDEO_ONLY,11
2341.5,VIDEO_ONLY,11
2342.0,VIDEO_ONLY,11
2342.5,VIDEO_ONLY,11
2343.0,VIDEO_ONLY,11
2343.5,VIDEO_ONLY,11
2344.0,VIDEO_ONLY,11
2344.5,VIDEO_ONLY,11
2345.0,VIDEO_ONLY,11
2345.5,VIDEO_ONLY,11
2346.0,VIDEO_ONLY,11
2346.5,VIDEO_ONLY,11
2347.0,VIDEO_ONLY,11
2347.5,VIDEO_ONLY,11
2348.0,VIDEO_ONLY,11
2348.5,VIDEO_ONLY,11
2349.0,VIDEO_ONLY,11
2349.5,VIDEO_ONLY,11
2350.0,VIDEO_ONLY,11
2350.5,VIDEO_ONLY,11
2351.0,VIDEO_ONLY,11
2351.5,VIDEO_ONLY,11
2352.0,VIDEO_ONLY,11
2352.5,VIDEO_ONLY,11
2353.0,VIDEO_ONLY,11
2353.5,VIDEO_ONLY,11
2354.0,VIDEO_ONLY,11
2354.5,VIDEO_ONLY,11
2355.0,VIDEO_ONLY,11
2355.5,VIDEO_ONLY,11
2356.0,VIDEO_ONLY,11
2356.5,VIDEO_ONLY,11
2357.0,VIDEO_ONLY,11
2357.5,VIDEO_ONLY,11
2358.0,VIDEO_ONLY,11
2358.5,VIDEO_ONLY,11
2359.0,VIDEO_ONLY,11
2359.5,VIDEO_ONLY,11
2360.0,VIDEO_ONLY,11
2360.5,VIDEO_ONLY,11
2361.0,VIDEO_ONLY,11
2361.5,VIDEO_ONLY,11
2362.0,VIDEO_ONLY,11
2362.5,VIDEO_ONLY,11
2363.0,VIDEO_ONLY,11
2363.5,VIDEO_ONLY,11
2364.0,VIDEO_ONLY,11
2364.5,VIDEO_ONLY,11
2365.0,VIDEO_ONLY,11
2365.5,VIDEO_ONLY,11
2366.0,VIDEO_ONLY,11
2366.5,VIDEO_ONLY,11
2367.0,VIDEO_ONLY,11
2367.5,VIDEO_ONLY,11
2368.0,VIDEO_ONLY,11
2368.5,VIDEO_ONLY,11
2369.0,VIDEO_ONLY,11
2369.5,VIDEO_ONLY,18
2370.0,VIDEO_ONLY,18
2370.5,VIDEO_ONLY,18
2371.0,VIDEO_ONLY,18
2371.5,VIDEO_ONLY,18
2372.0,VIDEO_ONLY,18
2372.5,VIDEO_ONLY,18
2373.0,VIDEO_ONLY,18
2373.5,VIDEO_ONLY,18
2374.0,VIDEO_ONLY,18
2374.5,VIDEO_ONLY,18
2375.0,VIDEO_ONLY,18
2375.5,VIDEO_ONLY,18
2376.0,VIDEO_ONLY,18
2376.5,VIDEO_ONLY,18
2377.0,VIDEO_ONLY,18
2377.5,VIDEO_ONLY,18
2378.0,VIDEO_ONLY,18
2378.5,VIDEO_ONLY,18
2379.0,VIDEO_ONLY,18
2379.5,VIDEO_ONLY,18
2380.0,VIDEO_ONLY,18
2380.5,VIDEO_ONLY,18
2381.0,VIDEO_ONLY,18
2381.5,VIDEO_ONLY,18
2382.0,VIDEO_ONLY,18
2382.5,VIDEO_ONLY,18
2383.0,VIDEO_ONLY,18
2383.5,VIDEO_ONLY,18
2384.0,VIDEO_ONLY,18
2384.5,VIDEO_ONLY,18
2385.0,VIDEO_ONLY,18
2385.5,VIDEO_ONLY,18
2386.0,VIDEO_ONLY,18
2386.5,VIDEO_ONLY,18
2387.0,VIDEO_ONLY,18
2387.5,VIDEO_ONLY,18
2388.0,VIDEO_ONLY,18
2388.5,VIDEO_ONLY,18
2389.0,VIDEO_ONLY,18
2389.5,VIDEO_ONLY,18
2390.0,VIDEO_ONLY,18
2390.5,VIDEO_ONLY,18
2391.0,VIDEO_ONLY,18
2391.5,VIDEO_ONLY,18
2392.0,VIDEO_ONLY,18
2392.5,VIDEO_ONLY,18
2393.0,VIDEO_ONLY,18
2393.5,VIDEO_ONLY,18
2394.0,VIDEO_ONLY,18
2394.5,VIDEO_ONLY,18
2395.0,VIDEO_ONLY,18
2395.5,VIDEO_ONLY,18
2396.0,VIDEO_ONLY,18
2396.5,VIDEO_ONLY,18
2397.0,VIDEO_ONLY,18
2397.5,VIDEO_ONLY,18
2398.0,VIDEO_ONLY,18
2398.5,VIDEO_ONLY,18
2399.0,VIDEO_ONLY,18
2399.5,VIDEO_ONLY,18
2400.0,VIDEO_ONLY,18
2400.5,VIDEO_ONLY,18
2401.0,VIDEO_ONLY,18
2401.5,VIDEO_ONLY,18
2402.0,VIDEO_ONLY,18
2402.5,VIDEO_ONLY,18
2403.0,VIDEO_ONLY,18
2403.5,VIDEO_ONLY,18
2404.0,VIDEO_ONLY,3
2404.5,VIDEO_ONLY,3
2405.0,VIDEO_ONLY,3
2405.5,VIDEO_ONLY,3
2406.0,VIDEO_ONLY,3
2406.5,VIDEO_ONLY,3
2407.0,VIDEO_ONLY,3
2407.5,VIDEO_ONLY,3
2408.0,VIDEO_ONLY,3
2408.5,VIDEO_ONLY,3
2409.0,VIDEO_ONLY,3
2409.5,VIDEO_ONLY,3
2410.0,VIDEO_ONLY,3
2410.5,VIDEO_ONLY,3
2411.0,VIDEO_ONLY,3
2411.5,VIDEO_ONLY,3
2412.0,VIDEO_ONLY,3
2412.5,VIDEO_ONLY,3
2413.0,VIDEO_ONLY,3
2413.5,VIDEO_ONLY,3
2414.0,VIDEO_ONLY,3
2414.5,VIDEO_ONLY,3
2415.0,VIDEO_ONLY,3
2415.5,VIDEO_ONLY,3
2416.0,VIDEO_ONLY,3
2416.5,VIDEO_ONLY,3
2417.0,VIDEO_ONLY,3
2417.5,VIDEO_ONLY,3
2418.0,VIDEO_ONLY,3
2418.5,VIDEO_ONLY,3
2419.0,VIDEO_ONLY,3
2419.5,VIDEO_ONLY,3
2420.0,VIDEO_ONLY,3
2420.5,VIDEO_ONLY,3
2421.0,VIDEO_ONLY,3
2421.5,VIDEO_ONLY,3
2422.0,VIDEO_ONLY,3
2422.5,VIDEO_ONLY,3
2423.0,VIDEO_ONLY,3
2423.5,VIDEO_ONLY,3
2424.0,VIDEO_ONLY,3
2424.5,VIDEO_ONLY,3
2425.0,VIDEO_ONLY,3
2425.5,VIDEO_ONLY,3
2426.0,VIDEO_ONLY,3
2426.5,VIDEO_ONLY,3
2427.0,VIDEO_ONLY,3
2427.5,VIDEO_ONLY,3
2428.0,VIDEO_ONLY,3
2428.5,VIDEO_ONLY,3
2429.0,VIDEO_ONLY,3
2429.5,VIDEO_ONLY,3
2430.0,VIDEO_ONLY,3
2430.5,VIDEO_ONLY,3
2431.0,VIDEO_ONLY,3
2431.5,VIDEO_ONLY,3
2432.0,VIDEO_ONLY,3
2432.5,VIDEO_ONLY,3
2433.0,VIDEO_ONLY,3
2433.5,VIDEO_ONLY,3
2434.0,VIDEO_ONLY,3
2434.5,VIDEO_ONLY,3
2435.0,VIDEO_ONLY,3
2435.5,VIDEO_ONLY,18
2436.0,VIDEO_ONLY,18
2436.5,VIDEO_ONLY,18
2437.0,VIDEO_ONLY,18
2437.5,VIDEO_ONLY,18
2438.0,VIDEO_ONLY,18
2438.5,VIDEO_ONLY,18
2439.0,VIDEO_ONLY,18
2439.5,VIDEO_ONLY,18
2440.0,VIDEO_ONLY,18
2440.5,VIDEO_ONLY,18
2441.0,VIDEO_ONLY,18
2441.5,VIDEO_ONLY,18
2442.0,VIDEO_ONLY,18
2442.5,VIDEO_ONLY,18
2443.0,VIDEO_ONLY,18
2443.5,VIDEO_ONLY,18
2444.0,VIDEO_ONLY,18
2444.5,VIDEO_ONLY,18
2445.0,VIDEO_ONLY,18
2445.5,VIDEO_ONLY,18
2446.0,VIDEO_ONLY,18
2446.5,VIDEO_ONLY,18
2447.0,VIDEO_ONLY,18
2447.5,VIDEO_ONLY,18
2448.0,VIDEO_ONLY,18
2448.5,VIDEO_ONLY,18
2449.0,VIDEO_ONLY,18
2449.5,VIDEO_ONLY,18
2450.0,VIDEO_ONLY,18
2450.5,VIDEO_ONLY,18
2451.0,VIDEO_ONLY,4
2451.5,VIDEO_ONLY,4
2452.0,VIDEO_ONLY,4
2452.5,VIDEO_ONLY,4
2453.0,VIDEO_ONLY,4
2453.5,VIDEO_ONLY,4
2454.0,VIDEO_ONLY,4
2454.5,VIDEO_ONLY,4
2455.0,VIDEO_ONLY,4
2455.5,VIDEO_ONLY,4
2456.0,VIDEO_ONLY,4
2456.5,VIDEO_ONLY,4
2457.0,VIDEO_ONLY,4
2457.5,VIDEO_ONLY,4
2458.0,VIDEO_ONLY,4
2458.5,VIDEO_ONLY,4
2459.0,VIDEO_ONLY,4
2459.5,VIDEO_ONLY,4
2460.0,VIDEO_ONLY,4
2460.5,VIDEO_ONLY,4
2461.0,VIDEO_ONLY,4
2461.5,VIDEO_ONLY,4
2462.0,VIDEO_ONLY,4
2462.5,VIDEO_ONLY,4
2463.0,VIDEO_ONLY,4
2463.5,VIDEO_ONLY,4
2464.0,VIDEO_ONLY,4
2464.5,VIDEO_ONLY,4
2465.0,VIDEO_ONLY,4
2465.5,VIDEO_ONLY,4
2466.0,VIDEO_ONLY,4
2466.5,VIDEO_ONLY,4
2467.0,VIDEO_ONLY,4
2467.5,VIDEO_ONLY,4
2468.0,VIDEO_ONLY,4
2468.5,VIDEO_ONLY,4
2469.0,VIDEO_ONLY,4
2469.5,VIDEO_ONLY,4
2470.0,VIDEO_ONLY,4
2470.5,VIDEO_ONLY,4
2471.0,VIDEO_ONLY,4
2471.5,VIDEO_ONLY,4
2472.0,VIDEO_ONLY,4
2472.5,VIDEO_ONLY,4
2473.0,VIDEO_ONLY,4
2473.5,VIDEO_ONLY,4
2474.0,VIDEO_ONLY,4
2474.5,VIDEO_ONLY,4
2475.0,VIDEO_ONLY,4
2475.5,VIDEO_ONLY,4
2476.0,VIDEO_ONLY,4
2476.5,VIDEO_ONLY,4
2477.0,VIDEO_ONLY,4
2477.5,VIDEO_ONLY,4
2478.0,VIDEO_ONLY,4
2478.5,VIDEO_ONLY,4
2479.0,VIDEO_ONLY,4
2479.5,VIDEO_ONLY,4
2480.0,VIDEO_ONLY,4
2480.5,VIDEO_ONLY,18
2481.0,VIDEO_ONLY,18
2481.5,VIDEO_ONLY,18
2482.0,VIDEO_ONLY,18
2482.5,VIDEO_ONLY,18
2483.0,VIDEO_ONLY,18
2483.5,VIDEO_ONLY,18
2484.0,VIDEO_ONLY,18
2484.5,VIDEO_ONLY,18
2485.0,VIDEO_ONLY,18
2485.5,VIDEO_ONLY,18
2486.0,VIDEO_ONLY,18
2486.5,VIDEO_ONLY,18
2487.0,VIDEO_ONLY,18
2487.5,VIDEO_ONLY,18
2488.0,VIDEO_ONLY,18
2488.5,VIDEO_ONLY,18
2489.0,VIDEO_ONLY,18
2489.5,VIDEO_ONLY,18
2490.0,VIDEO_ONLY,18
2490.5,VIDEO_ONLY,18
2491.0,VIDEO_ONLY,18
2491.5,VIDEO_ONLY,18
2492.0,VIDEO_ONLY,18
2492.5,VIDEO_ONLY,18
2493.0,VIDEO_ONLY,18
2493.5,VIDEO_ONLY,18
2494.0,VIDEO_ONLY,18
2494.5,VIDEO_ONLY,18
2495.0,VIDEO_ONLY,18
2495.5,VIDEO_ONLY,18
2496.0,VIDEO_ONLY,4
2496.5,VIDEO_ONLY,4
2497.0,VIDEO_ONLY,4
2497.5,VIDEO_ONLY,4
2498.0,VIDEO_ONLY,4
2498.5,VIDEO_ONLY,4
2499.0,VIDEO_ONLY,4
2499.5,VIDEO_ONLY,4
2500.0,VIDEO_ONLY,4
2500.5,VIDEO_ONLY,4
2501.0,VIDEO_ONLY,4
2501.5,VIDEO_ONLY,4
2502.0,VIDEO_ONLY,4
2502.5,VIDEO_ONLY,4
2503.0,VIDEO_ONLY,4
2503.5,VIDEO_ONLY,4
2504.0,VIDEO_ONLY,4
2504.5,VIDEO_ONLY,4
2505.0,VIDEO_ONLY,4
2505.5,VIDEO_ONLY,4
2506.0,VIDEO_ONLY,4
2506.5,VIDEO_ONLY,4
2507.0,VIDEO_ONLY,4
2507.5,VIDEO_ONLY,4
2508.0,VIDEO_ONLY,4
2508.5,VIDEO_ONLY,4
2509.0,VIDEO_ONLY,4
2509.5,VIDEO_ONLY,4
2510.0,VIDEO_ONLY,4
2510.5,VIDEO_ONLY,4
2511.0,VIDEO_ONLY,4
2511.5,VIDEO_ONLY,4
2512.0,VIDEO_ONLY,4
2512.5,VIDEO_ONLY,4
2513.0,VIDEO_ONLY,4
2513.5,VIDEO_ONLY,4
2514.0,VIDEO_ONLY,4
2514.5,VIDEO_ONLY,4
2515.0,VIDEO_ONLY,4
2515.5,VIDEO_ONLY,4
2516.0,VIDEO_ONLY,4
2516.5,VIDEO_ONLY,4
2517.0,VIDEO_ONLY,4
2517.5,VIDEO_ONLY,4
2518.0,VIDEO_ONLY,4
2518.5,VIDEO_ONLY,4
2519.0,VIDEO_ONLY,4
2519.5,VIDEO_ONLY,4
2520.0,VIDEO_ONLY,4
2520.5,VIDEO_ONLY,4
2521.0,VIDEO_ONLY,4
2521.5,VIDEO_ONLY,4
2522.0,VIDEO_ONLY,4
2522.5,VIDEO_ONLY,4
2523.0,VIDEO_ONLY,4
2523.5,VIDEO_ONLY,4
2524.0,VIDEO_ONLY,4
2524.5,VIDEO_ONLY,4
2525.0,VIDEO_ONLY,4
2525.5,VIDEO_ONLY,4
2526.0,VIDEO_ONLY,4
2526.5,VIDEO_ONLY,4
2527.0,VIDEO_ONLY,4
2527.5,VIDEO_ONLY,4
2528.0,VIDEO_ONLY,4
2528.5,VIDEO_ONLY,4
2529.0,VIDEO_ONLY,4
2529.5,VIDEO_ONLY,4
2530.0,VIDEO_ONLY,4
2530.5,VIDEO_ONLY,4
2531.0,VIDEO_ONLY,4
2531.5,VIDEO_ONLY,4
2532.0,VIDEO_ONLY,4
2532.5,VIDEO_ONLY,4
2533.0,VIDEO_ONLY,4
2533.5,VIDEO_ONLY,4
2534.0,VIDEO_ONLY,4
2534.5,VIDEO_ONLY,18
2535.0,VIDEO_ONLY,18
2535.5,VIDEO_ONLY,18
2536.0,VIDEO_ONLY,18
2536.5,VIDEO_ONLY,18
2537.0,VIDEO_ONLY,18
2537.5,VIDEO_ONLY,18
2538.0,VIDEO_ONLY,18
2538.5,VIDEO_ONLY,18
2539.0,VIDEO_ONLY,18
2539.5,VIDEO_ONLY,18
2540.0,VIDEO_ONLY,18
2540.5,VIDEO_ONLY,18
2541.0,VIDEO_ONLY,18
2541.5,VIDEO_ONLY,18
2542.0,VIDEO_ONLY,18
2542.5,VIDEO_ONLY,18
2543.0,VIDEO_ONLY,18
2543.5,VIDEO_ONLY,18
2544.0,VIDEO_ONLY,18
2544.5,VIDEO_ONLY,18
2545.0,VIDEO_ONLY,18
2545.5,VIDEO_ONLY,18
2546.0,VIDEO_ONLY,18
2546.5,VIDEO_ONLY,18
2547.0,VIDEO_ONLY,18
2547.5,VIDEO_ONLY,18
2548.0,VIDEO_ONLY,18
2548.5,VIDEO_ONLY,18
2549.0,VIDEO_ONLY,18
2549.5,VIDEO_ONLY,18
2550.0,VIDEO_ONLY,18
2550.5,VIDEO_ONLY,18
2551.0,VIDEO_ONLY,18
2551.5,VIDEO_ONLY,18
2552.0,VIDEO_ONLY,18
2552.5,VIDEO_ONLY,18
2553.0,VIDEO_ONLY,18
2553.5,VIDEO_ONLY,18
2554.0,VIDEO_ONLY,18
2554.5,VIDEO_ONLY,18
2555.0,VIDEO_ONLY,18
2555.5,VIDEO_ONLY,18
2556.0,VIDEO_ONLY,18
2556.5,VIDEO_ONLY,18
2557.0,VIDEO_ONLY,18
2557.5,VIDEO_ONLY,18
2558.0,VIDEO_ONLY,18
2558.5,VIDEO_ONLY,18
2559.0,VIDEO_ONLY,18
2559.5,VIDEO_ONLY,18
2560.0,VIDEO_ONLY,18
2560.5,VIDEO_ONLY,18
2561.0,VIDEO_ONLY,18
2561.5,VIDEO_ONLY,18
2562.0,VIDEO_ONLY,18
2562.5,VIDEO_ONLY,18
2563.0,VIDEO_ONLY,18
2563.5,VIDEO_ONLY,18
2564.0,VIDEO_ONLY,18
2564.5,VIDEO_ONLY,18
2565.0,VIDEO_ONLY,18
2565.5,VIDEO_ONLY,18
2566.0,VIDEO_ONLY,18
2566.5,VIDEO_ONLY,18
2567.0,VIDEO_ONLY,18
2567.5,VIDEO_ONLY,18
2568.0,VIDEO_ONLY,18
2568.5,VIDEO_ONLY,18
2569.0,VIDEO_ONLY,18
2569.5,VIDEO_ONLY,18
2570.0,VIDEO_ONLY,18
2570.5,VIDEO_ONLY,18
2571.0,VIDEO_ONLY,18
2571.5,VIDEO_ONLY,18
2572.0,VIDEO_ONLY,18
2572.5,VIDEO_ONLY,18
2573.0,VIDEO_ONLY,18
2573.5,VIDEO_ONLY,18
2574.0,VIDEO_ONLY,18
2574.5,VIDEO_ONLY,18
2575.0,VIDEO_ONLY,18
2575.5,VIDEO_ONLY,18
2576.0,VIDEO_ONLY,18
2576.5,VIDEO_ONLY,18
2577.0,VIDEO_ONLY,18
2577.5,VIDEO_ONLY,18
2578.0,VIDEO_ONLY,18
2578.5,VIDEO_ONLY,18
2579.0,VIDEO_ONLY,18
2579.5,VIDEO_ONLY,18
2580.0,VIDEO_ONLY,18
2580.5,VIDEO_ONLY,18
2581.0,VIDEO_ONLY,18
2581.5,VIDEO_ONLY,18
2582.0,VIDEO_ONLY,18
2582.5,VIDEO_ONLY,18
2583.0,VIDEO_ONLY,18
2583.5,VIDEO_ONLY,18
2584.0,VIDEO_ONLY,18
2584.5,VIDEO_ONLY,18
2585.0,VIDEO_ONLY,18
2585.5,VIDEO_ONLY,18
2586.0,VIDEO_ONLY,18
2586.5,VIDEO_ONLY,18
2587.0,VIDEO_ONLY,18
2587.5,VIDEO_ONLY,18
2588.0,VIDEO_ONLY,18
2588.5,VIDEO_ONLY,18
2589.0,VIDEO_ONLY,18
2589.5,VIDEO_ONLY,18
2590.0,VIDEO_ONLY,18
2590.5,VIDEO_ONLY,18
2591.0,VIDEO_ONLY,18
2591.5,VIDEO_ONLY,18
2592.0,VIDEO_ONLY,18
2592.5,VIDEO_ONLY,18
2593.0,VIDEO_ONLY,18
2593.5,VIDEO_ONLY,18
2594.0,VIDEO_ONLY,18
2594.5,VIDEO_ONLY,18
2595.0,VIDEO_ONLY,18
2595.5,VIDEO_ONLY,18
2596.0,VIDEO_ONLY,18
2596.5,VIDEO_ONLY,18
2597.0,VIDEO_ONLY,18
2597.5,VIDEO_ONLY,18
2598.0,VIDEO_ONLY,18
2598.5,VIDEO_ONLY,18
2599.0,VIDEO_ONLY,18
2599.5,VIDEO_ONLY,18
2600.0,VIDEO_ONLY,18
2600.5,VIDEO_ONLY,18
2601.0,VIDEO_ONLY,18
2601.5,VIDEO_ONLY,18
2602.0,VIDEO_ONLY,18
2602.5,VIDEO_ONLY,18
2603.0,VIDEO_ONLY,18
2603.5,VIDEO_ONLY,18
2604.0,VIDEO_ONLY,18
2604.5,VIDEO_ONLY,18
2605.0,VIDEO_ONLY,18
2605.5,VIDEO_ONLY,18
2606.0,VIDEO_ONLY,18
2606.5,VIDEO_ONLY,18
2607.0,VIDEO_ONLY,18
2607.5,VIDEO_ONLY,18
2608.0,VIDEO_ONLY,18
2608.5,VIDEO_ONLY,18
2609.0,VIDEO_ONLY,18
2609.5,VIDEO_ONLY,18
2610.0,VIDEO_ONLY,18
2610.5,VIDEO_ONLY,18
2611.0,VIDEO_ONLY,18
2611.5,VIDEO_ONLY,18
2612.0,VIDEO_ONLY,18
2612.5,VIDEO_ONLY,18
2613.0,VIDEO_ONLY,18
2613.5,VIDEO_ONLY,18
2614.0,VIDEO_ONLY,18
2614.5,VIDEO_ONLY,18
2615.0,VIDEO_ONLY,13
2615.5,VIDEO_ONLY,13
2616.0,VIDEO_ONLY,13
2616.5,VIDEO_ONLY,13
2617.0,VIDEO_ONLY,13
2617.5,VIDEO_ONLY,13
2618.0,VIDEO_ONLY,13
2618.5,VIDEO_ONLY,13
2619.0,VIDEO_ONLY,13
2619.5,VIDEO_ONLY,13
2620.0,VIDEO_ONLY,13
2620.5,VIDEO_ONLY,13
2621.0,VIDEO_ONLY,13
2621.5,VIDEO_ONLY,13
2622.0,VIDEO_ONLY,13
2622.5,VIDEO_ONLY,13
2623.0,VIDEO_ONLY,13
2623.5,VIDEO_ONLY,13
2624.0,VIDEO_ONLY,13
2624.5,VIDEO_ONLY,13
2625.0,VIDEO_ONLY,13
2625.5,VIDEO_ONLY,13
2626.0,VIDEO_ONLY,13
2626.5,VIDEO_ONLY,13
2627.0,VIDEO_ONLY,13
2627.5,VIDEO_ONLY,13
2628.0,VIDEO_ONLY,13
2628.5,VIDEO_ONLY,13
2629.0,VIDEO_ONLY,13
2629.5,VIDEO_ONLY,13
2630.0,VIDEO_ONLY,13
2630.5,VIDEO_ONLY,13
2631.0,VIDEO_ONLY,13
2631.5,VIDEO_ONLY,13
2632.0,VIDEO_ONLY,13
2632.5,VIDEO_ONLY,13
2633.0,VIDEO_ONLY,13
2633.5,VIDEO_ONLY,13
2634.0,VIDEO_ONLY,13
2634.5,VIDEO_ONLY,13
2635.0,VIDEO_ONLY,13
2635.5,VIDEO_ONLY,13
2636.0,VIDEO_ONLY,13
2636.5,VIDEO_ONLY,13
2637.0,VIDEO_ONLY,13
2637.5,VIDEO_ONLY,13
2638.0,VIDEO_ONLY,13
2638.5,VIDEO_ONLY,13
2639.0,VIDEO_ONLY,13
2639.5,VIDEO_ONLY,13
2640.0,VIDEO_ONLY,13
2640.5,VIDEO_ONLY,13
2641.0,VIDEO_ONLY,13
2641.5,VIDEO_ONLY,13
2642.0,VIDEO_ONLY,13
2642.5,VIDEO_ONLY,13
2643.0,VIDEO_ONLY,13
2643.5,VIDEO_ONLY,13
2644.0,VIDEO_ONLY,13
2644.5,VIDEO_ONLY,13
2645.0,VIDEO_ONLY,13
2645.5,VIDEO_ONLY,13
2646.0,VIDEO_ONLY,13
2646.5,VIDEO_ONLY,13
2647.0,VIDEO_ONLY,13
2647.5,VIDEO_ONLY,13
2648.0,VIDEO_ONLY,13
2648.5,VIDEO_ONLY,13
2649.0,VIDEO_ONLY,13
2649.5,VIDEO_ONLY,13
2650.0,VIDEO_ONLY,13
2650.5,VIDEO_ONLY,13
2651.0,VIDEO_ONLY,13
2651.5,VIDEO_ONLY,13
2652.0,VIDEO_ONLY,13
2652.5,VIDEO_ONLY,13
2653.0,VIDEO_ONLY,13
2653.5,VIDEO_ONLY,13
2654.0,VIDEO_ONLY,13
2654.5,VIDEO_ONLY,13
2655.0,VIDEO_ONLY,13
2655.5,VIDEO_ONLY,13
2656.0,VIDEO_ONLY,13
2656.5,VIDEO_ONLY,18
2657.0,VIDEO_ONLY,18
2657.5,VIDEO_ONLY,18
2658.0,VIDEO_ONLY,18
2658.5,VIDEO_ONLY,18
2659.0,VIDEO_ONLY,18
2659.5,VIDEO_ONLY,18
2660.0,VIDEO_ONLY,18
2660.5,VIDEO_ONLY,18
2661.0,VIDEO_ONLY,18
2661.5,VIDEO_ONLY,18
2662.0,VIDEO_ONLY,18
2662.5,VIDEO_ONLY,18
2663.0,VIDEO_ONLY,18
2663.5,VIDEO_ONLY,18
2664.0,VIDEO_ONLY,18
2664.5,VIDEO_ONLY,18
2665.0,VIDEO_ONLY,18
2665.5,VIDEO_ONLY,18
2666.0,VIDEO_ONLY,18
2666.5,VIDEO_ONLY,18
2667.0,VIDEO_ONLY,18
2667.5,VIDEO_ONLY,18
2668.0,VIDEO_ONLY,18
2668.5,VIDEO_ONLY,18
2669.0,VIDEO_ONLY,18
2669.5,VIDEO_ONLY,18
2670.0,VIDEO_ONLY,18
2670.5,VIDEO_ONLY,18
2671.0,VIDEO_ONLY,18
2671.5,VIDEO_ONLY,18
2672.0,VIDEO_ONLY,18
2672.5,VIDEO_ONLY,18
2673.0,VIDEO_ONLY,18
2673.5,VIDEO_ONLY,18
2674.0,VIDEO_ONLY,18
2674.5,VIDEO_ONLY,18
2675.0,VIDEO_ONLY,18
2675.5,VIDEO_ONLY,18
2676.0,VIDEO_ONLY,18
2676.5,VIDEO_ONLY,18
2677.0,VIDEO_ONLY,18
2677.5,VIDEO_ONLY,18
2678.0,VIDEO_ONLY,18
2678.5,VIDEO_ONLY,18
2679.0,VIDEO_ONLY,18
2679.5,VIDEO_ONLY,13
2680.0,VIDEO_ONLY,13
2680.5,VIDEO_ONLY,13
2681.0,VIDEO_ONLY,13
2681.5,VIDEO_ONLY,13
2682.0,VIDEO_ONLY,13
2682.5,VIDEO_ONLY,13
2683.0,VIDEO_ONLY,13
2683.5,VIDEO_ONLY,13
2684.0,VIDEO_ONLY,13
2684.5,VIDEO_ONLY,13
2685.0,VIDEO_ONLY,13
2685.5,VIDEO_ONLY,13
2686.0,VIDEO_ONLY,13
2686.5,VIDEO_ONLY,13
2687.0,VIDEO_ONLY,13
2687.5,VIDEO_ONLY,13
2688.0,VIDEO_ONLY,13
2688.5,VIDEO_ONLY,13
2689.0,VIDEO_ONLY,13
2689.5,VIDEO_ONLY,13
2690.0,VIDEO_ONLY,13
2690.5,VIDEO_ONLY,13
2691.0,VIDEO_ONLY,13
2691.5,VIDEO_ONLY,13
2692.0,VIDEO_ONLY,13
2692.5,VIDEO_ONLY,13
2693.0,VIDEO_ONLY,13
2693.5,VIDEO_ONLY,13
2694.0,VIDEO_ONLY,13
2694.5,VIDEO_ONLY,13
2695.0,VIDEO_ONLY,13
2695.5,VIDEO_ONLY,13
2696.0,VIDEO_ONLY,13
2696.5,VIDEO_ONLY,13
2697.0,VIDEO_ONLY,13
2697.5,VIDEO_ONLY,13
2698.0,VIDEO_ONLY,13
2698.5,VIDEO_ONLY,13
2699.0,VIDEO_ONLY,13
2699.5,VIDEO_ONLY,13
2700.0,VIDEO_ONLY,13
2700.5,VIDEO_ONLY,13
2701.0,VIDEO_ONLY,13
2701.5,VIDEO_ONLY,13
2702.0,VIDEO_ONLY,13
2702.5,VIDEO_ONLY,13
2703.0,VIDEO_ONLY,13
2703.5,VIDEO_ONLY,13
2704.0,VIDEO_ONLY,13
2704.5,VIDEO_ONLY,13
2705.0,VIDEO_ONLY,13
2705.5,VIDEO_ONLY,13
2706.0,VIDEO_ONLY,13
2706.5,VIDEO_ONLY,13
2707.0,VIDEO_ONLY,13
2707.5,VIDEO_ONLY,13
2708.0,VIDEO_ONLY,13
2708.5,VIDEO_ONLY,13
2709.0,VIDEO_ONLY,13
2709.5,VIDEO_ONLY,13
2710.0,VIDEO_ONLY,13
2710.5,VIDEO_ONLY,18
2711.0,VIDEO_ONLY,18
2711.5,VIDEO_ONLY,18
2712.0,VIDEO_ONLY,18
2712.5,VIDEO_ONLY,18
2713.0,VIDEO_ONLY,18
2713.5,VIDEO_ONLY,18
2714.0,VIDEO_ONLY,18
2714.5,VIDEO_ONLY,18
2715.0,VIDEO_ONLY,18
2715.5,VIDEO_ONLY,18
2716.0,VIDEO_ONLY,18
2716.5,VIDEO_ONLY,18
2717.0,VIDEO_ONLY,18
2717.5,VIDEO_ONLY,18
2718.0,VIDEO_ONLY,18
2718.5,VIDEO_ONLY,18
2719.0,VIDEO_ONLY,18
2719.5,VIDEO_ONLY,18
2720.0,VIDEO_ONLY,18
2720.5,VIDEO_ONLY,18
2721.0,VIDEO_ONLY,18
2721.5,VIDEO_ONLY,18
2722.0,VIDEO_ONLY,18
2722.5,VIDEO_ONLY,18
2723.0,VIDEO_ONLY,18
2723.5,VIDEO_ONLY,18
2724.0,VIDEO_ONLY,18
2724.5,VIDEO_ONLY,18
2725.0,VIDEO_ONLY,18
2725.5,VIDEO_ONLY,18
2726.0,VIDEO_ONLY,18
2726.5,VIDEO_ONLY,18
2727.0,VIDEO_ONLY,18
2727.5,VIDEO_ONLY,18
2728.0,VIDEO_ONLY,18
2728.5,VIDEO_ONLY,18
2729.0,VIDEO_ONLY,18
2729.5,VIDEO_ONLY,18
2730.0,VIDEO_ONLY,13
2730.5,VIDEO_ONLY,13
2731.0,VIDEO_ONLY,13
2731.5,VIDEO_ONLY,13
2732.0,VIDEO_ONLY,13
2732.5,VIDEO_ONLY,13
2733.0,VIDEO_ONLY,13
2733.5,VIDEO_ONLY,13
2734.0,VIDEO_ONLY,13
2734.5,VIDEO_ONLY,13
2735.0,VIDEO_ONLY,13
2735.5,VIDEO_ONLY,13
2736.0,VIDEO_ONLY,13
2736.5,VIDEO_ONLY,13
2737.0,VIDEO_ONLY,13
2737.5,VIDEO_ONLY,13
2738.0,VIDEO_ONLY,13
2738.5,VIDEO_ONLY,13
2739.0,VIDEO_ONLY,13
2739.5,VIDEO_ONLY,13
2740.0,VIDEO_ONLY,13
2740.5,VIDEO_ONLY,13
2741.0,VIDEO_ONLY,13
2741.5,VIDEO_ONLY,13
2742.0,VIDEO_ONLY,13
2742.5,VIDEO_ONLY,13
2743.0,VIDEO_ONLY,13
2743.5,VIDEO_ONLY,13
2744.0,VIDEO_ONLY,13
2744.5,VIDEO_ONLY,13
2745.0,VIDEO_ONLY,13
2745.5,VIDEO_ONLY,13
2746.0,VIDEO_ONLY,13
2746.5,VIDEO_ONLY,13
2747.0,VIDEO_ONLY,13
2747.5,VIDEO_ONLY,13
2748.0,VIDEO_ONLY,13
2748.5,VIDEO_ONLY,13
2749.0,VIDEO_ONLY,13
2749.5,VIDEO_ONLY,13
2750.0,VIDEO_ONLY,13
2750.5,VIDEO_ONLY,13
2751.0,VIDEO_ONLY,13
2751.5,VIDEO_ONLY,13
2752.0,VIDEO_ONLY,13
2752.5,VIDEO_ONLY,13
2753.0,VIDEO_ONLY,13
2753.5,VIDEO_ONLY,13
2754.0,VIDEO_ONLY,13
2754.5,VIDEO_ONLY,13
2755.0,VIDEO_ONLY,13
2755.5,VIDEO_ONLY,13
2756.0,VIDEO_ONLY,13
2756.5,VIDEO_ONLY,13
2757.0,VIDEO_ONLY,13
2757.5,VIDEO_ONLY,13
2758.0,VIDEO_ONLY,13
2758.5,VIDEO_ONLY,13
2759.0,VIDEO_ONLY,13
2759.5,VIDEO_ONLY,13
2760.0,VIDEO_ONLY,13
2760.5,VIDEO_ONLY,13
2761.0,VIDEO_ONLY,13
2761.5,VIDEO_ONLY,13
2762.0,VIDEO_ONLY,13
2762.5,VIDEO_ONLY,13
2763.0,VIDEO_ONLY,13
2763.5,VIDEO_ONLY,13
2764.0,VIDEO_ONLY,13
2764.5,VIDEO_ONLY,13
2765.0,VIDEO_ONLY,13
2765.5,VIDEO_ONLY,13
2766.0,VIDEO_ONLY,13
2766.5,VIDEO_ONLY,13
2767.0,VIDEO_ONLY,13
2767.5,VIDEO_ONLY,13
2768.0,VIDEO_ONLY,13
2768.5,VIDEO_ONLY,13
2769.0,VIDEO_ONLY,13
2769.5,VIDEO_ONLY,13
2770.0,VIDEO_ONLY,13
2770.5,VIDEO_ONLY,13
2771.0,VIDEO_ONLY,13
2771.5,VIDEO_ONLY,13
2772.0,VIDEO_ONLY,18
2772.5,VIDEO_ONLY,18
2773.0,VIDEO_ONLY,18
2773.5,VIDEO_ONLY,18
2774.0,VIDEO_ONLY,18
2774.5,VIDEO_ONLY,18
2775.0,VIDEO_ONLY,18
2775.5,VIDEO_ONLY,18
2776.0,VIDEO_ONLY,18
2776.5,VIDEO_ONLY,18
2777.0,VIDEO_ONLY,18
0.5,EARLY_CONCAT,3
1.0,EARLY_CONCAT,3
1.5,EARLY_CONCAT,3
2.0,EARLY_CONCAT,3
2.5,EARLY_CONCAT,3
3.0,EARLY_CONCAT,3
3.5,EARLY_CONCAT,3
4.0,EARLY_CONCAT,3
4.5,EARLY_CONCAT,3
5.0,EARLY_CONCAT,3
5.5,EARLY_CONCAT,3
6.0,EARLY_CONCAT,3
6.5,EARLY_CONCAT,3
7.0,EARLY_CONCAT,3
7.5,EARLY_CONCAT,3
8.0,EARLY_CONCAT,3
8.5,EARLY_CONCAT,3
9.0,EARLY_CONCAT,3
9.5,EARLY_CONCAT,3
10.0,EARLY_CONCAT,3
10.5,EARLY_CONCAT,3
11.0,EARLY_CONCAT,3
11.5,EARLY_CONCAT,3
12.0,EARLY_CONCAT,3
12.5,EARLY_CONCAT,3
13.0,EARLY_CONCAT,3
13.5,EARLY_CONCAT,3
14.0,EARLY_CONCAT,3
14.5,EARLY_CONCAT,3
15.0,EARLY_CONCAT,3
15.5,EARLY_CONCAT,3
16.0,EARLY_CONCAT,3
16.5,EARLY_CONCAT,3
17.0,EARLY_CONCAT,3
17.5,EARLY_CONCAT,3
18.0,EARLY_CONCAT,3
18.5,EARLY_CONCAT,3
19.0,EARLY_CONCAT,3
19.5,EARLY_CONCAT,3
20.0,EARLY_CONCAT,3
20.5,EARLY_CONCAT,3
21.0,EARLY_CONCAT,3
21.5,EARLY_CONCAT,3
22.0,EARLY_CONCAT,3
22.5,EARLY_CONCAT,18
23.0,EARLY_CONCAT,18
23.5,EARLY_CONCAT,18
24.0,EARLY_CONCAT,3
24.5,EARLY_CONCAT,3
25.0,EARLY_CONCAT,3
25.5,EARLY_CONCAT,3
26.0,EARLY_CONCAT,3
26.5,EARLY_CONCAT,3
27.0,EARLY_CONCAT,3
27.5,EARLY_CONCAT,3
28.0,EARLY_CONCAT,3
28.5,EARLY_CONCAT,3
29.0,EARLY_CONCAT,3
29.5,EARLY_CONCAT,3
30.0,EARLY_CONCAT,3
30.5,EARLY_CONCAT,3
31.0,EARLY_CONCAT,3
31.5,EARLY_CONCAT,3
32.0,EARLY_CONCAT,3
32.5,EARLY_CONCAT,3
33.0,EARLY_CONCAT,3
33.5,EARLY_CONCAT,3
34.0,EARLY_CONCAT,3
34.5,EARLY_CONCAT,3
35.0,EARLY_CONCAT,3
35.5,EARLY_CONCAT,3
36.0,EARLY_CONCAT,3
36.5,EARLY_CONCAT,3
37.0,EARLY_CONCAT,3
37.5,EARLY_CONCAT,3
38.0,EARLY_CONCAT,3
38.5,EARLY_CONCAT,3
39.0,EARLY_CONCAT,3
39.5,EARLY_CONCAT,3
40.0,EARLY_CONCAT,3
40.5,EARLY_CONCAT,3
41.0,EARLY_CONCAT,3
41.5,EARLY_CONCAT,3
42.0,EARLY_CONCAT,3
42.5,EARLY_CONCAT,3
43.0,EARLY_CONCAT,3
43.5,EARLY_CONCAT,3
44.0,EARLY_CONCAT,3
44.5,EARLY_CONCAT,3
45.0,EARLY_CONCAT,3
45.5,EARLY_CONCAT,3
46.0,EARLY_CONCAT,3
46.5,EARLY_CONCAT,3
47.0,EARLY_CONCAT,3
47.5,EARLY_CONCAT,3
48.0,EARLY_CONCAT,3
48.5,EARLY_CONCAT,3
49.0,EARLY_CONCAT,3
49.5,EARLY_CONCAT,3
50.0,EARLY_CONCAT,3
50.5,EARLY_CONCAT,3
51.0,EARLY_CONCAT,3
51.5,EARLY_CONCAT,3
52.0,EARLY_CONCAT,3
52.5,EARLY_CONCAT,3
53.0,EARLY_CONCAT,3
53.5,EARLY_CONCAT,3
54.0,EARLY_CONCAT,3
54.5,EARLY_CONCAT,3
55.0,EARLY_CONCAT,3
55.5,EARLY_CONCAT,3
56.0,EARLY_CONCAT,3
56.5,EARLY_CONCAT,3
57.0,EARLY_CONCAT,3
57.5,EARLY_CONCAT,3
58.0,EARLY_CONCAT,3
58.5,EARLY_CONCAT,3
59.0,EARLY_CONCAT,3
59.5,EARLY_CONCAT,3
60.0,EARLY_CONCAT,3
60.5,EARLY_CONCAT,3
61.0,EARLY_CONCAT,3
61.5,EARLY_CONCAT,3
62.0,EARLY_CONCAT,3
62.5,EARLY_CONCAT,3
63.0,EARLY_CONCAT,3
63.5,EARLY_CONCAT,3
64.0,EARLY_CONCAT,3
64.5,EARLY_CONCAT,3
65.0,EARLY_CONCAT,3
65.5,EARLY_CONCAT,3
66.0,EARLY_CONCAT,3
66.5,EARLY_CONCAT,3
67.0,EARLY_CONCAT,3
67.5,EARLY_CONCAT,3
68.0,EARLY_CONCAT,3
68.5,EARLY_CONCAT,3
69.0,EARLY_CONCAT,3
69.5,EARLY_CONCAT,3
70.0,EARLY_CONCAT,3
70.5,EARLY_CONCAT,3
71.0,EARLY_CONCAT,3
71.5,EARLY_CONCAT,3
72.0,EARLY_CONCAT,3
72.5,EARLY_CONCAT,3
73.0,EARLY_CONCAT,3
73.5,EARLY_CONCAT,3
74.0,EARLY_CONCAT,3
74.5,EARLY_CONCAT,3
75.0,EARLY_CONCAT,3
75.5,EARLY_CONCAT,3
76.0,EARLY_CONCAT,3
76.5,EARLY_CONCAT,3
77.0,EARLY_CONCAT,3
77.5,EARLY_CONCAT,3
78.0,EARLY_CONCAT,3
78.5,EARLY_CONCAT,18
79.0,EARLY_CONCAT,18
79.5,EARLY_CONCAT,18
80.0,EARLY_CONCAT,18
80.5,EARLY_CONCAT,18
81.0,EARLY_CONCAT,18
81.5,EARLY_CONCAT,18
82.0,EARLY_CONCAT,18
82.5,EARLY_CONCAT,18
83.0,EARLY_CONCAT,18
83.5,EARLY_CONCAT,18
84.0,EARLY_CONCAT,18
84.5,EARLY_CONCAT,18
85.0,EARLY_CONCAT,18
85.5,EARLY_CONCAT,18
86.0,EARLY_CONCAT,18
86.5,EARLY_CONCAT,18
87.0,EARLY_CONCAT,18
87.5,EARLY_CONCAT,18
88.0,EARLY_CONCAT,18
88.5,EARLY_CONCAT,18
89.0,EARLY_CONCAT,18
89.5,EARLY_CONCAT,18
90.0,EARLY_CONCAT,18
90.5,EARLY_CONCAT,18
91.0,EARLY_CONCAT,18
91.5,EARLY_CONCAT,18
92.0,EARLY_CONCAT,18
92.5,EARLY_CONCAT,18
93.0,EARLY_CONCAT,18
93.5,EARLY_CONCAT,18
94.0,EARLY_CONCAT,18
94.5,EARLY_CONCAT,18
95.0,EARLY_CONCAT,18
95.5,EARLY_CONCAT,18
96.0,EARLY_CONCAT,18
96.5,EARLY_CONCAT,3
97.0,EARLY_CONCAT,3
97.5,EARLY_CONCAT,3
98.0,EARLY_CONCAT,3
98.5,EARLY_CONCAT,3
99.0,EARLY_CONCAT,3
99.5,EARLY_CONCAT,3
100.0,EARLY_CONCAT,3
100.5,EARLY_CONCAT,3
101.0,EARLY_CONCAT,3
101.5,EARLY_CONCAT,3
102.0,EARLY_CONCAT,3
102.5,EARLY_CONCAT,3
103.0,EARLY_CONCAT,3
103.5,EARLY_CONCAT,3
104.0,EARLY_CONCAT,3
104.5,EARLY_CONCAT,3
105.0,EARLY_CONCAT,3
105.5,EARLY_CONCAT,3
106.0,EARLY_CONCAT,3
106.5,EARLY_CONCAT,3
107.0,EARLY_CONCAT,3
107.5,EARLY_CONCAT,3
108.0,EARLY_CONCAT,3
108.5,EARLY_CONCAT,18
109.0,EARLY_CONCAT,18
109.5,EARLY_CONCAT,18
110.0,EARLY_CONCAT,18
110.5,EARLY_CONCAT,18
111.0,EARLY_CONCAT,18
111.5,EARLY_CONCAT,18
112.0,EARLY_CONCAT,18
112.5,EARLY_CONCAT,18
113.0,EARLY_CONCAT,18
113.5,EARLY_CONCAT,18
114.0,EARLY_CONCAT,18
114.5,EARLY_CONCAT,18
115.0,EARLY_CONCAT,18
115.5,EARLY_CONCAT,18
116.0,EARLY_CONCAT,18
116.5,EARLY_CONCAT,18
117.0,EARLY_CONCAT,18
117.5,EARLY_CONCAT,18
118.0,EARLY_CONCAT,18
118.5,EARLY_CONCAT,18
119.0,EARLY_CONCAT,18
119.5,EARLY_CONCAT,18
120.0,EARLY_CONCAT,18
120.5,EARLY_CONCAT,18
121.0,EARLY_CONCAT,18
121.5,EARLY_CONCAT,18
122.0,EARLY_CONCAT,18
122.5,EARLY_CONCAT,18
123.0,EARLY_CONCAT,18
123.5,EARLY_CONCAT,18
124.0,EARLY_CONCAT,18
124.5,EARLY_CONCAT,18
125.0,EARLY_CONCAT,18
125.5,EARLY_CONCAT,18
126.0,EARLY_CONCAT,18
126.5,EARLY_CONCAT,18
127.0,EARLY_CONCAT,18
127.5,EARLY_CONCAT,18
128.0,EARLY_CONCAT,18
128.5,EARLY_CONCAT,18
129.0,EARLY_CONCAT,18
129.5,EARLY_CONCAT,18
130.0,EARLY_CONCAT,18
130.5,EARLY_CONCAT,18
131.0,EARLY_CONCAT,18
131.5,EARLY_CONCAT,18
132.0,EARLY_CONCAT,18
132.5,EARLY_CONCAT,18
133.0,EARLY_CONCAT,18
133.5,EARLY_CONCAT,18
134.0,EARLY_CONCAT,18
134.5,EARLY_CONCAT,18
135.0,EARLY_CONCAT,18
135.5,EARLY_CONCAT,18
136.0,EARLY_CONCAT,18
136.5,EARLY_CONCAT,18
137.0,EARLY_CONCAT,18
137.5,EARLY_CONCAT,18
138.0,EARLY_CONCAT,18
138.5,EARLY_CONCAT,18
139.0,EARLY_CONCAT,18
139.5,EARLY_CONCAT,18
140.0,EARLY_CONCAT,18
140.5,EARLY_CONCAT,18
141.0,EARLY_CONCAT,18
141.5,EARLY_CONCAT,18
142.0,EARLY_CONCAT,18
142.5,EARLY_CONCAT,18
143.0,EARLY_CONCAT,18
143.5,EARLY_CONCAT,18
144.0,EARLY_CONCAT,18
144.5,EARLY_CONCAT,18
145.0,EARLY_CONCAT,18
145.5,EARLY_CONCAT,18
146.0,EARLY_CONCAT,18
146.5,EARLY_CONCAT,18
147.0,EARLY_CONCAT,18
147.5,EARLY_CONCAT,18
148.0,EARLY_CONCAT,18
148.5,EARLY_CONCAT,18
149.0,EARLY_CONCAT,18
149.5,EARLY_CONCAT,18
150.0,EARLY_CONCAT,18
150.5,EARLY_CONCAT,18
151.0,EARLY_CONCAT,18
151.5,EARLY_CONCAT,18
152.0,EARLY_CONCAT,18
152.5,EARLY_CONCAT,18
153.0,EARLY_CONCAT,18
153.5,EARLY_CONCAT,18
154.0,EARLY_CONCAT,18
154.5,EARLY_CONCAT,18
155.0,EARLY_CONCAT,18
155.5,EARLY_CONCAT,18
156.0,EARLY_CONCAT,18
156.5,EARLY_CONCAT,18
157.0,EARLY_CONCAT,18
157.5,EARLY_CONCAT,18
158.0,EARLY_CONCAT,18
158.5,EARLY_CONCAT,18
159.0,EARLY_CONCAT,18
159.5,EARLY_CONCAT,18
160.0,EARLY_CONCAT,18
160.5,EARLY_CONCAT,18
161.0,EARLY_CONCAT,18
161.5,EARLY_CONCAT,18
162.0,EARLY_CONCAT,18
162.5,EARLY_CONCAT,18
163.0,EARLY_CONCAT,18
163.5,EARLY_CONCAT,18
164.0,EARLY_CONCAT,18
164.5,EARLY_CONCAT,18
165.0,EARLY_CONCAT,18
165.5,EARLY_CONCAT,18
166.0,EARLY_CONCAT,18
166.5,EARLY_CONCAT,18
167.0,EARLY_CONCAT,18
167.5,EARLY_CONCAT,18
168.0,EARLY_CONCAT,18
168.5,EARLY_CONCAT,18
169.0,EARLY_CONCAT,18
169.5,EARLY_CONCAT,18
170.0,EARLY_CONCAT,18
170.5,EARLY_CONCAT,18
171.0,EARLY_CONCAT,18
171.5,EARLY_CONCAT,18
172.0,EARLY_CONCAT,18
172.5,EARLY_CONCAT,18
173.0,EARLY_CONCAT,18
173.5,EARLY_CONCAT,18
174.0,EARLY_CONCAT,18
174.5,EARLY_CONCAT,18
175.0,EARLY_CONCAT,18
175.5,EARLY_CONCAT,18
176.0,EARLY_CONCAT,18
176.5,EARLY_CONCAT,18
177.0,EARLY_CONCAT,7
177.5,EARLY_CONCAT,7
178.0,EARLY_CONCAT,7
178.5,EARLY_CONCAT,7
179.0,EARLY_CONCAT,7
179.5,EARLY_CONCAT,7
180.0,EARLY_CONCAT,7
180.5,EARLY_CONCAT,7
181.0,EARLY_CONCAT,7
181.5,EARLY_CONCAT,7
182.0,EARLY_CONCAT,7
182.5,EARLY_CONCAT,7
183.0,EARLY_CONCAT,7
183.5,EARLY_CONCAT,7
184.0,EARLY_CONCAT,7
184.5,EARLY_CONCAT,7
185.0,EARLY_CONCAT,7
185.5,EARLY_CONCAT,7
186.0,EARLY_CONCAT,7
186.5,EARLY_CONCAT,7
187.0,EARLY_CONCAT,7
187.5,EARLY_CONCAT,7
188.0,EARLY_CONCAT,7
188.5,EARLY_CONCAT,7
189.0,EARLY_CONCAT,7
189.5,EARLY_CONCAT,7
190.0,EARLY_CONCAT,7
190.5,EARLY_CONCAT,7
191.0,EARLY_CONCAT,7
191.5,EARLY_CONCAT,7
192.0,EARLY_CONCAT,7
192.5,EARLY_CONCAT,7
193.0,EARLY_CONCAT,7
193.5,EARLY_CONCAT,7
194.0,EARLY_CONCAT,7
194.5,EARLY_CONCAT,7
195.0,EARLY_CONCAT,7
195.5,EARLY_CONCAT,7
196.0,EARLY_CONCAT,7
196.5,EARLY_CONCAT,7
197.0,EARLY_CONCAT,7
197.5,EARLY_CONCAT,7
198.0,EARLY_CONCAT,7
198.5,EARLY_CONCAT,7
199.0,EARLY_CONCAT,7
199.5,EARLY_CONCAT,7
200.0,EARLY_CONCAT,7
200.5,EARLY_CONCAT,7
201.0,EARLY_CONCAT,7
201.5,EARLY_CONCAT,7
202.0,EARLY_CONCAT,7
202.5,EARLY_CONCAT,7
203.0,EARLY_CONCAT,7
203.5,EARLY_CONCAT,7
204.0,EARLY_CONCAT,7
204.5,EARLY_CONCAT,7
205.0,EARLY_CONCAT,7
205.5,EARLY_CONCAT,7
206.0,EARLY_CONCAT,7
206.5,EARLY_CONCAT,7
207.0,EARLY_CONCAT,7
207.5,EARLY_CONCAT,7
208.0,EARLY_CONCAT,7
208.5,EARLY_CONCAT,7
209.0,EARLY_CONCAT,7
209.5,EARLY_CONCAT,7
210.0,EARLY_CONCAT,7
210.5,EARLY_CONCAT,7
211.0,EARLY_CONCAT,7
211.5,EARLY_CONCAT,7
212.0,EARLY_CONCAT,7
212.5,EARLY_CONCAT,7
213.0,EARLY_CONCAT,7
213.5,EARLY_CONCAT,7
214.0,EARLY_CONCAT,7
214.5,EARLY_CONCAT,7
215.0,EARLY_CONCAT,7
215.5,EARLY_CONCAT,7
216.0,EARLY_CONCAT,7
216.5,EARLY_CONCAT,7
217.0,EARLY_CONCAT,7
217.5,EARLY_CONCAT,7
218.0,EARLY_CONCAT,7
218.5,EARLY_CONCAT,7
219.0,EARLY_CONCAT,7
219.5,EARLY_CONCAT,7
220.0,EARLY_CONCAT,7
220.5,EARLY_CONCAT,7
221.0,EARLY_CONCAT,7
221.5,EARLY_CONCAT,7
222.0,EARLY_CONCAT,7
222.5,EARLY_CONCAT,7
223.0,EARLY_CONCAT,7
223.5,EARLY_CONCAT,7
224.0,EARLY_CONCAT,7
224.5,EARLY_CONCAT,7
225.0,EARLY_CONCAT,7
225.5,EARLY_CONCAT,7
226.0,EARLY_CONCAT,7
226.5,EARLY_CONCAT,7
227.0,EARLY_CONCAT,7
227.5,EARLY_CONCAT,7
228.0,EARLY_CONCAT,7
228.5,EARLY_CONCAT,18
229.0,EARLY_CONCAT,18
229.5,EARLY_CONCAT,18
230.0,EARLY_CONCAT,18
230.5,EARLY_CONCAT,18
231.0,EARLY_CONCAT,18
231.5,EARLY_CONCAT,18
232.0,EARLY_CONCAT,18
232.5,EARLY_CONCAT,18
233.0,EARLY_CONCAT,18
233.5,EARLY_CONCAT,18
234.0,EARLY_CONCAT,18
234.5,EARLY_CONCAT,18
235.0,EARLY_CONCAT,18
235.5,EARLY_CONCAT,18
236.0,EARLY_CONCAT,18
236.5,EARLY_CONCAT,18
237.0,EARLY_CONCAT,18
237.5,EARLY_CONCAT,18
238.0,EARLY_CONCAT,18
238.5,EARLY_CONCAT,18
239.0,EARLY_CONCAT,18
239.5,EARLY_CONCAT,18
240.0,EARLY_CONCAT,18
240.5,EARLY_CONCAT,18
241.0,EARLY_CONCAT,18
241.5,EARLY_CONCAT,18
242.0,EARLY_CONCAT,18
242.5,EARLY_CONCAT,18
243.0,EARLY_CONCAT,18
243.5,EARLY_CONCAT,18
244.0,EARLY_CONCAT,18
244.5,EARLY_CONCAT,4
245.0,EARLY_CONCAT,4
245.5,EARLY_CONCAT,4
246.0,EARLY_CONCAT,4
246.5,EARLY_CONCAT,4
247.0,EARLY_CONCAT,4
247.5,EARLY_CONCAT,4
248.0,EARLY_CONCAT,4
248.5,EARLY_CONCAT,4
249.0,EARLY_CONCAT,4
249.5,EARLY_CONCAT,4
250.0,EARLY_CONCAT,4
250.5,EARLY_CONCAT,4
251.0,EARLY_CONCAT,4
251.5,EARLY_CONCAT,4
252.0,EARLY_CONCAT,4
252.5,EARLY_CONCAT,4
253.0,EARLY_CONCAT,4
253.5,EARLY_CONCAT,4
254.0,EARLY_CONCAT,4
254.5,EARLY_CONCAT,4
255.0,EARLY_CONCAT,4
255.5,EARLY_CONCAT,4
256.0,EARLY_CONCAT,4
256.5,EARLY_CONCAT,4
257.0,EARLY_CONCAT,4
257.5,EARLY_CONCAT,4
258.0,EARLY_CONCAT,4
258.5,EARLY_CONCAT,4
259.0,EARLY_CONCAT,4
259.5,EARLY_CONCAT,4
260.0,EARLY_CONCAT,4
260.5,EARLY_CONCAT,4
261.0,EARLY_CONCAT,4
261.5,EARLY_CONCAT,4
262.0,EARLY_CONCAT,4
262.5,EARLY_CONCAT,4
263.0,EARLY_CONCAT,4
263.5,EARLY_CONCAT,4
264.0,EARLY_CONCAT,4
264.5,EARLY_CONCAT,4
265.0,EARLY_CONCAT,4
265.5,EARLY_CONCAT,4
266.0,EARLY_CONCAT,4
266.5,EARLY_CONCAT,4
267.0,EARLY_CONCAT,4
267.5,EARLY_CONCAT,4
268.0,EARLY_CONCAT,4
268.5,EARLY_CONCAT,4
269.0,EARLY_CONCAT,4
269.5,EARLY_CONCAT,4
270.0,EARLY_CONCAT,4
270.5,EARLY_CONCAT,4
271.0,EARLY_CONCAT,4
271.5,EARLY_CONCAT,4
272.0,EARLY_CONCAT,4
272.5,EARLY_CONCAT,4
273.0,EARLY_CONCAT,4
273.5,EARLY_CONCAT,4
274.0,EARLY_CONCAT,4
274.5,EARLY_CONCAT,4
275.0,EARLY_CONCAT,4
275.5,EARLY_CONCAT,4
276.0,EARLY_CONCAT,4
276.5,EARLY_CONCAT,4
277.0,EARLY_CONCAT,4
277.5,EARLY_CONCAT,4
278.0,EARLY_CONCAT,4
278.5,EARLY_CONCAT,4
279.0,EARLY_CONCAT,4
279.5,EARLY_CONCAT,4
280.0,EARLY_CONCAT,4
280.5,EARLY_CONCAT,4
281.0,EARLY_CONCAT,4
281.5,EARLY_CONCAT,4
282.0,EARLY_CONCAT,4
282.5,EARLY_CONCAT,4
283.0,EARLY_CONCAT,4
283.5,EARLY_CONCAT,4
284.0,EARLY_CONCAT,4
284.5,EARLY_CONCAT,4
285.0,EARLY_CONCAT,4
285.5,EARLY_CONCAT,4
286.0,EARLY_CONCAT,4
286.5,EARLY_CONCAT,4
287.0,EARLY_CONCAT,4
287.5,EARLY_CONCAT,4
288.0,EARLY_CONCAT,4
288.5,EARLY_CONCAT,4
289.0,EARLY_CONCAT,4
289.5,EARLY_CONCAT,4
290.0,EARLY_CONCAT,4
290.5,EARLY_CONCAT,4
291.0,EARLY_CONCAT,4
291.5,EARLY_CONCAT,4
292.0,EARLY_CONCAT,18
292.5,EARLY_CONCAT,18
293.0,EARLY_CONCAT,18
293.5,EARLY_CONCAT,18
294.0,EARLY_CONCAT,18
294.5,EARLY_CONCAT,18
295.0,EARLY_CONCAT,18
295.5,EARLY_CONCAT,18
296.0,EARLY_CONCAT,18
296.5,EARLY_CONCAT,18
297.0,EARLY_CONCAT,18
297.5,EARLY_CONCAT,18
298.0,EARLY_CONCAT,18
298.5,EARLY_CONCAT,18
299.0,EARLY_CONCAT,18
299.5,EARLY_CONCAT,18
300.0,EARLY_CONCAT,18
300.5,EARLY_CONCAT,18
301.0,EARLY_CONCAT,18
301.5,EARLY_CONCAT,18
302.0,EARLY_CONCAT,18
302.5,EARLY_CONCAT,18
303.0,EARLY_CONCAT,18
303.5,EARLY_CONCAT,18
304.0,EARLY_CONCAT,18
304.5,EARLY_CONCAT,18
305.0,EARLY_CONCAT,18
305.5,EARLY_CONCAT,18
306.0,EARLY_CONCAT,18
306.5,EARLY_CONCAT,18
307.0,EARLY_CONCAT,18
307.5,EARLY_CONCAT,18
308.0,EARLY_CONCAT,18
308.5,EARLY_CONCAT,18
309.0,EARLY_CONCAT,18
309.5,EARLY_CONCAT,18
310.0,EARLY_CONCAT,18
310.5,EARLY_CONCAT,18
311.0,EARLY_CONCAT,18
311.5,EARLY_CONCAT,18
312.0,EARLY_CONCAT,18
312.5,EARLY_CONCAT,18
313.0,EARLY_CONCAT,18
313.5,EARLY_CONCAT,4
314.0,EARLY_CONCAT,4
314.5,EARLY_CONCAT,4
315.0,EARLY_CONCAT,4
315.5,EARLY_CONCAT,4
316.0,EARLY_CONCAT,4
316.5,EARLY_CONCAT,4
317.0,EARLY_CONCAT,4
317.5,EARLY_CONCAT,4
318.0,EARLY_CONCAT,4
318.5,EARLY_CONCAT,4
319.0,EARLY_CONCAT,4
319.5,EARLY_CONCAT,4
320.0,EARLY_CONCAT,4
320.5,EARLY_CONCAT,4
321.0,EARLY_CONCAT,4
321.5,EARLY_CONCAT,4
322.0,EARLY_CONCAT,4
322.5,EARLY_CONCAT,4
323.0,EARLY_CONCAT,4
323.5,EARLY_CONCAT,4
324.0,EARLY_CONCAT,4
324.5,EARLY_CONCAT,4
325.0,EARLY_CONCAT,4
325.5,EARLY_CONCAT,4
326.0,EARLY_CONCAT,4
326.5,EARLY_CONCAT,4
327.0,EARLY_CONCAT,4
327.5,EARLY_CONCAT,4
328.0,EARLY_CONCAT,4
328.5,EARLY_CONCAT,4
329.0,EARLY_CONCAT,4
329.5,EARLY_CONCAT,4
330.0,EARLY_CONCAT,4
330.5,EARLY_CONCAT,4
331.0,EARLY_CONCAT,4
331.5,EARLY_CONCAT,4
332.0,EARLY_CONCAT,4
332.5,EARLY_CONCAT,4
333.0,EARLY_CONCAT,4
333.5,EARLY_CONCAT,4
334.0,EARLY_CONCAT,4
334.5,EARLY_CONCAT,4
335.0,EARLY_CONCAT,4
335.5,EARLY_CONCAT,4
336.0,EARLY_CONCAT,4
336.5,EARLY_CONCAT,4
337.0,EARLY_CONCAT,4
337.5,EARLY_CONCAT,4
338.0,EARLY_CONCAT,4
338.5,EARLY_CONCAT,4
339.0,EARLY_CONCAT,4
339.5,EARLY_CONCAT,4
340.0,EARLY_CONCAT,4
340.5,EARLY_CONCAT,4
341.0,EARLY_CONCAT,4
341.5,EARLY_CONCAT,4
342.0,EARLY_CONCAT,4
342.5,EARLY_CONCAT,18
343.0,EARLY_CONCAT,18
343.5,EARLY_CONCAT,18
344.0,EARLY_CONCAT,18
344.5,EARLY_CONCAT,18
345.0,EARLY_CONCAT,18
345.5,EARLY_CONCAT,18
346.0,EARLY_CONCAT,18
346.5,EARLY_CONCAT,18
347.0,EARLY_CONCAT,18
347.5,EARLY_CONCAT,18
348.0,EARLY_CONCAT,18
348.5,EARLY_CONCAT,18
349.0,EARLY_CONCAT,18
349.5,EARLY_CONCAT,18
350.0,EARLY_CONCAT,18
350.5,EARLY_CONCAT,18
351.0,EARLY_CONCAT,18
351.5,EARLY_CONCAT,18
352.0,EARLY_CONCAT,18
352.5,EARLY_CONCAT,18
353.0,EARLY_CONCAT,18
353.5,EARLY_CONCAT,18
354.0,EARLY_CONCAT,18
354.5,EARLY_CONCAT,18
355.0,EARLY_CONCAT,18
355.5,EARLY_CONCAT,18
356.0,EARLY_CONCAT,18
356.5,EARLY_CONCAT,18
357.0,EARLY_CONCAT,18
357.5,EARLY_CONCAT,18
358.0,EARLY_CONCAT,18
358.5,EARLY_CONCAT,18
359.0,EARLY_CONCAT,18
359.5,EARLY_CONCAT,18
360.0,EARLY_CONCAT,18
360.5,EARLY_CONCAT,18
361.0,EARLY_CONCAT,18
361.5,EARLY_CONCAT,18
362.0,EARLY_CONCAT,18
362.5,EARLY_CONCAT,4
363.0,EARLY_CONCAT,4
363.5,EARLY_CONCAT,4
364.0,EARLY_CONCAT,4
364.5,EARLY_CONCAT,4
365.0,EARLY_CONCAT,4
365.5,EARLY_CONCAT,4
366.0,EARLY_CONCAT,4
366.5,EARLY_CONCAT,4
367.0,EARLY_CONCAT,4
367.5,EARLY_CONCAT,4
368.0,EARLY_CONCAT,4
368.5,EARLY_CONCAT,4
369.0,EARLY_CONCAT,4
369.5,EARLY_CONCAT,4
370.0,EARLY_CONCAT,4
370.5,EARLY_CONCAT,4
371.0,EARLY_CONCAT,4
371.5,EARLY_CONCAT,4
372.0,EARLY_CONCAT,4
372.5,EARLY_CONCAT,4
373.0,EARLY_CONCAT,4
373.5,EARLY_CONCAT,4
374.0,EARLY_CONCAT,4
374.5,EARLY_CONCAT,4
375.0,EARLY_CONCAT,4
375.5,EARLY_CONCAT,4
376.0,EARLY_CONCAT,4
376.5,EARLY_CONCAT,4
377.0,EARLY_CONCAT,4
377.5,EARLY_CONCAT,4
378.0,EARLY_CONCAT,4
378.5,EARLY_CONCAT,4
379.0,EARLY_CONCAT,4
379.5,EARLY_CONCAT,4
380.0,EARLY_CONCAT,4
380.5,EARLY_CONCAT,4
381.0,EARLY_CONCAT,4
381.5,EARLY_CONCAT,4
382.0,EARLY_CONCAT,4
382.5,EARLY_CONCAT,4
383.0,EARLY_CONCAT,4
383.5,EARLY_CONCAT,4
384.0,EARLY_CONCAT,4
384.5,EARLY_CONCAT,4
385.0,EARLY_CONCAT,4
385.5,EARLY_CONCAT,4
386.0,EARLY_CONCAT,4
386.5,EARLY_CONCAT,4
387.0,EARLY_CONCAT,4
387.5,EARLY_CONCAT,4
388.0,EARLY_CONCAT,4
388.5,EARLY_CONCAT,4
389.0,EARLY_CONCAT,4
389.5,EARLY_CONCAT,4
390.0,EARLY_CONCAT,4
390.5,EARLY_CONCAT,18
391.0,EARLY_CONCAT,18
391.5,EARLY_CONCAT,18
392.0,EARLY_CONCAT,18
392.5,EARLY_CONCAT,18
393.0,EARLY_CONCAT,18
393.5,EARLY_CONCAT,18
394.0,EARLY_CONCAT,18
394.5,EARLY_CONCAT,18
395.0,EARLY_CONCAT,18
395.5,EARLY_CONCAT,18
396.0,EARLY_CONCAT,18
396.5,EARLY_CONCAT,18
397.0,EARLY_CONCAT,18
397.5,EARLY_CONCAT,18
398.0,EARLY_CONCAT,18
398.5,EARLY_CONCAT,18
399.0,EARLY_CONCAT,18
399.5,EARLY_CONCAT,18
400.0,EARLY_CONCAT,18
400.5,EARLY_CONCAT,18
401.0,EARLY_CONCAT,18
401.5,EARLY_CONCAT,18
402.0,EARLY_CONCAT,18
402.5,EARLY_CONCAT,18
403.0,EARLY_CONCAT,18
403.5,EARLY_CONCAT,18
404.0,EARLY_CONCAT,18
404.5,EARLY_CONCAT,18
405.0,EARLY_CONCAT,18
405.5,EARLY_CONCAT,18
406.0,EARLY_CONCAT,18
406.5,EARLY_CONCAT,18
407.0,EARLY_CONCAT,18
407.5,EARLY_CONCAT,18
408.0,EARLY_CONCAT,18
408.5,EARLY_CONCAT,18
409.0,EARLY_CONCAT,18
409.5,EARLY_CONCAT,18
410.0,EARLY_CONCAT,18
410.5,EARLY_CONCAT,18
411.0,EARLY_CONCAT,18
411.5,EARLY_CONCAT,18
412.0,EARLY_CONCAT,18
412.5,EARLY_CONCAT,18
413.0,EARLY_CONCAT,18
413.5,EARLY_CONCAT,18
414.0,EARLY_CONCAT,18
414.5,EARLY_CONCAT,18
415.0,EARLY_CONCAT,18
415.5,EARLY_CONCAT,18
416.0,EARLY_CONCAT,18
416.5,EARLY_CONCAT,18
417.0,EARLY_CONCAT,18
417.5,EARLY_CONCAT,18
418.0,EARLY_CONCAT,18
418.5,EARLY_CONCAT,18
419.0,EARLY_CONCAT,18
419.5,EARLY_CONCAT,18
420.0,EARLY_CONCAT,18
420.5,EARLY_CONCAT,18
421.0,EARLY_CONCAT,18
421.5,EARLY_CONCAT,18
422.0,EARLY_CONCAT,18
422.5,EARLY_CONCAT,18
423.0,EARLY_CONCAT,18
423.5,EARLY_CONCAT,18
424.0,EARLY_CONCAT,18
424.5,EARLY_CONCAT,18
425.0,EARLY_CONCAT,8
425.5,EARLY_CONCAT,8
426.0,EARLY_CONCAT,8
426.5,EARLY_CONCAT,8
427.0,EARLY_CONCAT,8
427.5,EARLY_CONCAT,8
428.0,EARLY_CONCAT,8
428.5,EARLY_CONCAT,8
429.0,EARLY_CONCAT,8
429.5,EARLY_CONCAT,8
430.0,EARLY_CONCAT,8
430.5,EARLY_CONCAT,8
431.0,EARLY_CONCAT,8
431.5,EARLY_CONCAT,8
432.0,EARLY_CONCAT,8
432.5,EARLY_CONCAT,8
433.0,EARLY_CONCAT,8
433.5,EARLY_CONCAT,8
434.0,EARLY_CONCAT,8
434.5,EARLY_CONCAT,8
435.0,EARLY_CONCAT,8
435.5,EARLY_CONCAT,8
436.0,EARLY_CONCAT,8
436.5,EARLY_CONCAT,8
437.0,EARLY_CONCAT,8
437.5,EARLY_CONCAT,8
438.0,EARLY_CONCAT,8
438.5,EARLY_CONCAT,8
439.0,EARLY_CONCAT,8
439.5,EARLY_CONCAT,8
440.0,EARLY_CONCAT,8
440.5,EARLY_CONCAT,8
441.0,EARLY_CONCAT,8
441.5,EARLY_CONCAT,8
442.0,EARLY_CONCAT,8
442.5,EARLY_CONCAT,8
443.0,EARLY_CONCAT,8
443.5,EARLY_CONCAT,8
444.0,EARLY_CONCAT,8
444.5,EARLY_CONCAT,8
445.0,EARLY_CONCAT,8
445.5,EARLY_CONCAT,8
446.0,EARLY_CONCAT,8
446.5,EARLY_CONCAT,8
447.0,EARLY_CONCAT,8
447.5,EARLY_CONCAT,8
448.0,EARLY_CONCAT,8
448.5,EARLY_CONCAT,8
449.0,EARLY_CONCAT,8
449.5,EARLY_CONCAT,8
450.0,EARLY_CONCAT,8
450.5,EARLY_CONCAT,8
451.0,EARLY_CONCAT,8
451.5,EARLY_CONCAT,8
452.0,EARLY_CONCAT,8
452.5,EARLY_CONCAT,8
453.0,EARLY_CONCAT,8
453.5,EARLY_CONCAT,8
454.0,EARLY_CONCAT,8
454.5,EARLY_CONCAT,8
455.0,EARLY_CONCAT,8
455.5,EARLY_CONCAT,8
456.0,EARLY_CONCAT,8
456.5,EARLY_CONCAT,8
457.0,EARLY_CONCAT,8
457.5,EARLY_CONCAT,8
458.0,EARLY_CONCAT,8
458.5,EARLY_CONCAT,8
459.0,EARLY_CONCAT,8
459.5,EARLY_CONCAT,8
460.0,EARLY_CONCAT,8
460.5,EARLY_CONCAT,8
461.0,EARLY_CONCAT,8
461.5,EARLY_CONCAT,8
462.0,EARLY_CONCAT,8
462.5,EARLY_CONCAT,8
463.0,EARLY_CONCAT,8
463.5,EARLY_CONCAT,8
464.0,EARLY_CONCAT,8
464.5,EARLY_CONCAT,8
465.0,EARLY_CONCAT,8
465.5,EARLY_CONCAT,8
466.0,EARLY_CONCAT,8
466.5,EARLY_CONCAT,8
467.0,EARLY_CONCAT,8
467.5,EARLY_CONCAT,8
468.0,EARLY_CONCAT,8
468.5,EARLY_CONCAT,8
469.0,EARLY_CONCAT,8
469.5,EARLY_CONCAT,8
470.0,EARLY_CONCAT,8
470.5,EARLY_CONCAT,8
471.0,EARLY_CONCAT,8
471.5,EARLY_CONCAT,8
472.0,EARLY_CONCAT,8
472.5,EARLY_CONCAT,8
473.0,EARLY_CONCAT,8
473.5,EARLY_CONCAT,8
474.0,EARLY_CONCAT,8
474.5,EARLY_CONCAT,8
475.0,EARLY_CONCAT,8
475.5,EARLY_CONCAT,8
476.0,EARLY_CONCAT,8
476.5,EARLY_CONCAT,8
477.0,EARLY_CONCAT,8
477.5,EARLY_CONCAT,8
478.0,EARLY_CONCAT,8
478.5,EARLY_CONCAT,8
479.0,EARLY_CONCAT,8
479.5,EARLY_CONCAT,8
480.0,EARLY_CONCAT,8
480.5,EARLY_CONCAT,8
481.0,EARLY_CONCAT,8
481.5,EARLY_CONCAT,8
482.0,EARLY_CONCAT,8
482.5,EARLY_CONCAT,8
483.0,EARLY_CONCAT,8
483.5,EARLY_CONCAT,8
484.0,EARLY_CONCAT,8
484.5,EARLY_CONCAT,8
485.0,EARLY_CONCAT,8
485.5,EARLY_CONCAT,8
486.0,EARLY_CONCAT,8
486.5,EARLY_CONCAT,8
487.0,EARLY_CONCAT,8
487.5,EARLY_CONCAT,8
488.0,EARLY_CONCAT,8
488.5,EARLY_CONCAT,8
489.0,EARLY_CONCAT,8
489.5,EARLY_CONCAT,8
490.0,EARLY_CONCAT,8
490.5,EARLY_CONCAT,8
491.0,EARLY_CONCAT,8
491.5,EARLY_CONCAT,8
492.0,EARLY_CONCAT,8
492.5,EARLY_CONCAT,8
493.0,EARLY_CONCAT,8
493.5,EARLY_CONCAT,8
494.0,EARLY_CONCAT,8
494.5,EARLY_CONCAT,8
495.0,EARLY_CONCAT,8
495.5,EARLY_CONCAT,8
496.0,EARLY_CONCAT,8
496.5,EARLY_CONCAT,8
497.0,EARLY_CONCAT,8
497.5,EARLY_CONCAT,8
498.0,EARLY_CONCAT,8
498.5,EARLY_CONCAT,8
499.0,EARLY_CONCAT,8
499.5,EARLY_CONCAT,8
500.0,EARLY_CONCAT,8
500.5,EARLY_CONCAT,8
501.0,EARLY_CONCAT,8
501.5,EARLY_CONCAT,8
502.0,EARLY_CONCAT,8
502.5,EARLY_CONCAT,8
503.0,EARLY_CONCAT,8
503.5,EARLY_CONCAT,8
504.0,EARLY_CONCAT,8
504.5,EARLY_CONCAT,8
505.0,EARLY_CONCAT,8
505.5,EARLY_CONCAT,8
506.0,EARLY_CONCAT,8
506.5,EARLY_CONCAT,8
507.0,EARLY_CONCAT,8
507.5,EARLY_CONCAT,8
508.0,EARLY_CONCAT,8
508.5,EARLY_CONCAT,8
509.0,EARLY_CONCAT,8
509.5,EARLY_CONCAT,8
510.0,EARLY_CONCAT,8
510.5,EARLY_CONCAT,8
511.0,EARLY_CONCAT,8
511.5,EARLY_CONCAT,8
512.0,EARLY_CONCAT,8
512.5,EARLY_CONCAT,8
513.0,EARLY_CONCAT,8
513.5,EARLY_CONCAT,8
514.0,EARLY_CONCAT,8
514.5,EARLY_CONCAT,8
515.0,EARLY_CONCAT,8
515.5,EARLY_CONCAT,8
516.0,EARLY_CONCAT,8
516.5,EARLY_CONCAT,8
517.0,EARLY_CONCAT,8
517.5,EARLY_CONCAT,8
518.0,EARLY_CONCAT,8
518.5,EARLY_CONCAT,8
519.0,EARLY_CONCAT,8
519.5,EARLY_CONCAT,8
520.0,EARLY_CONCAT,8
520.5,EARLY_CONCAT,8
521.0,EARLY_CONCAT,8
521.5,EARLY_CONCAT,8
522.0,EARLY_CONCAT,8
522.5,EARLY_CONCAT,8
523.0,EARLY_CONCAT,8
523.5,EARLY_CONCAT,8
524.0,EARLY_CONCAT,8
524.5,EARLY_CONCAT,8
525.0,EARLY_CONCAT,8
525.5,EARLY_CONCAT,8
526.0,EARLY_CONCAT,8
526.5,EARLY_CONCAT,8
527.0,EARLY_CONCAT,18
527.5,EARLY_CONCAT,18
528.0,EARLY_CONCAT,18
528.5,EARLY_CONCAT,18
529.0,EARLY_CONCAT,18
529.5,EARLY_CONCAT,18
530.0,EARLY_CONCAT,18
530.5,EARLY_CONCAT,18
531.0,EARLY_CONCAT,18
531.5,EARLY_CONCAT,18
532.0,EARLY_CONCAT,18
532.5,EARLY_CONCAT,18
533.0,EARLY_CONCAT,18
533.5,EARLY_CONCAT,18
534.0,EARLY_CONCAT,18
534.5,EARLY_CONCAT,18
535.0,EARLY_CONCAT,18
535.5,EARLY_CONCAT,18
536.0,EARLY_CONCAT,18
536.5,EARLY_CONCAT,18
537.0,EARLY_CONCAT,18
537.5,EARLY_CONCAT,18
538.0,EARLY_CONCAT,18
538.5,EARLY_CONCAT,18
539.0,EARLY_CONCAT,18
539.5,EARLY_CONCAT,18
540.0,EARLY_CONCAT,18
540.5,EARLY_CONCAT,18
541.0,EARLY_CONCAT,18
541.5,EARLY_CONCAT,18
542.0,EARLY_CONCAT,18
542.5,EARLY_CONCAT,18
543.0,EARLY_CONCAT,18
543.5,EARLY_CONCAT,18
544.0,EARLY_CONCAT,18
544.5,EARLY_CONCAT,18
545.0,EARLY_CONCAT,18
545.5,EARLY_CONCAT,18
546.0,EARLY_CONCAT,18
546.5,EARLY_CONCAT,14
547.0,EARLY_CONCAT,14
547.5,EARLY_CONCAT,14
548.0,EARLY_CONCAT,14
548.5,EARLY_CONCAT,14
549.0,EARLY_CONCAT,14
549.5,EARLY_CONCAT,14
550.0,EARLY_CONCAT,14
550.5,EARLY_CONCAT,14
551.0,EARLY_CONCAT,14
551.5,EARLY_CONCAT,14
552.0,EARLY_CONCAT,14
552.5,EARLY_CONCAT,14
553.0,EARLY_CONCAT,14
553.5,EARLY_CONCAT,14
554.0,EARLY_CONCAT,14
554.5,EARLY_CONCAT,14
555.0,EARLY_CONCAT,14
555.5,EARLY_CONCAT,14
556.0,EARLY_CONCAT,14
556.5,EARLY_CONCAT,14
557.0,EARLY_CONCAT,14
557.5,EARLY_CONCAT,14
558.0,EARLY_CONCAT,14
558.5,EARLY_CONCAT,14
559.0,EARLY_CONCAT,14
559.5,EARLY_CONCAT,14
560.0,EARLY_CONCAT,14
560.5,EARLY_CONCAT,14
561.0,EARLY_CONCAT,14
561.5,EARLY_CONCAT,14
562.0,EARLY_CONCAT,14
562.5,EARLY_CONCAT,14
563.0,EARLY_CONCAT,14
563.5,EARLY_CONCAT,14
564.0,EARLY_CONCAT,14
564.5,EARLY_CONCAT,14
565.0,EARLY_CONCAT,14
565.5,EARLY_CONCAT,14
566.0,EARLY_CONCAT,14
566.5,EARLY_CONCAT,14
567.0,EARLY_CONCAT,14
567.5,EARLY_CONCAT,14
568.0,EARLY_CONCAT,14
568.5,EARLY_CONCAT,14
569.0,EARLY_CONCAT,14
569.5,EARLY_CONCAT,14
570.0,EARLY_CONCAT,14
570.5,EARLY_CONCAT,14
571.0,EARLY_CONCAT,14
571.5,EARLY_CONCAT,14
572.0,EARLY_CONCAT,14
572.5,EARLY_CONCAT,18
573.0,EARLY_CONCAT,18
573.5,EARLY_CONCAT,18
574.0,EARLY_CONCAT,18
574.5,EARLY_CONCAT,18
575.0,EARLY_CONCAT,18
575.5,EARLY_CONCAT,18
576.0,EARLY_CONCAT,18
576.5,EARLY_CONCAT,18
577.0,EARLY_CONCAT,18
577.5,EARLY_CONCAT,18
578.0,EARLY_CONCAT,18
578.5,EARLY_CONCAT,18
579.0,EARLY_CONCAT,18
579.5,EARLY_CONCAT,18
580.0,EARLY_CONCAT,18
580.5,EARLY_CONCAT,18
581.0,EARLY_CONCAT,18
581.5,EARLY_CONCAT,18
582.0,EARLY_CONCAT,18
582.5,EARLY_CONCAT,18
583.0,EARLY_CONCAT,18
583.5,EARLY_CONCAT,18
584.0,EARLY_CONCAT,18
584.5,EARLY_CONCAT,18
585.0,EARLY_CONCAT,18
585.5,EARLY_CONCAT,18
586.0,EARLY_CONCAT,18
586.5,EARLY_CONCAT,18
587.0,EARLY_CONCAT,18
587.5,EARLY_CONCAT,18
588.0,EARLY_CONCAT,18
588.5,EARLY_CONCAT,18
589.0,EARLY_CONCAT,18
589.5,EARLY_CONCAT,18
590.0,EARLY_CONCAT,18
590.5,EARLY_CONCAT,18
591.0,EARLY_CONCAT,18
591.5,EARLY_CONCAT,18
592.0,EARLY_CONCAT,18
592.5,EARLY_CONCAT,14
593.0,EARLY_CONCAT,14
593.5,EARLY_CONCAT,14
594.0,EARLY_CONCAT,14
594.5,EARLY_CONCAT,14
595.0,EARLY_CONCAT,14
595.5,EARLY_CONCAT,14
596.0,EARLY_CONCAT,14
596.5,EARLY_CONCAT,14
597.0,EARLY_CONCAT,14
597.5,EARLY_CONCAT,14
598.0,EARLY_CONCAT,14
598.5,EARLY_CONCAT,14
599.0,EARLY_CONCAT,14
599.5,EARLY_CONCAT,14
600.0,EARLY_CONCAT,14
600.5,EARLY_CONCAT,14
601.0,EARLY_CONCAT,14
601.5,EARLY_CONCAT,14
602.0,EARLY_CONCAT,14
602.5,EARLY_CONCAT,14
603.0,EARLY_CONCAT,14
603.5,EARLY_CONCAT,14
604.0,EARLY_CONCAT,14
604.5,EARLY_CONCAT,14
605.0,EARLY_CONCAT,14
605.5,EARLY_CONCAT,14
606.0,EARLY_CONCAT,14
606.5,EARLY_CONCAT,14
607.0,EARLY_CONCAT,14
607.5,EARLY_CONCAT,14
608.0,EARLY_CONCAT,14
608.5,EARLY_CONCAT,14
609.0,EARLY_CONCAT,14
609.5,EARLY_CONCAT,14
610.0,EARLY_CONCAT,14
610.5,EARLY_CONCAT,14
611.0,EARLY_CONCAT,14
611.5,EARLY_CONCAT,14
612.0,EARLY_CONCAT,14
612.5,EARLY_CONCAT,14
613.0,EARLY_CONCAT,14
613.5,EARLY_CONCAT,14
614.0,EARLY_CONCAT,14
614.5,EARLY_CONCAT,14
615.0,EARLY_CONCAT,14
615.5,EARLY_CONCAT,14
616.0,EARLY_CONCAT,14
616.5,EARLY_CONCAT,14
617.0,EARLY_CONCAT,14
617.5,EARLY_CONCAT,14
618.0,EARLY_CONCAT,14
618.5,EARLY_CONCAT,14
619.0,EARLY_CONCAT,14
619.5,EARLY_CONCAT,14
620.0,EARLY_CONCAT,18
620.5,EARLY_CONCAT,18
621.0,EARLY_CONCAT,18
621.5,EARLY_CONCAT,18
622.0,EARLY_CONCAT,18
622.5,EARLY_CONCAT,18
623.0,EARLY_CONCAT,18
623.5,EARLY_CONCAT,18
624.0,EARLY_CONCAT,18
624.5,EARLY_CONCAT,18
625.0,EARLY_CONCAT,18
625.5,EARLY_CONCAT,18
626.0,EARLY_CONCAT,18
626.5,EARLY_CONCAT,18
627.0,EARLY_CONCAT,18
627.5,EARLY_CONCAT,18
628.0,EARLY_CONCAT,18
628.5,EARLY_CONCAT,18
629.0,EARLY_CONCAT,18
629.5,EARLY_CONCAT,18
630.0,EARLY_CONCAT,18
630.5,EARLY_CONCAT,18
631.0,EARLY_CONCAT,18
631.5,EARLY_CONCAT,18
632.0,EARLY_CONCAT,18
632.5,EARLY_CONCAT,18
633.0,EARLY_CONCAT,18
633.5,EARLY_CONCAT,18
634.0,EARLY_CONCAT,18
634.5,EARLY_CONCAT,18
635.0,EARLY_CONCAT,18
635.5,EARLY_CONCAT,18
636.0,EARLY_CONCAT,18
636.5,EARLY_CONCAT,18
637.0,EARLY_CONCAT,18
637.5,EARLY_CONCAT,18
638.0,EARLY_CONCAT,18
638.5,EARLY_CONCAT,18
639.0,EARLY_CONCAT,18
639.5,EARLY_CONCAT,18
640.0,EARLY_CONCAT,18
640.5,EARLY_CONCAT,18
641.0,EARLY_CONCAT,18
641.5,EARLY_CONCAT,18
642.0,EARLY_CONCAT,18
642.5,EARLY_CONCAT,18
643.0,EARLY_CONCAT,18
643.5,EARLY_CONCAT,18
644.0,EARLY_CONCAT,18
644.5,EARLY_CONCAT,18
645.0,EARLY_CONCAT,18
645.5,EARLY_CONCAT,18
646.0,EARLY_CONCAT,18
646.5,EARLY_CONCAT,18
647.0,EARLY_CONCAT,18
647.5,EARLY_CONCAT,18
648.0,EARLY_CONCAT,18
648.5,EARLY_CONCAT,18
649.0,EARLY_CONCAT,18
649.5,EARLY_CONCAT,18
650.0,EARLY_CONCAT,18
650.5,EARLY_CONCAT,18
651.0,EARLY_CONCAT,18
651.5,EARLY_CONCAT,18
652.0,EARLY_CONCAT,18
652.5,EARLY_CONCAT,18
653.0,EARLY_CONCAT,18
653.5,EARLY_CONCAT,18
654.0,EARLY_CONCAT,18
654.5,EARLY_CONCAT,18
655.0,EARLY_CONCAT,18
655.5,EARLY_CONCAT,18
656.0,EARLY_CONCAT,18
656.5,EARLY_CONCAT,18
657.0,EARLY_CONCAT,14
657.5,EARLY_CONCAT,14
658.0,EARLY_CONCAT,14
658.5,EARLY_CONCAT,14
659.0,EARLY_CONCAT,14
659.5,EARLY_CONCAT,14
660.0,EARLY_CONCAT,14
660.5,EARLY_CONCAT,14
661.0,EARLY_CONCAT,14
661.5,EARLY_CONCAT,14
662.0,EARLY_CONCAT,14
662.5,EARLY_CONCAT,14
663.0,EARLY_CONCAT,14
663.5,EARLY_CONCAT,14
664.0,EARLY_CONCAT,14
664.5,EARLY_CONCAT,14
665.0,EARLY_CONCAT,14
665.5,EARLY_CONCAT,14
666.0,EARLY_CONCAT,14
666.5,EARLY_CONCAT,14
667.0,EARLY_CONCAT,14
667.5,EARLY_CONCAT,14
668.0,EARLY_CONCAT,14
668.5,EARLY_CONCAT,14
669.0,EARLY_CONCAT,14
669.5,EARLY_CONCAT,14
670.0,EARLY_CONCAT,14
670.5,EARLY_CONCAT,14
671.0,EARLY_CONCAT,14
671.5,EARLY_CONCAT,14
672.0,EARLY_CONCAT,14
672.5,EARLY_CONCAT,14
673.0,EARLY_CONCAT,14
673.5,EARLY_CONCAT,14
674.0,EARLY_CONCAT,14
674.5,EARLY_CONCAT,14
675.0,EARLY_CONCAT,14
675.5,EARLY_CONCAT,14
676.0,EARLY_CONCAT,14
676.5,EARLY_CONCAT,14
677.0,EARLY_CONCAT,14
677.5,EARLY_CONCAT,14
678.0,EARLY_CONCAT,14
678.5,EARLY_CONCAT,14
679.0,EARLY_CONCAT,14
679.5,EARLY_CONCAT,14
680.0,EARLY_CONCAT,14
680.5,EARLY_CONCAT,14
681.0,EARLY_CONCAT,14
681.5,EARLY_CONCAT,14
682.0,EARLY_CONCAT,14
682.5,EARLY_CONCAT,18
683.0,EARLY_CONCAT,18
683.5,EARLY_CONCAT,18
684.0,EARLY_CONCAT,18
684.5,EARLY_CONCAT,18
685.0,EARLY_CONCAT,18
685.5,EARLY_CONCAT,18
686.0,EARLY_CONCAT,18
686.5,EARLY_CONCAT,18
687.0,EARLY_CONCAT,18
687.5,EARLY_CONCAT,18
688.0,EARLY_CONCAT,18
688.5,EARLY_CONCAT,18
689.0,EARLY_CONCAT,18
689.5,EARLY_CONCAT,18
690.0,EARLY_CONCAT,18
690.5,EARLY_CONCAT,18
691.0,EARLY_CONCAT,18
691.5,EARLY_CONCAT,18
692.0,EARLY_CONCAT,18
692.5,EARLY_CONCAT,18
693.0,EARLY_CONCAT,18
693.5,EARLY_CONCAT,18
694.0,EARLY_CONCAT,18
694.5,EARLY_CONCAT,18
695.0,EARLY_CONCAT,18
695.5,EARLY_CONCAT,18
696.0,EARLY_CONCAT,18
696.5,EARLY_CONCAT,18
697.0,EARLY_CONCAT,18
697.5,EARLY_CONCAT,18
698.0,EARLY_CONCAT,18
698.5,EARLY_CONCAT,18
699.0,EARLY_CONCAT,18
699.5,EARLY_CONCAT,18
700.0,EARLY_CONCAT,18
700.5,EARLY_CONCAT,18
701.0,EARLY_CONCAT,18
701.5,EARLY_CONCAT,18
702.0,EARLY_CONCAT,18
702.5,EARLY_CONCAT,18
703.0,EARLY_CONCAT,18
703.5,EARLY_CONCAT,18
704.0,EARLY_CONCAT,18
704.5,EARLY_CONCAT,18
705.0,EARLY_CONCAT,18
705.5,EARLY_CONCAT,18
706.0,EARLY_CONCAT,18
706.5,EARLY_CONCAT,18
707.0,EARLY_CONCAT,18
707.5,EARLY_CONCAT,18
708.0,EARLY_CONCAT,18
708.5,EARLY_CONCAT,18
709.0,EARLY_CONCAT,18
709.5,EARLY_CONCAT,18
710.0,EARLY_CONCAT,18
710.5,EARLY_CONCAT,18
711.0,EARLY_CONCAT,18
711.5,EARLY_CONCAT,18
712.0,EARLY_CONCAT,18
712.5,EARLY_CONCAT,18
713.0,EARLY_CONCAT,18
713.5,EARLY_CONCAT,18
714.0,EARLY_CONCAT,18
714.5,EARLY_CONCAT,18
715.0,EARLY_CONCAT,18
715.5,EARLY_CONCAT,18
716.0,EARLY_CONCAT,18
716.5,EARLY_CONCAT,18
717.0,EARLY_CONCAT,18
717.5,EARLY_CONCAT,18
718.0,EARLY_CONCAT,18
718.5,EARLY_CONCAT,18
719.0,EARLY_CONCAT,18
719.5,EARLY_CONCAT,18
720.0,EARLY_CONCAT,18
720.5,EARLY_CONCAT,18
721.0,EARLY_CONCAT,18
721.5,EARLY_CONCAT,18
722.0,EARLY_CONCAT,18
722.5,EARLY_CONCAT,18
723.0,EARLY_CONCAT,18
723.5,EARLY_CONCAT,18
724.0,EARLY_CONCAT,18
724.5,EARLY_CONCAT,18
725.0,EARLY_CONCAT,18
725.5,EARLY_CONCAT,18
726.0,EARLY_CONCAT,18
726.5,EARLY_CONCAT,8
727.0,EARLY_CONCAT,8
727.5,EARLY_CONCAT,8
728.0,EARLY_CONCAT,8
728.5,EARLY_CONCAT,8
729.0,EARLY_CONCAT,8
729.5,EARLY_CONCAT,8
730.0,EARLY_CONCAT,8
730.5,EARLY_CONCAT,9
731.0,EARLY_CONCAT,9
731.5,EARLY_CONCAT,9
732.0,EARLY_CONCAT,9
732.5,EARLY_CONCAT,9
733.0,EARLY_CONCAT,9
733.5,EARLY_CONCAT,9
734.0,EARLY_CONCAT,9
734.5,EARLY_CONCAT,9
735.0,EARLY_CONCAT,9
735.5,EARLY_CONCAT,9
736.0,EARLY_CONCAT,9
736.5,EARLY_CONCAT,9
737.0,EARLY_CONCAT,9
737.5,EARLY_CONCAT,9
738.0,EARLY_CONCAT,9
738.5,EARLY_CONCAT,9
739.0,EARLY_CONCAT,9
739.5,EARLY_CONCAT,9
740.0,EARLY_CONCAT,9
740.5,EARLY_CONCAT,9
741.0,EARLY_CONCAT,9
741.5,EARLY_CONCAT,9
742.0,EARLY_CONCAT,9
742.5,EARLY_CONCAT,9
743.0,EARLY_CONCAT,9
743.5,EARLY_CONCAT,9
744.0,EARLY_CONCAT,9
744.5,EARLY_CONCAT,9
745.0,EARLY_CONCAT,9
745.5,EARLY_CONCAT,9
746.0,EARLY_CONCAT,9
746.5,EARLY_CONCAT,9
747.0,EARLY_CONCAT,9
747.5,EARLY_CONCAT,9
748.0,EARLY_CONCAT,9
748.5,EARLY_CONCAT,9
749.0,EARLY_CONCAT,9
749.5,EARLY_CONCAT,9
750.0,EARLY_CONCAT,9
750.5,EARLY_CONCAT,9
751.0,EARLY_CONCAT,9
751.5,EARLY_CONCAT,9
752.0,EARLY_CONCAT,9
752.5,EARLY_CONCAT,9
753.0,EARLY_CONCAT,9
753.5,EARLY_CONCAT,9
754.0,EARLY_CONCAT,9
754.5,EARLY_CONCAT,9
755.0,EARLY_CONCAT,9
755.5,EARLY_CONCAT,9
756.0,EARLY_CONCAT,9
756.5,EARLY_CONCAT,9
757.0,EARLY_CONCAT,9
757.5,EARLY_CONCAT,9
758.0,EARLY_CONCAT,9
758.5,EARLY_CONCAT,9
759.0,EARLY_CONCAT,9
759.5,EARLY_CONCAT,9
760.0,EARLY_CONCAT,9
760.5,EARLY_CONCAT,9
761.0,EARLY_CONCAT,9
761.5,EARLY_CONCAT,9
762.0,EARLY_CONCAT,9
762.5,EARLY_CONCAT,9
763.0,EARLY_CONCAT,9
763.5,EARLY_CONCAT,9
764.0,EARLY_CONCAT,9
764.5,EARLY_CONCAT,9
765.0,EARLY_CONCAT,9
765.5,EARLY_CONCAT,9
766.0,EARLY_CONCAT,9
766.5,EARLY_CONCAT,9
767.0,EARLY_CONCAT,9
767.5,EARLY_CONCAT,9
768.0,EARLY_CONCAT,9
768.5,EARLY_CONCAT,9
769.0,EARLY_CONCAT,9
769.5,EARLY_CONCAT,9
770.0,EARLY_CONCAT,9
770.5,EARLY_CONCAT,9
771.0,EARLY_CONCAT,9
771.5,EARLY_CONCAT,9
772.0,EARLY_CONCAT,9
772.5,EARLY_CONCAT,9
773.0,EARLY_CONCAT,9
773.5,EARLY_CONCAT,9
774.0,EARLY_CONCAT,9
774.5,EARLY_CONCAT,9
775.0,EARLY_CONCAT,9
775.5,EARLY_CONCAT,9
776.0,EARLY_CONCAT,9
776.5,EARLY_CONCAT,9
777.0,EARLY_CONCAT,9
777.5,EARLY_CONCAT,9
778.0,EARLY_CONCAT,9
778.5,EARLY_CONCAT,9
779.0,EARLY_CONCAT,9
779.5,EARLY_CONCAT,9
780.0,EARLY_CONCAT,9
780.5,EARLY_CONCAT,9
781.0,EARLY_CONCAT,9
781.5,EARLY_CONCAT,9
782.0,EARLY_CONCAT,9
782.5,EARLY_CONCAT,9
783.0,EARLY_CONCAT,9
783.5,EARLY_CONCAT,9
784.0,EARLY_CONCAT,9
784.5,EARLY_CONCAT,9
785.0,EARLY_CONCAT,9
785.5,EARLY_CONCAT,9
786.0,EARLY_CONCAT,9
786.5,EARLY_CONCAT,9
787.0,EARLY_CONCAT,9
787.5,EARLY_CONCAT,9
788.0,EARLY_CONCAT,9
788.5,EARLY_CONCAT,9
789.0,EARLY_CONCAT,9
789.5,EARLY_CONCAT,9
790.0,EARLY_CONCAT,9
790.5,EARLY_CONCAT,9
791.0,EARLY_CONCAT,9
791.5,EARLY_CONCAT,9
792.0,EARLY_CONCAT,9
792.5,EARLY_CONCAT,9
793.0,EARLY_CONCAT,9
793.5,EARLY_CONCAT,9
794.0,EARLY_CONCAT,9
794.5,EARLY_CONCAT,9
795.0,EARLY_CONCAT,9
795.5,EARLY_CONCAT,9
796.0,EARLY_CONCAT,9
796.5,EARLY_CONCAT,9
797.0,EARLY_CONCAT,9
797.5,EARLY_CONCAT,9
798.0,EARLY_CONCAT,9
798.5,EARLY_CONCAT,9
799.0,EARLY_CONCAT,9
799.5,EARLY_CONCAT,9
800.0,EARLY_CONCAT,9
800.5,EARLY_CONCAT,9
801.0,EARLY_CONCAT,9
801.5,EARLY_CONCAT,9
802.0,EARLY_CONCAT,9
802.5,EARLY_CONCAT,18
803.0,EARLY_CONCAT,18
803.5,EARLY_CONCAT,18
804.0,EARLY_CONCAT,18
804.5,EARLY_CONCAT,18
805.0,EARLY_CONCAT,18
805.5,EARLY_CONCAT,18
806.0,EARLY_CONCAT,18
806.5,EARLY_CONCAT,18
807.0,EARLY_CONCAT,18
807.5,EARLY_CONCAT,18
808.0,EARLY_CONCAT,18
808.5,EARLY_CONCAT,18
809.0,EARLY_CONCAT,18
809.5,EARLY_CONCAT,18
810.0,EARLY_CONCAT,18
810.5,EARLY_CONCAT,18
811.0,EARLY_CONCAT,18
811.5,EARLY_CONCAT,18
812.0,EARLY_CONCAT,18
812.5,EARLY_CONCAT,18
813.0,EARLY_CONCAT,18
813.5,EARLY_CONCAT,18
814.0,EARLY_CONCAT,18
814.5,EARLY_CONCAT,18
815.0,EARLY_CONCAT,18
815.5,EARLY_CONCAT,18
816.0,EARLY_CONCAT,18
816.5,EARLY_CONCAT,18
817.0,EARLY_CONCAT,18
817.5,EARLY_CONCAT,18
818.0,EARLY_CONCAT,18
818.5,EARLY_CONCAT,18
819.0,EARLY_CONCAT,18
819.5,EARLY_CONCAT,18
820.0,EARLY_CONCAT,18
820.5,EARLY_CONCAT,18
821.0,EARLY_CONCAT,18
821.5,EARLY_CONCAT,18
822.0,EARLY_CONCAT,18
822.5,EARLY_CONCAT,18
823.0,EARLY_CONCAT,18
823.5,EARLY_CONCAT,18
824.0,EARLY_CONCAT,18
824.5,EARLY_CONCAT,18
825.0,EARLY_CONCAT,18
825.5,EARLY_CONCAT,18
826.0,EARLY_CONCAT,18
826.5,EARLY_CONCAT,18
827.0,EARLY_CONCAT,18
827.5,EARLY_CONCAT,18
828.0,EARLY_CONCAT,18
828.5,EARLY_CONCAT,18
829.0,EARLY_CONCAT,18
829.5,EARLY_CONCAT,18
830.0,EARLY_CONCAT,18
830.5,EARLY_CONCAT,18
831.0,EARLY_CONCAT,18
831.5,EARLY_CONCAT,15
832.0,EARLY_CONCAT,15
832.5,EARLY_CONCAT,15
833.0,EARLY_CONCAT,15
833.5,EARLY_CONCAT,15
834.0,EARLY_CONCAT,15
834.5,EARLY_CONCAT,15
835.0,EARLY_CONCAT,15
835.5,EARLY_CONCAT,15
836.0,EARLY_CONCAT,15
836.5,EARLY_CONCAT,15
837.0,EARLY_CONCAT,15
837.5,EARLY_CONCAT,15
838.0,EARLY_CONCAT,15
838.5,EARLY_CONCAT,15
839.0,EARLY_CONCAT,15
839.5,EARLY_CONCAT,15
840.0,EARLY_CONCAT,15
840.5,EARLY_CONCAT,15
841.0,EARLY_CONCAT,15
841.5,EARLY_CONCAT,15
842.0,EARLY_CONCAT,15
842.5,EARLY_CONCAT,15
843.0,EARLY_CONCAT,15
843.5,EARLY_CONCAT,15
844.0,EARLY_CONCAT,15
844.5,EARLY_CONCAT,15
845.0,EARLY_CONCAT,15
845.5,EARLY_CONCAT,15
846.0,EARLY_CONCAT,15
846.5,EARLY_CONCAT,15
847.0,EARLY_CONCAT,15
847.5,EARLY_CONCAT,15
848.0,EARLY_CONCAT,15
848.5,EARLY_CONCAT,15
849.0,EARLY_CONCAT,15
849.5,EARLY_CONCAT,15
850.0,EARLY_CONCAT,15
850.5,EARLY_CONCAT,15
851.0,EARLY_CONCAT,15
851.5,EARLY_CONCAT,15
852.0,EARLY_CONCAT,15
852.5,EARLY_CONCAT,15
853.0,EARLY_CONCAT,15
853.5,EARLY_CONCAT,15
854.0,EARLY_CONCAT,15
854.5,EARLY_CONCAT,15
855.0,EARLY_CONCAT,15
855.5,EARLY_CONCAT,15
856.0,EARLY_CONCAT,15
856.5,EARLY_CONCAT,15
857.0,EARLY_CONCAT,15
857.5,EARLY_CONCAT,15
858.0,EARLY_CONCAT,15
858.5,EARLY_CONCAT,15
859.0,EARLY_CONCAT,15
859.5,EARLY_CONCAT,15
860.0,EARLY_CONCAT,15
860.5,EARLY_CONCAT,15
861.0,EARLY_CONCAT,15
861.5,EARLY_CONCAT,15
862.0,EARLY_CONCAT,15
862.5,EARLY_CONCAT,15
863.0,EARLY_CONCAT,15
863.5,EARLY_CONCAT,15
864.0,EARLY_CONCAT,15
864.5,EARLY_CONCAT,15
865.0,EARLY_CONCAT,15
865.5,EARLY_CONCAT,15
866.0,EARLY_CONCAT,15
866.5,EARLY_CONCAT,15
867.0,EARLY_CONCAT,15
867.5,EARLY_CONCAT,15
868.0,EARLY_CONCAT,15
868.5,EARLY_CONCAT,15
869.0,EARLY_CONCAT,15
869.5,EARLY_CONCAT,15
870.0,EARLY_CONCAT,15
870.5,EARLY_CONCAT,15
871.0,EARLY_CONCAT,15
871.5,EARLY_CONCAT,15
872.0,EARLY_CONCAT,15
872.5,EARLY_CONCAT,15
873.0,EARLY_CONCAT,15
873.5,EARLY_CONCAT,15
874.0,EARLY_CONCAT,15
874.5,EARLY_CONCAT,15
875.0,EARLY_CONCAT,15
875.5,EARLY_CONCAT,15
876.0,EARLY_CONCAT,15
876.5,EARLY_CONCAT,15
877.0,EARLY_CONCAT,15
877.5,EARLY_CONCAT,15
878.0,EARLY_CONCAT,15
878.5,EARLY_CONCAT,15
879.0,EARLY_CONCAT,15
879.5,EARLY_CONCAT,15
880.0,EARLY_CONCAT,15
880.5,EARLY_CONCAT,15
881.0,EARLY_CONCAT,15
881.5,EARLY_CONCAT,15
882.0,EARLY_CONCAT,15
882.5,EARLY_CONCAT,15
883.0,EARLY_CONCAT,15
883.5,EARLY_CONCAT,15
884.0,EARLY_CONCAT,15
884.5,EARLY_CONCAT,15
885.0,EARLY_CONCAT,15
885.5,EARLY_CONCAT,15
886.0,EARLY_CONCAT,15
886.5,EARLY_CONCAT,15
887.0,EARLY_CONCAT,15
887.5,EARLY_CONCAT,15
888.0,EARLY_CONCAT,15
888.5,EARLY_CONCAT,15
889.0,EARLY_CONCAT,15
889.5,EARLY_CONCAT,15
890.0,EARLY_CONCAT,15
890.5,EARLY_CONCAT,15
891.0,EARLY_CONCAT,15
891.5,EARLY_CONCAT,15
892.0,EARLY_CONCAT,15
892.5,EARLY_CONCAT,15
893.0,EARLY_CONCAT,15
893.5,EARLY_CONCAT,15
894.0,EARLY_CONCAT,15
894.5,EARLY_CONCAT,15
895.0,EARLY_CONCAT,15
895.5,EARLY_CONCAT,15
896.0,EARLY_CONCAT,15
896.5,EARLY_CONCAT,15
897.0,EARLY_CONCAT,15
897.5,EARLY_CONCAT,15
898.0,EARLY_CONCAT,15
898.5,EARLY_CONCAT,15
899.0,EARLY_CONCAT,15
899.5,EARLY_CONCAT,15
900.0,EARLY_CONCAT,15
900.5,EARLY_CONCAT,15
901.0,EARLY_CONCAT,15
901.5,EARLY_CONCAT,15
902.0,EARLY_CONCAT,15
902.5,EARLY_CONCAT,15
903.0,EARLY_CONCAT,15
903.5,EARLY_CONCAT,15
904.0,EARLY_CONCAT,15
904.5,EARLY_CONCAT,15
905.0,EARLY_CONCAT,15
905.5,EARLY_CONCAT,15
906.0,EARLY_CONCAT,15
906.5,EARLY_CONCAT,15
907.0,EARLY_CONCAT,15
907.5,EARLY_CONCAT,15
908.0,EARLY_CONCAT,15
908.5,EARLY_CONCAT,15
909.0,EARLY_CONCAT,15
909.5,EARLY_CONCAT,15
910.0,EARLY_CONCAT,15
910.5,EARLY_CONCAT,15
911.0,EARLY_CONCAT,15
911.5,EARLY_CONCAT,15
912.0,EARLY_CONCAT,15
912.5,EARLY_CONCAT,15
913.0,EARLY_CONCAT,15
913.5,EARLY_CONCAT,15
914.0,EARLY_CONCAT,15
914.5,EARLY_CONCAT,15
915.0,EARLY_CONCAT,15
915.5,EARLY_CONCAT,15
916.0,EARLY_CONCAT,15
916.5,EARLY_CONCAT,15
917.0,EARLY_CONCAT,15
917.5,EARLY_CONCAT,15
918.0,EARLY_CONCAT,15
918.5,EARLY_CONCAT,15
919.0,EARLY_CONCAT,15
919.5,EARLY_CONCAT,15
920.0,EARLY_CONCAT,15
920.5,EARLY_CONCAT,15
921.0,EARLY_CONCAT,15
921.5,EARLY_CONCAT,15
922.0,EARLY_CONCAT,15
922.5,EARLY_CONCAT,15
923.0,EARLY_CONCAT,15
923.5,EARLY_CONCAT,15
924.0,EARLY_CONCAT,15
924.5,EARLY_CONCAT,15
925.0,EARLY_CONCAT,15
925.5,EARLY_CONCAT,15
926.0,EARLY_CONCAT,15
926.5,EARLY_CONCAT,15
927.0,EARLY_CONCAT,15
927.5,EARLY_CONCAT,15
928.0,EARLY_CONCAT,15
928.5,EARLY_CONCAT,15
929.0,EARLY_CONCAT,15
929.5,EARLY_CONCAT,15
930.0,EARLY_CONCAT,15
930.5,EARLY_CONCAT,15
931.0,EARLY_CONCAT,15
931.5,EARLY_CONCAT,15
932.0,EARLY_CONCAT,15
932.5,EARLY_CONCAT,15
933.0,EARLY_CONCAT,15
933.5,EARLY_CONCAT,15
934.0,EARLY_CONCAT,15
934.5,EARLY_CONCAT,18
935.0,EARLY_CONCAT,18
935.5,EARLY_CONCAT,18
936.0,EARLY_CONCAT,18
936.5,EARLY_CONCAT,18
937.0,EARLY_CONCAT,18
937.5,EARLY_CONCAT,18
938.0,EARLY_CONCAT,18
938.5,EARLY_CONCAT,18
939.0,EARLY_CONCAT,18
939.5,EARLY_CONCAT,18
940.0,EARLY_CONCAT,18
940.5,EARLY_CONCAT,18
941.0,EARLY_CONCAT,18
941.5,EARLY_CONCAT,18
942.0,EARLY_CONCAT,18
942.5,EARLY_CONCAT,18
943.0,EARLY_CONCAT,18
943.5,EARLY_CONCAT,18
944.0,EARLY_CONCAT,18
944.5,EARLY_CONCAT,18
945.0,EARLY_CONCAT,18
945.5,EARLY_CONCAT,18
946.0,EARLY_CONCAT,18
946.5,EARLY_CONCAT,18
947.0,EARLY_CONCAT,18
947.5,EARLY_CONCAT,18
948.0,EARLY_CONCAT,18
948.5,EARLY_CONCAT,18
949.0,EARLY_CONCAT,18
949.5,EARLY_CONCAT,18
950.0,EARLY_CONCAT,18
950.5,EARLY_CONCAT,18
951.0,EARLY_CONCAT,18
951.5,EARLY_CONCAT,18
952.0,EARLY_CONCAT,18
952.5,EARLY_CONCAT,18
953.0,EARLY_CONCAT,18
953.5,EARLY_CONCAT,18
954.0,EARLY_CONCAT,18
954.5,EARLY_CONCAT,18
955.0,EARLY_CONCAT,18
955.5,EARLY_CONCAT,18
956.0,EARLY_CONCAT,18
956.5,EARLY_CONCAT,18
957.0,EARLY_CONCAT,18
957.5,EARLY_CONCAT,18
958.0,EARLY_CONCAT,18
958.5,EARLY_CONCAT,18
959.0,EARLY_CONCAT,18
959.5,EARLY_CONCAT,18
960.0,EARLY_CONCAT,18
960.5,EARLY_CONCAT,18
961.0,EARLY_CONCAT,18
961.5,EARLY_CONCAT,18
962.0,EARLY_CONCAT,18
962.5,EARLY_CONCAT,18
963.0,EARLY_CONCAT,18
963.5,EARLY_CONCAT,18
964.0,EARLY_CONCAT,18
964.5,EARLY_CONCAT,18
965.0,EARLY_CONCAT,18
965.5,EARLY_CONCAT,18
966.0,EARLY_CONCAT,18
966.5,EARLY_CONCAT,18
967.0,EARLY_CONCAT,18
967.5,EARLY_CONCAT,18
968.0,EARLY_CONCAT,17
968.5,EARLY_CONCAT,17
969.0,EARLY_CONCAT,17
969.5,EARLY_CONCAT,17
970.0,EARLY_CONCAT,17
970.5,EARLY_CONCAT,17
971.0,EARLY_CONCAT,17
971.5,EARLY_CONCAT,17
972.0,EARLY_CONCAT,17
972.5,EARLY_CONCAT,17
973.0,EARLY_CONCAT,17
973.5,EARLY_CONCAT,17
974.0,EARLY_CONCAT,17
974.5,EARLY_CONCAT,17
975.0,EARLY_CONCAT,17
975.5,EARLY_CONCAT,17
976.0,EARLY_CONCAT,17
976.5,EARLY_CONCAT,17
977.0,EARLY_CONCAT,17
977.5,EARLY_CONCAT,17
978.0,EARLY_CONCAT,17
978.5,EARLY_CONCAT,17
979.0,EARLY_CONCAT,17
979.5,EARLY_CONCAT,17
980.0,EARLY_CONCAT,17
980.5,EARLY_CONCAT,17
981.0,EARLY_CONCAT,17
981.5,EARLY_CONCAT,17
982.0,EARLY_CONCAT,17
982.5,EARLY_CONCAT,17
983.0,EARLY_CONCAT,17
983.5,EARLY_CONCAT,17
984.0,EARLY_CONCAT,17
984.5,EARLY_CONCAT,17
985.0,EARLY_CONCAT,17
985.5,EARLY_CONCAT,18
986.0,EARLY_CONCAT,18
986.5,EARLY_CONCAT,18
987.0,EARLY_CONCAT,18
987.5,EARLY_CONCAT,18
988.0,EARLY_CONCAT,18
988.5,EARLY_CONCAT,18
989.0,EARLY_CONCAT,18
989.5,EARLY_CONCAT,18
990.0,EARLY_CONCAT,18
990.5,EARLY_CONCAT,18
991.0,EARLY_CONCAT,18
991.5,EARLY_CONCAT,18
992.0,EARLY_CONCAT,18
992.5,EARLY_CONCAT,18
993.0,EARLY_CONCAT,18
993.5,EARLY_CONCAT,18
994.0,EARLY_CONCAT,18
994.5,EARLY_CONCAT,18
995.0,EARLY_CONCAT,18
995.5,EARLY_CONCAT,18
996.0,EARLY_CONCAT,18
996.5,EARLY_CONCAT,18
997.0,EARLY_CONCAT,18
997.5,EARLY_CONCAT,18
998.0,EARLY_CONCAT,18
998.5,EARLY_CONCAT,18
999.0,EARLY_CONCAT,18
999.5,EARLY_CONCAT,18
1000.0,EARLY_CONCAT,18
1000.5,EARLY_CONCAT,18
1001.0,EARLY_CONCAT,18
1001.5,EARLY_CONCAT,18
1002.0,EARLY_CONCAT,18
1002.5,EARLY_CONCAT,18
1003.0,EARLY_CONCAT,18
1003.5,EARLY_CONCAT,18
1004.0,EARLY_CONCAT,17
1004.5,EARLY_CONCAT,17
1005.0,EARLY_CONCAT,17
1005.5,EARLY_CONCAT,17
1006.0,EARLY_CONCAT,17
1006.5,EARLY_CONCAT,17
1007.0,EARLY_CONCAT,17
1007.5,EARLY_CONCAT,17
1008.0,EARLY_CONCAT,17
1008.5,EARLY_CONCAT,17
1009.0,EARLY_CONCAT,17
1009.5,EARLY_CONCAT,17
1010.0,EARLY_CONCAT,17
1010.5,EARLY_CONCAT,17
1011.0,EARLY_CONCAT,17
1011.5,EARLY_CONCAT,17
1012.0,EARLY_CONCAT,17
1012.5,EARLY_CONCAT,17
1013.0,EARLY_CONCAT,17
1013.5,EARLY_CONCAT,17
1014.0,EARLY_CONCAT,17
1014.5,EARLY_CONCAT,17
1015.0,EARLY_CONCAT,17
1015.5,EARLY_CONCAT,17
1016.0,EARLY_CONCAT,17
1016.5,EARLY_CONCAT,17
1017.0,EARLY_CONCAT,17
1017.5,EARLY_CONCAT,17
1018.0,EARLY_CONCAT,17
1018.5,EARLY_CONCAT,17
1019.0,EARLY_CONCAT,17
1019.5,EARLY_CONCAT,17
1020.0,EARLY_CONCAT,17
1020.5,EARLY_CONCAT,17
1021.0,EARLY_CONCAT,17
1021.5,EARLY_CONCAT,17
1022.0,EARLY_CONCAT,17
1022.5,EARLY_CONCAT,17
1023.0,EARLY_CONCAT,17
1023.5,EARLY_CONCAT,17
1024.0,EARLY_CONCAT,17
1024.5,EARLY_CONCAT,17
1025.0,EARLY_CONCAT,17
1025.5,EARLY_CONCAT,17
1026.0,EARLY_CONCAT,17
1026.5,EARLY_CONCAT,17
1027.0,EARLY_CONCAT,17
1027.5,EARLY_CONCAT,17
1028.0,EARLY_CONCAT,17
1028.5,EARLY_CONCAT,17
1029.0,EARLY_CONCAT,17
1029.5,EARLY_CONCAT,17
1030.0,EARLY_CONCAT,17
1030.5,EARLY_CONCAT,17
1031.0,EARLY_CONCAT,17
1031.5,EARLY_CONCAT,17
1032.0,EARLY_CONCAT,18
1032.5,EARLY_CONCAT,18
1033.0,EARLY_CONCAT,18
1033.5,EARLY_CONCAT,18
1034.0,EARLY_CONCAT,18
1034.5,EARLY_CONCAT,18
1035.0,EARLY_CONCAT,18
1035.5,EARLY_CONCAT,18
1036.0,EARLY_CONCAT,18
1036.5,EARLY_CONCAT,18
1037.0,EARLY_CONCAT,18
1037.5,EARLY_CONCAT,18
1038.0,EARLY_CONCAT,18
1038.5,EARLY_CONCAT,18
1039.0,EARLY_CONCAT,18
1039.5,EARLY_CONCAT,18
1040.0,EARLY_CONCAT,18
1040.5,EARLY_CONCAT,18
1041.0,EARLY_CONCAT,18
1041.5,EARLY_CONCAT,18
1042.0,EARLY_CONCAT,18
1042.5,EARLY_CONCAT,18
1043.0,EARLY_CONCAT,18
1043.5,EARLY_CONCAT,18
1044.0,EARLY_CONCAT,18
1044.5,EARLY_CONCAT,18
1045.0,EARLY_CONCAT,18
1045.5,EARLY_CONCAT,18
1046.0,EARLY_CONCAT,18
1046.5,EARLY_CONCAT,18
1047.0,EARLY_CONCAT,18
1047.5,EARLY_CONCAT,18
1048.0,EARLY_CONCAT,18
1048.5,EARLY_CONCAT,18
1049.0,EARLY_CONCAT,18
1049.5,EARLY_CONCAT,18
1050.0,EARLY_CONCAT,18
1050.5,EARLY_CONCAT,18
1051.0,EARLY_CONCAT,18
1051.5,EARLY_CONCAT,18
1052.0,EARLY_CONCAT,18
1052.5,EARLY_CONCAT,18
1053.0,EARLY_CONCAT,18
1053.5,EARLY_CONCAT,17
1054.0,EARLY_CONCAT,17
1054.5,EARLY_CONCAT,17
1055.0,EARLY_CONCAT,17
1055.5,EARLY_CONCAT,17
1056.0,EARLY_CONCAT,17
1056.5,EARLY_CONCAT,17
1057.0,EARLY_CONCAT,17
1057.5,EARLY_CONCAT,17
1058.0,EARLY_CONCAT,17
1058.5,EARLY_CONCAT,17
1059.0,EARLY_CONCAT,17
1059.5,EARLY_CONCAT,17
1060.0,EARLY_CONCAT,17
1060.5,EARLY_CONCAT,17
1061.0,EARLY_CONCAT,17
1061.5,EARLY_CONCAT,17
1062.0,EARLY_CONCAT,17
1062.5,EARLY_CONCAT,17
1063.0,EARLY_CONCAT,17
1063.5,EARLY_CONCAT,17
1064.0,EARLY_CONCAT,17
1064.5,EARLY_CONCAT,17
1065.0,EARLY_CONCAT,17
1065.5,EARLY_CONCAT,17
1066.0,EARLY_CONCAT,17
1066.5,EARLY_CONCAT,17
1067.0,EARLY_CONCAT,17
1067.5,EARLY_CONCAT,17
1068.0,EARLY_CONCAT,17
1068.5,EARLY_CONCAT,17
1069.0,EARLY_CONCAT,17
1069.5,EARLY_CONCAT,17
1070.0,EARLY_CONCAT,17
1070.5,EARLY_CONCAT,17
1071.0,EARLY_CONCAT,17
1071.5,EARLY_CONCAT,17
1072.0,EARLY_CONCAT,17
1072.5,EARLY_CONCAT,17
1073.0,EARLY_CONCAT,17
1073.5,EARLY_CONCAT,17
1074.0,EARLY_CONCAT,17
1074.5,EARLY_CONCAT,17
1075.0,EARLY_CONCAT,18
1075.5,EARLY_CONCAT,18
1076.0,EARLY_CONCAT,18
1076.5,EARLY_CONCAT,18
1077.0,EARLY_CONCAT,18
1077.5,EARLY_CONCAT,18
1078.0,EARLY_CONCAT,18
1078.5,EARLY_CONCAT,18
1079.0,EARLY_CONCAT,18
1079.5,EARLY_CONCAT,18
1080.0,EARLY_CONCAT,18
1080.5,EARLY_CONCAT,18
1081.0,EARLY_CONCAT,18
1081.5,EARLY_CONCAT,18
1082.0,EARLY_CONCAT,18
1082.5,EARLY_CONCAT,18
1083.0,EARLY_CONCAT,18
1083.5,EARLY_CONCAT,18
1084.0,EARLY_CONCAT,18
1084.5,EARLY_CONCAT,18
1085.0,EARLY_CONCAT,18
1085.5,EARLY_CONCAT,18
1086.0,EARLY_CONCAT,18
1086.5,EARLY_CONCAT,18
1087.0,EARLY_CONCAT,18
1087.5,EARLY_CONCAT,18
1088.0,EARLY_CONCAT,18
1088.5,EARLY_CONCAT,18
1089.0,EARLY_CONCAT,18
1089.5,EARLY_CONCAT,18
1090.0,EARLY_CONCAT,18
1090.5,EARLY_CONCAT,18
1091.0,EARLY_CONCAT,18
1091.5,EARLY_CONCAT,18
1092.0,EARLY_CONCAT,18
1092.5,EARLY_CONCAT,18
1093.0,EARLY_CONCAT,18
1093.5,EARLY_CONCAT,18
1094.0,EARLY_CONCAT,18
1094.5,EARLY_CONCAT,18
1095.0,EARLY_CONCAT,18
1095.5,EARLY_CONCAT,18
1096.0,EARLY_CONCAT,18
1096.5,EARLY_CONCAT,18
1097.0,EARLY_CONCAT,18
1097.5,EARLY_CONCAT,18
1098.0,EARLY_CONCAT,18
1098.5,EARLY_CONCAT,18
1099.0,EARLY_CONCAT,18
1099.5,EARLY_CONCAT,18
1100.0,EARLY_CONCAT,18
1100.5,EARLY_CONCAT,18
1101.0,EARLY_CONCAT,18
1101.5,EARLY_CONCAT,18
1102.0,EARLY_CONCAT,18
1102.5,EARLY_CONCAT,18
1103.0,EARLY_CONCAT,18
1103.5,EARLY_CONCAT,18
1104.0,EARLY_CONCAT,18
1104.5,EARLY_CONCAT,18
1105.0,EARLY_CONCAT,18
1105.5,EARLY_CONCAT,18
1106.0,EARLY_CONCAT,18
1106.5,EARLY_CONCAT,18
1107.0,EARLY_CONCAT,16
1107.5,EARLY_CONCAT,16
1108.0,EARLY_CONCAT,16
1108.5,EARLY_CONCAT,16
1109.0,EARLY_CONCAT,16
1109.5,EARLY_CONCAT,16
1110.0,EARLY_CONCAT,16
1110.5,EARLY_CONCAT,16
1111.0,EARLY_CONCAT,16
1111.5,EARLY_CONCAT,16
1112.0,EARLY_CONCAT,16
1112.5,EARLY_CONCAT,16
1113.0,EARLY_CONCAT,16
1113.5,EARLY_CONCAT,16
1114.0,EARLY_CONCAT,16
1114.5,EARLY_CONCAT,16
1115.0,EARLY_CONCAT,16
1115.5,EARLY_CONCAT,16
1116.0,EARLY_CONCAT,16
1116.5,EARLY_CONCAT,16
1117.0,EARLY_CONCAT,16
1117.5,EARLY_CONCAT,16
1118.0,EARLY_CONCAT,16
1118.5,EARLY_CONCAT,16
1119.0,EARLY_CONCAT,16
1119.5,EARLY_CONCAT,16
1120.0,EARLY_CONCAT,16
1120.5,EARLY_CONCAT,16
1121.0,EARLY_CONCAT,16
1121.5,EARLY_CONCAT,16
1122.0,EARLY_CONCAT,16
1122.5,EARLY_CONCAT,16
1123.0,EARLY_CONCAT,16
1123.5,EARLY_CONCAT,16
1124.0,EARLY_CONCAT,16
1124.5,EARLY_CONCAT,16
1125.0,EARLY_CONCAT,16
1125.5,EARLY_CONCAT,16
1126.0,EARLY_CONCAT,16
1126.5,EARLY_CONCAT,16
1127.0,EARLY_CONCAT,16
1127.5,EARLY_CONCAT,16
1128.0,EARLY_CONCAT,16
1128.5,EARLY_CONCAT,16
1129.0,EARLY_CONCAT,16
1129.5,EARLY_CONCAT,16
1130.0,EARLY_CONCAT,16
1130.5,EARLY_CONCAT,16
1131.0,EARLY_CONCAT,16
1131.5,EARLY_CONCAT,16
1132.0,EARLY_CONCAT,16
1132.5,EARLY_CONCAT,16
1133.0,EARLY_CONCAT,16
1133.5,EARLY_CONCAT,16
1134.0,EARLY_CONCAT,16
1134.5,EARLY_CONCAT,16
1135.0,EARLY_CONCAT,16
1135.5,EARLY_CONCAT,16
1136.0,EARLY_CONCAT,16
1136.5,EARLY_CONCAT,16
1137.0,EARLY_CONCAT,16
1137.5,EARLY_CONCAT,16
1138.0,EARLY_CONCAT,16
1138.5,EARLY_CONCAT,16
1139.0,EARLY_CONCAT,16
1139.5,EARLY_CONCAT,16
1140.0,EARLY_CONCAT,16
1140.5,EARLY_CONCAT,16
1141.0,EARLY_CONCAT,16
1141.5,EARLY_CONCAT,16
1142.0,EARLY_CONCAT,16
1142.5,EARLY_CONCAT,16
1143.0,EARLY_CONCAT,16
1143.5,EARLY_CONCAT,16
1144.0,EARLY_CONCAT,16
1144.5,EARLY_CONCAT,16
1145.0,EARLY_CONCAT,16
1145.5,EARLY_CONCAT,16
1146.0,EARLY_CONCAT,16
1146.5,EARLY_CONCAT,16
1147.0,EARLY_CONCAT,16
1147.5,EARLY_CONCAT,16
1148.0,EARLY_CONCAT,16
1148.5,EARLY_CONCAT,16
1149.0,EARLY_CONCAT,16
1149.5,EARLY_CONCAT,16
1150.0,EARLY_CONCAT,16
1150.5,EARLY_CONCAT,16
1151.0,EARLY_CONCAT,16
1151.5,EARLY_CONCAT,16
1152.0,EARLY_CONCAT,16
1152.5,EARLY_CONCAT,16
1153.0,EARLY_CONCAT,16
1153.5,EARLY_CONCAT,16
1154.0,EARLY_CONCAT,16
1154.5,EARLY_CONCAT,16
1155.0,EARLY_CONCAT,16
1155.5,EARLY_CONCAT,16
1156.0,EARLY_CONCAT,16
1156.5,EARLY_CONCAT,16
1157.0,EARLY_CONCAT,16
1157.5,EARLY_CONCAT,16
1158.0,EARLY_CONCAT,16
1158.5,EARLY_CONCAT,16
1159.0,EARLY_CONCAT,16
1159.5,EARLY_CONCAT,16
1160.0,EARLY_CONCAT,16
1160.5,EARLY_CONCAT,16
1161.0,EARLY_CONCAT,16
1161.5,EARLY_CONCAT,16
1162.0,EARLY_CONCAT,16
1162.5,EARLY_CONCAT,16
1163.0,EARLY_CONCAT,16
1163.5,EARLY_CONCAT,16
1164.0,EARLY_CONCAT,16
1164.5,EARLY_CONCAT,16
1165.0,EARLY_CONCAT,16
1165.5,EARLY_CONCAT,16
1166.0,EARLY_CONCAT,16
1166.5,EARLY_CONCAT,16
1167.0,EARLY_CONCAT,16
1167.5,EARLY_CONCAT,16
1168.0,EARLY_CONCAT,16
1168.5,EARLY_CONCAT,16
1169.0,EARLY_CONCAT,16
1169.5,EARLY_CONCAT,16
1170.0,EARLY_CONCAT,16
1170.5,EARLY_CONCAT,16
1171.0,EARLY_CONCAT,16
1171.5,EARLY_CONCAT,16
1172.0,EARLY_CONCAT,16
1172.5,EARLY_CONCAT,16
1173.0,EARLY_CONCAT,16
1173.5,EARLY_CONCAT,16
1174.0,EARLY_CONCAT,16
1174.5,EARLY_CONCAT,16
1175.0,EARLY_CONCAT,16
1175.5,EARLY_CONCAT,16
1176.0,EARLY_CONCAT,16
1176.5,EARLY_CONCAT,16
1177.0,EARLY_CONCAT,16
1177.5,EARLY_CONCAT,16
1178.0,EARLY_CONCAT,16
1178.5,EARLY_CONCAT,16
1179.0,EARLY_CONCAT,16
1179.5,EARLY_CONCAT,16
1180.0,EARLY_CONCAT,16
1180.5,EARLY_CONCAT,16
1181.0,EARLY_CONCAT,16
1181.5,EARLY_CONCAT,16
1182.0,EARLY_CONCAT,16
1182.5,EARLY_CONCAT,16
1183.0,EARLY_CONCAT,16
1183.5,EARLY_CONCAT,16
1184.0,EARLY_CONCAT,16
1184.5,EARLY_CONCAT,16
1185.0,EARLY_CONCAT,16
1185.5,EARLY_CONCAT,16
1186.0,EARLY_CONCAT,16
1186.5,EARLY_CONCAT,16
1187.0,EARLY_CONCAT,16
1187.5,EARLY_CONCAT,16
1188.0,EARLY_CONCAT,16
1188.5,EARLY_CONCAT,16
1189.0,EARLY_CONCAT,16
1189.5,EARLY_CONCAT,16
1190.0,EARLY_CONCAT,16
1190.5,EARLY_CONCAT,16
1191.0,EARLY_CONCAT,16
1191.5,EARLY_CONCAT,16
1192.0,EARLY_CONCAT,16
1192.5,EARLY_CONCAT,16
1193.0,EARLY_CONCAT,16
1193.5,EARLY_CONCAT,16
1194.0,EARLY_CONCAT,16
1194.5,EARLY_CONCAT,16
1195.0,EARLY_CONCAT,16
1195.5,EARLY_CONCAT,16
1196.0,EARLY_CONCAT,16
1196.5,EARLY_CONCAT,16
1197.0,EARLY_CONCAT,16
1197.5,EARLY_CONCAT,16
1198.0,EARLY_CONCAT,16
1198.5,EARLY_CONCAT,16
1199.0,EARLY_CONCAT,16
1199.5,EARLY_CONCAT,16
1200.0,EARLY_CONCAT,16
1200.5,EARLY_CONCAT,16
1201.0,EARLY_CONCAT,16
1201.5,EARLY_CONCAT,16
1202.0,EARLY_CONCAT,16
1202.5,EARLY_CONCAT,16
1203.0,EARLY_CONCAT,16
1203.5,EARLY_CONCAT,16
1204.0,EARLY_CONCAT,16
1204.5,EARLY_CONCAT,16
1205.0,EARLY_CONCAT,16
1205.5,EARLY_CONCAT,16
1206.0,EARLY_CONCAT,16
1206.5,EARLY_CONCAT,16
1207.0,EARLY_CONCAT,16
1207.5,EARLY_CONCAT,16
1208.0,EARLY_CONCAT,16
1208.5,EARLY_CONCAT,16
1209.0,EARLY_CONCAT,16
1209.5,EARLY_CONCAT,16
1210.0,EARLY_CONCAT,16
1210.5,EARLY_CONCAT,16
1211.0,EARLY_CONCAT,16
1211.5,EARLY_CONCAT,16
1212.0,EARLY_CONCAT,18
1212.5,EARLY_CONCAT,18
1213.0,EARLY_CONCAT,18
1213.5,EARLY_CONCAT,18
1214.0,EARLY_CONCAT,18
1214.5,EARLY_CONCAT,18
1215.0,EARLY_CONCAT,18
1215.5,EARLY_CONCAT,18
1216.0,EARLY_CONCAT,18
1216.5,EARLY_CONCAT,18
1217.0,EARLY_CONCAT,18
1217.5,EARLY_CONCAT,18
1218.0,EARLY_CONCAT,18
1218.5,EARLY_CONCAT,18
1219.0,EARLY_CONCAT,18
1219.5,EARLY_CONCAT,18
1220.0,EARLY_CONCAT,18
1220.5,EARLY_CONCAT,18
1221.0,EARLY_CONCAT,18
1221.5,EARLY_CONCAT,18
1222.0,EARLY_CONCAT,18
1222.5,EARLY_CONCAT,18
1223.0,EARLY_CONCAT,18
1223.5,EARLY_CONCAT,18
1224.0,EARLY_CONCAT,18
1224.5,EARLY_CONCAT,18
1225.0,EARLY_CONCAT,18
1225.5,EARLY_CONCAT,18
1226.0,EARLY_CONCAT,18
1226.5,EARLY_CONCAT,18
1227.0,EARLY_CONCAT,18
1227.5,EARLY_CONCAT,18
1228.0,EARLY_CONCAT,18
1228.5,EARLY_CONCAT,10
1229.0,EARLY_CONCAT,10
1229.5,EARLY_CONCAT,10
1230.0,EARLY_CONCAT,10
1230.5,EARLY_CONCAT,10
1231.0,EARLY_CONCAT,10
1231.5,EARLY_CONCAT,10
1232.0,EARLY_CONCAT,10
1232.5,EARLY_CONCAT,10
1233.0,EARLY_CONCAT,10
1233.5,EARLY_CONCAT,10
1234.0,EARLY_CONCAT,10
1234.5,EARLY_CONCAT,10
1235.0,EARLY_CONCAT,10
1235.5,EARLY_CONCAT,10
1236.0,EARLY_CONCAT,10
1236.5,EARLY_CONCAT,10
1237.0,EARLY_CONCAT,10
1237.5,EARLY_CONCAT,10
1238.0,EARLY_CONCAT,10
1238.5,EARLY_CONCAT,10
1239.0,EARLY_CONCAT,10
1239.5,EARLY_CONCAT,10
1240.0,EARLY_CONCAT,10
1240.5,EARLY_CONCAT,10
1241.0,EARLY_CONCAT,10
1241.5,EARLY_CONCAT,10
1242.0,EARLY_CONCAT,10
1242.5,EARLY_CONCAT,10
1243.0,EARLY_CONCAT,10
1243.5,EARLY_CONCAT,10
1244.0,EARLY_CONCAT,10
1244.5,EARLY_CONCAT,10
1245.0,EARLY_CONCAT,10
1245.5,EARLY_CONCAT,10
1246.0,EARLY_CONCAT,10
1246.5,EARLY_CONCAT,10
1247.0,EARLY_CONCAT,10
1247.5,EARLY_CONCAT,10
1248.0,EARLY_CONCAT,10
1248.5,EARLY_CONCAT,10
1249.0,EARLY_CONCAT,10
1249.5,EARLY_CONCAT,10
1250.0,EARLY_CONCAT,10
1250.5,EARLY_CONCAT,10
1251.0,EARLY_CONCAT,10
1251.5,EARLY_CONCAT,10
1252.0,EARLY_CONCAT,10
1252.5,EARLY_CONCAT,10
1253.0,EARLY_CONCAT,10
1253.5,EARLY_CONCAT,10
1254.0,EARLY_CONCAT,10
1254.5,EARLY_CONCAT,10
1255.0,EARLY_CONCAT,10
1255.5,EARLY_CONCAT,10
1256.0,EARLY_CONCAT,10
1256.5,EARLY_CONCAT,10
1257.0,EARLY_CONCAT,18
1257.5,EARLY_CONCAT,18
1258.0,EARLY_CONCAT,18
1258.5,EARLY_CONCAT,18
1259.0,EARLY_CONCAT,18
1259.5,EARLY_CONCAT,18
1260.0,EARLY_CONCAT,18
1260.5,EARLY_CONCAT,18
1261.0,EARLY_CONCAT,18
1261.5,EARLY_CONCAT,18
1262.0,EARLY_CONCAT,18
1262.5,EARLY_CONCAT,18
1263.0,EARLY_CONCAT,18
1263.5,EARLY_CONCAT,18
1264.0,EARLY_CONCAT,18
1264.5,EARLY_CONCAT,18
1265.0,EARLY_CONCAT,18
1265.5,EARLY_CONCAT,18
1266.0,EARLY_CONCAT,18
1266.5,EARLY_CONCAT,18
1267.0,EARLY_CONCAT,18
1267.5,EARLY_CONCAT,18
1268.0,EARLY_CONCAT,18
1268.5,EARLY_CONCAT,18
1269.0,EARLY_CONCAT,18
1269.5,EARLY_CONCAT,18
1270.0,EARLY_CONCAT,18
1270.5,EARLY_CONCAT,18
1271.0,EARLY_CONCAT,18
1271.5,EARLY_CONCAT,18
1272.0,EARLY_CONCAT,18
1272.5,EARLY_CONCAT,18
1273.0,EARLY_CONCAT,18
1273.5,EARLY_CONCAT,18
1274.0,EARLY_CONCAT,18
1274.5,EARLY_CONCAT,18
1275.0,EARLY_CONCAT,18
1275.5,EARLY_CONCAT,18
1276.0,EARLY_CONCAT,18
1276.5,EARLY_CONCAT,18
1277.0,EARLY_CONCAT,18
1277.5,EARLY_CONCAT,18
1278.0,EARLY_CONCAT,18
1278.5,EARLY_CONCAT,18
1279.0,EARLY_CONCAT,18
1279.5,EARLY_CONCAT,18
1280.0,EARLY_CONCAT,18
1280.5,EARLY_CONCAT,18
1281.0,EARLY_CONCAT,18
1281.5,EARLY_CONCAT,18
1282.0,EARLY_CONCAT,18
1282.5,EARLY_CONCAT,18
1283.0,EARLY_CONCAT,18
1283.5,EARLY_CONCAT,18
1284.0,EARLY_CONCAT,18
1284.5,EARLY_CONCAT,18
1285.0,EARLY_CONCAT,18
1285.5,EARLY_CONCAT,18
1286.0,EARLY_CONCAT,18
1286.5,EARLY_CONCAT,18
1287.0,EARLY_CONCAT,18
1287.5,EARLY_CONCAT,18
1288.0,EARLY_CONCAT,18
1288.5,EARLY_CONCAT,18
1289.0,EARLY_CONCAT,18
1289.5,EARLY_CONCAT,18
1290.0,EARLY_CONCAT,18
1290.5,EARLY_CONCAT,18
1291.0,EARLY_CONCAT,18
1291.5,EARLY_CONCAT,18
1292.0,EARLY_CONCAT,18
1292.5,EARLY_CONCAT,18
1293.0,EARLY_CONCAT,18
1293.5,EARLY_CONCAT,18
1294.0,EARLY_CONCAT,10
1294.5,EARLY_CONCAT,10
1295.0,EARLY_CONCAT,10
1295.5,EARLY_CONCAT,10
1296.0,EARLY_CONCAT,10
1296.5,EARLY_CONCAT,10
1297.0,EARLY_CONCAT,10
1297.5,EARLY_CONCAT,10
1298.0,EARLY_CONCAT,10
1298.5,EARLY_CONCAT,10
1299.0,EARLY_CONCAT,10
1299.5,EARLY_CONCAT,10
1300.0,EARLY_CONCAT,10
1300.5,EARLY_CONCAT,10
1301.0,EARLY_CONCAT,10
1301.5,EARLY_CONCAT,10
1302.0,EARLY_CONCAT,10
1302.5,EARLY_CONCAT,10
1303.0,EARLY_CONCAT,10
1303.5,EARLY_CONCAT,10
1304.0,EARLY_CONCAT,10
1304.5,EARLY_CONCAT,10
1305.0,EARLY_CONCAT,10
1305.5,EARLY_CONCAT,10
1306.0,EARLY_CONCAT,10
1306.5,EARLY_CONCAT,10
1307.0,EARLY_CONCAT,10
1307.5,EARLY_CONCAT,10
1308.0,EARLY_CONCAT,10
1308.5,EARLY_CONCAT,10
1309.0,EARLY_CONCAT,10
1309.5,EARLY_CONCAT,10
1310.0,EARLY_CONCAT,10
1310.5,EARLY_CONCAT,10
1311.0,EARLY_CONCAT,10
1311.5,EARLY_CONCAT,10
1312.0,EARLY_CONCAT,10
1312.5,EARLY_CONCAT,10
1313.0,EARLY_CONCAT,10
1313.5,EARLY_CONCAT,10
1314.0,EARLY_CONCAT,10
1314.5,EARLY_CONCAT,10
1315.0,EARLY_CONCAT,10
1315.5,EARLY_CONCAT,10
1316.0,EARLY_CONCAT,10
1316.5,EARLY_CONCAT,10
1317.0,EARLY_CONCAT,10
1317.5,EARLY_CONCAT,10
1318.0,EARLY_CONCAT,10
1318.5,EARLY_CONCAT,10
1319.0,EARLY_CONCAT,10
1319.5,EARLY_CONCAT,10
1320.0,EARLY_CONCAT,10
1320.5,EARLY_CONCAT,10
1321.0,EARLY_CONCAT,10
1321.5,EARLY_CONCAT,10
1322.0,EARLY_CONCAT,10
1322.5,EARLY_CONCAT,10
1323.0,EARLY_CONCAT,10
1323.5,EARLY_CONCAT,10
1324.0,EARLY_CONCAT,10
1324.5,EARLY_CONCAT,10
1325.0,EARLY_CONCAT,10
1325.5,EARLY_CONCAT,10
1326.0,EARLY_CONCAT,10
1326.5,EARLY_CONCAT,10
1327.0,EARLY_CONCAT,10
1327.5,EARLY_CONCAT,18
1328.0,EARLY_CONCAT,18
1328.5,EARLY_CONCAT,18
1329.0,EARLY_CONCAT,18
1329.5,EARLY_CONCAT,18
1330.0,EARLY_CONCAT,18
1330.5,EARLY_CONCAT,18
1331.0,EARLY_CONCAT,18
1331.5,EARLY_CONCAT,18
1332.0,EARLY_CONCAT,18
1332.5,EARLY_CONCAT,18
1333.0,EARLY_CONCAT,18
1333.5,EARLY_CONCAT,18
1334.0,EARLY_CONCAT,18
1334.5,EARLY_CONCAT,18
1335.0,EARLY_CONCAT,18
1335.5,EARLY_CONCAT,18
1336.0,EARLY_CONCAT,18
1336.5,EARLY_CONCAT,18
1337.0,EARLY_CONCAT,18
1337.5,EARLY_CONCAT,18
1338.0,EARLY_CONCAT,18
1338.5,EARLY_CONCAT,18
1339.0,EARLY_CONCAT,18
1339.5,EARLY_CONCAT,18
1340.0,EARLY_CONCAT,18
1340.5,EARLY_CONCAT,18
1341.0,EARLY_CONCAT,18
1341.5,EARLY_CONCAT,18
1342.0,EARLY_CONCAT,18
1342.5,EARLY_CONCAT,18
1343.0,EARLY_CONCAT,18
1343.5,EARLY_CONCAT,18
1344.0,EARLY_CONCAT,18
1344.5,EARLY_CONCAT,18
1345.0,EARLY_CONCAT,18
1345.5,EARLY_CONCAT,18
1346.0,EARLY_CONCAT,18
1346.5,EARLY_CONCAT,18
1347.0,EARLY_CONCAT,18
1347.5,EARLY_CONCAT,18
1348.0,EARLY_CONCAT,18
1348.5,EARLY_CONCAT,18
1349.0,EARLY_CONCAT,18
1349.5,EARLY_CONCAT,18
1350.0,EARLY_CONCAT,18
1350.5,EARLY_CONCAT,18
1351.0,EARLY_CONCAT,18
1351.5,EARLY_CONCAT,18
1352.0,EARLY_CONCAT,18
1352.5,EARLY_CONCAT,18
1353.0,EARLY_CONCAT,18
1353.5,EARLY_CONCAT,18
1354.0,EARLY_CONCAT,18
1354.5,EARLY_CONCAT,18
1355.0,EARLY_CONCAT,18
1355.5,EARLY_CONCAT,18
1356.0,EARLY_CONCAT,18
1356.5,EARLY_CONCAT,18
1357.0,EARLY_CONCAT,18
1357.5,EARLY_CONCAT,18
1358.0,EARLY_CONCAT,18
1358.5,EARLY_CONCAT,18
1359.0,EARLY_CONCAT,18
1359.5,EARLY_CONCAT,18
1360.0,EARLY_CONCAT,18
1360.5,EARLY_CONCAT,18
1361.0,EARLY_CONCAT,18
1361.5,EARLY_CONCAT,18
1362.0,EARLY_CONCAT,18
1362.5,EARLY_CONCAT,18
1363.0,EARLY_CONCAT,18
1363.5,EARLY_CONCAT,18
1364.0,EARLY_CONCAT,18
1364.5,EARLY_CONCAT,18
1365.0,EARLY_CONCAT,18
1365.5,EARLY_CONCAT,18
1366.0,EARLY_CONCAT,18
1366.5,EARLY_CONCAT,18
1367.0,EARLY_CONCAT,10
1367.5,EARLY_CONCAT,10
1368.0,EARLY_CONCAT,10
1368.5,EARLY_CONCAT,10
1369.0,EARLY_CONCAT,10
1369.5,EARLY_CONCAT,10
1370.0,EARLY_CONCAT,10
1370.5,EARLY_CONCAT,10
1371.0,EARLY_CONCAT,10
1371.5,EARLY_CONCAT,10
1372.0,EARLY_CONCAT,10
1372.5,EARLY_CONCAT,10
1373.0,EARLY_CONCAT,10
1373.5,EARLY_CONCAT,10
1374.0,EARLY_CONCAT,10
1374.5,EARLY_CONCAT,10
1375.0,EARLY_CONCAT,10
1375.5,EARLY_CONCAT,10
1376.0,EARLY_CONCAT,10
1376.5,EARLY_CONCAT,10
1377.0,EARLY_CONCAT,10
1377.5,EARLY_CONCAT,10
1378.0,EARLY_CONCAT,10
1378.5,EARLY_CONCAT,10
1379.0,EARLY_CONCAT,10
1379.5,EARLY_CONCAT,10
1380.0,EARLY_CONCAT,10
1380.5,EARLY_CONCAT,10
1381.0,EARLY_CONCAT,10
1381.5,EARLY_CONCAT,10
1382.0,EARLY_CONCAT,10
1382.5,EARLY_CONCAT,10
1383.0,EARLY_CONCAT,10
1383.5,EARLY_CONCAT,10
1384.0,EARLY_CONCAT,10
1384.5,EARLY_CONCAT,10
1385.0,EARLY_CONCAT,10
1385.5,EARLY_CONCAT,10
1386.0,EARLY_CONCAT,10
1386.5,EARLY_CONCAT,10
1387.0,EARLY_CONCAT,10
1387.5,EARLY_CONCAT,10
1388.0,EARLY_CONCAT,10
1388.5,EARLY_CONCAT,10
1389.0,EARLY_CONCAT,10
1389.5,EARLY_CONCAT,10
1390.0,EARLY_CONCAT,10
1390.5,EARLY_CONCAT,10
1391.0,EARLY_CONCAT,10
1391.5,EARLY_CONCAT,10
1392.0,EARLY_CONCAT,10
1392.5,EARLY_CONCAT,10
1393.0,EARLY_CONCAT,10
1393.5,EARLY_CONCAT,10
1394.0,EARLY_CONCAT,10
1394.5,EARLY_CONCAT,10
1395.0,EARLY_CONCAT,10
1395.5,EARLY_CONCAT,10
1396.0,EARLY_CONCAT,10
1396.5,EARLY_CONCAT,10
1397.0,EARLY_CONCAT,10
1397.5,EARLY_CONCAT,10
1398.0,EARLY_CONCAT,10
1398.5,EARLY_CONCAT,10
1399.0,EARLY_CONCAT,10
1399.5,EARLY_CONCAT,10
1400.0,EARLY_CONCAT,10
1400.5,EARLY_CONCAT,10
1401.0,EARLY_CONCAT,10
1401.5,EARLY_CONCAT,10
1402.0,EARLY_CONCAT,10
1402.5,EARLY_CONCAT,10
1403.0,EARLY_CONCAT,10
1403.5,EARLY_CONCAT,10
1404.0,EARLY_CONCAT,10
1404.5,EARLY_CONCAT,10
1405.0,EARLY_CONCAT,10
1405.5,EARLY_CONCAT,10
1406.0,EARLY_CONCAT,18
1406.5,EARLY_CONCAT,18
1407.0,EARLY_CONCAT,18
1407.5,EARLY_CONCAT,18
1408.0,EARLY_CONCAT,18
1408.5,EARLY_CONCAT,18
1409.0,EARLY_CONCAT,18
1409.5,EARLY_CONCAT,18
1410.0,EARLY_CONCAT,18
1410.5,EARLY_CONCAT,18
1411.0,EARLY_CONCAT,18
1411.5,EARLY_CONCAT,18
1412.0,EARLY_CONCAT,18
1412.5,EARLY_CONCAT,18
1413.0,EARLY_CONCAT,18
1413.5,EARLY_CONCAT,18
1414.0,EARLY_CONCAT,18
1414.5,EARLY_CONCAT,18
1415.0,EARLY_CONCAT,18
1415.5,EARLY_CONCAT,18
1416.0,EARLY_CONCAT,18
1416.5,EARLY_CONCAT,18
1417.0,EARLY_CONCAT,18
1417.5,EARLY_CONCAT,18
1418.0,EARLY_CONCAT,18
1418.5,EARLY_CONCAT,18
1419.0,EARLY_CONCAT,18
1419.5,EARLY_CONCAT,18
1420.0,EARLY_CONCAT,18
1420.5,EARLY_CONCAT,18
1421.0,EARLY_CONCAT,18
1421.5,EARLY_CONCAT,18
1422.0,EARLY_CONCAT,18
1422.5,EARLY_CONCAT,18
1423.0,EARLY_CONCAT,18
1423.5,EARLY_CONCAT,18
1424.0,EARLY_CONCAT,18
1424.5,EARLY_CONCAT,18
1425.0,EARLY_CONCAT,18
1425.5,EARLY_CONCAT,18
1426.0,EARLY_CONCAT,18
1426.5,EARLY_CONCAT,18
1427.0,EARLY_CONCAT,18
1427.5,EARLY_CONCAT,18
1428.0,EARLY_CONCAT,18
1428.5,EARLY_CONCAT,18
1429.0,EARLY_CONCAT,18
1429.5,EARLY_CONCAT,18
1430.0,EARLY_CONCAT,18
1430.5,EARLY_CONCAT,18
1431.0,EARLY_CONCAT,18
1431.5,EARLY_CONCAT,18
1432.0,EARLY_CONCAT,18
1432.5,EARLY_CONCAT,18
1433.0,EARLY_CONCAT,18
1433.5,EARLY_CONCAT,18
1434.0,EARLY_CONCAT,18
1434.5,EARLY_CONCAT,18
1435.0,EARLY_CONCAT,18
1435.5,EARLY_CONCAT,18
1436.0,EARLY_CONCAT,18
1436.5,EARLY_CONCAT,18
1437.0,EARLY_CONCAT,18
1437.5,EARLY_CONCAT,18
1438.0,EARLY_CONCAT,18
1438.5,EARLY_CONCAT,18
1439.0,EARLY_CONCAT,0
1439.5,EARLY_CONCAT,0
1440.0,EARLY_CONCAT,0
1440.5,EARLY_CONCAT,0
1441.0,EARLY_CONCAT,0
1441.5,EARLY_CONCAT,0
1442.0,EARLY_CONCAT,0
1442.5,EARLY_CONCAT,0
1443.0,EARLY_CONCAT,0
1443.5,EARLY_CONCAT,0
1444.0,EARLY_CONCAT,0
1444.5,EARLY_CONCAT,0
1445.0,EARLY_CONCAT,0
1445.5,EARLY_CONCAT,0
1446.0,EARLY_CONCAT,0
1446.5,EARLY_CONCAT,0
1447.0,EARLY_CONCAT,0
1447.5,EARLY_CONCAT,0
1448.0,EARLY_CONCAT,0
1448.5,EARLY_CONCAT,0
1449.0,EARLY_CONCAT,0
1449.5,EARLY_CONCAT,0
1450.0,EARLY_CONCAT,0
1450.5,EARLY_CONCAT,0
1451.0,EARLY_CONCAT,0
1451.5,EARLY_CONCAT,0
1452.0,EARLY_CONCAT,0
1452.5,EARLY_CONCAT,0
1453.0,EARLY_CONCAT,0
1453.5,EARLY_CONCAT,0
1454.0,EARLY_CONCAT,0
1454.5,EARLY_CONCAT,0
1455.0,EARLY_CONCAT,0
1455.5,EARLY_CONCAT,0
1456.0,EARLY_CONCAT,0
1456.5,EARLY_CONCAT,0
1457.0,EARLY_CONCAT,0
1457.5,EARLY_CONCAT,0
1458.0,EARLY_CONCAT,0
1458.5,EARLY_CONCAT,0
1459.0,EARLY_CONCAT,0
1459.5,EARLY_CONCAT,0
1460.0,EARLY_CONCAT,0
1460.5,EARLY_CONCAT,0
1461.0,EARLY_CONCAT,0
1461.5,EARLY_CONCAT,0
1462.0,EARLY_CONCAT,0
1462.5,EARLY_CONCAT,0
1463.0,EARLY_CONCAT,0
1463.5,EARLY_CONCAT,0
1464.0,EARLY_CONCAT,0
1464.5,EARLY_CONCAT,0
1465.0,EARLY_CONCAT,0
1465.5,EARLY_CONCAT,0
1466.0,EARLY_CONCAT,0
1466.5,EARLY_CONCAT,0
1467.0,EARLY_CONCAT,0
1467.5,EARLY_CONCAT,0
1468.0,EARLY_CONCAT,0
1468.5,EARLY_CONCAT,0
1469.0,EARLY_CONCAT,0
1469.5,EARLY_CONCAT,0
1470.0,EARLY_CONCAT,0
1470.5,EARLY_CONCAT,0
1471.0,EARLY_CONCAT,0
1471.5,EARLY_CONCAT,0
1472.0,EARLY_CONCAT,0
1472.5,EARLY_CONCAT,0
1473.0,EARLY_CONCAT,0
1473.5,EARLY_CONCAT,0
1474.0,EARLY_CONCAT,0
1474.5,EARLY_CONCAT,0
1475.0,EARLY_CONCAT,0
1475.5,EARLY_CONCAT,0
1476.0,EARLY_CONCAT,0
1476.5,EARLY_CONCAT,0
1477.0,EARLY_CONCAT,0
1477.5,EARLY_CONCAT,0
1478.0,EARLY_CONCAT,0
1478.5,EARLY_CONCAT,0
1479.0,EARLY_CONCAT,0
1479.5,EARLY_CONCAT,0
1480.0,EARLY_CONCAT,0
1480.5,EARLY_CONCAT,0
1481.0,EARLY_CONCAT,0
1481.5,EARLY_CONCAT,0
1482.0,EARLY_CONCAT,0
1482.5,EARLY_CONCAT,0
1483.0,EARLY_CONCAT,0
1483.5,EARLY_CONCAT,0
1484.0,EARLY_CONCAT,0
1484.5,EARLY_CONCAT,0
1485.0,EARLY_CONCAT,0
1485.5,EARLY_CONCAT,0
1486.0,EARLY_CONCAT,0
1486.5,EARLY_CONCAT,0
1487.0,EARLY_CONCAT,0
1487.5,EARLY_CONCAT,0
1488.0,EARLY_CONCAT,0
1488.5,EARLY_CONCAT,0
1489.0,EARLY_CONCAT,0
1489.5,EARLY_CONCAT,0
1490.0,EARLY_CONCAT,0
1490.5,EARLY_CONCAT,0
1491.0,EARLY_CONCAT,0
1491.5,EARLY_CONCAT,0
1492.0,EARLY_CONCAT,0
1492.5,EARLY_CONCAT,0
1493.0,EARLY_CONCAT,0
1493.5,EARLY_CONCAT,0
1494.0,EARLY_CONCAT,0
1494.5,EARLY_CONCAT,0
1495.0,EARLY_CONCAT,0
1495.5,EARLY_CONCAT,0
1496.0,EARLY_CONCAT,0
1496.5,EARLY_CONCAT,0
1497.0,EARLY_CONCAT,0
1497.5,EARLY_CONCAT,0
1498.0,EARLY_CONCAT,0
1498.5,EARLY_CONCAT,0
1499.0,EARLY_CONCAT,0
1499.5,EARLY_CONCAT,0
1500.0,EARLY_CONCAT,0
1500.5,EARLY_CONCAT,0
1501.0,EARLY_CONCAT,0
1501.5,EARLY_CONCAT,0
1502.0,EARLY_CONCAT,0
1502.5,EARLY_CONCAT,0
1503.0,EARLY_CONCAT,0
1503.5,EARLY_CONCAT,0
1504.0,EARLY_CONCAT,0
1504.5,EARLY_CONCAT,0
1505.0,EARLY_CONCAT,0
1505.5,EARLY_CONCAT,0
1506.0,EARLY_CONCAT,0
1506.5,EARLY_CONCAT,0
1507.0,EARLY_CONCAT,0
1507.5,EARLY_CONCAT,0
1508.0,EARLY_CONCAT,0
1508.5,EARLY_CONCAT,0
1509.0,EARLY_CONCAT,0
1509.5,EARLY_CONCAT,0
1510.0,EARLY_CONCAT,0
1510.5,EARLY_CONCAT,0
1511.0,EARLY_CONCAT,0
1511.5,EARLY_CONCAT,0
1512.0,EARLY_CONCAT,0
1512.5,EARLY_CONCAT,0
1513.0,EARLY_CONCAT,0
1513.5,EARLY_CONCAT,0
1514.0,EARLY_CONCAT,0
1514.5,EARLY_CONCAT,0
1515.0,EARLY_CONCAT,0
1515.5,EARLY_CONCAT,0
1516.0,EARLY_CONCAT,0
1516.5,EARLY_CONCAT,0
1517.0,EARLY_CONCAT,0
1517.5,EARLY_CONCAT,0
1518.0,EARLY_CONCAT,0
1518.5,EARLY_CONCAT,0
1519.0,EARLY_CONCAT,0
1519.5,EARLY_CONCAT,0
1520.0,EARLY_CONCAT,0
1520.5,EARLY_CONCAT,0
1521.0,EARLY_CONCAT,0
1521.5,EARLY_CONCAT,18
1522.0,EARLY_CONCAT,18
1522.5,EARLY_CONCAT,18
1523.0,EARLY_CONCAT,18
1523.5,EARLY_CONCAT,18
1524.0,EARLY_CONCAT,18
1524.5,EARLY_CONCAT,18
1525.0,EARLY_CONCAT,18
1525.5,EARLY_CONCAT,18
1526.0,EARLY_CONCAT,18
1526.5,EARLY_CONCAT,18
1527.0,EARLY_CONCAT,18
1527.5,EARLY_CONCAT,18
1528.0,EARLY_CONCAT,18
1528.5,EARLY_CONCAT,18
1529.0,EARLY_CONCAT,18
1529.5,EARLY_CONCAT,18
1530.0,EARLY_CONCAT,18
1530.5,EARLY_CONCAT,18
1531.0,EARLY_CONCAT,18
1531.5,EARLY_CONCAT,18
1532.0,EARLY_CONCAT,18
1532.5,EARLY_CONCAT,18
1533.0,EARLY_CONCAT,18
1533.5,EARLY_CONCAT,18
1534.0,EARLY_CONCAT,18
1534.5,EARLY_CONCAT,18
1535.0,EARLY_CONCAT,18
1535.5,EARLY_CONCAT,18
1536.0,EARLY_CONCAT,18
1536.5,EARLY_CONCAT,18
1537.0,EARLY_CONCAT,18
1537.5,EARLY_CONCAT,18
1538.0,EARLY_CONCAT,18
1538.5,EARLY_CONCAT,18
1539.0,EARLY_CONCAT,18
1539.5,EARLY_CONCAT,18
1540.0,EARLY_CONCAT,18
1540.5,EARLY_CONCAT,18
1541.0,EARLY_CONCAT,18
1541.5,EARLY_CONCAT,18
1542.0,EARLY_CONCAT,18
1542.5,EARLY_CONCAT,18
1543.0,EARLY_CONCAT,18
1543.5,EARLY_CONCAT,18
1544.0,EARLY_CONCAT,18
1544.5,EARLY_CONCAT,6
1545.0,EARLY_CONCAT,6
1545.5,EARLY_CONCAT,6
1546.0,EARLY_CONCAT,6
1546.5,EARLY_CONCAT,6
1547.0,EARLY_CONCAT,6
1547.5,EARLY_CONCAT,6
1548.0,EARLY_CONCAT,6
1548.5,EARLY_CONCAT,6
1549.0,EARLY_CONCAT,6
1549.5,EARLY_CONCAT,6
1550.0,EARLY_CONCAT,6
1550.5,EARLY_CONCAT,6
1551.0,EARLY_CONCAT,6
1551.5,EARLY_CONCAT,6
1552.0,EARLY_CONCAT,6
1552.5,EARLY_CONCAT,6
1553.0,EARLY_CONCAT,6
1553.5,EARLY_CONCAT,6
1554.0,EARLY_CONCAT,6
1554.5,EARLY_CONCAT,6
1555.0,EARLY_CONCAT,6
1555.5,EARLY_CONCAT,6
1556.0,EARLY_CONCAT,6
1556.5,EARLY_CONCAT,6
1557.0,EARLY_CONCAT,6
1557.5,EARLY_CONCAT,6
1558.0,EARLY_CONCAT,6
1558.5,EARLY_CONCAT,6
1559.0,EARLY_CONCAT,6
1559.5,EARLY_CONCAT,6
1560.0,EARLY_CONCAT,6
1560.5,EARLY_CONCAT,6
1561.0,EARLY_CONCAT,6
1561.5,EARLY_CONCAT,6
1562.0,EARLY_CONCAT,6
1562.5,EARLY_CONCAT,6
1563.0,EARLY_CONCAT,6
1563.5,EARLY_CONCAT,6
1564.0,EARLY_CONCAT,6
1564.5,EARLY_CONCAT,6
1565.0,EARLY_CONCAT,6
1565.5,EARLY_CONCAT,6
1566.0,EARLY_CONCAT,6
1566.5,EARLY_CONCAT,6
1567.0,EARLY_CONCAT,6
1567.5,EARLY_CONCAT,6
1568.0,EARLY_CONCAT,6
1568.5,EARLY_CONCAT,6
1569.0,EARLY_CONCAT,6
1569.5,EARLY_CONCAT,6
1570.0,EARLY_CONCAT,6
1570.5,EARLY_CONCAT,6
1571.0,EARLY_CONCAT,6
1571.5,EARLY_CONCAT,6
1572.0,EARLY_CONCAT,6
1572.5,EARLY_CONCAT,6
1573.0,EARLY_CONCAT,6
1573.5,EARLY_CONCAT,6
1574.0,EARLY_CONCAT,6
1574.5,EARLY_CONCAT,6
1575.0,EARLY_CONCAT,6
1575.5,EARLY_CONCAT,6
1576.0,EARLY_CONCAT,6
1576.5,EARLY_CONCAT,6
1577.0,EARLY_CONCAT,6
1577.5,EARLY_CONCAT,6
1578.0,EARLY_CONCAT,6
1578.5,EARLY_CONCAT,6
1579.0,EARLY_CONCAT,6
1579.5,EARLY_CONCAT,6
1580.0,EARLY_CONCAT,6
1580.5,EARLY_CONCAT,6
1581.0,EARLY_CONCAT,6
1581.5,EARLY_CONCAT,6
1582.0,EARLY_CONCAT,6
1582.5,EARLY_CONCAT,6
1583.0,EARLY_CONCAT,6
1583.5,EARLY_CONCAT,6
1584.0,EARLY_CONCAT,6
1584.5,EARLY_CONCAT,6
1585.0,EARLY_CONCAT,6
1585.5,EARLY_CONCAT,6
1586.0,EARLY_CONCAT,6
1586.5,EARLY_CONCAT,6
1587.0,EARLY_CONCAT,6
1587.5,EARLY_CONCAT,6
1588.0,EARLY_CONCAT,6
1588.5,EARLY_CONCAT,6
1589.0,EARLY_CONCAT,6
1589.5,EARLY_CONCAT,6
1590.0,EARLY_CONCAT,6
1590.5,EARLY_CONCAT,6
1591.0,EARLY_CONCAT,6
1591.5,EARLY_CONCAT,6
1592.0,EARLY_CONCAT,6
1592.5,EARLY_CONCAT,6
1593.0,EARLY_CONCAT,6
1593.5,EARLY_CONCAT,6
1594.0,EARLY_CONCAT,6
1594.5,EARLY_CONCAT,6
1595.0,EARLY_CONCAT,6
1595.5,EARLY_CONCAT,6
1596.0,EARLY_CONCAT,6
1596.5,EARLY_CONCAT,6
1597.0,EARLY_CONCAT,6
1597.5,EARLY_CONCAT,6
1598.0,EARLY_CONCAT,6
1598.5,EARLY_CONCAT,6
1599.0,EARLY_CONCAT,6
1599.5,EARLY_CONCAT,6
1600.0,EARLY_CONCAT,6
1600.5,EARLY_CONCAT,6
1601.0,EARLY_CONCAT,6
1601.5,EARLY_CONCAT,6
1602.0,EARLY_CONCAT,6
1602.5,EARLY_CONCAT,6
1603.0,EARLY_CONCAT,6
1603.5,EARLY_CONCAT,6
1604.0,EARLY_CONCAT,6
1604.5,EARLY_CONCAT,6
1605.0,EARLY_CONCAT,6
1605.5,EARLY_CONCAT,6
1606.0,EARLY_CONCAT,6
1606.5,EARLY_CONCAT,6
1607.0,EARLY_CONCAT,6
1607.5,EARLY_CONCAT,6
1608.0,EARLY_CONCAT,6
1608.5,EARLY_CONCAT,6
1609.0,EARLY_CONCAT,6
1609.5,EARLY_CONCAT,6
1610.0,EARLY_CONCAT,6
1610.5,EARLY_CONCAT,6
1611.0,EARLY_CONCAT,6
1611.5,EARLY_CONCAT,6
1612.0,EARLY_CONCAT,6
1612.5,EARLY_CONCAT,6
1613.0,EARLY_CONCAT,6
1613.5,EARLY_CONCAT,6
1614.0,EARLY_CONCAT,6
1614.5,EARLY_CONCAT,6
1615.0,EARLY_CONCAT,6
1615.5,EARLY_CONCAT,6
1616.0,EARLY_CONCAT,6
1616.5,EARLY_CONCAT,6
1617.0,EARLY_CONCAT,6
1617.5,EARLY_CONCAT,6
1618.0,EARLY_CONCAT,6
1618.5,EARLY_CONCAT,6
1619.0,EARLY_CONCAT,6
1619.5,EARLY_CONCAT,6
1620.0,EARLY_CONCAT,6
1620.5,EARLY_CONCAT,6
1621.0,EARLY_CONCAT,6
1621.5,EARLY_CONCAT,6
1622.0,EARLY_CONCAT,6
1622.5,EARLY_CONCAT,6
1623.0,EARLY_CONCAT,6
1623.5,EARLY_CONCAT,6
1624.0,EARLY_CONCAT,6
1624.5,EARLY_CONCAT,6
1625.0,EARLY_CONCAT,6
1625.5,EARLY_CONCAT,6
1626.0,EARLY_CONCAT,6
1626.5,EARLY_CONCAT,6
1627.0,EARLY_CONCAT,6
1627.5,EARLY_CONCAT,6
1628.0,EARLY_CONCAT,6
1628.5,EARLY_CONCAT,6
1629.0,EARLY_CONCAT,6
1629.5,EARLY_CONCAT,6
1630.0,EARLY_CONCAT,6
1630.5,EARLY_CONCAT,6
1631.0,EARLY_CONCAT,6
1631.5,EARLY_CONCAT,6
1632.0,EARLY_CONCAT,6
1632.5,EARLY_CONCAT,6
1633.0,EARLY_CONCAT,6
1633.5,EARLY_CONCAT,6
1634.0,EARLY_CONCAT,6
1634.5,EARLY_CONCAT,6
1635.0,EARLY_CONCAT,6
1635.5,EARLY_CONCAT,6
1636.0,EARLY_CONCAT,6
1636.5,EARLY_CONCAT,6
1637.0,EARLY_CONCAT,6
1637.5,EARLY_CONCAT,6
1638.0,EARLY_CONCAT,6
1638.5,EARLY_CONCAT,6
1639.0,EARLY_CONCAT,6
1639.5,EARLY_CONCAT,6
1640.0,EARLY_CONCAT,6
1640.5,EARLY_CONCAT,6
1641.0,EARLY_CONCAT,6
1641.5,EARLY_CONCAT,6
1642.0,EARLY_CONCAT,18
1642.5,EARLY_CONCAT,18
1643.0,EARLY_CONCAT,18
1643.5,EARLY_CONCAT,18
1644.0,EARLY_CONCAT,18
1644.5,EARLY_CONCAT,18
1645.0,EARLY_CONCAT,18
1645.5,EARLY_CONCAT,18
1646.0,EARLY_CONCAT,18
1646.5,EARLY_CONCAT,18
1647.0,EARLY_CONCAT,18
1647.5,EARLY_CONCAT,18
1648.0,EARLY_CONCAT,18
1648.5,EARLY_CONCAT,18
1649.0,EARLY_CONCAT,18
1649.5,EARLY_CONCAT,18
1650.0,EARLY_CONCAT,18
1650.5,EARLY_CONCAT,18
1651.0,EARLY_CONCAT,18
1651.5,EARLY_CONCAT,18
1652.0,EARLY_CONCAT,18
1652.5,EARLY_CONCAT,18
1653.0,EARLY_CONCAT,18
1653.5,EARLY_CONCAT,18
1654.0,EARLY_CONCAT,18
1654.5,EARLY_CONCAT,18
1655.0,EARLY_CONCAT,18
1655.5,EARLY_CONCAT,18
1656.0,EARLY_CONCAT,18
1656.5,EARLY_CONCAT,18
1657.0,EARLY_CONCAT,18
1657.5,EARLY_CONCAT,18
1658.0,EARLY_CONCAT,18
1658.5,EARLY_CONCAT,18
1659.0,EARLY_CONCAT,18
1659.5,EARLY_CONCAT,18
1660.0,EARLY_CONCAT,18
1660.5,EARLY_CONCAT,18
1661.0,EARLY_CONCAT,18
1661.5,EARLY_CONCAT,18
1662.0,EARLY_CONCAT,18
1662.5,EARLY_CONCAT,18
1663.0,EARLY_CONCAT,18
1663.5,EARLY_CONCAT,18
1664.0,EARLY_CONCAT,18
1664.5,EARLY_CONCAT,18
1665.0,EARLY_CONCAT,12
1665.5,EARLY_CONCAT,12
1666.0,EARLY_CONCAT,12
1666.5,EARLY_CONCAT,12
1667.0,EARLY_CONCAT,12
1667.5,EARLY_CONCAT,12
1668.0,EARLY_CONCAT,12
1668.5,EARLY_CONCAT,12
1669.0,EARLY_CONCAT,12
1669.5,EARLY_CONCAT,12
1670.0,EARLY_CONCAT,12
1670.5,EARLY_CONCAT,12
1671.0,EARLY_CONCAT,12
1671.5,EARLY_CONCAT,12
1672.0,EARLY_CONCAT,12
1672.5,EARLY_CONCAT,12
1673.0,EARLY_CONCAT,12
1673.5,EARLY_CONCAT,12
1674.0,EARLY_CONCAT,12
1674.5,EARLY_CONCAT,12
1675.0,EARLY_CONCAT,12
1675.5,EARLY_CONCAT,12
1676.0,EARLY_CONCAT,12
1676.5,EARLY_CONCAT,12
1677.0,EARLY_CONCAT,12
1677.5,EARLY_CONCAT,12
1678.0,EARLY_CONCAT,12
1678.5,EARLY_CONCAT,12
1679.0,EARLY_CONCAT,12
1679.5,EARLY_CONCAT,12
1680.0,EARLY_CONCAT,12
1680.5,EARLY_CONCAT,12
1681.0,EARLY_CONCAT,12
1681.5,EARLY_CONCAT,12
1682.0,EARLY_CONCAT,12
1682.5,EARLY_CONCAT,12
1683.0,EARLY_CONCAT,12
1683.5,EARLY_CONCAT,12
1684.0,EARLY_CONCAT,12
1684.5,EARLY_CONCAT,12
1685.0,EARLY_CONCAT,12
1685.5,EARLY_CONCAT,12
1686.0,EARLY_CONCAT,12
1686.5,EARLY_CONCAT,12
1687.0,EARLY_CONCAT,12
1687.5,EARLY_CONCAT,12
1688.0,EARLY_CONCAT,12
1688.5,EARLY_CONCAT,12
1689.0,EARLY_CONCAT,12
1689.5,EARLY_CONCAT,12
1690.0,EARLY_CONCAT,12
1690.5,EARLY_CONCAT,12
1691.0,EARLY_CONCAT,12
1691.5,EARLY_CONCAT,12
1692.0,EARLY_CONCAT,12
1692.5,EARLY_CONCAT,12
1693.0,EARLY_CONCAT,12
1693.5,EARLY_CONCAT,12
1694.0,EARLY_CONCAT,12
1694.5,EARLY_CONCAT,12
1695.0,EARLY_CONCAT,12
1695.5,EARLY_CONCAT,12
1696.0,EARLY_CONCAT,12
1696.5,EARLY_CONCAT,12
1697.0,EARLY_CONCAT,12
1697.5,EARLY_CONCAT,12
1698.0,EARLY_CONCAT,12
1698.5,EARLY_CONCAT,12
1699.0,EARLY_CONCAT,12
1699.5,EARLY_CONCAT,12
1700.0,EARLY_CONCAT,12
1700.5,EARLY_CONCAT,12
1701.0,EARLY_CONCAT,12
1701.5,EARLY_CONCAT,12
1702.0,EARLY_CONCAT,12
1702.5,EARLY_CONCAT,12
1703.0,EARLY_CONCAT,12
1703.5,EARLY_CONCAT,12
1704.0,EARLY_CONCAT,12
1704.5,EARLY_CONCAT,12
1705.0,EARLY_CONCAT,12
1705.5,EARLY_CONCAT,12
1706.0,EARLY_CONCAT,12
1706.5,EARLY_CONCAT,12
1707.0,EARLY_CONCAT,12
1707.5,EARLY_CONCAT,18
1708.0,EARLY_CONCAT,18
1708.5,EARLY_CONCAT,18
1709.0,EARLY_CONCAT,18
1709.5,EARLY_CONCAT,18
1710.0,EARLY_CONCAT,18
1710.5,EARLY_CONCAT,18
1711.0,EARLY_CONCAT,18
1711.5,EARLY_CONCAT,18
1712.0,EARLY_CONCAT,18
1712.5,EARLY_CONCAT,18
1713.0,EARLY_CONCAT,18
1713.5,EARLY_CONCAT,18
1714.0,EARLY_CONCAT,18
1714.5,EARLY_CONCAT,18
1715.0,EARLY_CONCAT,18
1715.5,EARLY_CONCAT,18
1716.0,EARLY_CONCAT,18
1716.5,EARLY_CONCAT,18
1717.0,EARLY_CONCAT,18
1717.5,EARLY_CONCAT,18
1718.0,EARLY_CONCAT,18
1718.5,EARLY_CONCAT,18
1719.0,EARLY_CONCAT,18
1719.5,EARLY_CONCAT,18
1720.0,EARLY_CONCAT,18
1720.5,EARLY_CONCAT,18
1721.0,EARLY_CONCAT,18
1721.5,EARLY_CONCAT,18
1722.0,EARLY_CONCAT,18
1722.5,EARLY_CONCAT,18
1723.0,EARLY_CONCAT,18
1723.5,EARLY_CONCAT,18
1724.0,EARLY_CONCAT,18
1724.5,EARLY_CONCAT,18
1725.0,EARLY_CONCAT,18
1725.5,EARLY_CONCAT,18
1726.0,EARLY_CONCAT,18
1726.5,EARLY_CONCAT,18
1727.0,EARLY_CONCAT,18
1727.5,EARLY_CONCAT,18
1728.0,EARLY_CONCAT,18
1728.5,EARLY_CONCAT,18
1729.0,EARLY_CONCAT,18
1729.5,EARLY_CONCAT,18
1730.0,EARLY_CONCAT,18
1730.5,EARLY_CONCAT,18
1731.0,EARLY_CONCAT,18
1731.5,EARLY_CONCAT,18
1732.0,EARLY_CONCAT,18
1732.5,EARLY_CONCAT,18
1733.0,EARLY_CONCAT,18
1733.5,EARLY_CONCAT,18
1734.0,EARLY_CONCAT,18
1734.5,EARLY_CONCAT,18
1735.0,EARLY_CONCAT,18
1735.5,EARLY_CONCAT,18
1736.0,EARLY_CONCAT,18
1736.5,EARLY_CONCAT,18
1737.0,EARLY_CONCAT,18
1737.5,EARLY_CONCAT,18
1738.0,EARLY_CONCAT,18
1738.5,EARLY_CONCAT,18
1739.0,EARLY_CONCAT,18
1739.5,EARLY_CONCAT,18
1740.0,EARLY_CONCAT,18
1740.5,EARLY_CONCAT,18
1741.0,EARLY_CONCAT,18
1741.5,EARLY_CONCAT,18
1742.0,EARLY_CONCAT,12
1742.5,EARLY_CONCAT,12
1743.0,EARLY_CONCAT,12
1743.5,EARLY_CONCAT,12
1744.0,EARLY_CONCAT,12
1744.5,EARLY_CONCAT,12
1745.0,EARLY_CONCAT,12
1745.5,EARLY_CONCAT,12
1746.0,EARLY_CONCAT,12
1746.5,EARLY_CONCAT,12
1747.0,EARLY_CONCAT,12
1747.5,EARLY_CONCAT,12
1748.0,EARLY_CONCAT,12
1748.5,EARLY_CONCAT,12
1749.0,EARLY_CONCAT,12
1749.5,EARLY_CONCAT,12
1750.0,EARLY_CONCAT,12
1750.5,EARLY_CONCAT,12
1751.0,EARLY_CONCAT,12
1751.5,EARLY_CONCAT,12
1752.0,EARLY_CONCAT,12
1752.5,EARLY_CONCAT,12
1753.0,EARLY_CONCAT,12
1753.5,EARLY_CONCAT,12
1754.0,EARLY_CONCAT,12
1754.5,EARLY_CONCAT,12
1755.0,EARLY_CONCAT,12
1755.5,EARLY_CONCAT,12
1756.0,EARLY_CONCAT,12
1756.5,EARLY_CONCAT,12
1757.0,EARLY_CONCAT,12
1757.5,EARLY_CONCAT,12
1758.0,EARLY_CONCAT,12
1758.5,EARLY_CONCAT,12
1759.0,EARLY_CONCAT,12
1759.5,EARLY_CONCAT,12
1760.0,EARLY_CONCAT,12
1760.5,EARLY_CONCAT,12
1761.0,EARLY_CONCAT,12
1761.5,EARLY_CONCAT,12
1762.0,EARLY_CONCAT,12
1762.5,EARLY_CONCAT,12
1763.0,EARLY_CONCAT,12
1763.5,EARLY_CONCAT,12
1764.0,EARLY_CONCAT,12
1764.5,EARLY_CONCAT,12
1765.0,EARLY_CONCAT,12
1765.5,EARLY_CONCAT,12
1766.0,EARLY_CONCAT,12
1766.5,EARLY_CONCAT,12
1767.0,EARLY_CONCAT,12
1767.5,EARLY_CONCAT,12
1768.0,EARLY_CONCAT,12
1768.5,EARLY_CONCAT,12
1769.0,EARLY_CONCAT,12
1769.5,EARLY_CONCAT,12
1770.0,EARLY_CONCAT,12
1770.5,EARLY_CONCAT,12
1771.0,EARLY_CONCAT,12
1771.5,EARLY_CONCAT,12
1772.0,EARLY_CONCAT,12
1772.5,EARLY_CONCAT,12
1773.0,EARLY_CONCAT,12
1773.5,EARLY_CONCAT,12
1774.0,EARLY_CONCAT,12
1774.5,EARLY_CONCAT,12
1775.0,EARLY_CONCAT,12
1775.5,EARLY_CONCAT,12
1776.0,EARLY_CONCAT,12
1776.5,EARLY_CONCAT,12
1777.0,EARLY_CONCAT,12
1777.5,EARLY_CONCAT,12
1778.0,EARLY_CONCAT,12
1778.5,EARLY_CONCAT,12
1779.0,EARLY_CONCAT,12
1779.5,EARLY_CONCAT,12
1780.0,EARLY_CONCAT,12
1780.5,EARLY_CONCAT,12
1781.0,EARLY_CONCAT,12
1781.5,EARLY_CONCAT,12
1782.0,EARLY_CONCAT,12
1782.5,EARLY_CONCAT,12
1783.0,EARLY_CONCAT,12
1783.5,EARLY_CONCAT,12
1784.0,EARLY_CONCAT,12
1784.5,EARLY_CONCAT,18
1785.0,EARLY_CONCAT,18
1785.5,EARLY_CONCAT,18
1786.0,EARLY_CONCAT,18
1786.5,EARLY_CONCAT,18
1787.0,EARLY_CONCAT,18
1787.5,EARLY_CONCAT,18
1788.0,EARLY_CONCAT,18
1788.5,EARLY_CONCAT,18
1789.0,EARLY_CONCAT,18
1789.5,EARLY_CONCAT,18
1790.0,EARLY_CONCAT,18
1790.5,EARLY_CONCAT,18
1791.0,EARLY_CONCAT,18
1791.5,EARLY_CONCAT,18
1792.0,EARLY_CONCAT,18
1792.5,EARLY_CONCAT,18
1793.0,EARLY_CONCAT,18
1793.5,EARLY_CONCAT,18
1794.0,EARLY_CONCAT,18
1794.5,EARLY_CONCAT,18
1795.0,EARLY_CONCAT,18
1795.5,EARLY_CONCAT,18
1796.0,EARLY_CONCAT,18
1796.5,EARLY_CONCAT,18
1797.0,EARLY_CONCAT,18
1797.5,EARLY_CONCAT,18
1798.0,EARLY_CONCAT,18
1798.5,EARLY_CONCAT,18
1799.0,EARLY_CONCAT,18
1799.5,EARLY_CONCAT,18
1800.0,EARLY_CONCAT,18
1800.5,EARLY_CONCAT,18
1801.0,EARLY_CONCAT,18
1801.5,EARLY_CONCAT,18
1802.0,EARLY_CONCAT,18
1802.5,EARLY_CONCAT,18
1803.0,EARLY_CONCAT,18
1803.5,EARLY_CONCAT,18
1804.0,EARLY_CONCAT,18
1804.5,EARLY_CONCAT,18
1805.0,EARLY_CONCAT,18
1805.5,EARLY_CONCAT,18
1806.0,EARLY_CONCAT,18
1806.5,EARLY_CONCAT,18
1807.0,EARLY_CONCAT,18
1807.5,EARLY_CONCAT,18
1808.0,EARLY_CONCAT,18
1808.5,EARLY_CONCAT,18
1809.0,EARLY_CONCAT,18
1809.5,EARLY_CONCAT,18
1810.0,EARLY_CONCAT,18
1810.5,EARLY_CONCAT,18
1811.0,EARLY_CONCAT,18
1811.5,EARLY_CONCAT,18
1812.0,EARLY_CONCAT,18
1812.5,EARLY_CONCAT,18
1813.0,EARLY_CONCAT,18
1813.5,EARLY_CONCAT,18
1814.0,EARLY_CONCAT,18
1814.5,EARLY_CONCAT,18
1815.0,EARLY_CONCAT,18
1815.5,EARLY_CONCAT,18
1816.0,EARLY_CONCAT,18
1816.5,EARLY_CONCAT,12
1817.0,EARLY_CONCAT,12
1817.5,EARLY_CONCAT,12
1818.0,EARLY_CONCAT,12
1818.5,EARLY_CONCAT,12
1819.0,EARLY_CONCAT,12
1819.5,EARLY_CONCAT,12
1820.0,EARLY_CONCAT,12
1820.5,EARLY_CONCAT,12
1821.0,EARLY_CONCAT,12
1821.5,EARLY_CONCAT,12
1822.0,EARLY_CONCAT,12
1822.5,EARLY_CONCAT,12
1823.0,EARLY_CONCAT,12
1823.5,EARLY_CONCAT,12
1824.0,EARLY_CONCAT,12
1824.5,EARLY_CONCAT,12
1825.0,EARLY_CONCAT,12
1825.5,EARLY_CONCAT,12
1826.0,EARLY_CONCAT,12
1826.5,EARLY_CONCAT,12
1827.0,EARLY_CONCAT,12
1827.5,EARLY_CONCAT,12
1828.0,EARLY_CONCAT,12
1828.5,EARLY_CONCAT,12
1829.0,EARLY_CONCAT,12
1829.5,EARLY_CONCAT,12
1830.0,EARLY_CONCAT,12
1830.5,EARLY_CONCAT,12
1831.0,EARLY_CONCAT,12
1831.5,EARLY_CONCAT,12
1832.0,EARLY_CONCAT,12
1832.5,EARLY_CONCAT,12
1833.0,EARLY_CONCAT,12
1833.5,EARLY_CONCAT,12
1834.0,EARLY_CONCAT,12
1834.5,EARLY_CONCAT,12
1835.0,EARLY_CONCAT,12
1835.5,EARLY_CONCAT,12
1836.0,EARLY_CONCAT,12
1836.5,EARLY_CONCAT,12
1837.0,EARLY_CONCAT,12
1837.5,EARLY_CONCAT,12
1838.0,EARLY_CONCAT,12
1838.5,EARLY_CONCAT,12
1839.0,EARLY_CONCAT,12
1839.5,EARLY_CONCAT,12
1840.0,EARLY_CONCAT,12
1840.5,EARLY_CONCAT,12
1841.0,EARLY_CONCAT,12
1841.5,EARLY_CONCAT,12
1842.0,EARLY_CONCAT,12
1842.5,EARLY_CONCAT,12
1843.0,EARLY_CONCAT,12
1843.5,EARLY_CONCAT,12
1844.0,EARLY_CONCAT,12
1844.5,EARLY_CONCAT,12
1845.0,EARLY_CONCAT,12
1845.5,EARLY_CONCAT,12
1846.0,EARLY_CONCAT,12
1846.5,EARLY_CONCAT,12
1847.0,EARLY_CONCAT,12
1847.5,EARLY_CONCAT,12
1848.0,EARLY_CONCAT,12
1848.5,EARLY_CONCAT,12
1849.0,EARLY_CONCAT,12
1849.5,EARLY_CONCAT,12
1850.0,EARLY_CONCAT,12
1850.5,EARLY_CONCAT,12
1851.0,EARLY_CONCAT,12
1851.5,EARLY_CONCAT,12
1852.0,EARLY_CONCAT,12
1852.5,EARLY_CONCAT,12
1853.0,EARLY_CONCAT,12
1853.5,EARLY_CONCAT,12
1854.0,EARLY_CONCAT,12
1854.5,EARLY_CONCAT,12
1855.0,EARLY_CONCAT,12
1855.5,EARLY_CONCAT,12
1856.0,EARLY_CONCAT,12
1856.5,EARLY_CONCAT,12
1857.0,EARLY_CONCAT,12
1857.5,EARLY_CONCAT,12
1858.0,EARLY_CONCAT,12
1858.5,EARLY_CONCAT,12
1859.0,EARLY_CONCAT,12
1859.5,EARLY_CONCAT,12
1860.0,EARLY_CONCAT,12
1860.5,EARLY_CONCAT,18
1861.0,EARLY_CONCAT,18
1861.5,EARLY_CONCAT,18
1862.0,EARLY_CONCAT,18
1862.5,EARLY_CONCAT,18
1863.0,EARLY_CONCAT,18
1863.5,EARLY_CONCAT,18
1864.0,EARLY_CONCAT,18
1864.5,EARLY_CONCAT,18
1865.0,EARLY_CONCAT,18
1865.5,EARLY_CONCAT,18
1866.0,EARLY_CONCAT,18
1866.5,EARLY_CONCAT,18
1867.0,EARLY_CONCAT,18
1867.5,EARLY_CONCAT,18
1868.0,EARLY_CONCAT,18
1868.5,EARLY_CONCAT,18
1869.0,EARLY_CONCAT,18
1869.5,EARLY_CONCAT,18
1870.0,EARLY_CONCAT,18
1870.5,EARLY_CONCAT,18
1871.0,EARLY_CONCAT,18
1871.5,EARLY_CONCAT,18
1872.0,EARLY_CONCAT,18
1872.5,EARLY_CONCAT,18
1873.0,EARLY_CONCAT,18
1873.5,EARLY_CONCAT,18
1874.0,EARLY_CONCAT,18
1874.5,EARLY_CONCAT,18
1875.0,EARLY_CONCAT,18
1875.5,EARLY_CONCAT,18
1876.0,EARLY_CONCAT,18
1876.5,EARLY_CONCAT,18
1877.0,EARLY_CONCAT,18
1877.5,EARLY_CONCAT,18
1878.0,EARLY_CONCAT,18
1878.5,EARLY_CONCAT,18
1879.0,EARLY_CONCAT,18
1879.5,EARLY_CONCAT,18
1880.0,EARLY_CONCAT,18
1880.5,EARLY_CONCAT,18
1881.0,EARLY_CONCAT,18
1881.5,EARLY_CONCAT,18
1882.0,EARLY_CONCAT,18
1882.5,EARLY_CONCAT,18
1883.0,EARLY_CONCAT,1
1883.5,EARLY_CONCAT,1
1884.0,EARLY_CONCAT,1
1884.5,EARLY_CONCAT,1
1885.0,EARLY_CONCAT,1
1885.5,EARLY_CONCAT,1
1886.0,EARLY_CONCAT,1
1886.5,EARLY_CONCAT,1
1887.0,EARLY_CONCAT,1
1887.5,EARLY_CONCAT,1
1888.0,EARLY_CONCAT,1
1888.5,EARLY_CONCAT,1
1889.0,EARLY_CONCAT,1
1889.5,EARLY_CONCAT,1
1890.0,EARLY_CONCAT,1
1890.5,EARLY_CONCAT,1
1891.0,EARLY_CONCAT,1
1891.5,EARLY_CONCAT,1
1892.0,EARLY_CONCAT,1
1892.5,EARLY_CONCAT,1
1893.0,EARLY_CONCAT,1
1893.5,EARLY_CONCAT,1
1894.0,EARLY_CONCAT,1
1894.5,EARLY_CONCAT,1
1895.0,EARLY_CONCAT,1
1895.5,EARLY_CONCAT,1
1896.0,EARLY_CONCAT,1
1896.5,EARLY_CONCAT,1
1897.0,EARLY_CONCAT,1
1897.5,EARLY_CONCAT,1
1898.0,EARLY_CONCAT,1
1898.5,EARLY_CONCAT,1
1899.0,EARLY_CONCAT,1
1899.5,EARLY_CONCAT,1
1900.0,EARLY_CONCAT,1
1900.5,EARLY_CONCAT,1
1901.0,EARLY_CONCAT,1
1901.5,EARLY_CONCAT,1
1902.0,EARLY_CONCAT,1
1902.5,EARLY_CONCAT,1
1903.0,EARLY_CONCAT,1
1903.5,EARLY_CONCAT,1
1904.0,EARLY_CONCAT,1
1904.5,EARLY_CONCAT,1
1905.0,EARLY_CONCAT,1
1905.5,EARLY_CONCAT,1
1906.0,EARLY_CONCAT,1
1906.5,EARLY_CONCAT,1
1907.0,EARLY_CONCAT,1
1907.5,EARLY_CONCAT,1
1908.0,EARLY_CONCAT,1
1908.5,EARLY_CONCAT,1
1909.0,EARLY_CONCAT,1
1909.5,EARLY_CONCAT,1
1910.0,EARLY_CONCAT,1
1910.5,EARLY_CONCAT,1
1911.0,EARLY_CONCAT,1
1911.5,EARLY_CONCAT,1
1912.0,EARLY_CONCAT,1
1912.5,EARLY_CONCAT,1
1913.0,EARLY_CONCAT,1
1913.5,EARLY_CONCAT,2
1914.0,EARLY_CONCAT,2
1914.5,EARLY_CONCAT,2
1915.0,EARLY_CONCAT,2
1915.5,EARLY_CONCAT,2
1916.0,EARLY_CONCAT,2
1916.5,EARLY_CONCAT,2
1917.0,EARLY_CONCAT,2
1917.5,EARLY_CONCAT,2
1918.0,EARLY_CONCAT,2
1918.5,EARLY_CONCAT,2
1919.0,EARLY_CONCAT,2
1919.5,EARLY_CONCAT,2
1920.0,EARLY_CONCAT,2
1920.5,EARLY_CONCAT,2
1921.0,EARLY_CONCAT,2
1921.5,EARLY_CONCAT,2
1922.0,EARLY_CONCAT,2
1922.5,EARLY_CONCAT,2
1923.0,EARLY_CONCAT,2
1923.5,EARLY_CONCAT,2
1924.0,EARLY_CONCAT,2
1924.5,EARLY_CONCAT,2
1925.0,EARLY_CONCAT,2
1925.5,EARLY_CONCAT,2
1926.0,EARLY_CONCAT,2
1926.5,EARLY_CONCAT,2
1927.0,EARLY_CONCAT,2
1927.5,EARLY_CONCAT,2
1928.0,EARLY_CONCAT,2
1928.5,EARLY_CONCAT,2
1929.0,EARLY_CONCAT,2
1929.5,EARLY_CONCAT,2
1930.0,EARLY_CONCAT,2
1930.5,EARLY_CONCAT,2
1931.0,EARLY_CONCAT,2
1931.5,EARLY_CONCAT,2
1932.0,EARLY_CONCAT,2
1932.5,EARLY_CONCAT,2
1933.0,EARLY_CONCAT,2
1933.5,EARLY_CONCAT,2
1934.0,EARLY_CONCAT,2
1934.5,EARLY_CONCAT,2
1935.0,EARLY_CONCAT,2
1935.5,EARLY_CONCAT,2
1936.0,EARLY_CONCAT,2
1936.5,EARLY_CONCAT,2
1937.0,EARLY_CONCAT,2
1937.5,EARLY_CONCAT,2
1938.0,EARLY_CONCAT,2
1938.5,EARLY_CONCAT,2
1939.0,EARLY_CONCAT,2
1939.5,EARLY_CONCAT,2
1940.0,EARLY_CONCAT,2
1940.5,EARLY_CONCAT,2
1941.0,EARLY_CONCAT,2
1941.5,EARLY_CONCAT,2
1942.0,EARLY_CONCAT,2
1942.5,EARLY_CONCAT,2
1943.0,EARLY_CONCAT,2
1943.5,EARLY_CONCAT,2
1944.0,EARLY_CONCAT,2
1944.5,EARLY_CONCAT,2
1945.0,EARLY_CONCAT,2
1945.5,EARLY_CONCAT,2
1946.0,EARLY_CONCAT,2
1946.5,EARLY_CONCAT,2
1947.0,EARLY_CONCAT,2
1947.5,EARLY_CONCAT,2
1948.0,EARLY_CONCAT,2
1948.5,EARLY_CONCAT,2
1949.0,EARLY_CONCAT,2
1949.5,EARLY_CONCAT,2
1950.0,EARLY_CONCAT,2
1950.5,EARLY_CONCAT,2
1951.0,EARLY_CONCAT,2
1951.5,EARLY_CONCAT,2
1952.0,EARLY_CONCAT,2
1952.5,EARLY_CONCAT,2
1953.0,EARLY_CONCAT,2
1953.5,EARLY_CONCAT,2
1954.0,EARLY_CONCAT,2
1954.5,EARLY_CONCAT,2
1955.0,EARLY_CONCAT,2
1955.5,EARLY_CONCAT,2
1956.0,EARLY_CONCAT,2
1956.5,EARLY_CONCAT,2
1957.0,EARLY_CONCAT,2
1957.5,EARLY_CONCAT,2
1958.0,EARLY_CONCAT,2
1958.5,EARLY_CONCAT,2
1959.0,EARLY_CONCAT,2
1959.5,EARLY_CONCAT,2
1960.0,EARLY_CONCAT,2
1960.5,EARLY_CONCAT,2
1961.0,EARLY_CONCAT,2
1961.5,EARLY_CONCAT,2
1962.0,EARLY_CONCAT,2
1962.5,EARLY_CONCAT,2
1963.0,EARLY_CONCAT,2
1963.5,EARLY_CONCAT,2
1964.0,EARLY_CONCAT,2
1964.5,EARLY_CONCAT,2
1965.0,EARLY_CONCAT,2
1965.5,EARLY_CONCAT,2
1966.0,EARLY_CONCAT,2
1966.5,EARLY_CONCAT,2
1967.0,EARLY_CONCAT,2
1967.5,EARLY_CONCAT,2
1968.0,EARLY_CONCAT,2
1968.5,EARLY_CONCAT,2
1969.0,EARLY_CONCAT,2
1969.5,EARLY_CONCAT,2
1970.0,EARLY_CONCAT,2
1970.5,EARLY_CONCAT,2
1971.0,EARLY_CONCAT,2
1971.5,EARLY_CONCAT,2
1972.0,EARLY_CONCAT,2
1972.5,EARLY_CONCAT,2
1973.0,EARLY_CONCAT,2
1973.5,EARLY_CONCAT,2
1974.0,EARLY_CONCAT,2
1974.5,EARLY_CONCAT,2
1975.0,EARLY_CONCAT,2
1975.5,EARLY_CONCAT,2
1976.0,EARLY_CONCAT,18
1976.5,EARLY_CONCAT,18
1977.0,EARLY_CONCAT,18
1977.5,EARLY_CONCAT,18
1978.0,EARLY_CONCAT,18
1978.5,EARLY_CONCAT,18
1979.0,EARLY_CONCAT,18
1979.5,EARLY_CONCAT,18
1980.0,EARLY_CONCAT,18
1980.5,EARLY_CONCAT,18
1981.0,EARLY_CONCAT,18
1981.5,EARLY_CONCAT,18
1982.0,EARLY_CONCAT,18
1982.5,EARLY_CONCAT,18
1983.0,EARLY_CONCAT,18
1983.5,EARLY_CONCAT,18
1984.0,EARLY_CONCAT,18
1984.5,EARLY_CONCAT,18
1985.0,EARLY_CONCAT,18
1985.5,EARLY_CONCAT,18
1986.0,EARLY_CONCAT,18
1986.5,EARLY_CONCAT,18
1987.0,EARLY_CONCAT,18
1987.5,EARLY_CONCAT,18
1988.0,EARLY_CONCAT,18
1988.5,EARLY_CONCAT,18
1989.0,EARLY_CONCAT,18
1989.5,EARLY_CONCAT,18
1990.0,EARLY_CONCAT,18
1990.5,EARLY_CONCAT,18
1991.0,EARLY_CONCAT,18
1991.5,EARLY_CONCAT,18
1992.0,EARLY_CONCAT,18
1992.5,EARLY_CONCAT,18
1993.0,EARLY_CONCAT,18
1993.5,EARLY_CONCAT,18
1994.0,EARLY_CONCAT,18
1994.5,EARLY_CONCAT,18
1995.0,EARLY_CONCAT,18
1995.5,EARLY_CONCAT,18
1996.0,EARLY_CONCAT,18
1996.5,EARLY_CONCAT,18
1997.0,EARLY_CONCAT,18
1997.5,EARLY_CONCAT,18
1998.0,EARLY_CONCAT,18
1998.5,EARLY_CONCAT,18
1999.0,EARLY_CONCAT,18
1999.5,EARLY_CONCAT,18
2000.0,EARLY_CONCAT,18
2000.5,EARLY_CONCAT,18
2001.0,EARLY_CONCAT,18
2001.5,EARLY_CONCAT,18
2002.0,EARLY_CONCAT,5
2002.5,EARLY_CONCAT,5
2003.0,EARLY_CONCAT,5
2003.5,EARLY_CONCAT,5
2004.0,EARLY_CONCAT,5
2004.5,EARLY_CONCAT,5
2005.0,EARLY_CONCAT,5
2005.5,EARLY_CONCAT,5
2006.0,EARLY_CONCAT,5
2006.5,EARLY_CONCAT,5
2007.0,EARLY_CONCAT,5
2007.5,EARLY_CONCAT,5
2008.0,EARLY_CONCAT,5
2008.5,EARLY_CONCAT,5
2009.0,EARLY_CONCAT,5
2009.5,EARLY_CONCAT,5
2010.0,EARLY_CONCAT,5
2010.5,EARLY_CONCAT,5
2011.0,EARLY_CONCAT,5
2011.5,EARLY_CONCAT,5
2012.0,EARLY_CONCAT,5
2012.5,EARLY_CONCAT,5
2013.0,EARLY_CONCAT,5
2013.5,EARLY_CONCAT,5
2014.0,EARLY_CONCAT,5
2014.5,EARLY_CONCAT,5
2015.0,EARLY_CONCAT,5
2015.5,EARLY_CONCAT,5
2016.0,EARLY_CONCAT,5
2016.5,EARLY_CONCAT,5
2017.0,EARLY_CONCAT,5
2017.5,EARLY_CONCAT,5
2018.0,EARLY_CONCAT,5
2018.5,EARLY_CONCAT,5
2019.0,EARLY_CONCAT,5
2019.5,EARLY_CONCAT,5
2020.0,EARLY_CONCAT,5
2020.5,EARLY_CONCAT,5
2021.0,EARLY_CONCAT,5
2021.5,EARLY_CONCAT,5
2022.0,EARLY_CONCAT,5
2022.5,EARLY_CONCAT,5
2023.0,EARLY_CONCAT,5
2023.5,EARLY_CONCAT,5
2024.0,EARLY_CONCAT,5
2024.5,EARLY_CONCAT,5
2025.0,EARLY_CONCAT,5
2025.5,EARLY_CONCAT,5
2026.0,EARLY_CONCAT,5
2026.5,EARLY_CONCAT,5
2027.0,EARLY_CONCAT,5
2027.5,EARLY_CONCAT,5
2028.0,EARLY_CONCAT,5
2028.5,EARLY_CONCAT,5
2029.0,EARLY_CONCAT,5
2029.5,EARLY_CONCAT,5
2030.0,EARLY_CONCAT,5
2030.5,EARLY_CONCAT,5
2031.0,EARLY_CONCAT,5
2031.5,EARLY_CONCAT,5
2032.0,EARLY_CONCAT,5
2032.5,EARLY_CONCAT,5
2033.0,EARLY_CONCAT,5
2033.5,EARLY_CONCAT,5
2034.0,EARLY_CONCAT,5
2034.5,EARLY_CONCAT,5
2035.0,EARLY_CONCAT,5
2035.5,EARLY_CONCAT,5
2036.0,EARLY_CONCAT,5
2036.5,EARLY_CONCAT,5
2037.0,EARLY_CONCAT,5
2037.5,EARLY_CONCAT,5
2038.0,EARLY_CONCAT,5
2038.5,EARLY_CONCAT,5
2039.0,EARLY_CONCAT,5
2039.5,EARLY_CONCAT,5
2040.0,EARLY_CONCAT,5
2040.5,EARLY_CONCAT,5
2041.0,EARLY_CONCAT,5
2041.5,EARLY_CONCAT,5
2042.0,EARLY_CONCAT,5
2042.5,EARLY_CONCAT,5
2043.0,EARLY_CONCAT,5
2043.5,EARLY_CONCAT,5
2044.0,EARLY_CONCAT,5
2044.5,EARLY_CONCAT,5
2045.0,EARLY_CONCAT,5
2045.5,EARLY_CONCAT,5
2046.0,EARLY_CONCAT,5
2046.5,EARLY_CONCAT,5
2047.0,EARLY_CONCAT,5
2047.5,EARLY_CONCAT,5
2048.0,EARLY_CONCAT,5
2048.5,EARLY_CONCAT,5
2049.0,EARLY_CONCAT,5
2049.5,EARLY_CONCAT,5
2050.0,EARLY_CONCAT,5
2050.5,EARLY_CONCAT,5
2051.0,EARLY_CONCAT,5
2051.5,EARLY_CONCAT,5
2052.0,EARLY_CONCAT,5
2052.5,EARLY_CONCAT,5
2053.0,EARLY_CONCAT,5
2053.5,EARLY_CONCAT,5
2054.0,EARLY_CONCAT,5
2054.5,EARLY_CONCAT,5
2055.0,EARLY_CONCAT,5
2055.5,EARLY_CONCAT,5
2056.0,EARLY_CONCAT,5
2056.5,EARLY_CONCAT,5
2057.0,EARLY_CONCAT,5
2057.5,EARLY_CONCAT,5
2058.0,EARLY_CONCAT,5
2058.5,EARLY_CONCAT,5
2059.0,EARLY_CONCAT,5
2059.5,EARLY_CONCAT,5
2060.0,EARLY_CONCAT,5
2060.5,EARLY_CONCAT,5
2061.0,EARLY_CONCAT,5
2061.5,EARLY_CONCAT,5
2062.0,EARLY_CONCAT,5
2062.5,EARLY_CONCAT,5
2063.0,EARLY_CONCAT,5
2063.5,EARLY_CONCAT,5
2064.0,EARLY_CONCAT,5
2064.5,EARLY_CONCAT,5
2065.0,EARLY_CONCAT,5
2065.5,EARLY_CONCAT,5
2066.0,EARLY_CONCAT,5
2066.5,EARLY_CONCAT,5
2067.0,EARLY_CONCAT,5
2067.5,EARLY_CONCAT,5
2068.0,EARLY_CONCAT,5
2068.5,EARLY_CONCAT,5
2069.0,EARLY_CONCAT,5
2069.5,EARLY_CONCAT,5
2070.0,EARLY_CONCAT,5
2070.5,EARLY_CONCAT,5
2071.0,EARLY_CONCAT,5
2071.5,EARLY_CONCAT,5
2072.0,EARLY_CONCAT,5
2072.5,EARLY_CONCAT,5
2073.0,EARLY_CONCAT,5
2073.5,EARLY_CONCAT,5
2074.0,EARLY_CONCAT,5
2074.5,EARLY_CONCAT,5
2075.0,EARLY_CONCAT,5
2075.5,EARLY_CONCAT,5
2076.0,EARLY_CONCAT,5
2076.5,EARLY_CONCAT,5
2077.0,EARLY_CONCAT,5
2077.5,EARLY_CONCAT,5
2078.0,EARLY_CONCAT,5
2078.5,EARLY_CONCAT,5
2079.0,EARLY_CONCAT,5
2079.5,EARLY_CONCAT,5
2080.0,EARLY_CONCAT,5
2080.5,EARLY_CONCAT,5
2081.0,EARLY_CONCAT,5
2081.5,EARLY_CONCAT,5
2082.0,EARLY_CONCAT,5
2082.5,EARLY_CONCAT,5
2083.0,EARLY_CONCAT,5
2083.5,EARLY_CONCAT,5
2084.0,EARLY_CONCAT,5
2084.5,EARLY_CONCAT,5
2085.0,EARLY_CONCAT,5
2085.5,EARLY_CONCAT,5
2086.0,EARLY_CONCAT,5
2086.5,EARLY_CONCAT,5
2087.0,EARLY_CONCAT,5
2087.5,EARLY_CONCAT,5
2088.0,EARLY_CONCAT,5
2088.5,EARLY_CONCAT,5
2089.0,EARLY_CONCAT,5
2089.5,EARLY_CONCAT,5
2090.0,EARLY_CONCAT,5
2090.5,EARLY_CONCAT,5
2091.0,EARLY_CONCAT,5
2091.5,EARLY_CONCAT,5
2092.0,EARLY_CONCAT,5
2092.5,EARLY_CONCAT,5
2093.0,EARLY_CONCAT,5
2093.5,EARLY_CONCAT,5
2094.0,EARLY_CONCAT,5
2094.5,EARLY_CONCAT,5
2095.0,EARLY_CONCAT,5
2095.5,EARLY_CONCAT,5
2096.0,EARLY_CONCAT,5
2096.5,EARLY_CONCAT,5
2097.0,EARLY_CONCAT,5
2097.5,EARLY_CONCAT,5
2098.0,EARLY_CONCAT,5
2098.5,EARLY_CONCAT,5
2099.0,EARLY_CONCAT,5
2099.5,EARLY_CONCAT,5
2100.0,EARLY_CONCAT,5
2100.5,EARLY_CONCAT,5
2101.0,EARLY_CONCAT,5
2101.5,EARLY_CONCAT,5
2102.0,EARLY_CONCAT,5
2102.5,EARLY_CONCAT,5
2103.0,EARLY_CONCAT,5
2103.5,EARLY_CONCAT,5
2104.0,EARLY_CONCAT,5
2104.5,EARLY_CONCAT,5
2105.0,EARLY_CONCAT,5
2105.5,EARLY_CONCAT,5
2106.0,EARLY_CONCAT,5
2106.5,EARLY_CONCAT,5
2107.0,EARLY_CONCAT,5
2107.5,EARLY_CONCAT,5
2108.0,EARLY_CONCAT,18
2108.5,EARLY_CONCAT,18
2109.0,EARLY_CONCAT,18
2109.5,EARLY_CONCAT,18
2110.0,EARLY_CONCAT,18
2110.5,EARLY_CONCAT,18
2111.0,EARLY_CONCAT,18
2111.5,EARLY_CONCAT,18
2112.0,EARLY_CONCAT,18
2112.5,EARLY_CONCAT,18
2113.0,EARLY_CONCAT,18
2113.5,EARLY_CONCAT,18
2114.0,EARLY_CONCAT,18
2114.5,EARLY_CONCAT,18
2115.0,EARLY_CONCAT,18
2115.5,EARLY_CONCAT,18
2116.0,EARLY_CONCAT,18
2116.5,EARLY_CONCAT,18
2117.0,EARLY_CONCAT,18
2117.5,EARLY_CONCAT,18
2118.0,EARLY_CONCAT,18
2118.5,EARLY_CONCAT,18
2119.0,EARLY_CONCAT,18
2119.5,EARLY_CONCAT,18
2120.0,EARLY_CONCAT,18
2120.5,EARLY_CONCAT,18
2121.0,EARLY_CONCAT,18
2121.5,EARLY_CONCAT,18
2122.0,EARLY_CONCAT,18
2122.5,EARLY_CONCAT,18
2123.0,EARLY_CONCAT,18
2123.5,EARLY_CONCAT,18
2124.0,EARLY_CONCAT,18
2124.5,EARLY_CONCAT,18
2125.0,EARLY_CONCAT,18
2125.5,EARLY_CONCAT,18
2126.0,EARLY_CONCAT,18
2126.5,EARLY_CONCAT,18
2127.0,EARLY_CONCAT,18
2127.5,EARLY_CONCAT,18
2128.0,EARLY_CONCAT,18
2128.5,EARLY_CONCAT,18
2129.0,EARLY_CONCAT,18
2129.5,EARLY_CONCAT,18
2130.0,EARLY_CONCAT,18
2130.5,EARLY_CONCAT,18
2131.0,EARLY_CONCAT,18
2131.5,EARLY_CONCAT,18
2132.0,EARLY_CONCAT,18
2132.5,EARLY_CONCAT,18
2133.0,EARLY_CONCAT,18
2133.5,EARLY_CONCAT,18
2134.0,EARLY_CONCAT,18
2134.5,EARLY_CONCAT,18
2135.0,EARLY_CONCAT,18
2135.5,EARLY_CONCAT,18
2136.0,EARLY_CONCAT,18
2136.5,EARLY_CONCAT,18
2137.0,EARLY_CONCAT,18
2137.5,EARLY_CONCAT,18
2138.0,EARLY_CONCAT,18
2138.5,EARLY_CONCAT,18
2139.0,EARLY_CONCAT,18
2139.5,EARLY_CONCAT,18
2140.0,EARLY_CONCAT,18
2140.5,EARLY_CONCAT,18
2141.0,EARLY_CONCAT,18
2141.5,EARLY_CONCAT,18
2142.0,EARLY_CONCAT,18
2142.5,EARLY_CONCAT,18
2143.0,EARLY_CONCAT,18
2143.5,EARLY_CONCAT,18
2144.0,EARLY_CONCAT,18
2144.5,EARLY_CONCAT,18
2145.0,EARLY_CONCAT,18
2145.5,EARLY_CONCAT,18
2146.0,EARLY_CONCAT,18
2146.5,EARLY_CONCAT,18
2147.0,EARLY_CONCAT,18
2147.5,EARLY_CONCAT,18
2148.0,EARLY_CONCAT,18
2148.5,EARLY_CONCAT,18
2149.0,EARLY_CONCAT,18
2149.5,EARLY_CONCAT,18
2150.0,EARLY_CONCAT,18
2150.5,EARLY_CONCAT,18
2151.0,EARLY_CONCAT,18
2151.5,EARLY_CONCAT,18
2152.0,EARLY_CONCAT,18
2152.5,EARLY_CONCAT,18
2153.0,EARLY_CONCAT,18
2153.5,EARLY_CONCAT,18
2154.0,EARLY_CONCAT,18
2154.5,EARLY_CONCAT,18
2155.0,EARLY_CONCAT,18
2155.5,EARLY_CONCAT,11
2156.0,EARLY_CONCAT,11
2156.5,EARLY_CONCAT,11
2157.0,EARLY_CONCAT,11
2157.5,EARLY_CONCAT,11
2158.0,EARLY_CONCAT,11
2158.5,EARLY_CONCAT,11
2159.0,EARLY_CONCAT,11
2159.5,EARLY_CONCAT,11
2160.0,EARLY_CONCAT,11
2160.5,EARLY_CONCAT,11
2161.0,EARLY_CONCAT,11
2161.5,EARLY_CONCAT,11
2162.0,EARLY_CONCAT,11
2162.5,EARLY_CONCAT,11
2163.0,EARLY_CONCAT,11
2163.5,EARLY_CONCAT,11
2164.0,EARLY_CONCAT,11
2164.5,EARLY_CONCAT,11
2165.0,EARLY_CONCAT,10
2165.5,EARLY_CONCAT,10
2166.0,EARLY_CONCAT,10
2166.5,EARLY_CONCAT,10
2167.0,EARLY_CONCAT,10
2167.5,EARLY_CONCAT,10
2168.0,EARLY_CONCAT,10
2168.5,EARLY_CONCAT,10
2169.0,EARLY_CONCAT,10
2169.5,EARLY_CONCAT,10
2170.0,EARLY_CONCAT,10
2170.5,EARLY_CONCAT,10
2171.0,EARLY_CONCAT,10
2171.5,EARLY_CONCAT,10
2172.0,EARLY_CONCAT,10
2172.5,EARLY_CONCAT,10
2173.0,EARLY_CONCAT,10
2173.5,EARLY_CONCAT,10
2174.0,EARLY_CONCAT,10
2174.5,EARLY_CONCAT,10
2175.0,EARLY_CONCAT,10
2175.5,EARLY_CONCAT,10
2176.0,EARLY_CONCAT,10
2176.5,EARLY_CONCAT,10
2177.0,EARLY_CONCAT,10
2177.5,EARLY_CONCAT,10
2178.0,EARLY_CONCAT,10
2178.5,EARLY_CONCAT,10
2179.0,EARLY_CONCAT,10
2179.5,EARLY_CONCAT,10
2180.0,EARLY_CONCAT,10
2180.5,EARLY_CONCAT,10
2181.0,EARLY_CONCAT,10
2181.5,EARLY_CONCAT,10
2182.0,EARLY_CONCAT,10
2182.5,EARLY_CONCAT,10
2183.0,EARLY_CONCAT,10
2183.5,EARLY_CONCAT,10
2184.0,EARLY_CONCAT,10
2184.5,EARLY_CONCAT,10
2185.0,EARLY_CONCAT,10
2185.5,EARLY_CONCAT,10
2186.0,EARLY_CONCAT,10
2186.5,EARLY_CONCAT,10
2187.0,EARLY_CONCAT,10
2187.5,EARLY_CONCAT,10
2188.0,EARLY_CONCAT,10
2188.5,EARLY_CONCAT,11
2189.0,EARLY_CONCAT,11
2189.5,EARLY_CONCAT,11
2190.0,EARLY_CONCAT,11
2190.5,EARLY_CONCAT,11
2191.0,EARLY_CONCAT,11
2191.5,EARLY_CONCAT,11
2192.0,EARLY_CONCAT,11
2192.5,EARLY_CONCAT,11
2193.0,EARLY_CONCAT,11
2193.5,EARLY_CONCAT,11
2194.0,EARLY_CONCAT,11
2194.5,EARLY_CONCAT,11
2195.0,EARLY_CONCAT,11
2195.5,EARLY_CONCAT,11
2196.0,EARLY_CONCAT,11
2196.5,EARLY_CONCAT,18
2197.0,EARLY_CONCAT,18
2197.5,EARLY_CONCAT,18
2198.0,EARLY_CONCAT,18
2198.5,EARLY_CONCAT,18
2199.0,EARLY_CONCAT,18
2199.5,EARLY_CONCAT,18
2200.0,EARLY_CONCAT,18
2200.5,EARLY_CONCAT,18
2201.0,EARLY_CONCAT,18
2201.5,EARLY_CONCAT,18
2202.0,EARLY_CONCAT,18
2202.5,EARLY_CONCAT,18
2203.0,EARLY_CONCAT,18
2203.5,EARLY_CONCAT,18
2204.0,EARLY_CONCAT,18
2204.5,EARLY_CONCAT,18
2205.0,EARLY_CONCAT,18
2205.5,EARLY_CONCAT,18
2206.0,EARLY_CONCAT,18
2206.5,EARLY_CONCAT,18
2207.0,EARLY_CONCAT,18
2207.5,EARLY_CONCAT,18
2208.0,EARLY_CONCAT,18
2208.5,EARLY_CONCAT,18
2209.0,EARLY_CONCAT,18
2209.5,EARLY_CONCAT,18
2210.0,EARLY_CONCAT,18
2210.5,EARLY_CONCAT,18
2211.0,EARLY_CONCAT,18
2211.5,EARLY_CONCAT,18
2212.0,EARLY_CONCAT,18
2212.5,EARLY_CONCAT,18
2213.0,EARLY_CONCAT,18
2213.5,EARLY_CONCAT,18
2214.0,EARLY_CONCAT,18
2214.5,EARLY_CONCAT,18
2215.0,EARLY_CONCAT,18
2215.5,EARLY_CONCAT,18
2216.0,EARLY_CONCAT,18
2216.5,EARLY_CONCAT,18
2217.0,EARLY_CONCAT,18
2217.5,EARLY_CONCAT,18
2218.0,EARLY_CONCAT,18
2218.5,EARLY_CONCAT,18
2219.0,EARLY_CONCAT,18
2219.5,EARLY_CONCAT,18
2220.0,EARLY_CONCAT,18
2220.5,EARLY_CONCAT,18
2221.0,EARLY_CONCAT,11
2221.5,EARLY_CONCAT,11
2222.0,EARLY_CONCAT,11
2222.5,EARLY_CONCAT,11
2223.0,EARLY_CONCAT,11
2223.5,EARLY_CONCAT,11
2224.0,EARLY_CONCAT,11
2224.5,EARLY_CONCAT,11
2225.0,EARLY_CONCAT,11
2225.5,EARLY_CONCAT,11
2226.0,EARLY_CONCAT,11
2226.5,EARLY_CONCAT,11
2227.0,EARLY_CONCAT,11
2227.5,EARLY_CONCAT,11
2228.0,EARLY_CONCAT,11
2228.5,EARLY_CONCAT,11
2229.0,EARLY_CONCAT,11
2229.5,EARLY_CONCAT,11
2230.0,EARLY_CONCAT,11
2230.5,EARLY_CONCAT,11
2231.0,EARLY_CONCAT,11
2231.5,EARLY_CONCAT,11
2232.0,EARLY_CONCAT,11
2232.5,EARLY_CONCAT,11
2233.0,EARLY_CONCAT,11
2233.5,EARLY_CONCAT,11
2234.0,EARLY_CONCAT,11
2234.5,EARLY_CONCAT,11
2235.0,EARLY_CONCAT,11
2235.5,EARLY_CONCAT,11
2236.0,EARLY_CONCAT,11
2236.5,EARLY_CONCAT,11
2237.0,EARLY_CONCAT,11
2237.5,EARLY_CONCAT,11
2238.0,EARLY_CONCAT,11
2238.5,EARLY_CONCAT,11
2239.0,EARLY_CONCAT,11
2239.5,EARLY_CONCAT,11
2240.0,EARLY_CONCAT,11
2240.5,EARLY_CONCAT,11
2241.0,EARLY_CONCAT,11
2241.5,EARLY_CONCAT,11
2242.0,EARLY_CONCAT,11
2242.5,EARLY_CONCAT,11
2243.0,EARLY_CONCAT,11
2243.5,EARLY_CONCAT,11
2244.0,EARLY_CONCAT,11
2244.5,EARLY_CONCAT,11
2245.0,EARLY_CONCAT,11
2245.5,EARLY_CONCAT,11
2246.0,EARLY_CONCAT,11
2246.5,EARLY_CONCAT,11
2247.0,EARLY_CONCAT,11
2247.5,EARLY_CONCAT,11
2248.0,EARLY_CONCAT,11
2248.5,EARLY_CONCAT,11
2249.0,EARLY_CONCAT,11
2249.5,EARLY_CONCAT,11
2250.0,EARLY_CONCAT,11
2250.5,EARLY_CONCAT,11
2251.0,EARLY_CONCAT,11
2251.5,EARLY_CONCAT,11
2252.0,EARLY_CONCAT,11
2252.5,EARLY_CONCAT,11
2253.0,EARLY_CONCAT,11
2253.5,EARLY_CONCAT,11
2254.0,EARLY_CONCAT,11
2254.5,EARLY_CONCAT,11
2255.0,EARLY_CONCAT,11
2255.5,EARLY_CONCAT,11
2256.0,EARLY_CONCAT,11
2256.5,EARLY_CONCAT,11
2257.0,EARLY_CONCAT,11
2257.5,EARLY_CONCAT,11
2258.0,EARLY_CONCAT,11
2258.5,EARLY_CONCAT,11
2259.0,EARLY_CONCAT,11
2259.5,EARLY_CONCAT,11
2260.0,EARLY_CONCAT,11
2260.5,EARLY_CONCAT,11
2261.0,EARLY_CONCAT,11
2261.5,EARLY_CONCAT,11
2262.0,EARLY_CONCAT,11
2262.5,EARLY_CONCAT,11
2263.0,EARLY_CONCAT,11
2263.5,EARLY_CONCAT,11
2264.0,EARLY_CONCAT,10
2264.5,EARLY_CONCAT,10
2265.0,EARLY_CONCAT,10
2265.5,EARLY_CONCAT,10
2266.0,EARLY_CONCAT,10
2266.5,EARLY_CONCAT,10
2267.0,EARLY_CONCAT,11
2267.5,EARLY_CONCAT,11
2268.0,EARLY_CONCAT,11
2268.5,EARLY_CONCAT,11
2269.0,EARLY_CONCAT,11
2269.5,EARLY_CONCAT,11
2270.0,EARLY_CONCAT,11
2270.5,EARLY_CONCAT,11
2271.0,EARLY_CONCAT,11
2271.5,EARLY_CONCAT,11
2272.0,EARLY_CONCAT,11
2272.5,EARLY_CONCAT,11
2273.0,EARLY_CONCAT,11
2273.5,EARLY_CONCAT,11
2274.0,EARLY_CONCAT,11
2274.5,EARLY_CONCAT,11
2275.0,EARLY_CONCAT,11
2275.5,EARLY_CONCAT,11
2276.0,EARLY_CONCAT,11
2276.5,EARLY_CONCAT,11
2277.0,EARLY_CONCAT,18
2277.5,EARLY_CONCAT,18
2278.0,EARLY_CONCAT,18
2278.5,EARLY_CONCAT,18
2279.0,EARLY_CONCAT,18
2279.5,EARLY_CONCAT,18
2280.0,EARLY_CONCAT,18
2280.5,EARLY_CONCAT,18
2281.0,EARLY_CONCAT,18
2281.5,EARLY_CONCAT,18
2282.0,EARLY_CONCAT,18
2282.5,EARLY_CONCAT,18
2283.0,EARLY_CONCAT,18
2283.5,EARLY_CONCAT,18
2284.0,EARLY_CONCAT,18
2284.5,EARLY_CONCAT,18
2285.0,EARLY_CONCAT,18
2285.5,EARLY_CONCAT,18
2286.0,EARLY_CONCAT,18
2286.5,EARLY_CONCAT,18
2287.0,EARLY_CONCAT,18
2287.5,EARLY_CONCAT,18
2288.0,EARLY_CONCAT,18
2288.5,EARLY_CONCAT,18
2289.0,EARLY_CONCAT,18
2289.5,EARLY_CONCAT,18
2290.0,EARLY_CONCAT,18
2290.5,EARLY_CONCAT,18
2291.0,EARLY_CONCAT,18
2291.5,EARLY_CONCAT,18
2292.0,EARLY_CONCAT,18
2292.5,EARLY_CONCAT,18
2293.0,EARLY_CONCAT,18
2293.5,EARLY_CONCAT,18
2294.0,EARLY_CONCAT,18
2294.5,EARLY_CONCAT,18
2295.0,EARLY_CONCAT,18
2295.5,EARLY_CONCAT,18
2296.0,EARLY_CONCAT,18
2296.5,EARLY_CONCAT,18
2297.0,EARLY_CONCAT,18
2297.5,EARLY_CONCAT,18
2298.0,EARLY_CONCAT,18
2298.5,EARLY_CONCAT,18
2299.0,EARLY_CONCAT,18
2299.5,EARLY_CONCAT,18
2300.0,EARLY_CONCAT,18
2300.5,EARLY_CONCAT,18
2301.0,EARLY_CONCAT,18
2301.5,EARLY_CONCAT,18
2302.0,EARLY_CONCAT,18
2302.5,EARLY_CONCAT,18
2303.0,EARLY_CONCAT,18
2303.5,EARLY_CONCAT,18
2304.0,EARLY_CONCAT,18
2304.5,EARLY_CONCAT,18
2305.0,EARLY_CONCAT,18
2305.5,EARLY_CONCAT,18
2306.0,EARLY_CONCAT,18
2306.5,EARLY_CONCAT,18
2307.0,EARLY_CONCAT,18
2307.5,EARLY_CONCAT,18
2308.0,EARLY_CONCAT,18
2308.5,EARLY_CONCAT,18
2309.0,EARLY_CONCAT,18
2309.5,EARLY_CONCAT,18
2310.0,EARLY_CONCAT,18
2310.5,EARLY_CONCAT,18
2311.0,EARLY_CONCAT,18
2311.5,EARLY_CONCAT,18
2312.0,EARLY_CONCAT,18
2312.5,EARLY_CONCAT,18
2313.0,EARLY_CONCAT,11
2313.5,EARLY_CONCAT,11
2314.0,EARLY_CONCAT,11
2314.5,EARLY_CONCAT,11
2315.0,EARLY_CONCAT,11
2315.5,EARLY_CONCAT,11
2316.0,EARLY_CONCAT,11
2316.5,EARLY_CONCAT,11
2317.0,EARLY_CONCAT,11
2317.5,EARLY_CONCAT,11
2318.0,EARLY_CONCAT,11
2318.5,EARLY_CONCAT,11
2319.0,EARLY_CONCAT,11
2319.5,EARLY_CONCAT,11
2320.0,EARLY_CONCAT,11
2320.5,EARLY_CONCAT,11
2321.0,EARLY_CONCAT,11
2321.5,EARLY_CONCAT,11
2322.0,EARLY_CONCAT,11
2322.5,EARLY_CONCAT,11
2323.0,EARLY_CONCAT,11
2323.5,EARLY_CONCAT,11
2324.0,EARLY_CONCAT,11
2324.5,EARLY_CONCAT,11
2325.0,EARLY_CONCAT,11
2325.5,EARLY_CONCAT,11
2326.0,EARLY_CONCAT,11
2326.5,EARLY_CONCAT,11
2327.0,EARLY_CONCAT,11
2327.5,EARLY_CONCAT,11
2328.0,EARLY_CONCAT,11
2328.5,EARLY_CONCAT,11
2329.0,EARLY_CONCAT,11
2329.5,EARLY_CONCAT,11
2330.0,EARLY_CONCAT,11
2330.5,EARLY_CONCAT,11
2331.0,EARLY_CONCAT,11
2331.5,EARLY_CONCAT,11
2332.0,EARLY_CONCAT,11
2332.5,EARLY_CONCAT,11
2333.0,EARLY_CONCAT,11
2333.5,EARLY_CONCAT,11
2334.0,EARLY_CONCAT,11
2334.5,EARLY_CONCAT,11
2335.0,EARLY_CONCAT,11
2335.5,EARLY_CONCAT,11
2336.0,EARLY_CONCAT,11
2336.5,EARLY_CONCAT,11
2337.0,EARLY_CONCAT,11
2337.5,EARLY_CONCAT,11
2338.0,EARLY_CONCAT,11
2338.5,EARLY_CONCAT,11
2339.0,EARLY_CONCAT,11
2339.5,EARLY_CONCAT,11
2340.0,EARLY_CONCAT,11
2340.5,EARLY_CONCAT,11
2341.0,EARLY_CONCAT,11
2341.5,EARLY_CONCAT,11
2342.0,EARLY_CONCAT,11
2342.5,EARLY_CONCAT,11
2343.0,EARLY_CONCAT,11
2343.5,EARLY_CONCAT,11
2344.0,EARLY_CONCAT,11
2344.5,EARLY_CONCAT,11
2345.0,EARLY_CONCAT,11
2345.5,EARLY_CONCAT,11
2346.0,EARLY_CONCAT,11
2346.5,EARLY_CONCAT,11
2347.0,EARLY_CONCAT,11
2347.5,EARLY_CONCAT,11
2348.0,EARLY_CONCAT,11
2348.5,EARLY_CONCAT,11
2349.0,EARLY_CONCAT,11
2349.5,EARLY_CONCAT,11
2350.0,EARLY_CONCAT,11
2350.5,EARLY_CONCAT,11
2351.0,EARLY_CONCAT,11
2351.5,EARLY_CONCAT,11
2352.0,EARLY_CONCAT,11
2352.5,EARLY_CONCAT,11
2353.0,EARLY_CONCAT,11
2353.5,EARLY_CONCAT,11
2354.0,EARLY_CONCAT,11
2354.5,EARLY_CONCAT,11
2355.0,EARLY_CONCAT,11
2355.5,EARLY_CONCAT,11
2356.0,EARLY_CONCAT,11
2356.5,EARLY_CONCAT,11
2357.0,EARLY_CONCAT,11
2357.5,EARLY_CONCAT,11
2358.0,EARLY_CONCAT,11
2358.5,EARLY_CONCAT,11
2359.0,EARLY_CONCAT,11
2359.5,EARLY_CONCAT,11
2360.0,EARLY_CONCAT,11
2360.5,EARLY_CONCAT,11
2361.0,EARLY_CONCAT,11
2361.5,EARLY_CONCAT,11
2362.0,EARLY_CONCAT,11
2362.5,EARLY_CONCAT,11
2363.0,EARLY_CONCAT,11
2363.5,EARLY_CONCAT,11
2364.0,EARLY_CONCAT,11
2364.5,EARLY_CONCAT,11
2365.0,EARLY_CONCAT,11
2365.5,EARLY_CONCAT,11
2366.0,EARLY_CONCAT,11
2366.5,EARLY_CONCAT,11
2367.0,EARLY_CONCAT,11
2367.5,EARLY_CONCAT,11
2368.0,EARLY_CONCAT,11
2368.5,EARLY_CONCAT,11
2369.0,EARLY_CONCAT,11
2369.5,EARLY_CONCAT,11
2370.0,EARLY_CONCAT,11
2370.5,EARLY_CONCAT,11
2371.0,EARLY_CONCAT,11
2371.5,EARLY_CONCAT,11
2372.0,EARLY_CONCAT,11
2372.5,EARLY_CONCAT,11
2373.0,EARLY_CONCAT,18
2373.5,EARLY_CONCAT,18
2374.0,EARLY_CONCAT,18
2374.5,EARLY_CONCAT,18
2375.0,EARLY_CONCAT,18
2375.5,EARLY_CONCAT,18
2376.0,EARLY_CONCAT,18
2376.5,EARLY_CONCAT,18
2377.0,EARLY_CONCAT,18
2377.5,EARLY_CONCAT,18
2378.0,EARLY_CONCAT,18
2378.5,EARLY_CONCAT,18
2379.0,EARLY_CONCAT,18
2379.5,EARLY_CONCAT,18
2380.0,EARLY_CONCAT,18
2380.5,EARLY_CONCAT,18
2381.0,EARLY_CONCAT,18
2381.5,EARLY_CONCAT,18
2382.0,EARLY_CONCAT,18
2382.5,EARLY_CONCAT,18
2383.0,EARLY_CONCAT,18
2383.5,EARLY_CONCAT,18
2384.0,EARLY_CONCAT,18
2384.5,EARLY_CONCAT,18
2385.0,EARLY_CONCAT,18
2385.5,EARLY_CONCAT,18
2386.0,EARLY_CONCAT,18
2386.5,EARLY_CONCAT,18
2387.0,EARLY_CONCAT,18
2387.5,EARLY_CONCAT,18
2388.0,EARLY_CONCAT,18
2388.5,EARLY_CONCAT,18
2389.0,EARLY_CONCAT,18
2389.5,EARLY_CONCAT,18
2390.0,EARLY_CONCAT,18
2390.5,EARLY_CONCAT,18
2391.0,EARLY_CONCAT,18
2391.5,EARLY_CONCAT,18
2392.0,EARLY_CONCAT,18
2392.5,EARLY_CONCAT,18
2393.0,EARLY_CONCAT,18
2393.5,EARLY_CONCAT,18
2394.0,EARLY_CONCAT,18
2394.5,EARLY_CONCAT,18
2395.0,EARLY_CONCAT,18
2395.5,EARLY_CONCAT,18
2396.0,EARLY_CONCAT,18
2396.5,EARLY_CONCAT,18
2397.0,EARLY_CONCAT,18
2397.5,EARLY_CONCAT,18
2398.0,EARLY_CONCAT,18
2398.5,EARLY_CONCAT,18
2399.0,EARLY_CONCAT,18
2399.5,EARLY_CONCAT,18
2400.0,EARLY_CONCAT,18
2400.5,EARLY_CONCAT,18
2401.0,EARLY_CONCAT,18
2401.5,EARLY_CONCAT,18
2402.0,EARLY_CONCAT,18
2402.5,EARLY_CONCAT,18
2403.0,EARLY_CONCAT,18
2403.5,EARLY_CONCAT,18
2404.0,EARLY_CONCAT,18
2404.5,EARLY_CONCAT,18
2405.0,EARLY_CONCAT,2
2405.5,EARLY_CONCAT,2
2406.0,EARLY_CONCAT,2
2406.5,EARLY_CONCAT,2
2407.0,EARLY_CONCAT,2
2407.5,EARLY_CONCAT,2
2408.0,EARLY_CONCAT,2
2408.5,EARLY_CONCAT,2
2409.0,EARLY_CONCAT,2
2409.5,EARLY_CONCAT,2
2410.0,EARLY_CONCAT,2
2410.5,EARLY_CONCAT,2
2411.0,EARLY_CONCAT,2
2411.5,EARLY_CONCAT,2
2412.0,EARLY_CONCAT,2
2412.5,EARLY_CONCAT,2
2413.0,EARLY_CONCAT,2
2413.5,EARLY_CONCAT,2
2414.0,EARLY_CONCAT,2
2414.5,EARLY_CONCAT,2
2415.0,EARLY_CONCAT,2
2415.5,EARLY_CONCAT,2
2416.0,EARLY_CONCAT,2
2416.5,EARLY_CONCAT,2
2417.0,EARLY_CONCAT,2
2417.5,EARLY_CONCAT,2
2418.0,EARLY_CONCAT,2
2418.5,EARLY_CONCAT,2
2419.0,EARLY_CONCAT,2
2419.5,EARLY_CONCAT,2
2420.0,EARLY_CONCAT,2
2420.5,EARLY_CONCAT,2
2421.0,EARLY_CONCAT,2
2421.5,EARLY_CONCAT,2
2422.0,EARLY_CONCAT,2
2422.5,EARLY_CONCAT,2
2423.0,EARLY_CONCAT,2
2423.5,EARLY_CONCAT,2
2424.0,EARLY_CONCAT,2
2424.5,EARLY_CONCAT,2
2425.0,EARLY_CONCAT,2
2425.5,EARLY_CONCAT,2
2426.0,EARLY_CONCAT,2
2426.5,EARLY_CONCAT,2
2427.0,EARLY_CONCAT,2
2427.5,EARLY_CONCAT,2
2428.0,EARLY_CONCAT,2
2428.5,EARLY_CONCAT,2
2429.0,EARLY_CONCAT,2
2429.5,EARLY_CONCAT,2
2430.0,EARLY_CONCAT,2
2430.5,EARLY_CONCAT,2
2431.0,EARLY_CONCAT,2
2431.5,EARLY_CONCAT,2
2432.0,EARLY_CONCAT,2
2432.5,EARLY_CONCAT,2
2433.0,EARLY_CONCAT,2
2433.5,EARLY_CONCAT,2
2434.0,EARLY_CONCAT,2
2434.5,EARLY_CONCAT,2
2435.0,EARLY_CONCAT,2
2435.5,EARLY_CONCAT,18
2436.0,EARLY_CONCAT,18
2436.5,EARLY_CONCAT,18
2437.0,EARLY_CONCAT,18
2437.5,EARLY_CONCAT,18
2438.0,EARLY_CONCAT,18
2438.5,EARLY_CONCAT,18
2439.0,EARLY_CONCAT,18
2439.5,EARLY_CONCAT,18
2440.0,EARLY_CONCAT,18
2440.5,EARLY_CONCAT,18
2441.0,EARLY_CONCAT,18
2441.5,EARLY_CONCAT,18
2442.0,EARLY_CONCAT,18
2442.5,EARLY_CONCAT,18
2443.0,EARLY_CONCAT,18
2443.5,EARLY_CONCAT,18
2444.0,EARLY_CONCAT,18
2444.5,EARLY_CONCAT,18
2445.0,EARLY_CONCAT,18
2445.5,EARLY_CONCAT,18
2446.0,EARLY_CONCAT,18
2446.5,EARLY_CONCAT,18
2447.0,EARLY_CONCAT,18
2447.5,EARLY_CONCAT,18
2448.0,EARLY_CONCAT,18
2448.5,EARLY_CONCAT,2
2449.0,EARLY_CONCAT,2
2449.5,EARLY_CONCAT,2
2450.0,EARLY_CONCAT,2
2450.5,EARLY_CONCAT,2
2451.0,EARLY_CONCAT,2
2451.5,EARLY_CONCAT,2
2452.0,EARLY_CONCAT,2
2452.5,EARLY_CONCAT,2
2453.0,EARLY_CONCAT,2
2453.5,EARLY_CONCAT,2
2454.0,EARLY_CONCAT,2
2454.5,EARLY_CONCAT,2
2455.0,EARLY_CONCAT,2
2455.5,EARLY_CONCAT,2
2456.0,EARLY_CONCAT,2
2456.5,EARLY_CONCAT,2
2457.0,EARLY_CONCAT,2
2457.5,EARLY_CONCAT,2
2458.0,EARLY_CONCAT,2
2458.5,EARLY_CONCAT,2
2459.0,EARLY_CONCAT,2
2459.5,EARLY_CONCAT,2
2460.0,EARLY_CONCAT,2
2460.5,EARLY_CONCAT,2
2461.0,EARLY_CONCAT,2
2461.5,EARLY_CONCAT,2
2462.0,EARLY_CONCAT,2
2462.5,EARLY_CONCAT,2
2463.0,EARLY_CONCAT,2
2463.5,EARLY_CONCAT,2
2464.0,EARLY_CONCAT,2
2464.5,EARLY_CONCAT,2
2465.0,EARLY_CONCAT,2
2465.5,EARLY_CONCAT,2
2466.0,EARLY_CONCAT,2
2466.5,EARLY_CONCAT,2
2467.0,EARLY_CONCAT,2
2467.5,EARLY_CONCAT,2
2468.0,EARLY_CONCAT,2
2468.5,EARLY_CONCAT,2
2469.0,EARLY_CONCAT,2
2469.5,EARLY_CONCAT,2
2470.0,EARLY_CONCAT,2
2470.5,EARLY_CONCAT,2
2471.0,EARLY_CONCAT,2
2471.5,EARLY_CONCAT,2
2472.0,EARLY_CONCAT,2
2472.5,EARLY_CONCAT,2
2473.0,EARLY_CONCAT,2
2473.5,EARLY_CONCAT,2
2474.0,EARLY_CONCAT,2
2474.5,EARLY_CONCAT,2
2475.0,EARLY_CONCAT,2
2475.5,EARLY_CONCAT,2
2476.0,EARLY_CONCAT,2
2476.5,EARLY_CONCAT,2
2477.0,EARLY_CONCAT,2
2477.5,EARLY_CONCAT,2
2478.0,EARLY_CONCAT,2
2478.5,EARLY_CONCAT,2
2479.0,EARLY_CONCAT,2
2479.5,EARLY_CONCAT,2
2480.0,EARLY_CONCAT,2
2480.5,EARLY_CONCAT,2
2481.0,EARLY_CONCAT,2
2481.5,EARLY_CONCAT,2
2482.0,EARLY_CONCAT,18
2482.5,EARLY_CONCAT,18
2483.0,EARLY_CONCAT,18
2483.5,EARLY_CONCAT,18
2484.0,EARLY_CONCAT,18
2484.5,EARLY_CONCAT,18
2485.0,EARLY_CONCAT,18
2485.5,EARLY_CONCAT,18
2486.0,EARLY_CONCAT,18
2486.5,EARLY_CONCAT,18
2487.0,EARLY_CONCAT,18
2487.5,EARLY_CONCAT,18
2488.0,EARLY_CONCAT,18
2488.5,EARLY_CONCAT,18
2489.0,EARLY_CONCAT,18
2489.5,EARLY_CONCAT,18
2490.0,EARLY_CONCAT,18
2490.5,EARLY_CONCAT,18
2491.0,EARLY_CONCAT,18
2491.5,EARLY_CONCAT,18
2492.0,EARLY_CONCAT,18
2492.5,EARLY_CONCAT,18
2493.0,EARLY_CONCAT,18
2493.5,EARLY_CONCAT,18
2494.0,EARLY_CONCAT,18
2494.5,EARLY_CONCAT,18
2495.0,EARLY_CONCAT,2
2495.5,EARLY_CONCAT,2
2496.0,EARLY_CONCAT,2
2496.5,EARLY_CONCAT,2
2497.0,EARLY_CONCAT,2
2497.5,EARLY_CONCAT,2
2498.0,EARLY_CONCAT,2
2498.5,EARLY_CONCAT,2
2499.0,EARLY_CONCAT,2
2499.5,EARLY_CONCAT,2
2500.0,EARLY_CONCAT,2
2500.5,EARLY_CONCAT,2
2501.0,EARLY_CONCAT,2
2501.5,EARLY_CONCAT,2
2502.0,EARLY_CONCAT,2
2502.5,EARLY_CONCAT,2
2503.0,EARLY_CONCAT,2
2503.5,EARLY_CONCAT,2
2504.0,EARLY_CONCAT,2
2504.5,EARLY_CONCAT,2
2505.0,EARLY_CONCAT,2
2505.5,EARLY_CONCAT,2
2506.0,EARLY_CONCAT,2
2506.5,EARLY_CONCAT,2
2507.0,EARLY_CONCAT,2
2507.5,EARLY_CONCAT,2
2508.0,EARLY_CONCAT,2
2508.5,EARLY_CONCAT,2
2509.0,EARLY_CONCAT,2
2509.5,EARLY_CONCAT,2
2510.0,EARLY_CONCAT,2
2510.5,EARLY_CONCAT,2
2511.0,EARLY_CONCAT,2
2511.5,EARLY_CONCAT,2
2512.0,EARLY_CONCAT,2
2512.5,EARLY_CONCAT,2
2513.0,EARLY_CONCAT,2
2513.5,EARLY_CONCAT,2
2514.0,EARLY_CONCAT,2
2514.5,EARLY_CONCAT,2
2515.0,EARLY_CONCAT,2
2515.5,EARLY_CONCAT,2
2516.0,EARLY_CONCAT,2
2516.5,EARLY_CONCAT,2
2517.0,EARLY_CONCAT,2
2517.5,EARLY_CONCAT,2
2518.0,EARLY_CONCAT,2
2518.5,EARLY_CONCAT,2
2519.0,EARLY_CONCAT,2
2519.5,EARLY_CONCAT,2
2520.0,EARLY_CONCAT,2
2520.5,EARLY_CONCAT,2
2521.0,EARLY_CONCAT,2
2521.5,EARLY_CONCAT,2
2522.0,EARLY_CONCAT,2
2522.5,EARLY_CONCAT,2
2523.0,EARLY_CONCAT,2
2523.5,EARLY_CONCAT,2
2524.0,EARLY_CONCAT,2
2524.5,EARLY_CONCAT,2
2525.0,EARLY_CONCAT,2
2525.5,EARLY_CONCAT,2
2526.0,EARLY_CONCAT,2
2526.5,EARLY_CONCAT,2
2527.0,EARLY_CONCAT,2
2527.5,EARLY_CONCAT,2
2528.0,EARLY_CONCAT,2
2528.5,EARLY_CONCAT,2
2529.0,EARLY_CONCAT,2
2529.5,EARLY_CONCAT,2
2530.0,EARLY_CONCAT,2
2530.5,EARLY_CONCAT,2
2531.0,EARLY_CONCAT,2
2531.5,EARLY_CONCAT,2
2532.0,EARLY_CONCAT,2
2532.5,EARLY_CONCAT,2
2533.0,EARLY_CONCAT,2
2533.5,EARLY_CONCAT,2
2534.0,EARLY_CONCAT,2
2534.5,EARLY_CONCAT,2
2535.0,EARLY_CONCAT,2
2535.5,EARLY_CONCAT,2
2536.0,EARLY_CONCAT,2
2536.5,EARLY_CONCAT,2
2537.0,EARLY_CONCAT,2
2537.5,EARLY_CONCAT,2
2538.0,EARLY_CONCAT,18
2538.5,EARLY_CONCAT,18
2539.0,EARLY_CONCAT,18
2539.5,EARLY_CONCAT,18
2540.0,EARLY_CONCAT,18
2540.5,EARLY_CONCAT,18
2541.0,EARLY_CONCAT,18
2541.5,EARLY_CONCAT,18
2542.0,EARLY_CONCAT,18
2542.5,EARLY_CONCAT,18
2543.0,EARLY_CONCAT,18
2543.5,EARLY_CONCAT,18
2544.0,EARLY_CONCAT,18
2544.5,EARLY_CONCAT,18
2545.0,EARLY_CONCAT,18
2545.5,EARLY_CONCAT,18
2546.0,EARLY_CONCAT,18
2546.5,EARLY_CONCAT,18
2547.0,EARLY_CONCAT,18
2547.5,EARLY_CONCAT,18
2548.0,EARLY_CONCAT,18
2548.5,EARLY_CONCAT,18
2549.0,EARLY_CONCAT,18
2549.5,EARLY_CONCAT,18
2550.0,EARLY_CONCAT,18
2550.5,EARLY_CONCAT,18
2551.0,EARLY_CONCAT,18
2551.5,EARLY_CONCAT,18
2552.0,EARLY_CONCAT,18
2552.5,EARLY_CONCAT,18
2553.0,EARLY_CONCAT,18
2553.5,EARLY_CONCAT,18
2554.0,EARLY_CONCAT,18
2554.5,EARLY_CONCAT,18
2555.0,EARLY_CONCAT,18
2555.5,EARLY_CONCAT,18
2556.0,EARLY_CONCAT,18
2556.5,EARLY_CONCAT,18
2557.0,EARLY_CONCAT,18
2557.5,EARLY_CONCAT,18
2558.0,EARLY_CONCAT,18
2558.5,EARLY_CONCAT,18
2559.0,EARLY_CONCAT,18
2559.5,EARLY_CONCAT,18
2560.0,EARLY_CONCAT,18
2560.5,EARLY_CONCAT,18
2561.0,EARLY_CONCAT,18
2561.5,EARLY_CONCAT,18
2562.0,EARLY_CONCAT,18
2562.5,EARLY_CONCAT,18
2563.0,EARLY_CONCAT,18
2563.5,EARLY_CONCAT,18
2564.0,EARLY_CONCAT,18
2564.5,EARLY_CONCAT,18
2565.0,EARLY_CONCAT,18
2565.5,EARLY_CONCAT,18
2566.0,EARLY_CONCAT,18
2566.5,EARLY_CONCAT,18
2567.0,EARLY_CONCAT,18
2567.5,EARLY_CONCAT,18
2568.0,EARLY_CONCAT,18
2568.5,EARLY_CONCAT,18
2569.0,EARLY_CONCAT,18
2569.5,EARLY_CONCAT,18
2570.0,EARLY_CONCAT,18
2570.5,EARLY_CONCAT,18
2571.0,EARLY_CONCAT,18
2571.5,EARLY_CONCAT,18
2572.0,EARLY_CONCAT,18
2572.5,EARLY_CONCAT,18
2573.0,EARLY_CONCAT,18
2573.5,EARLY_CONCAT,18
2574.0,EARLY_CONCAT,18
2574.5,EARLY_CONCAT,18
2575.0,EARLY_CONCAT,18
2575.5,EARLY_CONCAT,18
2576.0,EARLY_CONCAT,18
2576.5,EARLY_CONCAT,18
2577.0,EARLY_CONCAT,18
2577.5,EARLY_CONCAT,18
2578.0,EARLY_CONCAT,18
2578.5,EARLY_CONCAT,18
2579.0,EARLY_CONCAT,18
2579.5,EARLY_CONCAT,18
2580.0,EARLY_CONCAT,18
2580.5,EARLY_CONCAT,18
2581.0,EARLY_CONCAT,18
2581.5,EARLY_CONCAT,18
2582.0,EARLY_CONCAT,18
2582.5,EARLY_CONCAT,18
2583.0,EARLY_CONCAT,18
2583.5,EARLY_CONCAT,18
2584.0,EARLY_CONCAT,18
2584.5,EARLY_CONCAT,18
2585.0,EARLY_CONCAT,18
2585.5,EARLY_CONCAT,18
2586.0,EARLY_CONCAT,18
2586.5,EARLY_CONCAT,18
2587.0,EARLY_CONCAT,18
2587.5,EARLY_CONCAT,18
2588.0,EARLY_CONCAT,18
2588.5,EARLY_CONCAT,18
2589.0,EARLY_CONCAT,18
2589.5,EARLY_CONCAT,18
2590.0,EARLY_CONCAT,18
2590.5,EARLY_CONCAT,18
2591.0,EARLY_CONCAT,18
2591.5,EARLY_CONCAT,18
2592.0,EARLY_CONCAT,18
2592.5,EARLY_CONCAT,13
2593.0,EARLY_CONCAT,13
2593.5,EARLY_CONCAT,13
2594.0,EARLY_CONCAT,13
2594.5,EARLY_CONCAT,13
2595.0,EARLY_CONCAT,13
2595.5,EARLY_CONCAT,13
2596.0,EARLY_CONCAT,13
2596.5,EARLY_CONCAT,13
2597.0,EARLY_CONCAT,13
2597.5,EARLY_CONCAT,13
2598.0,EARLY_CONCAT,13
2598.5,EARLY_CONCAT,13
2599.0,EARLY_CONCAT,13
2599.5,EARLY_CONCAT,13
2600.0,EARLY_CONCAT,13
2600.5,EARLY_CONCAT,13
2601.0,EARLY_CONCAT,13
2601.5,EARLY_CONCAT,13
2602.0,EARLY_CONCAT,13
2602.5,EARLY_CONCAT,13
2603.0,EARLY_CONCAT,13
2603.5,EARLY_CONCAT,13
2604.0,EARLY_CONCAT,13
2604.5,EARLY_CONCAT,13
2605.0,EARLY_CONCAT,13
2605.5,EARLY_CONCAT,13
2606.0,EARLY_CONCAT,13
2606.5,EARLY_CONCAT,13
2607.0,EARLY_CONCAT,13
2607.5,EARLY_CONCAT,13
2608.0,EARLY_CONCAT,13
2608.5,EARLY_CONCAT,13
2609.0,EARLY_CONCAT,13
2609.5,EARLY_CONCAT,13
2610.0,EARLY_CONCAT,13
2610.5,EARLY_CONCAT,13
2611.0,EARLY_CONCAT,13
2611.5,EARLY_CONCAT,13
2612.0,EARLY_CONCAT,13
2612.5,EARLY_CONCAT,13
2613.0,EARLY_CONCAT,13
2613.5,EARLY_CONCAT,13
2614.0,EARLY_CONCAT,13
2614.5,EARLY_CONCAT,13
2615.0,EARLY_CONCAT,13
2615.5,EARLY_CONCAT,13
2616.0,EARLY_CONCAT,13
2616.5,EARLY_CONCAT,13
2617.0,EARLY_CONCAT,13
2617.5,EARLY_CONCAT,13
2618.0,EARLY_CONCAT,13
2618.5,EARLY_CONCAT,13
2619.0,EARLY_CONCAT,13
2619.5,EARLY_CONCAT,13
2620.0,EARLY_CONCAT,13
2620.5,EARLY_CONCAT,13
2621.0,EARLY_CONCAT,13
2621.5,EARLY_CONCAT,13
2622.0,EARLY_CONCAT,13
2622.5,EARLY_CONCAT,13
2623.0,EARLY_CONCAT,13
2623.5,EARLY_CONCAT,13
2624.0,EARLY_CONCAT,13
2624.5,EARLY_CONCAT,13
2625.0,EARLY_CONCAT,13
2625.5,EARLY_CONCAT,13
2626.0,EARLY_CONCAT,13
2626.5,EARLY_CONCAT,13
2627.0,EARLY_CONCAT,13
2627.5,EARLY_CONCAT,13
2628.0,EARLY_CONCAT,13
2628.5,EARLY_CONCAT,13
2629.0,EARLY_CONCAT,13
2629.5,EARLY_CONCAT,13
2630.0,EARLY_CONCAT,13
2630.5,EARLY_CONCAT,13
2631.0,EARLY_CONCAT,13
2631.5,EARLY_CONCAT,13
2632.0,EARLY_CONCAT,13
2632.5,EARLY_CONCAT,13
2633.0,EARLY_CONCAT,13
2633.5,EARLY_CONCAT,13
2634.0,EARLY_CONCAT,13
2634.5,EARLY_CONCAT,13
2635.0,EARLY_CONCAT,13
2635.5,EARLY_CONCAT,13
2636.0,EARLY_CONCAT,13
2636.5,EARLY_CONCAT,13
2637.0,EARLY_CONCAT,13
2637.5,EARLY_CONCAT,13
2638.0,EARLY_CONCAT,13
2638.5,EARLY_CONCAT,13
2639.0,EARLY_CONCAT,13
2639.5,EARLY_CONCAT,13
2640.0,EARLY_CONCAT,13
2640.5,EARLY_CONCAT,13
2641.0,EARLY_CONCAT,13
2641.5,EARLY_CONCAT,13
2642.0,EARLY_CONCAT,13
2642.5,EARLY_CONCAT,13
2643.0,EARLY_CONCAT,13
2643.5,EARLY_CONCAT,13
2644.0,EARLY_CONCAT,13
2644.5,EARLY_CONCAT,13
2645.0,EARLY_CONCAT,13
2645.5,EARLY_CONCAT,13
2646.0,EARLY_CONCAT,13
2646.5,EARLY_CONCAT,13
2647.0,EARLY_CONCAT,13
2647.5,EARLY_CONCAT,13
2648.0,EARLY_CONCAT,13
2648.5,EARLY_CONCAT,13
2649.0,EARLY_CONCAT,13
2649.5,EARLY_CONCAT,13
2650.0,EARLY_CONCAT,13
2650.5,EARLY_CONCAT,13
2651.0,EARLY_CONCAT,13
2651.5,EARLY_CONCAT,13
2652.0,EARLY_CONCAT,13
2652.5,EARLY_CONCAT,13
2653.0,EARLY_CONCAT,13
2653.5,EARLY_CONCAT,13
2654.0,EARLY_CONCAT,13
2654.5,EARLY_CONCAT,13
2655.0,EARLY_CONCAT,13
2655.5,EARLY_CONCAT,13
2656.0,EARLY_CONCAT,13
2656.5,EARLY_CONCAT,13
2657.0,EARLY_CONCAT,13
2657.5,EARLY_CONCAT,13
2658.0,EARLY_CONCAT,13
2658.5,EARLY_CONCAT,13
2659.0,EARLY_CONCAT,13
2659.5,EARLY_CONCAT,13
2660.0,EARLY_CONCAT,13
2660.5,EARLY_CONCAT,13
2661.0,EARLY_CONCAT,13
2661.5,EARLY_CONCAT,13
2662.0,EARLY_CONCAT,13
2662.5,EARLY_CONCAT,13
2663.0,EARLY_CONCAT,13
2663.5,EARLY_CONCAT,13
2664.0,EARLY_CONCAT,13
2664.5,EARLY_CONCAT,13
2665.0,EARLY_CONCAT,13
2665.5,EARLY_CONCAT,13
2666.0,EARLY_CONCAT,13
2666.5,EARLY_CONCAT,13
2667.0,EARLY_CONCAT,13
2667.5,EARLY_CONCAT,13
2668.0,EARLY_CONCAT,13
2668.5,EARLY_CONCAT,13
2669.0,EARLY_CONCAT,13
2669.5,EARLY_CONCAT,13
2670.0,EARLY_CONCAT,13
2670.5,EARLY_CONCAT,13
2671.0,EARLY_CONCAT,13
2671.5,EARLY_CONCAT,13
2672.0,EARLY_CONCAT,13
2672.5,EARLY_CONCAT,13
2673.0,EARLY_CONCAT,13
2673.5,EARLY_CONCAT,13
2674.0,EARLY_CONCAT,13
2674.5,EARLY_CONCAT,13
2675.0,EARLY_CONCAT,13
2675.5,EARLY_CONCAT,13
2676.0,EARLY_CONCAT,13
2676.5,EARLY_CONCAT,13
2677.0,EARLY_CONCAT,13
2677.5,EARLY_CONCAT,13
2678.0,EARLY_CONCAT,13
2678.5,EARLY_CONCAT,13
2679.0,EARLY_CONCAT,13
2679.5,EARLY_CONCAT,13
2680.0,EARLY_CONCAT,13
2680.5,EARLY_CONCAT,13
2681.0,EARLY_CONCAT,13
2681.5,EARLY_CONCAT,13
2682.0,EARLY_CONCAT,13
2682.5,EARLY_CONCAT,13
2683.0,EARLY_CONCAT,13
2683.5,EARLY_CONCAT,13
2684.0,EARLY_CONCAT,13
2684.5,EARLY_CONCAT,13
2685.0,EARLY_CONCAT,13
2685.5,EARLY_CONCAT,13
2686.0,EARLY_CONCAT,13
2686.5,EARLY_CONCAT,13
2687.0,EARLY_CONCAT,13
2687.5,EARLY_CONCAT,13
2688.0,EARLY_CONCAT,13
2688.5,EARLY_CONCAT,13
2689.0,EARLY_CONCAT,13
2689.5,EARLY_CONCAT,13
2690.0,EARLY_CONCAT,13
2690.5,EARLY_CONCAT,13
2691.0,EARLY_CONCAT,13
2691.5,EARLY_CONCAT,13
2692.0,EARLY_CONCAT,13
2692.5,EARLY_CONCAT,13
2693.0,EARLY_CONCAT,13
2693.5,EARLY_CONCAT,13
2694.0,EARLY_CONCAT,13
2694.5,EARLY_CONCAT,13
2695.0,EARLY_CONCAT,13
2695.5,EARLY_CONCAT,13
2696.0,EARLY_CONCAT,13
2696.5,EARLY_CONCAT,13
2697.0,EARLY_CONCAT,13
2697.5,EARLY_CONCAT,13
2698.0,EARLY_CONCAT,13
2698.5,EARLY_CONCAT,13
2699.0,EARLY_CONCAT,13
2699.5,EARLY_CONCAT,13
2700.0,EARLY_CONCAT,13
2700.5,EARLY_CONCAT,13
2701.0,EARLY_CONCAT,13
2701.5,EARLY_CONCAT,13
2702.0,EARLY_CONCAT,13
2702.5,EARLY_CONCAT,13
2703.0,EARLY_CONCAT,13
2703.5,EARLY_CONCAT,13
2704.0,EARLY_CONCAT,13
2704.5,EARLY_CONCAT,13
2705.0,EARLY_CONCAT,13
2705.5,EARLY_CONCAT,13
2706.0,EARLY_CONCAT,13
2706.5,EARLY_CONCAT,13
2707.0,EARLY_CONCAT,13
2707.5,EARLY_CONCAT,13
2708.0,EARLY_CONCAT,13
2708.5,EARLY_CONCAT,13
2709.0,EARLY_CONCAT,13
2709.5,EARLY_CONCAT,13
2710.0,EARLY_CONCAT,13
2710.5,EARLY_CONCAT,13
2711.0,EARLY_CONCAT,13
2711.5,EARLY_CONCAT,13
2712.0,EARLY_CONCAT,13
2712.5,EARLY_CONCAT,13
2713.0,EARLY_CONCAT,13
2713.5,EARLY_CONCAT,18
2714.0,EARLY_CONCAT,18
2714.5,EARLY_CONCAT,18
2715.0,EARLY_CONCAT,18
2715.5,EARLY_CONCAT,18
2716.0,EARLY_CONCAT,18
2716.5,EARLY_CONCAT,18
2717.0,EARLY_CONCAT,18
2717.5,EARLY_CONCAT,18
2718.0,EARLY_CONCAT,18
2718.5,EARLY_CONCAT,18
2719.0,EARLY_CONCAT,18
2719.5,EARLY_CONCAT,18
2720.0,EARLY_CONCAT,18
2720.5,EARLY_CONCAT,18
2721.0,EARLY_CONCAT,13
2721.5,EARLY_CONCAT,13
2722.0,EARLY_CONCAT,13
2722.5,EARLY_CONCAT,13
2723.0,EARLY_CONCAT,13
2723.5,EARLY_CONCAT,13
2724.0,EARLY_CONCAT,13
2724.5,EARLY_CONCAT,13
2725.0,EARLY_CONCAT,13
2725.5,EARLY_CONCAT,13
2726.0,EARLY_CONCAT,13
2726.5,EARLY_CONCAT,13
2727.0,EARLY_CONCAT,13
2727.5,EARLY_CONCAT,13
2728.0,EARLY_CONCAT,13
2728.5,EARLY_CONCAT,13
2729.0,EARLY_CONCAT,13
2729.5,EARLY_CONCAT,13
2730.0,EARLY_CONCAT,13
2730.5,EARLY_CONCAT,13
2731.0,EARLY_CONCAT,13
2731.5,EARLY_CONCAT,13
2732.0,EARLY_CONCAT,13
2732.5,EARLY_CONCAT,13
2733.0,EARLY_CONCAT,13
2733.5,EARLY_CONCAT,13
2734.0,EARLY_CONCAT,13
2734.5,EARLY_CONCAT,13
2735.0,EARLY_CONCAT,13
2735.5,EARLY_CONCAT,13
2736.0,EARLY_CONCAT,13
2736.5,EARLY_CONCAT,13
2737.0,EARLY_CONCAT,13
2737.5,EARLY_CONCAT,13
2738.0,EARLY_CONCAT,13
2738.5,EARLY_CONCAT,13
2739.0,EARLY_CONCAT,13
2739.5,EARLY_CONCAT,13
2740.0,EARLY_CONCAT,13
2740.5,EARLY_CONCAT,13
2741.0,EARLY_CONCAT,13
2741.5,EARLY_CONCAT,13
2742.0,EARLY_CONCAT,13
2742.5,EARLY_CONCAT,13
2743.0,EARLY_CONCAT,13
2743.5,EARLY_CONCAT,13
2744.0,EARLY_CONCAT,13
2744.5,EARLY_CONCAT,13
2745.0,EARLY_CONCAT,13
2745.5,EARLY_CONCAT,13
2746.0,EARLY_CONCAT,13
2746.5,EARLY_CONCAT,13
2747.0,EARLY_CONCAT,13
2747.5,EARLY_CONCAT,13
2748.0,EARLY_CONCAT,13
2748.5,EARLY_CONCAT,13
2749.0,EARLY_CONCAT,13
2749.5,EARLY_CONCAT,13
2750.0,EARLY_CONCAT,13
2750.5,EARLY_CONCAT,13
2751.0,EARLY_CONCAT,13
2751.5,EARLY_CONCAT,13
2752.0,EARLY_CONCAT,13
2752.5,EARLY_CONCAT,13
2753.0,EARLY_CONCAT,13
2753.5,EARLY_CONCAT,13
2754.0,EARLY_CONCAT,13
2754.5,EARLY_CONCAT,13
2755.0,EARLY_CONCAT,13
2755.5,EARLY_CONCAT,13
2756.0,EARLY_CONCAT,13
2756.5,EARLY_CONCAT,13
2757.0,EARLY_CONCAT,13
2757.5,EARLY_CONCAT,13
2758.0,EARLY_CONCAT,13
2758.5,EARLY_CONCAT,13
2759.0,EARLY_CONCAT,13
2759.5,EARLY_CONCAT,13
2760.0,EARLY_CONCAT,13
2760.5,EARLY_CONCAT,13
2761.0,EARLY_CONCAT,13
2761.5,EARLY_CONCAT,13
2762.0,EARLY_CONCAT,13
2762.5,EARLY_CONCAT,13
2763.0,EARLY_CONCAT,13
2763.5,EARLY_CONCAT,13
2764.0,EARLY_CONCAT,13
2764.5,EARLY_CONCAT,13
2765.0,EARLY_CONCAT,13
2765.5,EARLY_CONCAT,13
2766.0,EARLY_CONCAT,13
2766.5,EARLY_CONCAT,13
2767.0,EARLY_CONCAT,13
2767.5,EARLY_CONCAT,13
2768.0,EARLY_CONCAT,13
2768.5,EARLY_CONCAT,13
2769.0,EARLY_CONCAT,13
2769.5,EARLY_CONCAT,13
2770.0,EARLY_CONCAT,13
2770.5,EARLY_CONCAT,13
2771.0,EARLY_CONCAT,13
2771.5,EARLY_CONCAT,13
2772.0,EARLY_CONCAT,18
2772.5,EARLY_CONCAT,18
2773.0,EARLY_CONCAT,18
2773.5,EARLY_CONCAT,18
2774.0,EARLY_CONCAT,18
2774.5,EARLY_CONCAT,18
2775.0,EARLY_CONCAT,18
2775.5,EARLY_CONCAT,18
2776.0,EARLY_CONCAT,18
2776.5,EARLY_CONCAT,18
2777.0,EARLY_CONCAT,18
0.5,FIXED_WINDOW_ATTENTION,3
1.0,FIXED_WINDOW_ATTENTION,3
1.5,FIXED_WINDOW_ATTENTION,3
2.0,FIXED_WINDOW_ATTENTION,3
2.5,FIXED_WINDOW_ATTENTION,3
3.0,FIXED_WINDOW_ATTENTION,3
3.5,FIXED_WINDOW_ATTENTION,3
4.0,FIXED_WINDOW_ATTENTION,3
4.5,FIXED_WINDOW_ATTENTION,3
5.0,FIXED_WINDOW_ATTENTION,3
5.5,FIXED_WINDOW_ATTENTION,3
6.0,FIXED_WINDOW_ATTENTION,3
6.5,FIXED_WINDOW_ATTENTION,3
7.0,FIXED_WINDOW_ATTENTION,3
7.5,FIXED_WINDOW_ATTENTION,3
8.0,FIXED_WINDOW_ATTENTION,3
8.5,FIXED_WINDOW_ATTENTION,3
9.0,FIXED_WINDOW_ATTENTION,3
9.5,FIXED_WINDOW_ATTENTION,3
10.0,FIXED_WINDOW_ATTENTION,3
10.5,FIXED_WINDOW_ATTENTION,3
11.0,FIXED_WINDOW_ATTENTION,3
11.5,FIXED_WINDOW_ATTENTION,3
12.0,FIXED_WINDOW_ATTENTION,3
12.5,FIXED_WINDOW_ATTENTION,3
13.0,FIXED_WINDOW_ATTENTION,3
13.5,FIXED_WINDOW_ATTENTION,3
14.0,FIXED_WINDOW_ATTENTION,3
14.5,FIXED_WINDOW_ATTENTION,3
15.0,FIXED_WINDOW_ATTENTION,3
15.5,FIXED_WINDOW_ATTENTION,3
16.0,FIXED_WINDOW_ATTENTION,3
16.5,FIXED_WINDOW_ATTENTION,3
17.0,FIXED_WINDOW_ATTENTION,3
17.5,FIXED_WINDOW_ATTENTION,3
18.0,FIXED_WINDOW_ATTENTION,3
18.5,FIXED_WINDOW_ATTENTION,3
19.0,FIXED_WINDOW_ATTENTION,3
19.5,FIXED_WINDOW_ATTENTION,3
20.0,FIXED_WINDOW_ATTENTION,3
20.5,FIXED_WINDOW_ATTENTION,3
21.0,FIXED_WINDOW_ATTENTION,3
21.5,FIXED_WINDOW_ATTENTION,3
22.0,FIXED_WINDOW_ATTENTION,3
22.5,FIXED_WINDOW_ATTENTION,3
23.0,FIXED_WINDOW_ATTENTION,3
23.5,FIXED_WINDOW_ATTENTION,3
24.0,FIXED_WINDOW_ATTENTION,3
24.5,FIXED_WINDOW_ATTENTION,3
25.0,FIXED_WINDOW_ATTENTION,3
25.5,FIXED_WINDOW_ATTENTION,3
26.0,FIXED_WINDOW_ATTENTION,3
26.5,FIXED_WINDOW_ATTENTION,3
27.0,FIXED_WINDOW_ATTENTION,3
27.5,FIXED_WINDOW_ATTENTION,3
28.0,FIXED_WINDOW_ATTENTION,3
28.5,FIXED_WINDOW_ATTENTION,3
29.0,FIXED_WINDOW_ATTENTION,3
29.5,FIXED_WINDOW_ATTENTION,3
30.0,FIXED_WINDOW_ATTENTION,3
30.5,FIXED_WINDOW_ATTENTION,3
31.0,FIXED_WINDOW_ATTENTION,3
31.5,FIXED_WINDOW_ATTENTION,3
32.0,FIXED_WINDOW_ATTENTION,3
32.5,FIXED_WINDOW_ATTENTION,3
33.0,FIXED_WINDOW_ATTENTION,3
33.5,FIXED_WINDOW_ATTENTION,3
34.0,FIXED_WINDOW_ATTENTION,3
34.5,FIXED_WINDOW_ATTENTION,3
35.0,FIXED_WINDOW_ATTENTION,3
35.5,FIXED_WINDOW_ATTENTION,3
36.0,FIXED_WINDOW_ATTENTION,3
36.5,FIXED_WINDOW_ATTENTION,3
37.0,FIXED_WINDOW_ATTENTION,3
37.5,FIXED_WINDOW_ATTENTION,3
38.0,FIXED_WINDOW_ATTENTION,3
38.5,FIXED_WINDOW_ATTENTION,3
39.0,FIXED_WINDOW_ATTENTION,3
39.5,FIXED_WINDOW_ATTENTION,3
40.0,FIXED_WINDOW_ATTENTION,3
40.5,FIXED_WINDOW_ATTENTION,3
41.0,FIXED_WINDOW_ATTENTION,3
41.5,FIXED_WINDOW_ATTENTION,3
42.0,FIXED_WINDOW_ATTENTION,3
42.5,FIXED_WINDOW_ATTENTION,3
43.0,FIXED_WINDOW_ATTENTION,3
43.5,FIXED_WINDOW_ATTENTION,3
44.0,FIXED_WINDOW_ATTENTION,3
44.5,FIXED_WINDOW_ATTENTION,3
45.0,FIXED_WINDOW_ATTENTION,3
45.5,FIXED_WINDOW_ATTENTION,3
46.0,FIXED_WINDOW_ATTENTION,3
46.5,FIXED_WINDOW_ATTENTION,3
47.0,FIXED_WINDOW_ATTENTION,3
47.5,FIXED_WINDOW_ATTENTION,3
48.0,FIXED_WINDOW_ATTENTION,3
48.5,FIXED_WINDOW_ATTENTION,3
49.0,FIXED_WINDOW_ATTENTION,3
49.5,FIXED_WINDOW_ATTENTION,3
50.0,FIXED_WINDOW_ATTENTION,3
50.5,FIXED_WINDOW_ATTENTION,3
51.0,FIXED_WINDOW_ATTENTION,3
51.5,FIXED_WINDOW_ATTENTION,3
52.0,FIXED_WINDOW_ATTENTION,3
52.5,FIXED_WINDOW_ATTENTION,3
53.0,FIXED_WINDOW_ATTENTION,3
53.5,FIXED_WINDOW_ATTENTION,3
54.0,FIXED_WINDOW_ATTENTION,3
54.5,FIXED_WINDOW_ATTENTION,3
55.0,FIXED_WINDOW_ATTENTION,3
55.5,FIXED_WINDOW_ATTENTION,3
56.0,FIXED_WINDOW_ATTENTION,3
56.5,FIXED_WINDOW_ATTENTION,3
57.0,FIXED_WINDOW_ATTENTION,3
57.5,FIXED_WINDOW_ATTENTION,3
58.0,FIXED_WINDOW_ATTENTION,3
58.5,FIXED_WINDOW_ATTENTION,3
59.0,FIXED_WINDOW_ATTENTION,3
59.5,FIXED_WINDOW_ATTENTION,3
60.0,FIXED_WINDOW_ATTENTION,3
60.5,FIXED_WINDOW_ATTENTION,3
61.0,FIXED_WINDOW_ATTENTION,3
61.5,FIXED_WINDOW_ATTENTION,3
62.0,FIXED_WINDOW_ATTENTION,3
62.5,FIXED_WINDOW_ATTENTION,3
63.0,FIXED_WINDOW_ATTENTION,3
63.5,FIXED_WINDOW_ATTENTION,3
64.0,FIXED_WINDOW_ATTENTION,3
64.5,FIXED_WINDOW_ATTENTION,3
65.0,FIXED_WINDOW_ATTENTION,3
65.5,FIXED_WINDOW_ATTENTION,3
66.0,FIXED_WINDOW_ATTENTION,3
66.5,FIXED_WINDOW_ATTENTION,3
67.0,FIXED_WINDOW_ATTENTION,3
67.5,FIXED_WINDOW_ATTENTION,3
68.0,FIXED_WINDOW_ATTENTION,3
68.5,FIXED_WINDOW_ATTENTION,3
69.0,FIXED_WINDOW_ATTENTION,3
69.5,FIXED_WINDOW_ATTENTION,3
70.0,FIXED_WINDOW_ATTENTION,3
70.5,FIXED_WINDOW_ATTENTION,3
71.0,FIXED_WINDOW_ATTENTION,3
71.5,FIXED_WINDOW_ATTENTION,3
72.0,FIXED_WINDOW_ATTENTION,3
72.5,FIXED_WINDOW_ATTENTION,3
73.0,FIXED_WINDOW_ATTENTION,3
73.5,FIXED_WINDOW_ATTENTION,3
74.0,FIXED_WINDOW_ATTENTION,3
74.5,FIXED_WINDOW_ATTENTION,3
75.0,FIXED_WINDOW_ATTENTION,3
75.5,FIXED_WINDOW_ATTENTION,3
76.0,FIXED_WINDOW_ATTENTION,3
76.5,FIXED_WINDOW_ATTENTION,3
77.0,FIXED_WINDOW_ATTENTION,3
77.5,FIXED_WINDOW_ATTENTION,3
78.0,FIXED_WINDOW_ATTENTION,3
78.5,FIXED_WINDOW_ATTENTION,18
79.0,FIXED_WINDOW_ATTENTION,18
79.5,FIXED_WINDOW_ATTENTION,18
80.0,FIXED_WINDOW_ATTENTION,18
80.5,FIXED_WINDOW_ATTENTION,18
81.0,FIXED_WINDOW_ATTENTION,18
81.5,FIXED_WINDOW_ATTENTION,18
82.0,FIXED_WINDOW_ATTENTION,18
82.5,FIXED_WINDOW_ATTENTION,18
83.0,FIXED_WINDOW_ATTENTION,18
83.5,FIXED_WINDOW_ATTENTION,18
84.0,FIXED_WINDOW_ATTENTION,18
84.5,FIXED_WINDOW_ATTENTION,18
85.0,FIXED_WINDOW_ATTENTION,18
85.5,FIXED_WINDOW_ATTENTION,18
86.0,FIXED_WINDOW_ATTENTION,18
86.5,FIXED_WINDOW_ATTENTION,18
87.0,FIXED_WINDOW_ATTENTION,18
87.5,FIXED_WINDOW_ATTENTION,18
88.0,FIXED_WINDOW_ATTENTION,18
88.5,FIXED_WINDOW_ATTENTION,18
89.0,FIXED_WINDOW_ATTENTION,18
89.5,FIXED_WINDOW_ATTENTION,18
90.0,FIXED_WINDOW_ATTENTION,18
90.5,FIXED_WINDOW_ATTENTION,18
91.0,FIXED_WINDOW_ATTENTION,18
91.5,FIXED_WINDOW_ATTENTION,18
92.0,FIXED_WINDOW_ATTENTION,18
92.5,FIXED_WINDOW_ATTENTION,18
93.0,FIXED_WINDOW_ATTENTION,18
93.5,FIXED_WINDOW_ATTENTION,18
94.0,FIXED_WINDOW_ATTENTION,18
94.5,FIXED_WINDOW_ATTENTION,18
95.0,FIXED_WINDOW_ATTENTION,18
95.5,FIXED_WINDOW_ATTENTION,3
96.0,FIXED_WINDOW_ATTENTION,3
96.5,FIXED_WINDOW_ATTENTION,3
97.0,FIXED_WINDOW_ATTENTION,3
97.5,FIXED_WINDOW_ATTENTION,3
98.0,FIXED_WINDOW_ATTENTION,3
98.5,FIXED_WINDOW_ATTENTION,3
99.0,FIXED_WINDOW_ATTENTION,3
99.5,FIXED_WINDOW_ATTENTION,3
100.0,FIXED_WINDOW_ATTENTION,3
100.5,FIXED_WINDOW_ATTENTION,3
101.0,FIXED_WINDOW_ATTENTION,3
101.5,FIXED_WINDOW_ATTENTION,3
102.0,FIXED_WINDOW_ATTENTION,3
102.5,FIXED_WINDOW_ATTENTION,3
103.0,FIXED_WINDOW_ATTENTION,3
103.5,FIXED_WINDOW_ATTENTION,3
104.0,FIXED_WINDOW_ATTENTION,3
104.5,FIXED_WINDOW_ATTENTION,3
105.0,FIXED_WINDOW_ATTENTION,3
105.5,FIXED_WINDOW_ATTENTION,3
106.0,FIXED_WINDOW_ATTENTION,3
106.5,FIXED_WINDOW_ATTENTION,3
107.0,FIXED_WINDOW_ATTENTION,3
107.5,FIXED_WINDOW_ATTENTION,3
108.0,FIXED_WINDOW_ATTENTION,3
108.5,FIXED_WINDOW_ATTENTION,3
109.0,FIXED_WINDOW_ATTENTION,3
109.5,FIXED_WINDOW_ATTENTION,3
110.0,FIXED_WINDOW_ATTENTION,3
110.5,FIXED_WINDOW_ATTENTION,3
111.0,FIXED_WINDOW_ATTENTION,3
111.5,FIXED_WINDOW_ATTENTION,3
112.0,FIXED_WINDOW_ATTENTION,3
112.5,FIXED_WINDOW_ATTENTION,3
113.0,FIXED_WINDOW_ATTENTION,3
113.5,FIXED_WINDOW_ATTENTION,3
114.0,FIXED_WINDOW_ATTENTION,18
114.5,FIXED_WINDOW_ATTENTION,18
115.0,FIXED_WINDOW_ATTENTION,18
115.5,FIXED_WINDOW_ATTENTION,18
116.0,FIXED_WINDOW_ATTENTION,18
116.5,FIXED_WINDOW_ATTENTION,18
117.0,FIXED_WINDOW_ATTENTION,18
117.5,FIXED_WINDOW_ATTENTION,18
118.0,FIXED_WINDOW_ATTENTION,18
118.5,FIXED_WINDOW_ATTENTION,18
119.0,FIXED_WINDOW_ATTENTION,18
119.5,FIXED_WINDOW_ATTENTION,18
120.0,FIXED_WINDOW_ATTENTION,18
120.5,FIXED_WINDOW_ATTENTION,18
121.0,FIXED_WINDOW_ATTENTION,18
121.5,FIXED_WINDOW_ATTENTION,18
122.0,FIXED_WINDOW_ATTENTION,18
122.5,FIXED_WINDOW_ATTENTION,18
123.0,FIXED_WINDOW_ATTENTION,18
123.5,FIXED_WINDOW_ATTENTION,18
124.0,FIXED_WINDOW_ATTENTION,18
124.5,FIXED_WINDOW_ATTENTION,18
125.0,FIXED_WINDOW_ATTENTION,18
125.5,FIXED_WINDOW_ATTENTION,18
126.0,FIXED_WINDOW_ATTENTION,18
126.5,FIXED_WINDOW_ATTENTION,18
127.0,FIXED_WINDOW_ATTENTION,18
127.5,FIXED_WINDOW_ATTENTION,18
128.0,FIXED_WINDOW_ATTENTION,18
128.5,FIXED_WINDOW_ATTENTION,18
129.0,FIXED_WINDOW_ATTENTION,18
129.5,FIXED_WINDOW_ATTENTION,18
130.0,FIXED_WINDOW_ATTENTION,18
130.5,FIXED_WINDOW_ATTENTION,18
131.0,FIXED_WINDOW_ATTENTION,18
131.5,FIXED_WINDOW_ATTENTION,18
132.0,FIXED_WINDOW_ATTENTION,18
132.5,FIXED_WINDOW_ATTENTION,18
133.0,FIXED_WINDOW_ATTENTION,18
133.5,FIXED_WINDOW_ATTENTION,18
134.0,FIXED_WINDOW_ATTENTION,18
134.5,FIXED_WINDOW_ATTENTION,18
135.0,FIXED_WINDOW_ATTENTION,18
135.5,FIXED_WINDOW_ATTENTION,18
136.0,FIXED_WINDOW_ATTENTION,18
136.5,FIXED_WINDOW_ATTENTION,18
137.0,FIXED_WINDOW_ATTENTION,18
137.5,FIXED_WINDOW_ATTENTION,18
138.0,FIXED_WINDOW_ATTENTION,18
138.5,FIXED_WINDOW_ATTENTION,18
139.0,FIXED_WINDOW_ATTENTION,18
139.5,FIXED_WINDOW_ATTENTION,18
140.0,FIXED_WINDOW_ATTENTION,18
140.5,FIXED_WINDOW_ATTENTION,18
141.0,FIXED_WINDOW_ATTENTION,18
141.5,FIXED_WINDOW_ATTENTION,18
142.0,FIXED_WINDOW_ATTENTION,18
142.5,FIXED_WINDOW_ATTENTION,18
143.0,FIXED_WINDOW_ATTENTION,18
143.5,FIXED_WINDOW_ATTENTION,18
144.0,FIXED_WINDOW_ATTENTION,18
144.5,FIXED_WINDOW_ATTENTION,18
145.0,FIXED_WINDOW_ATTENTION,18
145.5,FIXED_WINDOW_ATTENTION,18
146.0,FIXED_WINDOW_ATTENTION,18
146.5,FIXED_WINDOW_ATTENTION,18
147.0,FIXED_WINDOW_ATTENTION,18
147.5,FIXED_WINDOW_ATTENTION,18
148.0,FIXED_WINDOW_ATTENTION,18
148.5,FIXED_WINDOW_ATTENTION,18
149.0,FIXED_WINDOW_ATTENTION,18
149.5,FIXED_WINDOW_ATTENTION,18
150.0,FIXED_WINDOW_ATTENTION,18
150.5,FIXED_WINDOW_ATTENTION,18
151.0,FIXED_WINDOW_ATTENTION,18
151.5,FIXED_WINDOW_ATTENTION,18
152.0,FIXED_WINDOW_ATTENTION,18
152.5,FIXED_WINDOW_ATTENTION,18
153.0,FIXED_WINDOW_ATTENTION,18
153.5,FIXED_WINDOW_ATTENTION,18
154.0,FIXED_WINDOW_ATTENTION,18
154.5,FIXED_WINDOW_ATTENTION,18
155.0,FIXED_WINDOW_ATTENTION,18
155.5,FIXED_WINDOW_ATTENTION,18
156.0,FIXED_WINDOW_ATTENTION,18
156.5,FIXED_WINDOW_ATTENTION,18
157.0,FIXED_WINDOW_ATTENTION,18
157.5,FIXED_WINDOW_ATTENTION,18
158.0,FIXED_WINDOW_ATTENTION,18
158.5,FIXED_WINDOW_ATTENTION,18
159.0,FIXED_WINDOW_ATTENTION,18
159.5,FIXED_WINDOW_ATTENTION,18
160.0,FIXED_WINDOW_ATTENTION,18
160.5,FIXED_WINDOW_ATTENTION,18
161.0,FIXED_WINDOW_ATTENTION,18
161.5,FIXED_WINDOW_ATTENTION,18
162.0,FIXED_WINDOW_ATTENTION,18
162.5,FIXED_WINDOW_ATTENTION,18
163.0,FIXED_WINDOW_ATTENTION,18
163.5,FIXED_WINDOW_ATTENTION,18
164.0,FIXED_WINDOW_ATTENTION,18
164.5,FIXED_WINDOW_ATTENTION,18
165.0,FIXED_WINDOW_ATTENTION,18
165.5,FIXED_WINDOW_ATTENTION,18
166.0,FIXED_WINDOW_ATTENTION,18
166.5,FIXED_WINDOW_ATTENTION,18
167.0,FIXED_WINDOW_ATTENTION,18
167.5,FIXED_WINDOW_ATTENTION,18
168.0,FIXED_WINDOW_ATTENTION,18
168.5,FIXED_WINDOW_ATTENTION,18
169.0,FIXED_WINDOW_ATTENTION,18
169.5,FIXED_WINDOW_ATTENTION,18
170.0,FIXED_WINDOW_ATTENTION,18
170.5,FIXED_WINDOW_ATTENTION,18
171.0,FIXED_WINDOW_ATTENTION,18
171.5,FIXED_WINDOW_ATTENTION,18
172.0,FIXED_WINDOW_ATTENTION,18
172.5,FIXED_WINDOW_ATTENTION,18
173.0,FIXED_WINDOW_ATTENTION,18
173.5,FIXED_WINDOW_ATTENTION,18
174.0,FIXED_WINDOW_ATTENTION,18
174.5,FIXED_WINDOW_ATTENTION,18
175.0,FIXED_WINDOW_ATTENTION,18
175.5,FIXED_WINDOW_ATTENTION,18
176.0,FIXED_WINDOW_ATTENTION,18
176.5,FIXED_WINDOW_ATTENTION,18
177.0,FIXED_WINDOW_ATTENTION,18
177.5,FIXED_WINDOW_ATTENTION,18
178.0,FIXED_WINDOW_ATTENTION,18
178.5,FIXED_WINDOW_ATTENTION,18
179.0,FIXED_WINDOW_ATTENTION,18
179.5,FIXED_WINDOW_ATTENTION,18
180.0,FIXED_WINDOW_ATTENTION,18
180.5,FIXED_WINDOW_ATTENTION,18
181.0,FIXED_WINDOW_ATTENTION,18
181.5,FIXED_WINDOW_ATTENTION,18
182.0,FIXED_WINDOW_ATTENTION,18
182.5,FIXED_WINDOW_ATTENTION,18
183.0,FIXED_WINDOW_ATTENTION,18
183.5,FIXED_WINDOW_ATTENTION,18
184.0,FIXED_WINDOW_ATTENTION,18
184.5,FIXED_WINDOW_ATTENTION,18
185.0,FIXED_WINDOW_ATTENTION,18
185.5,FIXED_WINDOW_ATTENTION,7
186.0,FIXED_WINDOW_ATTENTION,7
186.5,FIXED_WINDOW_ATTENTION,7
187.0,FIXED_WINDOW_ATTENTION,7
187.5,FIXED_WINDOW_ATTENTION,7
188.0,FIXED_WINDOW_ATTENTION,7
188.5,FIXED_WINDOW_ATTENTION,7
189.0,FIXED_WINDOW_ATTENTION,7
189.5,FIXED_WINDOW_ATTENTION,7
190.0,FIXED_WINDOW_ATTENTION,7
190.5,FIXED_WINDOW_ATTENTION,7
191.0,FIXED_WINDOW_ATTENTION,7
191.5,FIXED_WINDOW_ATTENTION,7
192.0,FIXED_WINDOW_ATTENTION,7
192.5,FIXED_WINDOW_ATTENTION,7
193.0,FIXED_WINDOW_ATTENTION,7
193.5,FIXED_WINDOW_ATTENTION,7
194.0,FIXED_WINDOW_ATTENTION,7
194.5,FIXED_WINDOW_ATTENTION,7
195.0,FIXED_WINDOW_ATTENTION,7
195.5,FIXED_WINDOW_ATTENTION,7
196.0,FIXED_WINDOW_ATTENTION,7
196.5,FIXED_WINDOW_ATTENTION,7
197.0,FIXED_WINDOW_ATTENTION,7
197.5,FIXED_WINDOW_ATTENTION,7
198.0,FIXED_WINDOW_ATTENTION,7
198.5,FIXED_WINDOW_ATTENTION,7
199.0,FIXED_WINDOW_ATTENTION,7
199.5,FIXED_WINDOW_ATTENTION,7
200.0,FIXED_WINDOW_ATTENTION,7
200.5,FIXED_WINDOW_ATTENTION,7
201.0,FIXED_WINDOW_ATTENTION,7
201.5,FIXED_WINDOW_ATTENTION,7
202.0,FIXED_WINDOW_ATTENTION,7
202.5,FIXED_WINDOW_ATTENTION,7
203.0,FIXED_WINDOW_ATTENTION,18
203.5,FIXED_WINDOW_ATTENTION,18
204.0,FIXED_WINDOW_ATTENTION,18
204.5,FIXED_WINDOW_ATTENTION,18
205.0,FIXED_WINDOW_ATTENTION,18
205.5,FIXED_WINDOW_ATTENTION,18
206.0,FIXED_WINDOW_ATTENTION,18
206.5,FIXED_WINDOW_ATTENTION,18
207.0,FIXED_WINDOW_ATTENTION,18
207.5,FIXED_WINDOW_ATTENTION,18
208.0,FIXED_WINDOW_ATTENTION,18
208.5,FIXED_WINDOW_ATTENTION,18
209.0,FIXED_WINDOW_ATTENTION,18
209.5,FIXED_WINDOW_ATTENTION,7
210.0,FIXED_WINDOW_ATTENTION,7
210.5,FIXED_WINDOW_ATTENTION,7
211.0,FIXED_WINDOW_ATTENTION,7
211.5,FIXED_WINDOW_ATTENTION,7
212.0,FIXED_WINDOW_ATTENTION,7
212.5,FIXED_WINDOW_ATTENTION,7
213.0,FIXED_WINDOW_ATTENTION,7
213.5,FIXED_WINDOW_ATTENTION,7
214.0,FIXED_WINDOW_ATTENTION,7
214.5,FIXED_WINDOW_ATTENTION,7
215.0,FIXED_WINDOW_ATTENTION,7
215.5,FIXED_WINDOW_ATTENTION,7
216.0,FIXED_WINDOW_ATTENTION,7
216.5,FIXED_WINDOW_ATTENTION,7
217.0,FIXED_WINDOW_ATTENTION,7
217.5,FIXED_WINDOW_ATTENTION,7
218.0,FIXED_WINDOW_ATTENTION,7
218.5,FIXED_WINDOW_ATTENTION,7
219.0,FIXED_WINDOW_ATTENTION,7
219.5,FIXED_WINDOW_ATTENTION,7
220.0,FIXED_WINDOW_ATTENTION,7
220.5,FIXED_WINDOW_ATTENTION,7
221.0,FIXED_WINDOW_ATTENTION,7
221.5,FIXED_WINDOW_ATTENTION,7
222.0,FIXED_WINDOW_ATTENTION,18
222.5,FIXED_WINDOW_ATTENTION,18
223.0,FIXED_WINDOW_ATTENTION,18
223.5,FIXED_WINDOW_ATTENTION,18
224.0,FIXED_WINDOW_ATTENTION,18
224.5,FIXED_WINDOW_ATTENTION,18
225.0,FIXED_WINDOW_ATTENTION,18
225.5,FIXED_WINDOW_ATTENTION,18
226.0,FIXED_WINDOW_ATTENTION,18
226.5,FIXED_WINDOW_ATTENTION,18
227.0,FIXED_WINDOW_ATTENTION,18
227.5,FIXED_WINDOW_ATTENTION,18
228.0,FIXED_WINDOW_ATTENTION,18
228.5,FIXED_WINDOW_ATTENTION,18
229.0,FIXED_WINDOW_ATTENTION,18
229.5,FIXED_WINDOW_ATTENTION,18
230.0,FIXED_WINDOW_ATTENTION,18
230.5,FIXED_WINDOW_ATTENTION,18
231.0,FIXED_WINDOW_ATTENTION,18
231.5,FIXED_WINDOW_ATTENTION,18
232.0,FIXED_WINDOW_ATTENTION,18
232.5,FIXED_WINDOW_ATTENTION,18
233.0,FIXED_WINDOW_ATTENTION,18
233.5,FIXED_WINDOW_ATTENTION,18
234.0,FIXED_WINDOW_ATTENTION,18
234.5,FIXED_WINDOW_ATTENTION,18
235.0,FIXED_WINDOW_ATTENTION,18
235.5,FIXED_WINDOW_ATTENTION,18
236.0,FIXED_WINDOW_ATTENTION,18
236.5,FIXED_WINDOW_ATTENTION,18
237.0,FIXED_WINDOW_ATTENTION,18
237.5,FIXED_WINDOW_ATTENTION,18
238.0,FIXED_WINDOW_ATTENTION,18
238.5,FIXED_WINDOW_ATTENTION,18
239.0,FIXED_WINDOW_ATTENTION,18
239.5,FIXED_WINDOW_ATTENTION,18
240.0,FIXED_WINDOW_ATTENTION,18
240.5,FIXED_WINDOW_ATTENTION,18
241.0,FIXED_WINDOW_ATTENTION,18
241.5,FIXED_WINDOW_ATTENTION,18
242.0,FIXED_WINDOW_ATTENTION,18
242.5,FIXED_WINDOW_ATTENTION,18
243.0,FIXED_WINDOW_ATTENTION,18
243.5,FIXED_WINDOW_ATTENTION,18
244.0,FIXED_WINDOW_ATTENTION,18
244.5,FIXED_WINDOW_ATTENTION,18
245.0,FIXED_WINDOW_ATTENTION,18
245.5,FIXED_WINDOW_ATTENTION,18
246.0,FIXED_WINDOW_ATTENTION,4
246.5,FIXED_WINDOW_ATTENTION,4
247.0,FIXED_WINDOW_ATTENTION,4
247.5,FIXED_WINDOW_ATTENTION,4
248.0,FIXED_WINDOW_ATTENTION,4
248.5,FIXED_WINDOW_ATTENTION,4
249.0,FIXED_WINDOW_ATTENTION,4
249.5,FIXED_WINDOW_ATTENTION,4
250.0,FIXED_WINDOW_ATTENTION,4
250.5,FIXED_WINDOW_ATTENTION,4
251.0,FIXED_WINDOW_ATTENTION,4
251.5,FIXED_WINDOW_ATTENTION,4
252.0,FIXED_WINDOW_ATTENTION,4
252.5,FIXED_WINDOW_ATTENTION,4
253.0,FIXED_WINDOW_ATTENTION,4
253.5,FIXED_WINDOW_ATTENTION,4
254.0,FIXED_WINDOW_ATTENTION,4
254.5,FIXED_WINDOW_ATTENTION,4
255.0,FIXED_WINDOW_ATTENTION,4
255.5,FIXED_WINDOW_ATTENTION,4
256.0,FIXED_WINDOW_ATTENTION,4
256.5,FIXED_WINDOW_ATTENTION,4
257.0,FIXED_WINDOW_ATTENTION,4
257.5,FIXED_WINDOW_ATTENTION,4
258.0,FIXED_WINDOW_ATTENTION,4
258.5,FIXED_WINDOW_ATTENTION,4
259.0,FIXED_WINDOW_ATTENTION,4
259.5,FIXED_WINDOW_ATTENTION,4
260.0,FIXED_WINDOW_ATTENTION,4
260.5,FIXED_WINDOW_ATTENTION,4
261.0,FIXED_WINDOW_ATTENTION,4
261.5,FIXED_WINDOW_ATTENTION,4
262.0,FIXED_WINDOW_ATTENTION,4
262.5,FIXED_WINDOW_ATTENTION,4
263.0,FIXED_WINDOW_ATTENTION,4
263.5,FIXED_WINDOW_ATTENTION,4
264.0,FIXED_WINDOW_ATTENTION,4
264.5,FIXED_WINDOW_ATTENTION,4
265.0,FIXED_WINDOW_ATTENTION,4
265.5,FIXED_WINDOW_ATTENTION,4
266.0,FIXED_WINDOW_ATTENTION,4
266.5,FIXED_WINDOW_ATTENTION,4
267.0,FIXED_WINDOW_ATTENTION,4
267.5,FIXED_WINDOW_ATTENTION,4
268.0,FIXED_WINDOW_ATTENTION,4
268.5,FIXED_WINDOW_ATTENTION,4
269.0,FIXED_WINDOW_ATTENTION,4
269.5,FIXED_WINDOW_ATTENTION,4
270.0,FIXED_WINDOW_ATTENTION,4
270.5,FIXED_WINDOW_ATTENTION,4
271.0,FIXED_WINDOW_ATTENTION,4
271.5,FIXED_WINDOW_ATTENTION,4
272.0,FIXED_WINDOW_ATTENTION,4
272.5,FIXED_WINDOW_ATTENTION,4
273.0,FIXED_WINDOW_ATTENTION,4
273.5,FIXED_WINDOW_ATTENTION,4
274.0,FIXED_WINDOW_ATTENTION,4
274.5,FIXED_WINDOW_ATTENTION,4
275.0,FIXED_WINDOW_ATTENTION,4
275.5,FIXED_WINDOW_ATTENTION,4
276.0,FIXED_WINDOW_ATTENTION,4
276.5,FIXED_WINDOW_ATTENTION,4
277.0,FIXED_WINDOW_ATTENTION,4
277.5,FIXED_WINDOW_ATTENTION,4
278.0,FIXED_WINDOW_ATTENTION,4
278.5,FIXED_WINDOW_ATTENTION,4
279.0,FIXED_WINDOW_ATTENTION,4
279.5,FIXED_WINDOW_ATTENTION,4
280.0,FIXED_WINDOW_ATTENTION,4
280.5,FIXED_WINDOW_ATTENTION,4
281.0,FIXED_WINDOW_ATTENTION,4
281.5,FIXED_WINDOW_ATTENTION,4
282.0,FIXED_WINDOW_ATTENTION,4
282.5,FIXED_WINDOW_ATTENTION,4
283.0,FIXED_WINDOW_ATTENTION,4
283.5,FIXED_WINDOW_ATTENTION,4
284.0,FIXED_WINDOW_ATTENTION,4
284.5,FIXED_WINDOW_ATTENTION,4
285.0,FIXED_WINDOW_ATTENTION,4
285.5,FIXED_WINDOW_ATTENTION,4
286.0,FIXED_WINDOW_ATTENTION,4
286.5,FIXED_WINDOW_ATTENTION,4
287.0,FIXED_WINDOW_ATTENTION,18
287.5,FIXED_WINDOW_ATTENTION,18
288.0,FIXED_WINDOW_ATTENTION,18
288.5,FIXED_WINDOW_ATTENTION,18
289.0,FIXED_WINDOW_ATTENTION,18
289.5,FIXED_WINDOW_ATTENTION,18
290.0,FIXED_WINDOW_ATTENTION,18
290.5,FIXED_WINDOW_ATTENTION,18
291.0,FIXED_WINDOW_ATTENTION,18
291.5,FIXED_WINDOW_ATTENTION,18
292.0,FIXED_WINDOW_ATTENTION,18
292.5,FIXED_WINDOW_ATTENTION,18
293.0,FIXED_WINDOW_ATTENTION,18
293.5,FIXED_WINDOW_ATTENTION,18
294.0,FIXED_WINDOW_ATTENTION,18
294.5,FIXED_WINDOW_ATTENTION,18
295.0,FIXED_WINDOW_ATTENTION,18
295.5,FIXED_WINDOW_ATTENTION,18
296.0,FIXED_WINDOW_ATTENTION,18
296.5,FIXED_WINDOW_ATTENTION,18
297.0,FIXED_WINDOW_ATTENTION,18
297.5,FIXED_WINDOW_ATTENTION,18
298.0,FIXED_WINDOW_ATTENTION,18
298.5,FIXED_WINDOW_ATTENTION,18
299.0,FIXED_WINDOW_ATTENTION,18
299.5,FIXED_WINDOW_ATTENTION,18
300.0,FIXED_WINDOW_ATTENTION,18
300.5,FIXED_WINDOW_ATTENTION,18
301.0,FIXED_WINDOW_ATTENTION,18
301.5,FIXED_WINDOW_ATTENTION,18
302.0,FIXED_WINDOW_ATTENTION,18
302.5,FIXED_WINDOW_ATTENTION,18
303.0,FIXED_WINDOW_ATTENTION,18
303.5,FIXED_WINDOW_ATTENTION,18
304.0,FIXED_WINDOW_ATTENTION,18
304.5,FIXED_WINDOW_ATTENTION,18
305.0,FIXED_WINDOW_ATTENTION,18
305.5,FIXED_WINDOW_ATTENTION,18
306.0,FIXED_WINDOW_ATTENTION,18
306.5,FIXED_WINDOW_ATTENTION,18
307.0,FIXED_WINDOW_ATTENTION,18
307.5,FIXED_WINDOW_ATTENTION,18
308.0,FIXED_WINDOW_ATTENTION,18
308.5,FIXED_WINDOW_ATTENTION,18
309.0,FIXED_WINDOW_ATTENTION,18
309.5,FIXED_WINDOW_ATTENTION,18
310.0,FIXED_WINDOW_ATTENTION,18
310.5,FIXED_WINDOW_ATTENTION,18
311.0,FIXED_WINDOW_ATTENTION,18
311.5,FIXED_WINDOW_ATTENTION,18
312.0,FIXED_WINDOW_ATTENTION,18
312.5,FIXED_WINDOW_ATTENTION,18
313.0,FIXED_WINDOW_ATTENTION,18
313.5,FIXED_WINDOW_ATTENTION,18
314.0,FIXED_WINDOW_ATTENTION,18
314.5,FIXED_WINDOW_ATTENTION,18
315.0,FIXED_WINDOW_ATTENTION,18
315.5,FIXED_WINDOW_ATTENTION,18
316.0,FIXED_WINDOW_ATTENTION,18
316.5,FIXED_WINDOW_ATTENTION,4
317.0,FIXED_WINDOW_ATTENTION,4
317.5,FIXED_WINDOW_ATTENTION,4
318.0,FIXED_WINDOW_ATTENTION,4
318.5,FIXED_WINDOW_ATTENTION,4
319.0,FIXED_WINDOW_ATTENTION,4
319.5,FIXED_WINDOW_ATTENTION,4
320.0,FIXED_WINDOW_ATTENTION,4
320.5,FIXED_WINDOW_ATTENTION,4
321.0,FIXED_WINDOW_ATTENTION,4
321.5,FIXED_WINDOW_ATTENTION,4
322.0,FIXED_WINDOW_ATTENTION,4
322.5,FIXED_WINDOW_ATTENTION,4
323.0,FIXED_WINDOW_ATTENTION,4
323.5,FIXED_WINDOW_ATTENTION,4
324.0,FIXED_WINDOW_ATTENTION,18
324.5,FIXED_WINDOW_ATTENTION,18
325.0,FIXED_WINDOW_ATTENTION,18
325.5,FIXED_WINDOW_ATTENTION,18
326.0,FIXED_WINDOW_ATTENTION,18
326.5,FIXED_WINDOW_ATTENTION,18
327.0,FIXED_WINDOW_ATTENTION,18
327.5,FIXED_WINDOW_ATTENTION,18
328.0,FIXED_WINDOW_ATTENTION,18
328.5,FIXED_WINDOW_ATTENTION,18
329.0,FIXED_WINDOW_ATTENTION,18
329.5,FIXED_WINDOW_ATTENTION,18
330.0,FIXED_WINDOW_ATTENTION,18
330.5,FIXED_WINDOW_ATTENTION,18
331.0,FIXED_WINDOW_ATTENTION,18
331.5,FIXED_WINDOW_ATTENTION,18
332.0,FIXED_WINDOW_ATTENTION,18
332.5,FIXED_WINDOW_ATTENTION,18
333.0,FIXED_WINDOW_ATTENTION,18
333.5,FIXED_WINDOW_ATTENTION,18
334.0,FIXED_WINDOW_ATTENTION,18
334.5,FIXED_WINDOW_ATTENTION,18
335.0,FIXED_WINDOW_ATTENTION,18
335.5,FIXED_WINDOW_ATTENTION,18
336.0,FIXED_WINDOW_ATTENTION,18
336.5,FIXED_WINDOW_ATTENTION,18
337.0,FIXED_WINDOW_ATTENTION,18
337.5,FIXED_WINDOW_ATTENTION,18
338.0,FIXED_WINDOW_ATTENTION,18
338.5,FIXED_WINDOW_ATTENTION,18
339.0,FIXED_WINDOW_ATTENTION,18
339.5,FIXED_WINDOW_ATTENTION,18
340.0,FIXED_WINDOW_ATTENTION,18
340.5,FIXED_WINDOW_ATTENTION,18
341.0,FIXED_WINDOW_ATTENTION,18
341.5,FIXED_WINDOW_ATTENTION,18
342.0,FIXED_WINDOW_ATTENTION,18
342.5,FIXED_WINDOW_ATTENTION,18
343.0,FIXED_WINDOW_ATTENTION,18
343.5,FIXED_WINDOW_ATTENTION,18
344.0,FIXED_WINDOW_ATTENTION,18
344.5,FIXED_WINDOW_ATTENTION,18
345.0,FIXED_WINDOW_ATTENTION,18
345.5,FIXED_WINDOW_ATTENTION,18
346.0,FIXED_WINDOW_ATTENTION,18
346.5,FIXED_WINDOW_ATTENTION,18
347.0,FIXED_WINDOW_ATTENTION,18
347.5,FIXED_WINDOW_ATTENTION,18
348.0,FIXED_WINDOW_ATTENTION,18
348.5,FIXED_WINDOW_ATTENTION,18
349.0,FIXED_WINDOW_ATTENTION,18
349.5,FIXED_WINDOW_ATTENTION,18
350.0,FIXED_WINDOW_ATTENTION,18
350.5,FIXED_WINDOW_ATTENTION,18
351.0,FIXED_WINDOW_ATTENTION,18
351.5,FIXED_WINDOW_ATTENTION,18
352.0,FIXED_WINDOW_ATTENTION,18
352.5,FIXED_WINDOW_ATTENTION,18
353.0,FIXED_WINDOW_ATTENTION,18
353.5,FIXED_WINDOW_ATTENTION,18
354.0,FIXED_WINDOW_ATTENTION,18
354.5,FIXED_WINDOW_ATTENTION,18
355.0,FIXED_WINDOW_ATTENTION,18
355.5,FIXED_WINDOW_ATTENTION,18
356.0,FIXED_WINDOW_ATTENTION,18
356.5,FIXED_WINDOW_ATTENTION,18
357.0,FIXED_WINDOW_ATTENTION,18
357.5,FIXED_WINDOW_ATTENTION,18
358.0,FIXED_WINDOW_ATTENTION,18
358.5,FIXED_WINDOW_ATTENTION,18
359.0,FIXED_WINDOW_ATTENTION,18
359.5,FIXED_WINDOW_ATTENTION,18
360.0,FIXED_WINDOW_ATTENTION,18
360.5,FIXED_WINDOW_ATTENTION,18
361.0,FIXED_WINDOW_ATTENTION,18
361.5,FIXED_WINDOW_ATTENTION,18
362.0,FIXED_WINDOW_ATTENTION,18
362.5,FIXED_WINDOW_ATTENTION,18
363.0,FIXED_WINDOW_ATTENTION,18
363.5,FIXED_WINDOW_ATTENTION,18
364.0,FIXED_WINDOW_ATTENTION,18
364.5,FIXED_WINDOW_ATTENTION,18
365.0,FIXED_WINDOW_ATTENTION,18
365.5,FIXED_WINDOW_ATTENTION,18
366.0,FIXED_WINDOW_ATTENTION,18
366.5,FIXED_WINDOW_ATTENTION,18
367.0,FIXED_WINDOW_ATTENTION,18
367.5,FIXED_WINDOW_ATTENTION,18
368.0,FIXED_WINDOW_ATTENTION,18
368.5,FIXED_WINDOW_ATTENTION,18
369.0,FIXED_WINDOW_ATTENTION,18
369.5,FIXED_WINDOW_ATTENTION,18
370.0,FIXED_WINDOW_ATTENTION,18
370.5,FIXED_WINDOW_ATTENTION,18
371.0,FIXED_WINDOW_ATTENTION,18
371.5,FIXED_WINDOW_ATTENTION,18
372.0,FIXED_WINDOW_ATTENTION,18
372.5,FIXED_WINDOW_ATTENTION,18
373.0,FIXED_WINDOW_ATTENTION,18
373.5,FIXED_WINDOW_ATTENTION,18
374.0,FIXED_WINDOW_ATTENTION,18
374.5,FIXED_WINDOW_ATTENTION,18
375.0,FIXED_WINDOW_ATTENTION,18
375.5,FIXED_WINDOW_ATTENTION,18
376.0,FIXED_WINDOW_ATTENTION,18
376.5,FIXED_WINDOW_ATTENTION,18
377.0,FIXED_WINDOW_ATTENTION,18
377.5,FIXED_WINDOW_ATTENTION,18
378.0,FIXED_WINDOW_ATTENTION,18
378.5,FIXED_WINDOW_ATTENTION,18
379.0,FIXED_WINDOW_ATTENTION,18
379.5,FIXED_WINDOW_ATTENTION,18
380.0,FIXED_WINDOW_ATTENTION,18
380.5,FIXED_WINDOW_ATTENTION,18
381.0,FIXED_WINDOW_ATTENTION,18
381.5,FIXED_WINDOW_ATTENTION,18
382.0,FIXED_WINDOW_ATTENTION,18
382.5,FIXED_WINDOW_ATTENTION,18
383.0,FIXED_WINDOW_ATTENTION,18
383.5,FIXED_WINDOW_ATTENTION,18
384.0,FIXED_WINDOW_ATTENTION,18
384.5,FIXED_WINDOW_ATTENTION,18
385.0,FIXED_WINDOW_ATTENTION,18
385.5,FIXED_WINDOW_ATTENTION,18
386.0,FIXED_WINDOW_ATTENTION,4
386.5,FIXED_WINDOW_ATTENTION,4
387.0,FIXED_WINDOW_ATTENTION,18
387.5,FIXED_WINDOW_ATTENTION,18
388.0,FIXED_WINDOW_ATTENTION,18
388.5,FIXED_WINDOW_ATTENTION,18
389.0,FIXED_WINDOW_ATTENTION,18
389.5,FIXED_WINDOW_ATTENTION,18
390.0,FIXED_WINDOW_ATTENTION,18
390.5,FIXED_WINDOW_ATTENTION,18
391.0,FIXED_WINDOW_ATTENTION,18
391.5,FIXED_WINDOW_ATTENTION,18
392.0,FIXED_WINDOW_ATTENTION,18
392.5,FIXED_WINDOW_ATTENTION,18
393.0,FIXED_WINDOW_ATTENTION,18
393.5,FIXED_WINDOW_ATTENTION,18
394.0,FIXED_WINDOW_ATTENTION,18
394.5,FIXED_WINDOW_ATTENTION,18
395.0,FIXED_WINDOW_ATTENTION,18
395.5,FIXED_WINDOW_ATTENTION,18
396.0,FIXED_WINDOW_ATTENTION,18
396.5,FIXED_WINDOW_ATTENTION,18
397.0,FIXED_WINDOW_ATTENTION,18
397.5,FIXED_WINDOW_ATTENTION,18
398.0,FIXED_WINDOW_ATTENTION,18
398.5,FIXED_WINDOW_ATTENTION,18
399.0,FIXED_WINDOW_ATTENTION,18
399.5,FIXED_WINDOW_ATTENTION,18
400.0,FIXED_WINDOW_ATTENTION,18
400.5,FIXED_WINDOW_ATTENTION,18
401.0,FIXED_WINDOW_ATTENTION,18
401.5,FIXED_WINDOW_ATTENTION,18
402.0,FIXED_WINDOW_ATTENTION,18
402.5,FIXED_WINDOW_ATTENTION,18
403.0,FIXED_WINDOW_ATTENTION,18
403.5,FIXED_WINDOW_ATTENTION,18
404.0,FIXED_WINDOW_ATTENTION,18
404.5,FIXED_WINDOW_ATTENTION,18
405.0,FIXED_WINDOW_ATTENTION,18
405.5,FIXED_WINDOW_ATTENTION,18
406.0,FIXED_WINDOW_ATTENTION,18
406.5,FIXED_WINDOW_ATTENTION,18
407.0,FIXED_WINDOW_ATTENTION,18
407.5,FIXED_WINDOW_ATTENTION,18
408.0,FIXED_WINDOW_ATTENTION,18
408.5,FIXED_WINDOW_ATTENTION,18
409.0,FIXED_WINDOW_ATTENTION,18
409.5,FIXED_WINDOW_ATTENTION,18
410.0,FIXED_WINDOW_ATTENTION,18
410.5,FIXED_WINDOW_ATTENTION,18
411.0,FIXED_WINDOW_ATTENTION,18
411.5,FIXED_WINDOW_ATTENTION,18
412.0,FIXED_WINDOW_ATTENTION,18
412.5,FIXED_WINDOW_ATTENTION,18
413.0,FIXED_WINDOW_ATTENTION,18
413.5,FIXED_WINDOW_ATTENTION,18
414.0,FIXED_WINDOW_ATTENTION,18
414.5,FIXED_WINDOW_ATTENTION,18
415.0,FIXED_WINDOW_ATTENTION,18
415.5,FIXED_WINDOW_ATTENTION,18
416.0,FIXED_WINDOW_ATTENTION,18
416.5,FIXED_WINDOW_ATTENTION,18
417.0,FIXED_WINDOW_ATTENTION,18
417.5,FIXED_WINDOW_ATTENTION,18
418.0,FIXED_WINDOW_ATTENTION,18
418.5,FIXED_WINDOW_ATTENTION,18
419.0,FIXED_WINDOW_ATTENTION,18
419.5,FIXED_WINDOW_ATTENTION,18
420.0,FIXED_WINDOW_ATTENTION,18
420.5,FIXED_WINDOW_ATTENTION,18
421.0,FIXED_WINDOW_ATTENTION,18
421.5,FIXED_WINDOW_ATTENTION,18
422.0,FIXED_WINDOW_ATTENTION,18
422.5,FIXED_WINDOW_ATTENTION,18
423.0,FIXED_WINDOW_ATTENTION,18
423.5,FIXED_WINDOW_ATTENTION,18
424.0,FIXED_WINDOW_ATTENTION,18
424.5,FIXED_WINDOW_ATTENTION,18
425.0,FIXED_WINDOW_ATTENTION,18
425.5,FIXED_WINDOW_ATTENTION,18
426.0,FIXED_WINDOW_ATTENTION,18
426.5,FIXED_WINDOW_ATTENTION,8
427.0,FIXED_WINDOW_ATTENTION,8
427.5,FIXED_WINDOW_ATTENTION,8
428.0,FIXED_WINDOW_ATTENTION,8
428.5,FIXED_WINDOW_ATTENTION,8
429.0,FIXED_WINDOW_ATTENTION,8
429.5,FIXED_WINDOW_ATTENTION,8
430.0,FIXED_WINDOW_ATTENTION,8
430.5,FIXED_WINDOW_ATTENTION,8
431.0,FIXED_WINDOW_ATTENTION,8
431.5,FIXED_WINDOW_ATTENTION,8
432.0,FIXED_WINDOW_ATTENTION,8
432.5,FIXED_WINDOW_ATTENTION,8
433.0,FIXED_WINDOW_ATTENTION,8
433.5,FIXED_WINDOW_ATTENTION,8
434.0,FIXED_WINDOW_ATTENTION,8
434.5,FIXED_WINDOW_ATTENTION,8
435.0,FIXED_WINDOW_ATTENTION,8
435.5,FIXED_WINDOW_ATTENTION,8
436.0,FIXED_WINDOW_ATTENTION,8
436.5,FIXED_WINDOW_ATTENTION,8
437.0,FIXED_WINDOW_ATTENTION,8
437.5,FIXED_WINDOW_ATTENTION,8
438.0,FIXED_WINDOW_ATTENTION,8
438.5,FIXED_WINDOW_ATTENTION,8
439.0,FIXED_WINDOW_ATTENTION,8
439.5,FIXED_WINDOW_ATTENTION,8
440.0,FIXED_WINDOW_ATTENTION,8
440.5,FIXED_WINDOW_ATTENTION,8
441.0,FIXED_WINDOW_ATTENTION,8
441.5,FIXED_WINDOW_ATTENTION,8
442.0,FIXED_WINDOW_ATTENTION,8
442.5,FIXED_WINDOW_ATTENTION,8
443.0,FIXED_WINDOW_ATTENTION,8
443.5,FIXED_WINDOW_ATTENTION,8
444.0,FIXED_WINDOW_ATTENTION,8
444.5,FIXED_WINDOW_ATTENTION,8
445.0,FIXED_WINDOW_ATTENTION,8
445.5,FIXED_WINDOW_ATTENTION,8
446.0,FIXED_WINDOW_ATTENTION,8
446.5,FIXED_WINDOW_ATTENTION,8
447.0,FIXED_WINDOW_ATTENTION,8
447.5,FIXED_WINDOW_ATTENTION,8
448.0,FIXED_WINDOW_ATTENTION,8
448.5,FIXED_WINDOW_ATTENTION,8
449.0,FIXED_WINDOW_ATTENTION,8
449.5,FIXED_WINDOW_ATTENTION,8
450.0,FIXED_WINDOW_ATTENTION,8
450.5,FIXED_WINDOW_ATTENTION,8
451.0,FIXED_WINDOW_ATTENTION,8
451.5,FIXED_WINDOW_ATTENTION,8
452.0,FIXED_WINDOW_ATTENTION,8
452.5,FIXED_WINDOW_ATTENTION,8
453.0,FIXED_WINDOW_ATTENTION,8
453.5,FIXED_WINDOW_ATTENTION,8
454.0,FIXED_WINDOW_ATTENTION,8
454.5,FIXED_WINDOW_ATTENTION,8
455.0,FIXED_WINDOW_ATTENTION,8
455.5,FIXED_WINDOW_ATTENTION,8
456.0,FIXED_WINDOW_ATTENTION,8
456.5,FIXED_WINDOW_ATTENTION,8
457.0,FIXED_WINDOW_ATTENTION,8
457.5,FIXED_WINDOW_ATTENTION,8
458.0,FIXED_WINDOW_ATTENTION,8
458.5,FIXED_WINDOW_ATTENTION,8
459.0,FIXED_WINDOW_ATTENTION,8
459.5,FIXED_WINDOW_ATTENTION,8
460.0,FIXED_WINDOW_ATTENTION,8
460.5,FIXED_WINDOW_ATTENTION,8
461.0,FIXED_WINDOW_ATTENTION,8
461.5,FIXED_WINDOW_ATTENTION,8
462.0,FIXED_WINDOW_ATTENTION,8
462.5,FIXED_WINDOW_ATTENTION,8
463.0,FIXED_WINDOW_ATTENTION,8
463.5,FIXED_WINDOW_ATTENTION,8
464.0,FIXED_WINDOW_ATTENTION,8
464.5,FIXED_WINDOW_ATTENTION,8
465.0,FIXED_WINDOW_ATTENTION,8
465.5,FIXED_WINDOW_ATTENTION,8
466.0,FIXED_WINDOW_ATTENTION,8
466.5,FIXED_WINDOW_ATTENTION,8
467.0,FIXED_WINDOW_ATTENTION,8
467.5,FIXED_WINDOW_ATTENTION,8
468.0,FIXED_WINDOW_ATTENTION,8
468.5,FIXED_WINDOW_ATTENTION,8
469.0,FIXED_WINDOW_ATTENTION,8
469.5,FIXED_WINDOW_ATTENTION,8
470.0,FIXED_WINDOW_ATTENTION,8
470.5,FIXED_WINDOW_ATTENTION,8
471.0,FIXED_WINDOW_ATTENTION,8
471.5,FIXED_WINDOW_ATTENTION,8
472.0,FIXED_WINDOW_ATTENTION,8
472.5,FIXED_WINDOW_ATTENTION,8
473.0,FIXED_WINDOW_ATTENTION,8
473.5,FIXED_WINDOW_ATTENTION,8
474.0,FIXED_WINDOW_ATTENTION,8
474.5,FIXED_WINDOW_ATTENTION,8
475.0,FIXED_WINDOW_ATTENTION,8
475.5,FIXED_WINDOW_ATTENTION,8
476.0,FIXED_WINDOW_ATTENTION,8
476.5,FIXED_WINDOW_ATTENTION,8
477.0,FIXED_WINDOW_ATTENTION,8
477.5,FIXED_WINDOW_ATTENTION,8
478.0,FIXED_WINDOW_ATTENTION,8
478.5,FIXED_WINDOW_ATTENTION,8
479.0,FIXED_WINDOW_ATTENTION,8
479.5,FIXED_WINDOW_ATTENTION,8
480.0,FIXED_WINDOW_ATTENTION,8
480.5,FIXED_WINDOW_ATTENTION,8
481.0,FIXED_WINDOW_ATTENTION,8
481.5,FIXED_WINDOW_ATTENTION,8
482.0,FIXED_WINDOW_ATTENTION,8
482.5,FIXED_WINDOW_ATTENTION,8
483.0,FIXED_WINDOW_ATTENTION,8
483.5,FIXED_WINDOW_ATTENTION,8
484.0,FIXED_WINDOW_ATTENTION,8
484.5,FIXED_WINDOW_ATTENTION,8
485.0,FIXED_WINDOW_ATTENTION,8
485.5,FIXED_WINDOW_ATTENTION,8
486.0,FIXED_WINDOW_ATTENTION,8
486.5,FIXED_WINDOW_ATTENTION,8
487.0,FIXED_WINDOW_ATTENTION,8
487.5,FIXED_WINDOW_ATTENTION,8
488.0,FIXED_WINDOW_ATTENTION,8
488.5,FIXED_WINDOW_ATTENTION,8
489.0,FIXED_WINDOW_ATTENTION,8
489.5,FIXED_WINDOW_ATTENTION,8
490.0,FIXED_WINDOW_ATTENTION,8
490.5,FIXED_WINDOW_ATTENTION,8
491.0,FIXED_WINDOW_ATTENTION,8
491.5,FIXED_WINDOW_ATTENTION,8
492.0,FIXED_WINDOW_ATTENTION,8
492.5,FIXED_WINDOW_ATTENTION,8
493.0,FIXED_WINDOW_ATTENTION,8
493.5,FIXED_WINDOW_ATTENTION,8
494.0,FIXED_WINDOW_ATTENTION,8
494.5,FIXED_WINDOW_ATTENTION,8
495.0,FIXED_WINDOW_ATTENTION,8
495.5,FIXED_WINDOW_ATTENTION,8
496.0,FIXED_WINDOW_ATTENTION,8
496.5,FIXED_WINDOW_ATTENTION,8
497.0,FIXED_WINDOW_ATTENTION,8
497.5,FIXED_WINDOW_ATTENTION,8
498.0,FIXED_WINDOW_ATTENTION,8
498.5,FIXED_WINDOW_ATTENTION,8
499.0,FIXED_WINDOW_ATTENTION,8
499.5,FIXED_WINDOW_ATTENTION,8
500.0,FIXED_WINDOW_ATTENTION,8
500.5,FIXED_WINDOW_ATTENTION,8
501.0,FIXED_WINDOW_ATTENTION,8
501.5,FIXED_WINDOW_ATTENTION,8
502.0,FIXED_WINDOW_ATTENTION,8
502.5,FIXED_WINDOW_ATTENTION,8
503.0,FIXED_WINDOW_ATTENTION,8
503.5,FIXED_WINDOW_ATTENTION,8
504.0,FIXED_WINDOW_ATTENTION,8
504.5,FIXED_WINDOW_ATTENTION,8
505.0,FIXED_WINDOW_ATTENTION,8
505.5,FIXED_WINDOW_ATTENTION,8
506.0,FIXED_WINDOW_ATTENTION,8
506.5,FIXED_WINDOW_ATTENTION,8
507.0,FIXED_WINDOW_ATTENTION,8
507.5,FIXED_WINDOW_ATTENTION,8
508.0,FIXED_WINDOW_ATTENTION,8
508.5,FIXED_WINDOW_ATTENTION,8
509.0,FIXED_WINDOW_ATTENTION,8
509.5,FIXED_WINDOW_ATTENTION,8
510.0,FIXED_WINDOW_ATTENTION,8
510.5,FIXED_WINDOW_ATTENTION,8
511.0,FIXED_WINDOW_ATTENTION,8
511.5,FIXED_WINDOW_ATTENTION,8
512.0,FIXED_WINDOW_ATTENTION,8
512.5,FIXED_WINDOW_ATTENTION,8
513.0,FIXED_WINDOW_ATTENTION,8
513.5,FIXED_WINDOW_ATTENTION,8
514.0,FIXED_WINDOW_ATTENTION,8
514.5,FIXED_WINDOW_ATTENTION,8
515.0,FIXED_WINDOW_ATTENTION,8
515.5,FIXED_WINDOW_ATTENTION,8
516.0,FIXED_WINDOW_ATTENTION,8
516.5,FIXED_WINDOW_ATTENTION,8
517.0,FIXED_WINDOW_ATTENTION,8
517.5,FIXED_WINDOW_ATTENTION,8
518.0,FIXED_WINDOW_ATTENTION,8
518.5,FIXED_WINDOW_ATTENTION,8
519.0,FIXED_WINDOW_ATTENTION,8
519.5,FIXED_WINDOW_ATTENTION,8
520.0,FIXED_WINDOW_ATTENTION,8
520.5,FIXED_WINDOW_ATTENTION,8
521.0,FIXED_WINDOW_ATTENTION,8
521.5,FIXED_WINDOW_ATTENTION,8
522.0,FIXED_WINDOW_ATTENTION,18
522.5,FIXED_WINDOW_ATTENTION,18
523.0,FIXED_WINDOW_ATTENTION,18
523.5,FIXED_WINDOW_ATTENTION,18
524.0,FIXED_WINDOW_ATTENTION,18
524.5,FIXED_WINDOW_ATTENTION,18
525.0,FIXED_WINDOW_ATTENTION,18
525.5,FIXED_WINDOW_ATTENTION,18
526.0,FIXED_WINDOW_ATTENTION,18
526.5,FIXED_WINDOW_ATTENTION,18
527.0,FIXED_WINDOW_ATTENTION,18
527.5,FIXED_WINDOW_ATTENTION,18
528.0,FIXED_WINDOW_ATTENTION,18
528.5,FIXED_WINDOW_ATTENTION,18
529.0,FIXED_WINDOW_ATTENTION,18
529.5,FIXED_WINDOW_ATTENTION,18
530.0,FIXED_WINDOW_ATTENTION,18
530.5,FIXED_WINDOW_ATTENTION,18
531.0,FIXED_WINDOW_ATTENTION,18
531.5,FIXED_WINDOW_ATTENTION,18
532.0,FIXED_WINDOW_ATTENTION,18
532.5,FIXED_WINDOW_ATTENTION,18
533.0,FIXED_WINDOW_ATTENTION,18
533.5,FIXED_WINDOW_ATTENTION,18
534.0,FIXED_WINDOW_ATTENTION,18
534.5,FIXED_WINDOW_ATTENTION,18
535.0,FIXED_WINDOW_ATTENTION,18
535.5,FIXED_WINDOW_ATTENTION,18
536.0,FIXED_WINDOW_ATTENTION,18
536.5,FIXED_WINDOW_ATTENTION,18
537.0,FIXED_WINDOW_ATTENTION,18
537.5,FIXED_WINDOW_ATTENTION,18
538.0,FIXED_WINDOW_ATTENTION,18
538.5,FIXED_WINDOW_ATTENTION,18
539.0,FIXED_WINDOW_ATTENTION,18
539.5,FIXED_WINDOW_ATTENTION,18
540.0,FIXED_WINDOW_ATTENTION,18
540.5,FIXED_WINDOW_ATTENTION,18
541.0,FIXED_WINDOW_ATTENTION,18
541.5,FIXED_WINDOW_ATTENTION,18
542.0,FIXED_WINDOW_ATTENTION,18
542.5,FIXED_WINDOW_ATTENTION,18
543.0,FIXED_WINDOW_ATTENTION,18
543.5,FIXED_WINDOW_ATTENTION,18
544.0,FIXED_WINDOW_ATTENTION,18
544.5,FIXED_WINDOW_ATTENTION,18
545.0,FIXED_WINDOW_ATTENTION,18
545.5,FIXED_WINDOW_ATTENTION,18
546.0,FIXED_WINDOW_ATTENTION,18
546.5,FIXED_WINDOW_ATTENTION,18
547.0,FIXED_WINDOW_ATTENTION,18
547.5,FIXED_WINDOW_ATTENTION,14
548.0,FIXED_WINDOW_ATTENTION,14
548.5,FIXED_WINDOW_ATTENTION,14
549.0,FIXED_WINDOW_ATTENTION,14
549.5,FIXED_WINDOW_ATTENTION,14
550.0,FIXED_WINDOW_ATTENTION,14
550.5,FIXED_WINDOW_ATTENTION,14
551.0,FIXED_WINDOW_ATTENTION,14
551.5,FIXED_WINDOW_ATTENTION,14
552.0,FIXED_WINDOW_ATTENTION,14
552.5,FIXED_WINDOW_ATTENTION,14
553.0,FIXED_WINDOW_ATTENTION,14
553.5,FIXED_WINDOW_ATTENTION,14
554.0,FIXED_WINDOW_ATTENTION,14
554.5,FIXED_WINDOW_ATTENTION,14
555.0,FIXED_WINDOW_ATTENTION,14
555.5,FIXED_WINDOW_ATTENTION,14
556.0,FIXED_WINDOW_ATTENTION,14
556.5,FIXED_WINDOW_ATTENTION,14
557.0,FIXED_WINDOW_ATTENTION,14
557.5,FIXED_WINDOW_ATTENTION,14
558.0,FIXED_WINDOW_ATTENTION,14
558.5,FIXED_WINDOW_ATTENTION,14
559.0,FIXED_WINDOW_ATTENTION,14
559.5,FIXED_WINDOW_ATTENTION,14
560.0,FIXED_WINDOW_ATTENTION,14
560.5,FIXED_WINDOW_ATTENTION,14
561.0,FIXED_WINDOW_ATTENTION,14
561.5,FIXED_WINDOW_ATTENTION,14
562.0,FIXED_WINDOW_ATTENTION,14
562.5,FIXED_WINDOW_ATTENTION,14
563.0,FIXED_WINDOW_ATTENTION,14
563.5,FIXED_WINDOW_ATTENTION,14
564.0,FIXED_WINDOW_ATTENTION,14
564.5,FIXED_WINDOW_ATTENTION,14
565.0,FIXED_WINDOW_ATTENTION,14
565.5,FIXED_WINDOW_ATTENTION,14
566.0,FIXED_WINDOW_ATTENTION,14
566.5,FIXED_WINDOW_ATTENTION,14
567.0,FIXED_WINDOW_ATTENTION,14
567.5,FIXED_WINDOW_ATTENTION,14
568.0,FIXED_WINDOW_ATTENTION,18
568.5,FIXED_WINDOW_ATTENTION,18
569.0,FIXED_WINDOW_ATTENTION,18
569.5,FIXED_WINDOW_ATTENTION,18
570.0,FIXED_WINDOW_ATTENTION,18
570.5,FIXED_WINDOW_ATTENTION,18
571.0,FIXED_WINDOW_ATTENTION,18
571.5,FIXED_WINDOW_ATTENTION,18
572.0,FIXED_WINDOW_ATTENTION,18
572.5,FIXED_WINDOW_ATTENTION,18
573.0,FIXED_WINDOW_ATTENTION,18
573.5,FIXED_WINDOW_ATTENTION,18
574.0,FIXED_WINDOW_ATTENTION,18
574.5,FIXED_WINDOW_ATTENTION,18
575.0,FIXED_WINDOW_ATTENTION,18
575.5,FIXED_WINDOW_ATTENTION,18
576.0,FIXED_WINDOW_ATTENTION,18
576.5,FIXED_WINDOW_ATTENTION,18
577.0,FIXED_WINDOW_ATTENTION,18
577.5,FIXED_WINDOW_ATTENTION,18
578.0,FIXED_WINDOW_ATTENTION,18
578.5,FIXED_WINDOW_ATTENTION,18
579.0,FIXED_WINDOW_ATTENTION,18
579.5,FIXED_WINDOW_ATTENTION,18
580.0,FIXED_WINDOW_ATTENTION,18
580.5,FIXED_WINDOW_ATTENTION,18
581.0,FIXED_WINDOW_ATTENTION,18
581.5,FIXED_WINDOW_ATTENTION,18
582.0,FIXED_WINDOW_ATTENTION,18
582.5,FIXED_WINDOW_ATTENTION,18
583.0,FIXED_WINDOW_ATTENTION,18
583.5,FIXED_WINDOW_ATTENTION,18
584.0,FIXED_WINDOW_ATTENTION,18
584.5,FIXED_WINDOW_ATTENTION,18
585.0,FIXED_WINDOW_ATTENTION,18
585.5,FIXED_WINDOW_ATTENTION,18
586.0,FIXED_WINDOW_ATTENTION,18
586.5,FIXED_WINDOW_ATTENTION,18
587.0,FIXED_WINDOW_ATTENTION,18
587.5,FIXED_WINDOW_ATTENTION,18
588.0,FIXED_WINDOW_ATTENTION,18
588.5,FIXED_WINDOW_ATTENTION,18
589.0,FIXED_WINDOW_ATTENTION,18
589.5,FIXED_WINDOW_ATTENTION,18
590.0,FIXED_WINDOW_ATTENTION,18
590.5,FIXED_WINDOW_ATTENTION,18
591.0,FIXED_WINDOW_ATTENTION,18
591.5,FIXED_WINDOW_ATTENTION,18
592.0,FIXED_WINDOW_ATTENTION,18
592.5,FIXED_WINDOW_ATTENTION,18
593.0,FIXED_WINDOW_ATTENTION,18
593.5,FIXED_WINDOW_ATTENTION,14
594.0,FIXED_WINDOW_ATTENTION,14
594.5,FIXED_WINDOW_ATTENTION,14
595.0,FIXED_WINDOW_ATTENTION,14
595.5,FIXED_WINDOW_ATTENTION,14
596.0,FIXED_WINDOW_ATTENTION,14
596.5,FIXED_WINDOW_ATTENTION,14
597.0,FIXED_WINDOW_ATTENTION,14
597.5,FIXED_WINDOW_ATTENTION,14
598.0,FIXED_WINDOW_ATTENTION,14
598.5,FIXED_WINDOW_ATTENTION,14
599.0,FIXED_WINDOW_ATTENTION,14
599.5,FIXED_WINDOW_ATTENTION,14
600.0,FIXED_WINDOW_ATTENTION,14
600.5,FIXED_WINDOW_ATTENTION,14
601.0,FIXED_WINDOW_ATTENTION,14
601.5,FIXED_WINDOW_ATTENTION,14
602.0,FIXED_WINDOW_ATTENTION,14
602.5,FIXED_WINDOW_ATTENTION,14
603.0,FIXED_WINDOW_ATTENTION,14
603.5,FIXED_WINDOW_ATTENTION,14
604.0,FIXED_WINDOW_ATTENTION,14
604.5,FIXED_WINDOW_ATTENTION,14
605.0,FIXED_WINDOW_ATTENTION,14
605.5,FIXED_WINDOW_ATTENTION,14
606.0,FIXED_WINDOW_ATTENTION,14
606.5,FIXED_WINDOW_ATTENTION,14
607.0,FIXED_WINDOW_ATTENTION,14
607.5,FIXED_WINDOW_ATTENTION,14
608.0,FIXED_WINDOW_ATTENTION,14
608.5,FIXED_WINDOW_ATTENTION,14
609.0,FIXED_WINDOW_ATTENTION,14
609.5,FIXED_WINDOW_ATTENTION,14
610.0,FIXED_WINDOW_ATTENTION,14
610.5,FIXED_WINDOW_ATTENTION,14
611.0,FIXED_WINDOW_ATTENTION,14
611.5,FIXED_WINDOW_ATTENTION,14
612.0,FIXED_WINDOW_ATTENTION,14
612.5,FIXED_WINDOW_ATTENTION,14
613.0,FIXED_WINDOW_ATTENTION,14
613.5,FIXED_WINDOW_ATTENTION,14
614.0,FIXED_WINDOW_ATTENTION,14
614.5,FIXED_WINDOW_ATTENTION,14
615.0,FIXED_WINDOW_ATTENTION,14
615.5,FIXED_WINDOW_ATTENTION,14
616.0,FIXED_WINDOW_ATTENTION,14
616.5,FIXED_WINDOW_ATTENTION,14
617.0,FIXED_WINDOW_ATTENTION,14
617.5,FIXED_WINDOW_ATTENTION,14
618.0,FIXED_WINDOW_ATTENTION,14
618.5,FIXED_WINDOW_ATTENTION,14
619.0,FIXED_WINDOW_ATTENTION,18
619.5,FIXED_WINDOW_ATTENTION,18
620.0,FIXED_WINDOW_ATTENTION,18
620.5,FIXED_WINDOW_ATTENTION,18
621.0,FIXED_WINDOW_ATTENTION,18
621.5,FIXED_WINDOW_ATTENTION,18
622.0,FIXED_WINDOW_ATTENTION,18
622.5,FIXED_WINDOW_ATTENTION,18
623.0,FIXED_WINDOW_ATTENTION,18
623.5,FIXED_WINDOW_ATTENTION,18
624.0,FIXED_WINDOW_ATTENTION,18
624.5,FIXED_WINDOW_ATTENTION,18
625.0,FIXED_WINDOW_ATTENTION,18
625.5,FIXED_WINDOW_ATTENTION,18
626.0,FIXED_WINDOW_ATTENTION,18
626.5,FIXED_WINDOW_ATTENTION,18
627.0,FIXED_WINDOW_ATTENTION,18
627.5,FIXED_WINDOW_ATTENTION,18
628.0,FIXED_WINDOW_ATTENTION,18
628.5,FIXED_WINDOW_ATTENTION,18
629.0,FIXED_WINDOW_ATTENTION,18
629.5,FIXED_WINDOW_ATTENTION,18
630.0,FIXED_WINDOW_ATTENTION,18
630.5,FIXED_WINDOW_ATTENTION,18
631.0,FIXED_WINDOW_ATTENTION,18
631.5,FIXED_WINDOW_ATTENTION,18
632.0,FIXED_WINDOW_ATTENTION,18
632.5,FIXED_WINDOW_ATTENTION,18
633.0,FIXED_WINDOW_ATTENTION,18
633.5,FIXED_WINDOW_ATTENTION,18
634.0,FIXED_WINDOW_ATTENTION,18
634.5,FIXED_WINDOW_ATTENTION,18
635.0,FIXED_WINDOW_ATTENTION,18
635.5,FIXED_WINDOW_ATTENTION,18
636.0,FIXED_WINDOW_ATTENTION,18
636.5,FIXED_WINDOW_ATTENTION,18
637.0,FIXED_WINDOW_ATTENTION,18
637.5,FIXED_WINDOW_ATTENTION,18
638.0,FIXED_WINDOW_ATTENTION,18
638.5,FIXED_WINDOW_ATTENTION,18
639.0,FIXED_WINDOW_ATTENTION,18
639.5,FIXED_WINDOW_ATTENTION,18
640.0,FIXED_WINDOW_ATTENTION,18
640.5,FIXED_WINDOW_ATTENTION,18
641.0,FIXED_WINDOW_ATTENTION,18
641.5,FIXED_WINDOW_ATTENTION,18
642.0,FIXED_WINDOW_ATTENTION,18
642.5,FIXED_WINDOW_ATTENTION,18
643.0,FIXED_WINDOW_ATTENTION,18
643.5,FIXED_WINDOW_ATTENTION,18
644.0,FIXED_WINDOW_ATTENTION,18
644.5,FIXED_WINDOW_ATTENTION,18
645.0,FIXED_WINDOW_ATTENTION,18
645.5,FIXED_WINDOW_ATTENTION,18
646.0,FIXED_WINDOW_ATTENTION,18
646.5,FIXED_WINDOW_ATTENTION,18
647.0,FIXED_WINDOW_ATTENTION,18
647.5,FIXED_WINDOW_ATTENTION,18
648.0,FIXED_WINDOW_ATTENTION,18
648.5,FIXED_WINDOW_ATTENTION,18
649.0,FIXED_WINDOW_ATTENTION,18
649.5,FIXED_WINDOW_ATTENTION,18
650.0,FIXED_WINDOW_ATTENTION,18
650.5,FIXED_WINDOW_ATTENTION,18
651.0,FIXED_WINDOW_ATTENTION,18
651.5,FIXED_WINDOW_ATTENTION,18
652.0,FIXED_WINDOW_ATTENTION,18
652.5,FIXED_WINDOW_ATTENTION,18
653.0,FIXED_WINDOW_ATTENTION,18
653.5,FIXED_WINDOW_ATTENTION,18
654.0,FIXED_WINDOW_ATTENTION,18
654.5,FIXED_WINDOW_ATTENTION,18
655.0,FIXED_WINDOW_ATTENTION,18
655.5,FIXED_WINDOW_ATTENTION,18
656.0,FIXED_WINDOW_ATTENTION,18
656.5,FIXED_WINDOW_ATTENTION,18
657.0,FIXED_WINDOW_ATTENTION,14
657.5,FIXED_WINDOW_ATTENTION,14
658.0,FIXED_WINDOW_ATTENTION,14
658.5,FIXED_WINDOW_ATTENTION,14
659.0,FIXED_WINDOW_ATTENTION,14
659.5,FIXED_WINDOW_ATTENTION,14
660.0,FIXED_WINDOW_ATTENTION,14
660.5,FIXED_WINDOW_ATTENTION,14
661.0,FIXED_WINDOW_ATTENTION,14
661.5,FIXED_WINDOW_ATTENTION,14
662.0,FIXED_WINDOW_ATTENTION,14
662.5,FIXED_WINDOW_ATTENTION,14
663.0,FIXED_WINDOW_ATTENTION,14
663.5,FIXED_WINDOW_ATTENTION,14
664.0,FIXED_WINDOW_ATTENTION,14
664.5,FIXED_WINDOW_ATTENTION,14
665.0,FIXED_WINDOW_ATTENTION,14
665.5,FIXED_WINDOW_ATTENTION,14
666.0,FIXED_WINDOW_ATTENTION,14
666.5,FIXED_WINDOW_ATTENTION,14
667.0,FIXED_WINDOW_ATTENTION,14
667.5,FIXED_WINDOW_ATTENTION,14
668.0,FIXED_WINDOW_ATTENTION,14
668.5,FIXED_WINDOW_ATTENTION,14
669.0,FIXED_WINDOW_ATTENTION,14
669.5,FIXED_WINDOW_ATTENTION,14
670.0,FIXED_WINDOW_ATTENTION,14
670.5,FIXED_WINDOW_ATTENTION,14
671.0,FIXED_WINDOW_ATTENTION,14
671.5,FIXED_WINDOW_ATTENTION,14
672.0,FIXED_WINDOW_ATTENTION,14
672.5,FIXED_WINDOW_ATTENTION,14
673.0,FIXED_WINDOW_ATTENTION,14
673.5,FIXED_WINDOW_ATTENTION,14
674.0,FIXED_WINDOW_ATTENTION,14
674.5,FIXED_WINDOW_ATTENTION,14
675.0,FIXED_WINDOW_ATTENTION,14
675.5,FIXED_WINDOW_ATTENTION,14
676.0,FIXED_WINDOW_ATTENTION,14
676.5,FIXED_WINDOW_ATTENTION,14
677.0,FIXED_WINDOW_ATTENTION,14
677.5,FIXED_WINDOW_ATTENTION,14
678.0,FIXED_WINDOW_ATTENTION,14
678.5,FIXED_WINDOW_ATTENTION,14
679.0,FIXED_WINDOW_ATTENTION,14
679.5,FIXED_WINDOW_ATTENTION,14
680.0,FIXED_WINDOW_ATTENTION,18
680.5,FIXED_WINDOW_ATTENTION,18
681.0,FIXED_WINDOW_ATTENTION,18
681.5,FIXED_WINDOW_ATTENTION,18
682.0,FIXED_WINDOW_ATTENTION,18
682.5,FIXED_WINDOW_ATTENTION,18
683.0,FIXED_WINDOW_ATTENTION,18
683.5,FIXED_WINDOW_ATTENTION,18
684.0,FIXED_WINDOW_ATTENTION,18
684.5,FIXED_WINDOW_ATTENTION,18
685.0,FIXED_WINDOW_ATTENTION,18
685.5,FIXED_WINDOW_ATTENTION,18
686.0,FIXED_WINDOW_ATTENTION,18
686.5,FIXED_WINDOW_ATTENTION,18
687.0,FIXED_WINDOW_ATTENTION,18
687.5,FIXED_WINDOW_ATTENTION,18
688.0,FIXED_WINDOW_ATTENTION,18
688.5,FIXED_WINDOW_ATTENTION,18
689.0,FIXED_WINDOW_ATTENTION,18
689.5,FIXED_WINDOW_ATTENTION,18
690.0,FIXED_WINDOW_ATTENTION,18
690.5,FIXED_WINDOW_ATTENTION,18
691.0,FIXED_WINDOW_ATTENTION,18
691.5,FIXED_WINDOW_ATTENTION,18
692.0,FIXED_WINDOW_ATTENTION,18
692.5,FIXED_WINDOW_ATTENTION,18
693.0,FIXED_WINDOW_ATTENTION,18
693.5,FIXED_WINDOW_ATTENTION,18
694.0,FIXED_WINDOW_ATTENTION,18
694.5,FIXED_WINDOW_ATTENTION,18
695.0,FIXED_WINDOW_ATTENTION,18
695.5,FIXED_WINDOW_ATTENTION,18
696.0,FIXED_WINDOW_ATTENTION,18
696.5,FIXED_WINDOW_ATTENTION,18
697.0,FIXED_WINDOW_ATTENTION,18
697.5,FIXED_WINDOW_ATTENTION,18
698.0,FIXED_WINDOW_ATTENTION,18
698.5,FIXED_WINDOW_ATTENTION,18
699.0,FIXED_WINDOW_ATTENTION,18
699.5,FIXED_WINDOW_ATTENTION,18
700.0,FIXED_WINDOW_ATTENTION,18
700.5,FIXED_WINDOW_ATTENTION,18
701.0,FIXED_WINDOW_ATTENTION,18
701.5,FIXED_WINDOW_ATTENTION,18
702.0,FIXED_WINDOW_ATTENTION,18
702.5,FIXED_WINDOW_ATTENTION,18
703.0,FIXED_WINDOW_ATTENTION,18
703.5,FIXED_WINDOW_ATTENTION,18
704.0,FIXED_WINDOW_ATTENTION,18
704.5,FIXED_WINDOW_ATTENTION,18
705.0,FIXED_WINDOW_ATTENTION,18
705.5,FIXED_WINDOW_ATTENTION,18
706.0,FIXED_WINDOW_ATTENTION,18
706.5,FIXED_WINDOW_ATTENTION,18
707.0,FIXED_WINDOW_ATTENTION,18
707.5,FIXED_WINDOW_ATTENTION,18
708.0,FIXED_WINDOW_ATTENTION,18
708.5,FIXED_WINDOW_ATTENTION,18
709.0,FIXED_WINDOW_ATTENTION,18
709.5,FIXED_WINDOW_ATTENTION,18
710.0,FIXED_WINDOW_ATTENTION,18
710.5,FIXED_WINDOW_ATTENTION,18
711.0,FIXED_WINDOW_ATTENTION,18
711.5,FIXED_WINDOW_ATTENTION,18
712.0,FIXED_WINDOW_ATTENTION,18
712.5,FIXED_WINDOW_ATTENTION,18
713.0,FIXED_WINDOW_ATTENTION,18
713.5,FIXED_WINDOW_ATTENTION,18
714.0,FIXED_WINDOW_ATTENTION,18
714.5,FIXED_WINDOW_ATTENTION,18
715.0,FIXED_WINDOW_ATTENTION,18
715.5,FIXED_WINDOW_ATTENTION,18
716.0,FIXED_WINDOW_ATTENTION,18
716.5,FIXED_WINDOW_ATTENTION,18
717.0,FIXED_WINDOW_ATTENTION,18
717.5,FIXED_WINDOW_ATTENTION,18
718.0,FIXED_WINDOW_ATTENTION,18
718.5,FIXED_WINDOW_ATTENTION,18
719.0,FIXED_WINDOW_ATTENTION,18
719.5,FIXED_WINDOW_ATTENTION,18
720.0,FIXED_WINDOW_ATTENTION,18
720.5,FIXED_WINDOW_ATTENTION,18
721.0,FIXED_WINDOW_ATTENTION,18
721.5,FIXED_WINDOW_ATTENTION,18
722.0,FIXED_WINDOW_ATTENTION,18
722.5,FIXED_WINDOW_ATTENTION,18
723.0,FIXED_WINDOW_ATTENTION,18
723.5,FIXED_WINDOW_ATTENTION,18
724.0,FIXED_WINDOW_ATTENTION,18
724.5,FIXED_WINDOW_ATTENTION,18
725.0,FIXED_WINDOW_ATTENTION,18
725.5,FIXED_WINDOW_ATTENTION,18
726.0,FIXED_WINDOW_ATTENTION,18
726.5,FIXED_WINDOW_ATTENTION,18
727.0,FIXED_WINDOW_ATTENTION,18
727.5,FIXED_WINDOW_ATTENTION,18
728.0,FIXED_WINDOW_ATTENTION,18
728.5,FIXED_WINDOW_ATTENTION,18
729.0,FIXED_WINDOW_ATTENTION,18
729.5,FIXED_WINDOW_ATTENTION,18
730.0,FIXED_WINDOW_ATTENTION,18
730.5,FIXED_WINDOW_ATTENTION,18
731.0,FIXED_WINDOW_ATTENTION,18
731.5,FIXED_WINDOW_ATTENTION,18
732.0,FIXED_WINDOW_ATTENTION,18
732.5,FIXED_WINDOW_ATTENTION,18
733.0,FIXED_WINDOW_ATTENTION,18
733.5,FIXED_WINDOW_ATTENTION,18
734.0,FIXED_WINDOW_ATTENTION,18
734.5,FIXED_WINDOW_ATTENTION,18
735.0,FIXED_WINDOW_ATTENTION,18
735.5,FIXED_WINDOW_ATTENTION,18
736.0,FIXED_WINDOW_ATTENTION,18
736.5,FIXED_WINDOW_ATTENTION,18
737.0,FIXED_WINDOW_ATTENTION,18
737.5,FIXED_WINDOW_ATTENTION,9
738.0,FIXED_WINDOW_ATTENTION,9
738.5,FIXED_WINDOW_ATTENTION,9
739.0,FIXED_WINDOW_ATTENTION,9
739.5,FIXED_WINDOW_ATTENTION,9
740.0,FIXED_WINDOW_ATTENTION,9
740.5,FIXED_WINDOW_ATTENTION,9
741.0,FIXED_WINDOW_ATTENTION,9
741.5,FIXED_WINDOW_ATTENTION,9
742.0,FIXED_WINDOW_ATTENTION,9
742.5,FIXED_WINDOW_ATTENTION,9
743.0,FIXED_WINDOW_ATTENTION,9
743.5,FIXED_WINDOW_ATTENTION,9
744.0,FIXED_WINDOW_ATTENTION,9
744.5,FIXED_WINDOW_ATTENTION,9
745.0,FIXED_WINDOW_ATTENTION,9
745.5,FIXED_WINDOW_ATTENTION,9
746.0,FIXED_WINDOW_ATTENTION,9
746.5,FIXED_WINDOW_ATTENTION,9
747.0,FIXED_WINDOW_ATTENTION,9
747.5,FIXED_WINDOW_ATTENTION,9
748.0,FIXED_WINDOW_ATTENTION,9
748.5,FIXED_WINDOW_ATTENTION,9
749.0,FIXED_WINDOW_ATTENTION,9
749.5,FIXED_WINDOW_ATTENTION,9
750.0,FIXED_WINDOW_ATTENTION,9
750.5,FIXED_WINDOW_ATTENTION,9
751.0,FIXED_WINDOW_ATTENTION,9
751.5,FIXED_WINDOW_ATTENTION,9
752.0,FIXED_WINDOW_ATTENTION,9
752.5,FIXED_WINDOW_ATTENTION,9
753.0,FIXED_WINDOW_ATTENTION,9
753.5,FIXED_WINDOW_ATTENTION,9
754.0,FIXED_WINDOW_ATTENTION,9
754.5,FIXED_WINDOW_ATTENTION,9
755.0,FIXED_WINDOW_ATTENTION,9
755.5,FIXED_WINDOW_ATTENTION,9
756.0,FIXED_WINDOW_ATTENTION,9
756.5,FIXED_WINDOW_ATTENTION,9
757.0,FIXED_WINDOW_ATTENTION,9
757.5,FIXED_WINDOW_ATTENTION,9
758.0,FIXED_WINDOW_ATTENTION,9
758.5,FIXED_WINDOW_ATTENTION,9
759.0,FIXED_WINDOW_ATTENTION,9
759.5,FIXED_WINDOW_ATTENTION,9
760.0,FIXED_WINDOW_ATTENTION,9
760.5,FIXED_WINDOW_ATTENTION,9
761.0,FIXED_WINDOW_ATTENTION,9
761.5,FIXED_WINDOW_ATTENTION,9
762.0,FIXED_WINDOW_ATTENTION,9
762.5,FIXED_WINDOW_ATTENTION,9
763.0,FIXED_WINDOW_ATTENTION,9
763.5,FIXED_WINDOW_ATTENTION,9
764.0,FIXED_WINDOW_ATTENTION,9
764.5,FIXED_WINDOW_ATTENTION,9
765.0,FIXED_WINDOW_ATTENTION,9
765.5,FIXED_WINDOW_ATTENTION,9
766.0,FIXED_WINDOW_ATTENTION,9
766.5,FIXED_WINDOW_ATTENTION,9
767.0,FIXED_WINDOW_ATTENTION,9
767.5,FIXED_WINDOW_ATTENTION,9
768.0,FIXED_WINDOW_ATTENTION,9
768.5,FIXED_WINDOW_ATTENTION,9
769.0,FIXED_WINDOW_ATTENTION,9
769.5,FIXED_WINDOW_ATTENTION,9
770.0,FIXED_WINDOW_ATTENTION,9
770.5,FIXED_WINDOW_ATTENTION,9
771.0,FIXED_WINDOW_ATTENTION,9
771.5,FIXED_WINDOW_ATTENTION,9
772.0,FIXED_WINDOW_ATTENTION,9
772.5,FIXED_WINDOW_ATTENTION,9
773.0,FIXED_WINDOW_ATTENTION,9
773.5,FIXED_WINDOW_ATTENTION,9
774.0,FIXED_WINDOW_ATTENTION,9
774.5,FIXED_WINDOW_ATTENTION,9
775.0,FIXED_WINDOW_ATTENTION,9
775.5,FIXED_WINDOW_ATTENTION,9
776.0,FIXED_WINDOW_ATTENTION,9
776.5,FIXED_WINDOW_ATTENTION,9
777.0,FIXED_WINDOW_ATTENTION,9
777.5,FIXED_WINDOW_ATTENTION,9
778.0,FIXED_WINDOW_ATTENTION,9
778.5,FIXED_WINDOW_ATTENTION,9
779.0,FIXED_WINDOW_ATTENTION,9
779.5,FIXED_WINDOW_ATTENTION,9
780.0,FIXED_WINDOW_ATTENTION,9
780.5,FIXED_WINDOW_ATTENTION,9
781.0,FIXED_WINDOW_ATTENTION,9
781.5,FIXED_WINDOW_ATTENTION,9
782.0,FIXED_WINDOW_ATTENTION,9
782.5,FIXED_WINDOW_ATTENTION,9
783.0,FIXED_WINDOW_ATTENTION,9
783.5,FIXED_WINDOW_ATTENTION,9
784.0,FIXED_WINDOW_ATTENTION,9
784.5,FIXED_WINDOW_ATTENTION,9
785.0,FIXED_WINDOW_ATTENTION,9
785.5,FIXED_WINDOW_ATTENTION,9
786.0,FIXED_WINDOW_ATTENTION,9
786.5,FIXED_WINDOW_ATTENTION,9
787.0,FIXED_WINDOW_ATTENTION,9
787.5,FIXED_WINDOW_ATTENTION,9
788.0,FIXED_WINDOW_ATTENTION,9
788.5,FIXED_WINDOW_ATTENTION,9
789.0,FIXED_WINDOW_ATTENTION,9
789.5,FIXED_WINDOW_ATTENTION,9
790.0,FIXED_WINDOW_ATTENTION,9
790.5,FIXED_WINDOW_ATTENTION,9
791.0,FIXED_WINDOW_ATTENTION,9
791.5,FIXED_WINDOW_ATTENTION,9
792.0,FIXED_WINDOW_ATTENTION,9
792.5,FIXED_WINDOW_ATTENTION,9
793.0,FIXED_WINDOW_ATTENTION,9
793.5,FIXED_WINDOW_ATTENTION,9
794.0,FIXED_WINDOW_ATTENTION,9
794.5,FIXED_WINDOW_ATTENTION,9
795.0,FIXED_WINDOW_ATTENTION,9
795.5,FIXED_WINDOW_ATTENTION,9
796.0,FIXED_WINDOW_ATTENTION,9
796.5,FIXED_WINDOW_ATTENTION,9
797.0,FIXED_WINDOW_ATTENTION,9
797.5,FIXED_WINDOW_ATTENTION,9
798.0,FIXED_WINDOW_ATTENTION,9
798.5,FIXED_WINDOW_ATTENTION,9
799.0,FIXED_WINDOW_ATTENTION,9
799.5,FIXED_WINDOW_ATTENTION,9
800.0,FIXED_WINDOW_ATTENTION,9
800.5,FIXED_WINDOW_ATTENTION,18
801.0,FIXED_WINDOW_ATTENTION,18
801.5,FIXED_WINDOW_ATTENTION,18
802.0,FIXED_WINDOW_ATTENTION,18
802.5,FIXED_WINDOW_ATTENTION,18
803.0,FIXED_WINDOW_ATTENTION,18
803.5,FIXED_WINDOW_ATTENTION,18
804.0,FIXED_WINDOW_ATTENTION,18
804.5,FIXED_WINDOW_ATTENTION,18
805.0,FIXED_WINDOW_ATTENTION,18
805.5,FIXED_WINDOW_ATTENTION,18
806.0,FIXED_WINDOW_ATTENTION,18
806.5,FIXED_WINDOW_ATTENTION,18
807.0,FIXED_WINDOW_ATTENTION,18
807.5,FIXED_WINDOW_ATTENTION,18
808.0,FIXED_WINDOW_ATTENTION,18
808.5,FIXED_WINDOW_ATTENTION,18
809.0,FIXED_WINDOW_ATTENTION,18
809.5,FIXED_WINDOW_ATTENTION,18
810.0,FIXED_WINDOW_ATTENTION,18
810.5,FIXED_WINDOW_ATTENTION,18
811.0,FIXED_WINDOW_ATTENTION,18
811.5,FIXED_WINDOW_ATTENTION,18
812.0,FIXED_WINDOW_ATTENTION,18
812.5,FIXED_WINDOW_ATTENTION,18
813.0,FIXED_WINDOW_ATTENTION,18
813.5,FIXED_WINDOW_ATTENTION,18
814.0,FIXED_WINDOW_ATTENTION,18
814.5,FIXED_WINDOW_ATTENTION,18
815.0,FIXED_WINDOW_ATTENTION,18
815.5,FIXED_WINDOW_ATTENTION,18
816.0,FIXED_WINDOW_ATTENTION,18
816.5,FIXED_WINDOW_ATTENTION,18
817.0,FIXED_WINDOW_ATTENTION,18
817.5,FIXED_WINDOW_ATTENTION,18
818.0,FIXED_WINDOW_ATTENTION,18
818.5,FIXED_WINDOW_ATTENTION,18
819.0,FIXED_WINDOW_ATTENTION,18
819.5,FIXED_WINDOW_ATTENTION,18
820.0,FIXED_WINDOW_ATTENTION,18
820.5,FIXED_WINDOW_ATTENTION,18
821.0,FIXED_WINDOW_ATTENTION,18
821.5,FIXED_WINDOW_ATTENTION,18
822.0,FIXED_WINDOW_ATTENTION,18
822.5,FIXED_WINDOW_ATTENTION,18
823.0,FIXED_WINDOW_ATTENTION,18
823.5,FIXED_WINDOW_ATTENTION,18
824.0,FIXED_WINDOW_ATTENTION,18
824.5,FIXED_WINDOW_ATTENTION,18
825.0,FIXED_WINDOW_ATTENTION,18
825.5,FIXED_WINDOW_ATTENTION,15
826.0,FIXED_WINDOW_ATTENTION,15
826.5,FIXED_WINDOW_ATTENTION,15
827.0,FIXED_WINDOW_ATTENTION,15
827.5,FIXED_WINDOW_ATTENTION,15
828.0,FIXED_WINDOW_ATTENTION,15
828.5,FIXED_WINDOW_ATTENTION,15
829.0,FIXED_WINDOW_ATTENTION,15
829.5,FIXED_WINDOW_ATTENTION,15
830.0,FIXED_WINDOW_ATTENTION,15
830.5,FIXED_WINDOW_ATTENTION,15
831.0,FIXED_WINDOW_ATTENTION,15
831.5,FIXED_WINDOW_ATTENTION,15
832.0,FIXED_WINDOW_ATTENTION,15
832.5,FIXED_WINDOW_ATTENTION,15
833.0,FIXED_WINDOW_ATTENTION,15
833.5,FIXED_WINDOW_ATTENTION,15
834.0,FIXED_WINDOW_ATTENTION,15
834.5,FIXED_WINDOW_ATTENTION,15
835.0,FIXED_WINDOW_ATTENTION,15
835.5,FIXED_WINDOW_ATTENTION,15
836.0,FIXED_WINDOW_ATTENTION,15
836.5,FIXED_WINDOW_ATTENTION,15
837.0,FIXED_WINDOW_ATTENTION,15
837.5,FIXED_WINDOW_ATTENTION,15
838.0,FIXED_WINDOW_ATTENTION,15
838.5,FIXED_WINDOW_ATTENTION,15
839.0,FIXED_WINDOW_ATTENTION,15
839.5,FIXED_WINDOW_ATTENTION,15
840.0,FIXED_WINDOW_ATTENTION,15
840.5,FIXED_WINDOW_ATTENTION,15
841.0,FIXED_WINDOW_ATTENTION,15
841.5,FIXED_WINDOW_ATTENTION,15
842.0,FIXED_WINDOW_ATTENTION,15
842.5,FIXED_WINDOW_ATTENTION,15
843.0,FIXED_WINDOW_ATTENTION,15
843.5,FIXED_WINDOW_ATTENTION,15
844.0,FIXED_WINDOW_ATTENTION,15
844.5,FIXED_WINDOW_ATTENTION,15
845.0,FIXED_WINDOW_ATTENTION,15
845.5,FIXED_WINDOW_ATTENTION,15
846.0,FIXED_WINDOW_ATTENTION,15
846.5,FIXED_WINDOW_ATTENTION,15
847.0,FIXED_WINDOW_ATTENTION,15
847.5,FIXED_WINDOW_ATTENTION,15
848.0,FIXED_WINDOW_ATTENTION,15
848.5,FIXED_WINDOW_ATTENTION,15
849.0,FIXED_WINDOW_ATTENTION,15
849.5,FIXED_WINDOW_ATTENTION,15
850.0,FIXED_WINDOW_ATTENTION,15
850.5,FIXED_WINDOW_ATTENTION,15
851.0,FIXED_WINDOW_ATTENTION,15
851.5,FIXED_WINDOW_ATTENTION,15
852.0,FIXED_WINDOW_ATTENTION,15
852.5,FIXED_WINDOW_ATTENTION,15
853.0,FIXED_WINDOW_ATTENTION,15
853.5,FIXED_WINDOW_ATTENTION,15
854.0,FIXED_WINDOW_ATTENTION,15
854.5,FIXED_WINDOW_ATTENTION,15
855.0,FIXED_WINDOW_ATTENTION,15
855.5,FIXED_WINDOW_ATTENTION,15
856.0,FIXED_WINDOW_ATTENTION,15
856.5,FIXED_WINDOW_ATTENTION,15
857.0,FIXED_WINDOW_ATTENTION,15
857.5,FIXED_WINDOW_ATTENTION,15
858.0,FIXED_WINDOW_ATTENTION,15
858.5,FIXED_WINDOW_ATTENTION,15
859.0,FIXED_WINDOW_ATTENTION,15
859.5,FIXED_WINDOW_ATTENTION,15
860.0,FIXED_WINDOW_ATTENTION,15
860.5,FIXED_WINDOW_ATTENTION,15
861.0,FIXED_WINDOW_ATTENTION,15
861.5,FIXED_WINDOW_ATTENTION,15
862.0,FIXED_WINDOW_ATTENTION,15
862.5,FIXED_WINDOW_ATTENTION,15
863.0,FIXED_WINDOW_ATTENTION,15
863.5,FIXED_WINDOW_ATTENTION,15
864.0,FIXED_WINDOW_ATTENTION,15
864.5,FIXED_WINDOW_ATTENTION,15
865.0,FIXED_WINDOW_ATTENTION,15
865.5,FIXED_WINDOW_ATTENTION,15
866.0,FIXED_WINDOW_ATTENTION,15
866.5,FIXED_WINDOW_ATTENTION,15
867.0,FIXED_WINDOW_ATTENTION,15
867.5,FIXED_WINDOW_ATTENTION,15
868.0,FIXED_WINDOW_ATTENTION,15
868.5,FIXED_WINDOW_ATTENTION,15
869.0,FIXED_WINDOW_ATTENTION,15
869.5,FIXED_WINDOW_ATTENTION,15
870.0,FIXED_WINDOW_ATTENTION,15
870.5,FIXED_WINDOW_ATTENTION,15
871.0,FIXED_WINDOW_ATTENTION,15
871.5,FIXED_WINDOW_ATTENTION,15
872.0,FIXED_WINDOW_ATTENTION,15
872.5,FIXED_WINDOW_ATTENTION,15
873.0,FIXED_WINDOW_ATTENTION,15
873.5,FIXED_WINDOW_ATTENTION,15
874.0,FIXED_WINDOW_ATTENTION,15
874.5,FIXED_WINDOW_ATTENTION,15
875.0,FIXED_WINDOW_ATTENTION,15
875.5,FIXED_WINDOW_ATTENTION,15
876.0,FIXED_WINDOW_ATTENTION,15
876.5,FIXED_WINDOW_ATTENTION,15
877.0,FIXED_WINDOW_ATTENTION,15
877.5,FIXED_WINDOW_ATTENTION,15
878.0,FIXED_WINDOW_ATTENTION,15
878.5,FIXED_WINDOW_ATTENTION,15
879.0,FIXED_WINDOW_ATTENTION,15
879.5,FIXED_WINDOW_ATTENTION,15
880.0,FIXED_WINDOW_ATTENTION,15
880.5,FIXED_WINDOW_ATTENTION,15
881.0,FIXED_WINDOW_ATTENTION,15
881.5,FIXED_WINDOW_ATTENTION,15
882.0,FIXED_WINDOW_ATTENTION,15
882.5,FIXED_WINDOW_ATTENTION,15
883.0,FIXED_WINDOW_ATTENTION,15
883.5,FIXED_WINDOW_ATTENTION,15
884.0,FIXED_WINDOW_ATTENTION,15
884.5,FIXED_WINDOW_ATTENTION,15
885.0,FIXED_WINDOW_ATTENTION,15
885.5,FIXED_WINDOW_ATTENTION,15
886.0,FIXED_WINDOW_ATTENTION,15
886.5,FIXED_WINDOW_ATTENTION,15
887.0,FIXED_WINDOW_ATTENTION,15
887.5,FIXED_WINDOW_ATTENTION,15
888.0,FIXED_WINDOW_ATTENTION,15
888.5,FIXED_WINDOW_ATTENTION,15
889.0,FIXED_WINDOW_ATTENTION,15
889.5,FIXED_WINDOW_ATTENTION,15
890.0,FIXED_WINDOW_ATTENTION,15
890.5,FIXED_WINDOW_ATTENTION,15
891.0,FIXED_WINDOW_ATTENTION,15
891.5,FIXED_WINDOW_ATTENTION,15
892.0,FIXED_WINDOW_ATTENTION,15
892.5,FIXED_WINDOW_ATTENTION,15
893.0,FIXED_WINDOW_ATTENTION,15
893.5,FIXED_WINDOW_ATTENTION,15
894.0,FIXED_WINDOW_ATTENTION,15
894.5,FIXED_WINDOW_ATTENTION,15
895.0,FIXED_WINDOW_ATTENTION,15
895.5,FIXED_WINDOW_ATTENTION,15
896.0,FIXED_WINDOW_ATTENTION,15
896.5,FIXED_WINDOW_ATTENTION,15
897.0,FIXED_WINDOW_ATTENTION,15
897.5,FIXED_WINDOW_ATTENTION,15
898.0,FIXED_WINDOW_ATTENTION,15
898.5,FIXED_WINDOW_ATTENTION,15
899.0,FIXED_WINDOW_ATTENTION,15
899.5,FIXED_WINDOW_ATTENTION,15
900.0,FIXED_WINDOW_ATTENTION,15
900.5,FIXED_WINDOW_ATTENTION,15
901.0,FIXED_WINDOW_ATTENTION,15
901.5,FIXED_WINDOW_ATTENTION,15
902.0,FIXED_WINDOW_ATTENTION,15
902.5,FIXED_WINDOW_ATTENTION,15
903.0,FIXED_WINDOW_ATTENTION,15
903.5,FIXED_WINDOW_ATTENTION,15
904.0,FIXED_WINDOW_ATTENTION,15
904.5,FIXED_WINDOW_ATTENTION,15
905.0,FIXED_WINDOW_ATTENTION,15
905.5,FIXED_WINDOW_ATTENTION,15
906.0,FIXED_WINDOW_ATTENTION,15
906.5,FIXED_WINDOW_ATTENTION,15
907.0,FIXED_WINDOW_ATTENTION,15
907.5,FIXED_WINDOW_ATTENTION,15
908.0,FIXED_WINDOW_ATTENTION,15
908.5,FIXED_WINDOW_ATTENTION,15
909.0,FIXED_WINDOW_ATTENTION,15
909.5,FIXED_WINDOW_ATTENTION,15
910.0,FIXED_WINDOW_ATTENTION,15
910.5,FIXED_WINDOW_ATTENTION,15
911.0,FIXED_WINDOW_ATTENTION,15
911.5,FIXED_WINDOW_ATTENTION,15
912.0,FIXED_WINDOW_ATTENTION,15
912.5,FIXED_WINDOW_ATTENTION,15
913.0,FIXED_WINDOW_ATTENTION,15
913.5,FIXED_WINDOW_ATTENTION,15
914.0,FIXED_WINDOW_ATTENTION,15
914.5,FIXED_WINDOW_ATTENTION,15
915.0,FIXED_WINDOW_ATTENTION,15
915.5,FIXED_WINDOW_ATTENTION,15
916.0,FIXED_WINDOW_ATTENTION,15
916.5,FIXED_WINDOW_ATTENTION,15
917.0,FIXED_WINDOW_ATTENTION,15
917.5,FIXED_WINDOW_ATTENTION,15
918.0,FIXED_WINDOW_ATTENTION,15
918.5,FIXED_WINDOW_ATTENTION,15
919.0,FIXED_WINDOW_ATTENTION,15
919.5,FIXED_WINDOW_ATTENTION,15
920.0,FIXED_WINDOW_ATTENTION,15
920.5,FIXED_WINDOW_ATTENTION,15
921.0,FIXED_WINDOW_ATTENTION,15
921.5,FIXED_WINDOW_ATTENTION,15
922.0,FIXED_WINDOW_ATTENTION,15
922.5,FIXED_WINDOW_ATTENTION,15
923.0,FIXED_WINDOW_ATTENTION,15
923.5,FIXED_WINDOW_ATTENTION,15
924.0,FIXED_WINDOW_ATTENTION,15
924.5,FIXED_WINDOW_ATTENTION,15
925.0,FIXED_WINDOW_ATTENTION,15
925.5,FIXED_WINDOW_ATTENTION,15
926.0,FIXED_WINDOW_ATTENTION,15
926.5,FIXED_WINDOW_ATTENTION,15
927.0,FIXED_WINDOW_ATTENTION,15
927.5,FIXED_WINDOW_ATTENTION,15
928.0,FIXED_WINDOW_ATTENTION,15
928.5,FIXED_WINDOW_ATTENTION,15
929.0,FIXED_WINDOW_ATTENTION,15
929.5,FIXED_WINDOW_ATTENTION,15
930.0,FIXED_WINDOW_ATTENTION,15
930.5,FIXED_WINDOW_ATTENTION,15
931.0,FIXED_WINDOW_ATTENTION,15
931.5,FIXED_WINDOW_ATTENTION,15
932.0,FIXED_WINDOW_ATTENTION,15
932.5,FIXED_WINDOW_ATTENTION,15
933.0,FIXED_WINDOW_ATTENTION,15
933.5,FIXED_WINDOW_ATTENTION,15
934.0,FIXED_WINDOW_ATTENTION,15
934.5,FIXED_WINDOW_ATTENTION,18
935.0,FIXED_WINDOW_ATTENTION,18
935.5,FIXED_WINDOW_ATTENTION,18
936.0,FIXED_WINDOW_ATTENTION,18
936.5,FIXED_WINDOW_ATTENTION,18
937.0,FIXED_WINDOW_ATTENTION,18
937.5,FIXED_WINDOW_ATTENTION,18
938.0,FIXED_WINDOW_ATTENTION,18
938.5,FIXED_WINDOW_ATTENTION,18
939.0,FIXED_WINDOW_ATTENTION,18
939.5,FIXED_WINDOW_ATTENTION,18
940.0,FIXED_WINDOW_ATTENTION,18
940.5,FIXED_WINDOW_ATTENTION,18
941.0,FIXED_WINDOW_ATTENTION,18
941.5,FIXED_WINDOW_ATTENTION,18
942.0,FIXED_WINDOW_ATTENTION,18
942.5,FIXED_WINDOW_ATTENTION,18
943.0,FIXED_WINDOW_ATTENTION,18
943.5,FIXED_WINDOW_ATTENTION,18
944.0,FIXED_WINDOW_ATTENTION,18
944.5,FIXED_WINDOW_ATTENTION,18
945.0,FIXED_WINDOW_ATTENTION,18
945.5,FIXED_WINDOW_ATTENTION,18
946.0,FIXED_WINDOW_ATTENTION,18
946.5,FIXED_WINDOW_ATTENTION,18
947.0,FIXED_WINDOW_ATTENTION,18
947.5,FIXED_WINDOW_ATTENTION,18
948.0,FIXED_WINDOW_ATTENTION,18
948.5,FIXED_WINDOW_ATTENTION,18
949.0,FIXED_WINDOW_ATTENTION,18
949.5,FIXED_WINDOW_ATTENTION,18
950.0,FIXED_WINDOW_ATTENTION,18
950.5,FIXED_WINDOW_ATTENTION,18
951.0,FIXED_WINDOW_ATTENTION,18
951.5,FIXED_WINDOW_ATTENTION,18
952.0,FIXED_WINDOW_ATTENTION,18
952.5,FIXED_WINDOW_ATTENTION,18
953.0,FIXED_WINDOW_ATTENTION,18
953.5,FIXED_WINDOW_ATTENTION,18
954.0,FIXED_WINDOW_ATTENTION,18
954.5,FIXED_WINDOW_ATTENTION,18
955.0,FIXED_WINDOW_ATTENTION,18
955.5,FIXED_WINDOW_ATTENTION,18
956.0,FIXED_WINDOW_ATTENTION,18
956.5,FIXED_WINDOW_ATTENTION,18
957.0,FIXED_WINDOW_ATTENTION,18
957.5,FIXED_WINDOW_ATTENTION,18
958.0,FIXED_WINDOW_ATTENTION,18
958.5,FIXED_WINDOW_ATTENTION,18
959.0,FIXED_WINDOW_ATTENTION,18
959.5,FIXED_WINDOW_ATTENTION,18
960.0,FIXED_WINDOW_ATTENTION,18
960.5,FIXED_WINDOW_ATTENTION,18
961.0,FIXED_WINDOW_ATTENTION,18
961.5,FIXED_WINDOW_ATTENTION,18
962.0,FIXED_WINDOW_ATTENTION,18
962.5,FIXED_WINDOW_ATTENTION,18
963.0,FIXED_WINDOW_ATTENTION,18
963.5,FIXED_WINDOW_ATTENTION,18
964.0,FIXED_WINDOW_ATTENTION,18
964.5,FIXED_WINDOW_ATTENTION,18
965.0,FIXED_WINDOW_ATTENTION,18
965.5,FIXED_WINDOW_ATTENTION,18
966.0,FIXED_WINDOW_ATTENTION,17
966.5,FIXED_WINDOW_ATTENTION,17
967.0,FIXED_WINDOW_ATTENTION,17
967.5,FIXED_WINDOW_ATTENTION,17
968.0,FIXED_WINDOW_ATTENTION,17
968.5,FIXED_WINDOW_ATTENTION,17
969.0,FIXED_WINDOW_ATTENTION,17
969.5,FIXED_WINDOW_ATTENTION,17
970.0,FIXED_WINDOW_ATTENTION,17
970.5,FIXED_WINDOW_ATTENTION,17
971.0,FIXED_WINDOW_ATTENTION,17
971.5,FIXED_WINDOW_ATTENTION,17
972.0,FIXED_WINDOW_ATTENTION,17
972.5,FIXED_WINDOW_ATTENTION,17
973.0,FIXED_WINDOW_ATTENTION,17
973.5,FIXED_WINDOW_ATTENTION,17
974.0,FIXED_WINDOW_ATTENTION,17
974.5,FIXED_WINDOW_ATTENTION,17
975.0,FIXED_WINDOW_ATTENTION,17
975.5,FIXED_WINDOW_ATTENTION,17
976.0,FIXED_WINDOW_ATTENTION,17
976.5,FIXED_WINDOW_ATTENTION,17
977.0,FIXED_WINDOW_ATTENTION,17
977.5,FIXED_WINDOW_ATTENTION,17
978.0,FIXED_WINDOW_ATTENTION,17
978.5,FIXED_WINDOW_ATTENTION,17
979.0,FIXED_WINDOW_ATTENTION,17
979.5,FIXED_WINDOW_ATTENTION,17
980.0,FIXED_WINDOW_ATTENTION,17
980.5,FIXED_WINDOW_ATTENTION,17
981.0,FIXED_WINDOW_ATTENTION,17
981.5,FIXED_WINDOW_ATTENTION,17
982.0,FIXED_WINDOW_ATTENTION,17
982.5,FIXED_WINDOW_ATTENTION,17
983.0,FIXED_WINDOW_ATTENTION,17
983.5,FIXED_WINDOW_ATTENTION,17
984.0,FIXED_WINDOW_ATTENTION,18
984.5,FIXED_WINDOW_ATTENTION,18
985.0,FIXED_WINDOW_ATTENTION,18
985.5,FIXED_WINDOW_ATTENTION,18
986.0,FIXED_WINDOW_ATTENTION,18
986.5,FIXED_WINDOW_ATTENTION,18
987.0,FIXED_WINDOW_ATTENTION,18
987.5,FIXED_WINDOW_ATTENTION,18
988.0,FIXED_WINDOW_ATTENTION,18
988.5,FIXED_WINDOW_ATTENTION,18
989.0,FIXED_WINDOW_ATTENTION,18
989.5,FIXED_WINDOW_ATTENTION,18
990.0,FIXED_WINDOW_ATTENTION,18
990.5,FIXED_WINDOW_ATTENTION,18
991.0,FIXED_WINDOW_ATTENTION,18
991.5,FIXED_WINDOW_ATTENTION,18
992.0,FIXED_WINDOW_ATTENTION,18
992.5,FIXED_WINDOW_ATTENTION,18
993.0,FIXED_WINDOW_ATTENTION,18
993.5,FIXED_WINDOW_ATTENTION,18
994.0,FIXED_WINDOW_ATTENTION,18
994.5,FIXED_WINDOW_ATTENTION,18
995.0,FIXED_WINDOW_ATTENTION,18
995.5,FIXED_WINDOW_ATTENTION,18
996.0,FIXED_WINDOW_ATTENTION,18
996.5,FIXED_WINDOW_ATTENTION,18
997.0,FIXED_WINDOW_ATTENTION,18
997.5,FIXED_WINDOW_ATTENTION,18
998.0,FIXED_WINDOW_ATTENTION,18
998.5,FIXED_WINDOW_ATTENTION,18
999.0,FIXED_WINDOW_ATTENTION,18
999.5,FIXED_WINDOW_ATTENTION,18
1000.0,FIXED_WINDOW_ATTENTION,18
1000.5,FIXED_WINDOW_ATTENTION,18
1001.0,FIXED_WINDOW_ATTENTION,18
1001.5,FIXED_WINDOW_ATTENTION,17
1002.0,FIXED_WINDOW_ATTENTION,17
1002.5,FIXED_WINDOW_ATTENTION,17
1003.0,FIXED_WINDOW_ATTENTION,17
1003.5,FIXED_WINDOW_ATTENTION,17
1004.0,FIXED_WINDOW_ATTENTION,17
1004.5,FIXED_WINDOW_ATTENTION,17
1005.0,FIXED_WINDOW_ATTENTION,17
1005.5,FIXED_WINDOW_ATTENTION,17
1006.0,FIXED_WINDOW_ATTENTION,17
1006.5,FIXED_WINDOW_ATTENTION,17
1007.0,FIXED_WINDOW_ATTENTION,17
1007.5,FIXED_WINDOW_ATTENTION,17
1008.0,FIXED_WINDOW_ATTENTION,17
1008.5,FIXED_WINDOW_ATTENTION,17
1009.0,FIXED_WINDOW_ATTENTION,17
1009.5,FIXED_WINDOW_ATTENTION,17
1010.0,FIXED_WINDOW_ATTENTION,17
1010.5,FIXED_WINDOW_ATTENTION,17
1011.0,FIXED_WINDOW_ATTENTION,17
1011.5,FIXED_WINDOW_ATTENTION,17
1012.0,FIXED_WINDOW_ATTENTION,17
1012.5,FIXED_WINDOW_ATTENTION,17
1013.0,FIXED_WINDOW_ATTENTION,17
1013.5,FIXED_WINDOW_ATTENTION,17
1014.0,FIXED_WINDOW_ATTENTION,17
1014.5,FIXED_WINDOW_ATTENTION,17
1015.0,FIXED_WINDOW_ATTENTION,17
1015.5,FIXED_WINDOW_ATTENTION,17
1016.0,FIXED_WINDOW_ATTENTION,17
1016.5,FIXED_WINDOW_ATTENTION,17
1017.0,FIXED_WINDOW_ATTENTION,17
1017.5,FIXED_WINDOW_ATTENTION,17
1018.0,FIXED_WINDOW_ATTENTION,17
1018.5,FIXED_WINDOW_ATTENTION,17
1019.0,FIXED_WINDOW_ATTENTION,17
1019.5,FIXED_WINDOW_ATTENTION,17
1020.0,FIXED_WINDOW_ATTENTION,17
1020.5,FIXED_WINDOW_ATTENTION,17
1021.0,FIXED_WINDOW_ATTENTION,17
1021.5,FIXED_WINDOW_ATTENTION,17
1022.0,FIXED_WINDOW_ATTENTION,17
1022.5,FIXED_WINDOW_ATTENTION,17
1023.0,FIXED_WINDOW_ATTENTION,17
1023.5,FIXED_WINDOW_ATTENTION,17
1024.0,FIXED_WINDOW_ATTENTION,17
1024.5,FIXED_WINDOW_ATTENTION,17
1025.0,FIXED_WINDOW_ATTENTION,17
1025.5,FIXED_WINDOW_ATTENTION,17
1026.0,FIXED_WINDOW_ATTENTION,17
1026.5,FIXED_WINDOW_ATTENTION,17
1027.0,FIXED_WINDOW_ATTENTION,17
1027.5,FIXED_WINDOW_ATTENTION,17
1028.0,FIXED_WINDOW_ATTENTION,17
1028.5,FIXED_WINDOW_ATTENTION,17
1029.0,FIXED_WINDOW_ATTENTION,17
1029.5,FIXED_WINDOW_ATTENTION,17
1030.0,FIXED_WINDOW_ATTENTION,17
1030.5,FIXED_WINDOW_ATTENTION,17
1031.0,FIXED_WINDOW_ATTENTION,17
1031.5,FIXED_WINDOW_ATTENTION,18
1032.0,FIXED_WINDOW_ATTENTION,18
1032.5,FIXED_WINDOW_ATTENTION,18
1033.0,FIXED_WINDOW_ATTENTION,18
1033.5,FIXED_WINDOW_ATTENTION,18
1034.0,FIXED_WINDOW_ATTENTION,18
1034.5,FIXED_WINDOW_ATTENTION,18
1035.0,FIXED_WINDOW_ATTENTION,18
1035.5,FIXED_WINDOW_ATTENTION,18
1036.0,FIXED_WINDOW_ATTENTION,18
1036.5,FIXED_WINDOW_ATTENTION,18
1037.0,FIXED_WINDOW_ATTENTION,18
1037.5,FIXED_WINDOW_ATTENTION,18
1038.0,FIXED_WINDOW_ATTENTION,18
1038.5,FIXED_WINDOW_ATTENTION,18
1039.0,FIXED_WINDOW_ATTENTION,18
1039.5,FIXED_WINDOW_ATTENTION,18
1040.0,FIXED_WINDOW_ATTENTION,18
1040.5,FIXED_WINDOW_ATTENTION,18
1041.0,FIXED_WINDOW_ATTENTION,18
1041.5,FIXED_WINDOW_ATTENTION,18
1042.0,FIXED_WINDOW_ATTENTION,18
1042.5,FIXED_WINDOW_ATTENTION,18
1043.0,FIXED_WINDOW_ATTENTION,18
1043.5,FIXED_WINDOW_ATTENTION,18
1044.0,FIXED_WINDOW_ATTENTION,18
1044.5,FIXED_WINDOW_ATTENTION,18
1045.0,FIXED_WINDOW_ATTENTION,18
1045.5,FIXED_WINDOW_ATTENTION,18
1046.0,FIXED_WINDOW_ATTENTION,18
1046.5,FIXED_WINDOW_ATTENTION,18
1047.0,FIXED_WINDOW_ATTENTION,18
1047.5,FIXED_WINDOW_ATTENTION,18
1048.0,FIXED_WINDOW_ATTENTION,17
1048.5,FIXED_WINDOW_ATTENTION,17
1049.0,FIXED_WINDOW_ATTENTION,17
1049.5,FIXED_WINDOW_ATTENTION,17
1050.0,FIXED_WINDOW_ATTENTION,17
1050.5,FIXED_WINDOW_ATTENTION,17
1051.0,FIXED_WINDOW_ATTENTION,17
1051.5,FIXED_WINDOW_ATTENTION,17
1052.0,FIXED_WINDOW_ATTENTION,17
1052.5,FIXED_WINDOW_ATTENTION,17
1053.0,FIXED_WINDOW_ATTENTION,17
1053.5,FIXED_WINDOW_ATTENTION,17
1054.0,FIXED_WINDOW_ATTENTION,17
1054.5,FIXED_WINDOW_ATTENTION,17
1055.0,FIXED_WINDOW_ATTENTION,17
1055.5,FIXED_WINDOW_ATTENTION,17
1056.0,FIXED_WINDOW_ATTENTION,17
1056.5,FIXED_WINDOW_ATTENTION,17
1057.0,FIXED_WINDOW_ATTENTION,17
1057.5,FIXED_WINDOW_ATTENTION,17
1058.0,FIXED_WINDOW_ATTENTION,17
1058.5,FIXED_WINDOW_ATTENTION,17
1059.0,FIXED_WINDOW_ATTENTION,17
1059.5,FIXED_WINDOW_ATTENTION,17
1060.0,FIXED_WINDOW_ATTENTION,17
1060.5,FIXED_WINDOW_ATTENTION,17
1061.0,FIXED_WINDOW_ATTENTION,17
1061.5,FIXED_WINDOW_ATTENTION,17
1062.0,FIXED_WINDOW_ATTENTION,17
1062.5,FIXED_WINDOW_ATTENTION,17
1063.0,FIXED_WINDOW_ATTENTION,17
1063.5,FIXED_WINDOW_ATTENTION,17
1064.0,FIXED_WINDOW_ATTENTION,17
1064.5,FIXED_WINDOW_ATTENTION,17
1065.0,FIXED_WINDOW_ATTENTION,17
1065.5,FIXED_WINDOW_ATTENTION,17
1066.0,FIXED_WINDOW_ATTENTION,17
1066.5,FIXED_WINDOW_ATTENTION,17
1067.0,FIXED_WINDOW_ATTENTION,17
1067.5,FIXED_WINDOW_ATTENTION,17
1068.0,FIXED_WINDOW_ATTENTION,17
1068.5,FIXED_WINDOW_ATTENTION,17
1069.0,FIXED_WINDOW_ATTENTION,17
1069.5,FIXED_WINDOW_ATTENTION,17
1070.0,FIXED_WINDOW_ATTENTION,17
1070.5,FIXED_WINDOW_ATTENTION,17
1071.0,FIXED_WINDOW_ATTENTION,17
1071.5,FIXED_WINDOW_ATTENTION,17
1072.0,FIXED_WINDOW_ATTENTION,17
1072.5,FIXED_WINDOW_ATTENTION,17
1073.0,FIXED_WINDOW_ATTENTION,17
1073.5,FIXED_WINDOW_ATTENTION,17
1074.0,FIXED_WINDOW_ATTENTION,18
1074.5,FIXED_WINDOW_ATTENTION,18
1075.0,FIXED_WINDOW_ATTENTION,18
1075.5,FIXED_WINDOW_ATTENTION,18
1076.0,FIXED_WINDOW_ATTENTION,18
1076.5,FIXED_WINDOW_ATTENTION,18
1077.0,FIXED_WINDOW_ATTENTION,18
1077.5,FIXED_WINDOW_ATTENTION,18
1078.0,FIXED_WINDOW_ATTENTION,18
1078.5,FIXED_WINDOW_ATTENTION,18
1079.0,FIXED_WINDOW_ATTENTION,18
1079.5,FIXED_WINDOW_ATTENTION,18
1080.0,FIXED_WINDOW_ATTENTION,18
1080.5,FIXED_WINDOW_ATTENTION,18
1081.0,FIXED_WINDOW_ATTENTION,18
1081.5,FIXED_WINDOW_ATTENTION,18
1082.0,FIXED_WINDOW_ATTENTION,18
1082.5,FIXED_WINDOW_ATTENTION,18
1083.0,FIXED_WINDOW_ATTENTION,18
1083.5,FIXED_WINDOW_ATTENTION,18
1084.0,FIXED_WINDOW_ATTENTION,18
1084.5,FIXED_WINDOW_ATTENTION,18
1085.0,FIXED_WINDOW_ATTENTION,18
1085.5,FIXED_WINDOW_ATTENTION,18
1086.0,FIXED_WINDOW_ATTENTION,18
1086.5,FIXED_WINDOW_ATTENTION,18
1087.0,FIXED_WINDOW_ATTENTION,18
1087.5,FIXED_WINDOW_ATTENTION,18
1088.0,FIXED_WINDOW_ATTENTION,18
1088.5,FIXED_WINDOW_ATTENTION,18
1089.0,FIXED_WINDOW_ATTENTION,18
1089.5,FIXED_WINDOW_ATTENTION,18
1090.0,FIXED_WINDOW_ATTENTION,18
1090.5,FIXED_WINDOW_ATTENTION,18
1091.0,FIXED_WINDOW_ATTENTION,18
1091.5,FIXED_WINDOW_ATTENTION,18
1092.0,FIXED_WINDOW_ATTENTION,18
1092.5,FIXED_WINDOW_ATTENTION,18
1093.0,FIXED_WINDOW_ATTENTION,18
1093.5,FIXED_WINDOW_ATTENTION,18
1094.0,FIXED_WINDOW_ATTENTION,18
1094.5,FIXED_WINDOW_ATTENTION,18
1095.0,FIXED_WINDOW_ATTENTION,18
1095.5,FIXED_WINDOW_ATTENTION,18
1096.0,FIXED_WINDOW_ATTENTION,18
1096.5,FIXED_WINDOW_ATTENTION,18
1097.0,FIXED_WINDOW_ATTENTION,18
1097.5,FIXED_WINDOW_ATTENTION,18
1098.0,FIXED_WINDOW_ATTENTION,18
1098.5,FIXED_WINDOW_ATTENTION,18
1099.0,FIXED_WINDOW_ATTENTION,18
1099.5,FIXED_WINDOW_ATTENTION,18
1100.0,FIXED_WINDOW_ATTENTION,18
1100.5,FIXED_WINDOW_ATTENTION,18
1101.0,FIXED_WINDOW_ATTENTION,18
1101.5,FIXED_WINDOW_ATTENTION,18
1102.0,FIXED_WINDOW_ATTENTION,18
1102.5,FIXED_WINDOW_ATTENTION,18
1103.0,FIXED_WINDOW_ATTENTION,18
1103.5,FIXED_WINDOW_ATTENTION,18
1104.0,FIXED_WINDOW_ATTENTION,18
1104.5,FIXED_WINDOW_ATTENTION,18
1105.0,FIXED_WINDOW_ATTENTION,18
1105.5,FIXED_WINDOW_ATTENTION,18
1106.0,FIXED_WINDOW_ATTENTION,18
1106.5,FIXED_WINDOW_ATTENTION,18
1107.0,FIXED_WINDOW_ATTENTION,18
1107.5,FIXED_WINDOW_ATTENTION,16
1108.0,FIXED_WINDOW_ATTENTION,16
1108.5,FIXED_WINDOW_ATTENTION,16
1109.0,FIXED_WINDOW_ATTENTION,16
1109.5,FIXED_WINDOW_ATTENTION,16
1110.0,FIXED_WINDOW_ATTENTION,16
1110.5,FIXED_WINDOW_ATTENTION,16
1111.0,FIXED_WINDOW_ATTENTION,16
1111.5,FIXED_WINDOW_ATTENTION,16
1112.0,FIXED_WINDOW_ATTENTION,16
1112.5,FIXED_WINDOW_ATTENTION,16
1113.0,FIXED_WINDOW_ATTENTION,16
1113.5,FIXED_WINDOW_ATTENTION,16
1114.0,FIXED_WINDOW_ATTENTION,16
1114.5,FIXED_WINDOW_ATTENTION,16
1115.0,FIXED_WINDOW_ATTENTION,16
1115.5,FIXED_WINDOW_ATTENTION,16
1116.0,FIXED_WINDOW_ATTENTION,16
1116.5,FIXED_WINDOW_ATTENTION,16
1117.0,FIXED_WINDOW_ATTENTION,16
1117.5,FIXED_WINDOW_ATTENTION,16
1118.0,FIXED_WINDOW_ATTENTION,16
1118.5,FIXED_WINDOW_ATTENTION,16
1119.0,FIXED_WINDOW_ATTENTION,16
1119.5,FIXED_WINDOW_ATTENTION,16
1120.0,FIXED_WINDOW_ATTENTION,16
1120.5,FIXED_WINDOW_ATTENTION,16
1121.0,FIXED_WINDOW_ATTENTION,16
1121.5,FIXED_WINDOW_ATTENTION,16
1122.0,FIXED_WINDOW_ATTENTION,16
1122.5,FIXED_WINDOW_ATTENTION,16
1123.0,FIXED_WINDOW_ATTENTION,16
1123.5,FIXED_WINDOW_ATTENTION,16
1124.0,FIXED_WINDOW_ATTENTION,16
1124.5,FIXED_WINDOW_ATTENTION,16
1125.0,FIXED_WINDOW_ATTENTION,16
1125.5,FIXED_WINDOW_ATTENTION,16
1126.0,FIXED_WINDOW_ATTENTION,16
1126.5,FIXED_WINDOW_ATTENTION,16
1127.0,FIXED_WINDOW_ATTENTION,16
1127.5,FIXED_WINDOW_ATTENTION,16
1128.0,FIXED_WINDOW_ATTENTION,16
1128.5,FIXED_WINDOW_ATTENTION,16
1129.0,FIXED_WINDOW_ATTENTION,16
1129.5,FIXED_WINDOW_ATTENTION,16
1130.0,FIXED_WINDOW_ATTENTION,16
1130.5,FIXED_WINDOW_ATTENTION,16
1131.0,FIXED_WINDOW_ATTENTION,16
1131.5,FIXED_WINDOW_ATTENTION,16
1132.0,FIXED_WINDOW_ATTENTION,16
1132.5,FIXED_WINDOW_ATTENTION,16
1133.0,FIXED_WINDOW_ATTENTION,16
1133.5,FIXED_WINDOW_ATTENTION,16
1134.0,FIXED_WINDOW_ATTENTION,16
1134.5,FIXED_WINDOW_ATTENTION,16
1135.0,FIXED_WINDOW_ATTENTION,16
1135.5,FIXED_WINDOW_ATTENTION,16
1136.0,FIXED_WINDOW_ATTENTION,16
1136.5,FIXED_WINDOW_ATTENTION,16
1137.0,FIXED_WINDOW_ATTENTION,16
1137.5,FIXED_WINDOW_ATTENTION,16
1138.0,FIXED_WINDOW_ATTENTION,16
1138.5,FIXED_WINDOW_ATTENTION,16
1139.0,FIXED_WINDOW_ATTENTION,16
1139.5,FIXED_WINDOW_ATTENTION,16
1140.0,FIXED_WINDOW_ATTENTION,16
1140.5,FIXED_WINDOW_ATTENTION,16
1141.0,FIXED_WINDOW_ATTENTION,16
1141.5,FIXED_WINDOW_ATTENTION,16
1142.0,FIXED_WINDOW_ATTENTION,16
1142.5,FIXED_WINDOW_ATTENTION,16
1143.0,FIXED_WINDOW_ATTENTION,16
1143.5,FIXED_WINDOW_ATTENTION,16
1144.0,FIXED_WINDOW_ATTENTION,16
1144.5,FIXED_WINDOW_ATTENTION,16
1145.0,FIXED_WINDOW_ATTENTION,16
1145.5,FIXED_WINDOW_ATTENTION,16
1146.0,FIXED_WINDOW_ATTENTION,16
1146.5,FIXED_WINDOW_ATTENTION,16
1147.0,FIXED_WINDOW_ATTENTION,16
1147.5,FIXED_WINDOW_ATTENTION,16
1148.0,FIXED_WINDOW_ATTENTION,16
1148.5,FIXED_WINDOW_ATTENTION,16
1149.0,FIXED_WINDOW_ATTENTION,16
1149.5,FIXED_WINDOW_ATTENTION,16
1150.0,FIXED_WINDOW_ATTENTION,16
1150.5,FIXED_WINDOW_ATTENTION,16
1151.0,FIXED_WINDOW_ATTENTION,16
1151.5,FIXED_WINDOW_ATTENTION,16
1152.0,FIXED_WINDOW_ATTENTION,16
1152.5,FIXED_WINDOW_ATTENTION,16
1153.0,FIXED_WINDOW_ATTENTION,16
1153.5,FIXED_WINDOW_ATTENTION,16
1154.0,FIXED_WINDOW_ATTENTION,16
1154.5,FIXED_WINDOW_ATTENTION,16
1155.0,FIXED_WINDOW_ATTENTION,16
1155.5,FIXED_WINDOW_ATTENTION,16
1156.0,FIXED_WINDOW_ATTENTION,16
1156.5,FIXED_WINDOW_ATTENTION,16
1157.0,FIXED_WINDOW_ATTENTION,16
1157.5,FIXED_WINDOW_ATTENTION,16
1158.0,FIXED_WINDOW_ATTENTION,16
1158.5,FIXED_WINDOW_ATTENTION,16
1159.0,FIXED_WINDOW_ATTENTION,16
1159.5,FIXED_WINDOW_ATTENTION,16
1160.0,FIXED_WINDOW_ATTENTION,16
1160.5,FIXED_WINDOW_ATTENTION,16
1161.0,FIXED_WINDOW_ATTENTION,16
1161.5,FIXED_WINDOW_ATTENTION,16
1162.0,FIXED_WINDOW_ATTENTION,16
1162.5,FIXED_WINDOW_ATTENTION,16
1163.0,FIXED_WINDOW_ATTENTION,16
1163.5,FIXED_WINDOW_ATTENTION,16
1164.0,FIXED_WINDOW_ATTENTION,16
1164.5,FIXED_WINDOW_ATTENTION,16
1165.0,FIXED_WINDOW_ATTENTION,16
1165.5,FIXED_WINDOW_ATTENTION,16
1166.0,FIXED_WINDOW_ATTENTION,16
1166.5,FIXED_WINDOW_ATTENTION,16
1167.0,FIXED_WINDOW_ATTENTION,16
1167.5,FIXED_WINDOW_ATTENTION,16
1168.0,FIXED_WINDOW_ATTENTION,16
1168.5,FIXED_WINDOW_ATTENTION,16
1169.0,FIXED_WINDOW_ATTENTION,16
1169.5,FIXED_WINDOW_ATTENTION,16
1170.0,FIXED_WINDOW_ATTENTION,16
1170.5,FIXED_WINDOW_ATTENTION,16
1171.0,FIXED_WINDOW_ATTENTION,16
1171.5,FIXED_WINDOW_ATTENTION,16
1172.0,FIXED_WINDOW_ATTENTION,16
1172.5,FIXED_WINDOW_ATTENTION,16
1173.0,FIXED_WINDOW_ATTENTION,16
1173.5,FIXED_WINDOW_ATTENTION,16
1174.0,FIXED_WINDOW_ATTENTION,16
1174.5,FIXED_WINDOW_ATTENTION,16
1175.0,FIXED_WINDOW_ATTENTION,16
1175.5,FIXED_WINDOW_ATTENTION,16
1176.0,FIXED_WINDOW_ATTENTION,16
1176.5,FIXED_WINDOW_ATTENTION,16
1177.0,FIXED_WINDOW_ATTENTION,16
1177.5,FIXED_WINDOW_ATTENTION,16
1178.0,FIXED_WINDOW_ATTENTION,16
1178.5,FIXED_WINDOW_ATTENTION,16
1179.0,FIXED_WINDOW_ATTENTION,16
1179.5,FIXED_WINDOW_ATTENTION,16
1180.0,FIXED_WINDOW_ATTENTION,16
1180.5,FIXED_WINDOW_ATTENTION,16
1181.0,FIXED_WINDOW_ATTENTION,16
1181.5,FIXED_WINDOW_ATTENTION,16
1182.0,FIXED_WINDOW_ATTENTION,16
1182.5,FIXED_WINDOW_ATTENTION,16
1183.0,FIXED_WINDOW_ATTENTION,16
1183.5,FIXED_WINDOW_ATTENTION,16
1184.0,FIXED_WINDOW_ATTENTION,16
1184.5,FIXED_WINDOW_ATTENTION,16
1185.0,FIXED_WINDOW_ATTENTION,16
1185.5,FIXED_WINDOW_ATTENTION,16
1186.0,FIXED_WINDOW_ATTENTION,16
1186.5,FIXED_WINDOW_ATTENTION,16
1187.0,FIXED_WINDOW_ATTENTION,16
1187.5,FIXED_WINDOW_ATTENTION,16
1188.0,FIXED_WINDOW_ATTENTION,16
1188.5,FIXED_WINDOW_ATTENTION,16
1189.0,FIXED_WINDOW_ATTENTION,16
1189.5,FIXED_WINDOW_ATTENTION,16
1190.0,FIXED_WINDOW_ATTENTION,16
1190.5,FIXED_WINDOW_ATTENTION,16
1191.0,FIXED_WINDOW_ATTENTION,16
1191.5,FIXED_WINDOW_ATTENTION,16
1192.0,FIXED_WINDOW_ATTENTION,16
1192.5,FIXED_WINDOW_ATTENTION,16
1193.0,FIXED_WINDOW_ATTENTION,16
1193.5,FIXED_WINDOW_ATTENTION,16
1194.0,FIXED_WINDOW_ATTENTION,16
1194.5,FIXED_WINDOW_ATTENTION,16
1195.0,FIXED_WINDOW_ATTENTION,16
1195.5,FIXED_WINDOW_ATTENTION,16
1196.0,FIXED_WINDOW_ATTENTION,16
1196.5,FIXED_WINDOW_ATTENTION,16
1197.0,FIXED_WINDOW_ATTENTION,16
1197.5,FIXED_WINDOW_ATTENTION,16
1198.0,FIXED_WINDOW_ATTENTION,16
1198.5,FIXED_WINDOW_ATTENTION,16
1199.0,FIXED_WINDOW_ATTENTION,16
1199.5,FIXED_WINDOW_ATTENTION,16
1200.0,FIXED_WINDOW_ATTENTION,16
1200.5,FIXED_WINDOW_ATTENTION,16
1201.0,FIXED_WINDOW_ATTENTION,16
1201.5,FIXED_WINDOW_ATTENTION,16
1202.0,FIXED_WINDOW_ATTENTION,16
1202.5,FIXED_WINDOW_ATTENTION,16
1203.0,FIXED_WINDOW_ATTENTION,16
1203.5,FIXED_WINDOW_ATTENTION,16
1204.0,FIXED_WINDOW_ATTENTION,16
1204.5,FIXED_WINDOW_ATTENTION,16
1205.0,FIXED_WINDOW_ATTENTION,16
1205.5,FIXED_WINDOW_ATTENTION,16
1206.0,FIXED_WINDOW_ATTENTION,16
1206.5,FIXED_WINDOW_ATTENTION,16
1207.0,FIXED_WINDOW_ATTENTION,16
1207.5,FIXED_WINDOW_ATTENTION,16
1208.0,FIXED_WINDOW_ATTENTION,16
1208.5,FIXED_WINDOW_ATTENTION,16
1209.0,FIXED_WINDOW_ATTENTION,16
1209.5,FIXED_WINDOW_ATTENTION,16
1210.0,FIXED_WINDOW_ATTENTION,16
1210.5,FIXED_WINDOW_ATTENTION,16
1211.0,FIXED_WINDOW_ATTENTION,18
1211.5,FIXED_WINDOW_ATTENTION,18
1212.0,FIXED_WINDOW_ATTENTION,18
1212.5,FIXED_WINDOW_ATTENTION,18
1213.0,FIXED_WINDOW_ATTENTION,18
1213.5,FIXED_WINDOW_ATTENTION,18
1214.0,FIXED_WINDOW_ATTENTION,18
1214.5,FIXED_WINDOW_ATTENTION,18
1215.0,FIXED_WINDOW_ATTENTION,18
1215.5,FIXED_WINDOW_ATTENTION,18
1216.0,FIXED_WINDOW_ATTENTION,18
1216.5,FIXED_WINDOW_ATTENTION,18
1217.0,FIXED_WINDOW_ATTENTION,18
1217.5,FIXED_WINDOW_ATTENTION,18
1218.0,FIXED_WINDOW_ATTENTION,18
1218.5,FIXED_WINDOW_ATTENTION,18
1219.0,FIXED_WINDOW_ATTENTION,18
1219.5,FIXED_WINDOW_ATTENTION,18
1220.0,FIXED_WINDOW_ATTENTION,18
1220.5,FIXED_WINDOW_ATTENTION,18
1221.0,FIXED_WINDOW_ATTENTION,18
1221.5,FIXED_WINDOW_ATTENTION,18
1222.0,FIXED_WINDOW_ATTENTION,18
1222.5,FIXED_WINDOW_ATTENTION,18
1223.0,FIXED_WINDOW_ATTENTION,18
1223.5,FIXED_WINDOW_ATTENTION,18
1224.0,FIXED_WINDOW_ATTENTION,18
1224.5,FIXED_WINDOW_ATTENTION,18
1225.0,FIXED_WINDOW_ATTENTION,18
1225.5,FIXED_WINDOW_ATTENTION,18
1226.0,FIXED_WINDOW_ATTENTION,18
1226.5,FIXED_WINDOW_ATTENTION,18
1227.0,FIXED_WINDOW_ATTENTION,18
1227.5,FIXED_WINDOW_ATTENTION,18
1228.0,FIXED_WINDOW_ATTENTION,18
1228.5,FIXED_WINDOW_ATTENTION,18
1229.0,FIXED_WINDOW_ATTENTION,18
1229.5,FIXED_WINDOW_ATTENTION,10
1230.0,FIXED_WINDOW_ATTENTION,10
1230.5,FIXED_WINDOW_ATTENTION,10
1231.0,FIXED_WINDOW_ATTENTION,10
1231.5,FIXED_WINDOW_ATTENTION,10
1232.0,FIXED_WINDOW_ATTENTION,10
1232.5,FIXED_WINDOW_ATTENTION,10
1233.0,FIXED_WINDOW_ATTENTION,10
1233.5,FIXED_WINDOW_ATTENTION,10
1234.0,FIXED_WINDOW_ATTENTION,10
1234.5,FIXED_WINDOW_ATTENTION,10
1235.0,FIXED_WINDOW_ATTENTION,10
1235.5,FIXED_WINDOW_ATTENTION,10
1236.0,FIXED_WINDOW_ATTENTION,10
1236.5,FIXED_WINDOW_ATTENTION,10
1237.0,FIXED_WINDOW_ATTENTION,10
1237.5,FIXED_WINDOW_ATTENTION,10
1238.0,FIXED_WINDOW_ATTENTION,10
1238.5,FIXED_WINDOW_ATTENTION,10
1239.0,FIXED_WINDOW_ATTENTION,10
1239.5,FIXED_WINDOW_ATTENTION,10
1240.0,FIXED_WINDOW_ATTENTION,10
1240.5,FIXED_WINDOW_ATTENTION,10
1241.0,FIXED_WINDOW_ATTENTION,10
1241.5,FIXED_WINDOW_ATTENTION,10
1242.0,FIXED_WINDOW_ATTENTION,10
1242.5,FIXED_WINDOW_ATTENTION,10
1243.0,FIXED_WINDOW_ATTENTION,10
1243.5,FIXED_WINDOW_ATTENTION,10
1244.0,FIXED_WINDOW_ATTENTION,10
1244.5,FIXED_WINDOW_ATTENTION,10
1245.0,FIXED_WINDOW_ATTENTION,10
1245.5,FIXED_WINDOW_ATTENTION,10
1246.0,FIXED_WINDOW_ATTENTION,10
1246.5,FIXED_WINDOW_ATTENTION,10
1247.0,FIXED_WINDOW_ATTENTION,10
1247.5,FIXED_WINDOW_ATTENTION,10
1248.0,FIXED_WINDOW_ATTENTION,10
1248.5,FIXED_WINDOW_ATTENTION,10
1249.0,FIXED_WINDOW_ATTENTION,10
1249.5,FIXED_WINDOW_ATTENTION,10
1250.0,FIXED_WINDOW_ATTENTION,10
1250.5,FIXED_WINDOW_ATTENTION,10
1251.0,FIXED_WINDOW_ATTENTION,10
1251.5,FIXED_WINDOW_ATTENTION,10
1252.0,FIXED_WINDOW_ATTENTION,10
1252.5,FIXED_WINDOW_ATTENTION,10
1253.0,FIXED_WINDOW_ATTENTION,10
1253.5,FIXED_WINDOW_ATTENTION,10
1254.0,FIXED_WINDOW_ATTENTION,10
1254.5,FIXED_WINDOW_ATTENTION,10
1255.0,FIXED_WINDOW_ATTENTION,18
1255.5,FIXED_WINDOW_ATTENTION,18
1256.0,FIXED_WINDOW_ATTENTION,18
1256.5,FIXED_WINDOW_ATTENTION,18
1257.0,FIXED_WINDOW_ATTENTION,18
1257.5,FIXED_WINDOW_ATTENTION,18
1258.0,FIXED_WINDOW_ATTENTION,18
1258.5,FIXED_WINDOW_ATTENTION,18
1259.0,FIXED_WINDOW_ATTENTION,18
1259.5,FIXED_WINDOW_ATTENTION,18
1260.0,FIXED_WINDOW_ATTENTION,18
1260.5,FIXED_WINDOW_ATTENTION,18
1261.0,FIXED_WINDOW_ATTENTION,18
1261.5,FIXED_WINDOW_ATTENTION,18
1262.0,FIXED_WINDOW_ATTENTION,18
1262.5,FIXED_WINDOW_ATTENTION,18
1263.0,FIXED_WINDOW_ATTENTION,18
1263.5,FIXED_WINDOW_ATTENTION,18
1264.0,FIXED_WINDOW_ATTENTION,18
1264.5,FIXED_WINDOW_ATTENTION,18
1265.0,FIXED_WINDOW_ATTENTION,18
1265.5,FIXED_WINDOW_ATTENTION,18
1266.0,FIXED_WINDOW_ATTENTION,18
1266.5,FIXED_WINDOW_ATTENTION,18
1267.0,FIXED_WINDOW_ATTENTION,18
1267.5,FIXED_WINDOW_ATTENTION,18
1268.0,FIXED_WINDOW_ATTENTION,18
1268.5,FIXED_WINDOW_ATTENTION,18
1269.0,FIXED_WINDOW_ATTENTION,18
1269.5,FIXED_WINDOW_ATTENTION,18
1270.0,FIXED_WINDOW_ATTENTION,18
1270.5,FIXED_WINDOW_ATTENTION,18
1271.0,FIXED_WINDOW_ATTENTION,18
1271.5,FIXED_WINDOW_ATTENTION,18
1272.0,FIXED_WINDOW_ATTENTION,18
1272.5,FIXED_WINDOW_ATTENTION,18
1273.0,FIXED_WINDOW_ATTENTION,18
1273.5,FIXED_WINDOW_ATTENTION,18
1274.0,FIXED_WINDOW_ATTENTION,18
1274.5,FIXED_WINDOW_ATTENTION,18
1275.0,FIXED_WINDOW_ATTENTION,18
1275.5,FIXED_WINDOW_ATTENTION,18
1276.0,FIXED_WINDOW_ATTENTION,18
1276.5,FIXED_WINDOW_ATTENTION,18
1277.0,FIXED_WINDOW_ATTENTION,18
1277.5,FIXED_WINDOW_ATTENTION,18
1278.0,FIXED_WINDOW_ATTENTION,18
1278.5,FIXED_WINDOW_ATTENTION,18
1279.0,FIXED_WINDOW_ATTENTION,18
1279.5,FIXED_WINDOW_ATTENTION,18
1280.0,FIXED_WINDOW_ATTENTION,18
1280.5,FIXED_WINDOW_ATTENTION,18
1281.0,FIXED_WINDOW_ATTENTION,18
1281.5,FIXED_WINDOW_ATTENTION,18
1282.0,FIXED_WINDOW_ATTENTION,18
1282.5,FIXED_WINDOW_ATTENTION,18
1283.0,FIXED_WINDOW_ATTENTION,18
1283.5,FIXED_WINDOW_ATTENTION,18
1284.0,FIXED_WINDOW_ATTENTION,18
1284.5,FIXED_WINDOW_ATTENTION,18
1285.0,FIXED_WINDOW_ATTENTION,18
1285.5,FIXED_WINDOW_ATTENTION,18
1286.0,FIXED_WINDOW_ATTENTION,18
1286.5,FIXED_WINDOW_ATTENTION,18
1287.0,FIXED_WINDOW_ATTENTION,18
1287.5,FIXED_WINDOW_ATTENTION,18
1288.0,FIXED_WINDOW_ATTENTION,18
1288.5,FIXED_WINDOW_ATTENTION,18
1289.0,FIXED_WINDOW_ATTENTION,18
1289.5,FIXED_WINDOW_ATTENTION,18
1290.0,FIXED_WINDOW_ATTENTION,18
1290.5,FIXED_WINDOW_ATTENTION,18
1291.0,FIXED_WINDOW_ATTENTION,18
1291.5,FIXED_WINDOW_ATTENTION,18
1292.0,FIXED_WINDOW_ATTENTION,18
1292.5,FIXED_WINDOW_ATTENTION,18
1293.0,FIXED_WINDOW_ATTENTION,18
1293.5,FIXED_WINDOW_ATTENTION,18
1294.0,FIXED_WINDOW_ATTENTION,18
1294.5,FIXED_WINDOW_ATTENTION,10
1295.0,FIXED_WINDOW_ATTENTION,10
1295.5,FIXED_WINDOW_ATTENTION,10
1296.0,FIXED_WINDOW_ATTENTION,10
1296.5,FIXED_WINDOW_ATTENTION,10
1297.0,FIXED_WINDOW_ATTENTION,10
1297.5,FIXED_WINDOW_ATTENTION,10
1298.0,FIXED_WINDOW_ATTENTION,10
1298.5,FIXED_WINDOW_ATTENTION,10
1299.0,FIXED_WINDOW_ATTENTION,10
1299.5,FIXED_WINDOW_ATTENTION,10
1300.0,FIXED_WINDOW_ATTENTION,10
1300.5,FIXED_WINDOW_ATTENTION,10
1301.0,FIXED_WINDOW_ATTENTION,10
1301.5,FIXED_WINDOW_ATTENTION,10
1302.0,FIXED_WINDOW_ATTENTION,10
1302.5,FIXED_WINDOW_ATTENTION,10
1303.0,FIXED_WINDOW_ATTENTION,10
1303.5,FIXED_WINDOW_ATTENTION,10
1304.0,FIXED_WINDOW_ATTENTION,10
1304.5,FIXED_WINDOW_ATTENTION,10
1305.0,FIXED_WINDOW_ATTENTION,10
1305.5,FIXED_WINDOW_ATTENTION,10
1306.0,FIXED_WINDOW_ATTENTION,10
1306.5,FIXED_WINDOW_ATTENTION,10
1307.0,FIXED_WINDOW_ATTENTION,10
1307.5,FIXED_WINDOW_ATTENTION,10
1308.0,FIXED_WINDOW_ATTENTION,10
1308.5,FIXED_WINDOW_ATTENTION,10
1309.0,FIXED_WINDOW_ATTENTION,10
1309.5,FIXED_WINDOW_ATTENTION,10
1310.0,FIXED_WINDOW_ATTENTION,10
1310.5,FIXED_WINDOW_ATTENTION,10
1311.0,FIXED_WINDOW_ATTENTION,10
1311.5,FIXED_WINDOW_ATTENTION,10
1312.0,FIXED_WINDOW_ATTENTION,10
1312.5,FIXED_WINDOW_ATTENTION,10
1313.0,FIXED_WINDOW_ATTENTION,10
1313.5,FIXED_WINDOW_ATTENTION,10
1314.0,FIXED_WINDOW_ATTENTION,10
1314.5,FIXED_WINDOW_ATTENTION,10
1315.0,FIXED_WINDOW_ATTENTION,10
1315.5,FIXED_WINDOW_ATTENTION,10
1316.0,FIXED_WINDOW_ATTENTION,10
1316.5,FIXED_WINDOW_ATTENTION,10
1317.0,FIXED_WINDOW_ATTENTION,10
1317.5,FIXED_WINDOW_ATTENTION,10
1318.0,FIXED_WINDOW_ATTENTION,10
1318.5,FIXED_WINDOW_ATTENTION,10
1319.0,FIXED_WINDOW_ATTENTION,10
1319.5,FIXED_WINDOW_ATTENTION,10
1320.0,FIXED_WINDOW_ATTENTION,10
1320.5,FIXED_WINDOW_ATTENTION,10
1321.0,FIXED_WINDOW_ATTENTION,10
1321.5,FIXED_WINDOW_ATTENTION,10
1322.0,FIXED_WINDOW_ATTENTION,10
1322.5,FIXED_WINDOW_ATTENTION,10
1323.0,FIXED_WINDOW_ATTENTION,10
1323.5,FIXED_WINDOW_ATTENTION,18
1324.0,FIXED_WINDOW_ATTENTION,18
1324.5,FIXED_WINDOW_ATTENTION,18
1325.0,FIXED_WINDOW_ATTENTION,18
1325.5,FIXED_WINDOW_ATTENTION,18
1326.0,FIXED_WINDOW_ATTENTION,18
1326.5,FIXED_WINDOW_ATTENTION,18
1327.0,FIXED_WINDOW_ATTENTION,18
1327.5,FIXED_WINDOW_ATTENTION,18
1328.0,FIXED_WINDOW_ATTENTION,18
1328.5,FIXED_WINDOW_ATTENTION,18
1329.0,FIXED_WINDOW_ATTENTION,18
1329.5,FIXED_WINDOW_ATTENTION,18
1330.0,FIXED_WINDOW_ATTENTION,18
1330.5,FIXED_WINDOW_ATTENTION,18
1331.0,FIXED_WINDOW_ATTENTION,18
1331.5,FIXED_WINDOW_ATTENTION,18
1332.0,FIXED_WINDOW_ATTENTION,18
1332.5,FIXED_WINDOW_ATTENTION,18
1333.0,FIXED_WINDOW_ATTENTION,18
1333.5,FIXED_WINDOW_ATTENTION,18
1334.0,FIXED_WINDOW_ATTENTION,18
1334.5,FIXED_WINDOW_ATTENTION,18
1335.0,FIXED_WINDOW_ATTENTION,18
1335.5,FIXED_WINDOW_ATTENTION,18
1336.0,FIXED_WINDOW_ATTENTION,18
1336.5,FIXED_WINDOW_ATTENTION,18
1337.0,FIXED_WINDOW_ATTENTION,18
1337.5,FIXED_WINDOW_ATTENTION,18
1338.0,FIXED_WINDOW_ATTENTION,18
1338.5,FIXED_WINDOW_ATTENTION,18
1339.0,FIXED_WINDOW_ATTENTION,18
1339.5,FIXED_WINDOW_ATTENTION,18
1340.0,FIXED_WINDOW_ATTENTION,18
1340.5,FIXED_WINDOW_ATTENTION,18
1341.0,FIXED_WINDOW_ATTENTION,18
1341.5,FIXED_WINDOW_ATTENTION,18
1342.0,FIXED_WINDOW_ATTENTION,18
1342.5,FIXED_WINDOW_ATTENTION,18
1343.0,FIXED_WINDOW_ATTENTION,18
1343.5,FIXED_WINDOW_ATTENTION,18
1344.0,FIXED_WINDOW_ATTENTION,18
1344.5,FIXED_WINDOW_ATTENTION,18
1345.0,FIXED_WINDOW_ATTENTION,18
1345.5,FIXED_WINDOW_ATTENTION,18
1346.0,FIXED_WINDOW_ATTENTION,18
1346.5,FIXED_WINDOW_ATTENTION,18
1347.0,FIXED_WINDOW_ATTENTION,18
1347.5,FIXED_WINDOW_ATTENTION,18
1348.0,FIXED_WINDOW_ATTENTION,18
1348.5,FIXED_WINDOW_ATTENTION,18
1349.0,FIXED_WINDOW_ATTENTION,18
1349.5,FIXED_WINDOW_ATTENTION,18
1350.0,FIXED_WINDOW_ATTENTION,18
1350.5,FIXED_WINDOW_ATTENTION,18
1351.0,FIXED_WINDOW_ATTENTION,18
1351.5,FIXED_WINDOW_ATTENTION,18
1352.0,FIXED_WINDOW_ATTENTION,18
1352.5,FIXED_WINDOW_ATTENTION,18
1353.0,FIXED_WINDOW_ATTENTION,18
1353.5,FIXED_WINDOW_ATTENTION,18
1354.0,FIXED_WINDOW_ATTENTION,18
1354.5,FIXED_WINDOW_ATTENTION,18
1355.0,FIXED_WINDOW_ATTENTION,18
1355.5,FIXED_WINDOW_ATTENTION,18
1356.0,FIXED_WINDOW_ATTENTION,18
1356.5,FIXED_WINDOW_ATTENTION,18
1357.0,FIXED_WINDOW_ATTENTION,18
1357.5,FIXED_WINDOW_ATTENTION,18
1358.0,FIXED_WINDOW_ATTENTION,18
1358.5,FIXED_WINDOW_ATTENTION,18
1359.0,FIXED_WINDOW_ATTENTION,18
1359.5,FIXED_WINDOW_ATTENTION,18
1360.0,FIXED_WINDOW_ATTENTION,18
1360.5,FIXED_WINDOW_ATTENTION,18
1361.0,FIXED_WINDOW_ATTENTION,18
1361.5,FIXED_WINDOW_ATTENTION,18
1362.0,FIXED_WINDOW_ATTENTION,18
1362.5,FIXED_WINDOW_ATTENTION,18
1363.0,FIXED_WINDOW_ATTENTION,18
1363.5,FIXED_WINDOW_ATTENTION,18
1364.0,FIXED_WINDOW_ATTENTION,18
1364.5,FIXED_WINDOW_ATTENTION,18
1365.0,FIXED_WINDOW_ATTENTION,18
1365.5,FIXED_WINDOW_ATTENTION,18
1366.0,FIXED_WINDOW_ATTENTION,18
1366.5,FIXED_WINDOW_ATTENTION,18
1367.0,FIXED_WINDOW_ATTENTION,18
1367.5,FIXED_WINDOW_ATTENTION,10
1368.0,FIXED_WINDOW_ATTENTION,10
1368.5,FIXED_WINDOW_ATTENTION,10
1369.0,FIXED_WINDOW_ATTENTION,10
1369.5,FIXED_WINDOW_ATTENTION,10
1370.0,FIXED_WINDOW_ATTENTION,10
1370.5,FIXED_WINDOW_ATTENTION,10
1371.0,FIXED_WINDOW_ATTENTION,10
1371.5,FIXED_WINDOW_ATTENTION,10
1372.0,FIXED_WINDOW_ATTENTION,10
1372.5,FIXED_WINDOW_ATTENTION,10
1373.0,FIXED_WINDOW_ATTENTION,10
1373.5,FIXED_WINDOW_ATTENTION,10
1374.0,FIXED_WINDOW_ATTENTION,10
1374.5,FIXED_WINDOW_ATTENTION,10
1375.0,FIXED_WINDOW_ATTENTION,10
1375.5,FIXED_WINDOW_ATTENTION,10
1376.0,FIXED_WINDOW_ATTENTION,10
1376.5,FIXED_WINDOW_ATTENTION,10
1377.0,FIXED_WINDOW_ATTENTION,10
1377.5,FIXED_WINDOW_ATTENTION,10
1378.0,FIXED_WINDOW_ATTENTION,10
1378.5,FIXED_WINDOW_ATTENTION,10
1379.0,FIXED_WINDOW_ATTENTION,10
1379.5,FIXED_WINDOW_ATTENTION,10
1380.0,FIXED_WINDOW_ATTENTION,10
1380.5,FIXED_WINDOW_ATTENTION,10
1381.0,FIXED_WINDOW_ATTENTION,10
1381.5,FIXED_WINDOW_ATTENTION,10
1382.0,FIXED_WINDOW_ATTENTION,10
1382.5,FIXED_WINDOW_ATTENTION,10
1383.0,FIXED_WINDOW_ATTENTION,10
1383.5,FIXED_WINDOW_ATTENTION,10
1384.0,FIXED_WINDOW_ATTENTION,10
1384.5,FIXED_WINDOW_ATTENTION,10
1385.0,FIXED_WINDOW_ATTENTION,10
1385.5,FIXED_WINDOW_ATTENTION,10
1386.0,FIXED_WINDOW_ATTENTION,10
1386.5,FIXED_WINDOW_ATTENTION,10
1387.0,FIXED_WINDOW_ATTENTION,10
1387.5,FIXED_WINDOW_ATTENTION,10
1388.0,FIXED_WINDOW_ATTENTION,10
1388.5,FIXED_WINDOW_ATTENTION,10
1389.0,FIXED_WINDOW_ATTENTION,10
1389.5,FIXED_WINDOW_ATTENTION,10
1390.0,FIXED_WINDOW_ATTENTION,10
1390.5,FIXED_WINDOW_ATTENTION,10
1391.0,FIXED_WINDOW_ATTENTION,10
1391.5,FIXED_WINDOW_ATTENTION,10
1392.0,FIXED_WINDOW_ATTENTION,10
1392.5,FIXED_WINDOW_ATTENTION,10
1393.0,FIXED_WINDOW_ATTENTION,10
1393.5,FIXED_WINDOW_ATTENTION,10
1394.0,FIXED_WINDOW_ATTENTION,10
1394.5,FIXED_WINDOW_ATTENTION,10
1395.0,FIXED_WINDOW_ATTENTION,10
1395.5,FIXED_WINDOW_ATTENTION,10
1396.0,FIXED_WINDOW_ATTENTION,10
1396.5,FIXED_WINDOW_ATTENTION,10
1397.0,FIXED_WINDOW_ATTENTION,18
1397.5,FIXED_WINDOW_ATTENTION,18
1398.0,FIXED_WINDOW_ATTENTION,18
1398.5,FIXED_WINDOW_ATTENTION,18
1399.0,FIXED_WINDOW_ATTENTION,18
1399.5,FIXED_WINDOW_ATTENTION,18
1400.0,FIXED_WINDOW_ATTENTION,18
1400.5,FIXED_WINDOW_ATTENTION,18
1401.0,FIXED_WINDOW_ATTENTION,18
1401.5,FIXED_WINDOW_ATTENTION,18
1402.0,FIXED_WINDOW_ATTENTION,18
1402.5,FIXED_WINDOW_ATTENTION,18
1403.0,FIXED_WINDOW_ATTENTION,18
1403.5,FIXED_WINDOW_ATTENTION,18
1404.0,FIXED_WINDOW_ATTENTION,18
1404.5,FIXED_WINDOW_ATTENTION,18
1405.0,FIXED_WINDOW_ATTENTION,18
1405.5,FIXED_WINDOW_ATTENTION,18
1406.0,FIXED_WINDOW_ATTENTION,18
1406.5,FIXED_WINDOW_ATTENTION,18
1407.0,FIXED_WINDOW_ATTENTION,18
1407.5,FIXED_WINDOW_ATTENTION,18
1408.0,FIXED_WINDOW_ATTENTION,18
1408.5,FIXED_WINDOW_ATTENTION,18
1409.0,FIXED_WINDOW_ATTENTION,18
1409.5,FIXED_WINDOW_ATTENTION,18
1410.0,FIXED_WINDOW_ATTENTION,18
1410.5,FIXED_WINDOW_ATTENTION,18
1411.0,FIXED_WINDOW_ATTENTION,18
1411.5,FIXED_WINDOW_ATTENTION,18
1412.0,FIXED_WINDOW_ATTENTION,18
1412.5,FIXED_WINDOW_ATTENTION,18
1413.0,FIXED_WINDOW_ATTENTION,18
1413.5,FIXED_WINDOW_ATTENTION,18
1414.0,FIXED_WINDOW_ATTENTION,18
1414.5,FIXED_WINDOW_ATTENTION,18
1415.0,FIXED_WINDOW_ATTENTION,18
1415.5,FIXED_WINDOW_ATTENTION,18
1416.0,FIXED_WINDOW_ATTENTION,18
1416.5,FIXED_WINDOW_ATTENTION,18
1417.0,FIXED_WINDOW_ATTENTION,18
1417.5,FIXED_WINDOW_ATTENTION,18
1418.0,FIXED_WINDOW_ATTENTION,18
1418.5,FIXED_WINDOW_ATTENTION,18
1419.0,FIXED_WINDOW_ATTENTION,18
1419.5,FIXED_WINDOW_ATTENTION,18
1420.0,FIXED_WINDOW_ATTENTION,18
1420.5,FIXED_WINDOW_ATTENTION,18
1421.0,FIXED_WINDOW_ATTENTION,18
1421.5,FIXED_WINDOW_ATTENTION,18
1422.0,FIXED_WINDOW_ATTENTION,18
1422.5,FIXED_WINDOW_ATTENTION,18
1423.0,FIXED_WINDOW_ATTENTION,18
1423.5,FIXED_WINDOW_ATTENTION,18
1424.0,FIXED_WINDOW_ATTENTION,18
1424.5,FIXED_WINDOW_ATTENTION,18
1425.0,FIXED_WINDOW_ATTENTION,18
1425.5,FIXED_WINDOW_ATTENTION,18
1426.0,FIXED_WINDOW_ATTENTION,18
1426.5,FIXED_WINDOW_ATTENTION,18
1427.0,FIXED_WINDOW_ATTENTION,18
1427.5,FIXED_WINDOW_ATTENTION,18
1428.0,FIXED_WINDOW_ATTENTION,18
1428.5,FIXED_WINDOW_ATTENTION,18
1429.0,FIXED_WINDOW_ATTENTION,18
1429.5,FIXED_WINDOW_ATTENTION,18
1430.0,FIXED_WINDOW_ATTENTION,18
1430.5,FIXED_WINDOW_ATTENTION,18
1431.0,FIXED_WINDOW_ATTENTION,18
1431.5,FIXED_WINDOW_ATTENTION,18
1432.0,FIXED_WINDOW_ATTENTION,18
1432.5,FIXED_WINDOW_ATTENTION,18
1433.0,FIXED_WINDOW_ATTENTION,18
1433.5,FIXED_WINDOW_ATTENTION,18
1434.0,FIXED_WINDOW_ATTENTION,18
1434.5,FIXED_WINDOW_ATTENTION,18
1435.0,FIXED_WINDOW_ATTENTION,18
1435.5,FIXED_WINDOW_ATTENTION,18
1436.0,FIXED_WINDOW_ATTENTION,18
1436.5,FIXED_WINDOW_ATTENTION,18
1437.0,FIXED_WINDOW_ATTENTION,18
1437.5,FIXED_WINDOW_ATTENTION,18
1438.0,FIXED_WINDOW_ATTENTION,18
1438.5,FIXED_WINDOW_ATTENTION,18
1439.0,FIXED_WINDOW_ATTENTION,18
1439.5,FIXED_WINDOW_ATTENTION,18
1440.0,FIXED_WINDOW_ATTENTION,0
1440.5,FIXED_WINDOW_ATTENTION,0
1441.0,FIXED_WINDOW_ATTENTION,0
1441.5,FIXED_WINDOW_ATTENTION,0
1442.0,FIXED_WINDOW_ATTENTION,0
1442.5,FIXED_WINDOW_ATTENTION,0
1443.0,FIXED_WINDOW_ATTENTION,0
1443.5,FIXED_WINDOW_ATTENTION,0
1444.0,FIXED_WINDOW_ATTENTION,0
1444.5,FIXED_WINDOW_ATTENTION,0
1445.0,FIXED_WINDOW_ATTENTION,0
1445.5,FIXED_WINDOW_ATTENTION,0
1446.0,FIXED_WINDOW_ATTENTION,0
1446.5,FIXED_WINDOW_ATTENTION,0
1447.0,FIXED_WINDOW_ATTENTION,0
1447.5,FIXED_WINDOW_ATTENTION,0
1448.0,FIXED_WINDOW_ATTENTION,0
1448.5,FIXED_WINDOW_ATTENTION,0
1449.0,FIXED_WINDOW_ATTENTION,0
1449.5,FIXED_WINDOW_ATTENTION,0
1450.0,FIXED_WINDOW_ATTENTION,0
1450.5,FIXED_WINDOW_ATTENTION,0
1451.0,FIXED_WINDOW_ATTENTION,0
1451.5,FIXED_WINDOW_ATTENTION,0
1452.0,FIXED_WINDOW_ATTENTION,0
1452.5,FIXED_WINDOW_ATTENTION,0
1453.0,FIXED_WINDOW_ATTENTION,0
1453.5,FIXED_WINDOW_ATTENTION,0
1454.0,FIXED_WINDOW_ATTENTION,0
1454.5,FIXED_WINDOW_ATTENTION,0
1455.0,FIXED_WINDOW_ATTENTION,0
1455.5,FIXED_WINDOW_ATTENTION,0
1456.0,FIXED_WINDOW_ATTENTION,0
1456.5,FIXED_WINDOW_ATTENTION,0
1457.0,FIXED_WINDOW_ATTENTION,0
1457.5,FIXED_WINDOW_ATTENTION,0
1458.0,FIXED_WINDOW_ATTENTION,0
1458.5,FIXED_WINDOW_ATTENTION,0
1459.0,FIXED_WINDOW_ATTENTION,0
1459.5,FIXED_WINDOW_ATTENTION,0
1460.0,FIXED_WINDOW_ATTENTION,0
1460.5,FIXED_WINDOW_ATTENTION,0
1461.0,FIXED_WINDOW_ATTENTION,0
1461.5,FIXED_WINDOW_ATTENTION,0
1462.0,FIXED_WINDOW_ATTENTION,0
1462.5,FIXED_WINDOW_ATTENTION,0
1463.0,FIXED_WINDOW_ATTENTION,0
1463.5,FIXED_WINDOW_ATTENTION,0
1464.0,FIXED_WINDOW_ATTENTION,0
1464.5,FIXED_WINDOW_ATTENTION,0
1465.0,FIXED_WINDOW_ATTENTION,0
1465.5,FIXED_WINDOW_ATTENTION,0
1466.0,FIXED_WINDOW_ATTENTION,0
1466.5,FIXED_WINDOW_ATTENTION,0
1467.0,FIXED_WINDOW_ATTENTION,0
1467.5,FIXED_WINDOW_ATTENTION,0
1468.0,FIXED_WINDOW_ATTENTION,0
1468.5,FIXED_WINDOW_ATTENTION,0
1469.0,FIXED_WINDOW_ATTENTION,0
1469.5,FIXED_WINDOW_ATTENTION,0
1470.0,FIXED_WINDOW_ATTENTION,0
1470.5,FIXED_WINDOW_ATTENTION,0
1471.0,FIXED_WINDOW_ATTENTION,0
1471.5,FIXED_WINDOW_ATTENTION,0
1472.0,FIXED_WINDOW_ATTENTION,0
1472.5,FIXED_WINDOW_ATTENTION,0
1473.0,FIXED_WINDOW_ATTENTION,0
1473.5,FIXED_WINDOW_ATTENTION,0
1474.0,FIXED_WINDOW_ATTENTION,0
1474.5,FIXED_WINDOW_ATTENTION,0
1475.0,FIXED_WINDOW_ATTENTION,0
1475.5,FIXED_WINDOW_ATTENTION,0
1476.0,FIXED_WINDOW_ATTENTION,0
1476.5,FIXED_WINDOW_ATTENTION,0
1477.0,FIXED_WINDOW_ATTENTION,0
1477.5,FIXED_WINDOW_ATTENTION,0
1478.0,FIXED_WINDOW_ATTENTION,0
1478.5,FIXED_WINDOW_ATTENTION,0
1479.0,FIXED_WINDOW_ATTENTION,0
1479.5,FIXED_WINDOW_ATTENTION,0
1480.0,FIXED_WINDOW_ATTENTION,0
1480.5,FIXED_WINDOW_ATTENTION,0
1481.0,FIXED_WINDOW_ATTENTION,0
1481.5,FIXED_WINDOW_ATTENTION,0
1482.0,FIXED_WINDOW_ATTENTION,0
1482.5,FIXED_WINDOW_ATTENTION,0
1483.0,FIXED_WINDOW_ATTENTION,0
1483.5,FIXED_WINDOW_ATTENTION,0
1484.0,FIXED_WINDOW_ATTENTION,0
1484.5,FIXED_WINDOW_ATTENTION,0
1485.0,FIXED_WINDOW_ATTENTION,0
1485.5,FIXED_WINDOW_ATTENTION,0
1486.0,FIXED_WINDOW_ATTENTION,0
1486.5,FIXED_WINDOW_ATTENTION,0
1487.0,FIXED_WINDOW_ATTENTION,0
1487.5,FIXED_WINDOW_ATTENTION,0
1488.0,FIXED_WINDOW_ATTENTION,0
1488.5,FIXED_WINDOW_ATTENTION,0
1489.0,FIXED_WINDOW_ATTENTION,0
1489.5,FIXED_WINDOW_ATTENTION,0
1490.0,FIXED_WINDOW_ATTENTION,0
1490.5,FIXED_WINDOW_ATTENTION,0
1491.0,FIXED_WINDOW_ATTENTION,0
1491.5,FIXED_WINDOW_ATTENTION,0
1492.0,FIXED_WINDOW_ATTENTION,0
1492.5,FIXED_WINDOW_ATTENTION,0
1493.0,FIXED_WINDOW_ATTENTION,0
1493.5,FIXED_WINDOW_ATTENTION,0
1494.0,FIXED_WINDOW_ATTENTION,0
1494.5,FIXED_WINDOW_ATTENTION,0
1495.0,FIXED_WINDOW_ATTENTION,0
1495.5,FIXED_WINDOW_ATTENTION,0
1496.0,FIXED_WINDOW_ATTENTION,0
1496.5,FIXED_WINDOW_ATTENTION,0
1497.0,FIXED_WINDOW_ATTENTION,0
1497.5,FIXED_WINDOW_ATTENTION,0
1498.0,FIXED_WINDOW_ATTENTION,0
1498.5,FIXED_WINDOW_ATTENTION,0
1499.0,FIXED_WINDOW_ATTENTION,0
1499.5,FIXED_WINDOW_ATTENTION,0
1500.0,FIXED_WINDOW_ATTENTION,0
1500.5,FIXED_WINDOW_ATTENTION,0
1501.0,FIXED_WINDOW_ATTENTION,0
1501.5,FIXED_WINDOW_ATTENTION,0
1502.0,FIXED_WINDOW_ATTENTION,0
1502.5,FIXED_WINDOW_ATTENTION,0
1503.0,FIXED_WINDOW_ATTENTION,0
1503.5,FIXED_WINDOW_ATTENTION,0
1504.0,FIXED_WINDOW_ATTENTION,0
1504.5,FIXED_WINDOW_ATTENTION,0
1505.0,FIXED_WINDOW_ATTENTION,0
1505.5,FIXED_WINDOW_ATTENTION,0
1506.0,FIXED_WINDOW_ATTENTION,0
1506.5,FIXED_WINDOW_ATTENTION,0
1507.0,FIXED_WINDOW_ATTENTION,0
1507.5,FIXED_WINDOW_ATTENTION,0
1508.0,FIXED_WINDOW_ATTENTION,0
1508.5,FIXED_WINDOW_ATTENTION,0
1509.0,FIXED_WINDOW_ATTENTION,0
1509.5,FIXED_WINDOW_ATTENTION,0
1510.0,FIXED_WINDOW_ATTENTION,0
1510.5,FIXED_WINDOW_ATTENTION,0
1511.0,FIXED_WINDOW_ATTENTION,0
1511.5,FIXED_WINDOW_ATTENTION,0
1512.0,FIXED_WINDOW_ATTENTION,0
1512.5,FIXED_WINDOW_ATTENTION,0
1513.0,FIXED_WINDOW_ATTENTION,0
1513.5,FIXED_WINDOW_ATTENTION,0
1514.0,FIXED_WINDOW_ATTENTION,0
1514.5,FIXED_WINDOW_ATTENTION,0
1515.0,FIXED_WINDOW_ATTENTION,0
1515.5,FIXED_WINDOW_ATTENTION,0
1516.0,FIXED_WINDOW_ATTENTION,0
1516.5,FIXED_WINDOW_ATTENTION,0
1517.0,FIXED_WINDOW_ATTENTION,0
1517.5,FIXED_WINDOW_ATTENTION,0
1518.0,FIXED_WINDOW_ATTENTION,0
1518.5,FIXED_WINDOW_ATTENTION,0
1519.0,FIXED_WINDOW_ATTENTION,0
1519.5,FIXED_WINDOW_ATTENTION,0
1520.0,FIXED_WINDOW_ATTENTION,0
1520.5,FIXED_WINDOW_ATTENTION,0
1521.0,FIXED_WINDOW_ATTENTION,18
1521.5,FIXED_WINDOW_ATTENTION,18
1522.0,FIXED_WINDOW_ATTENTION,18
1522.5,FIXED_WINDOW_ATTENTION,18
1523.0,FIXED_WINDOW_ATTENTION,18
1523.5,FIXED_WINDOW_ATTENTION,18
1524.0,FIXED_WINDOW_ATTENTION,18
1524.5,FIXED_WINDOW_ATTENTION,18
1525.0,FIXED_WINDOW_ATTENTION,18
1525.5,FIXED_WINDOW_ATTENTION,18
1526.0,FIXED_WINDOW_ATTENTION,18
1526.5,FIXED_WINDOW_ATTENTION,18
1527.0,FIXED_WINDOW_ATTENTION,18
1527.5,FIXED_WINDOW_ATTENTION,18
1528.0,FIXED_WINDOW_ATTENTION,18
1528.5,FIXED_WINDOW_ATTENTION,18
1529.0,FIXED_WINDOW_ATTENTION,18
1529.5,FIXED_WINDOW_ATTENTION,18
1530.0,FIXED_WINDOW_ATTENTION,18
1530.5,FIXED_WINDOW_ATTENTION,18
1531.0,FIXED_WINDOW_ATTENTION,18
1531.5,FIXED_WINDOW_ATTENTION,18
1532.0,FIXED_WINDOW_ATTENTION,18
1532.5,FIXED_WINDOW_ATTENTION,18
1533.0,FIXED_WINDOW_ATTENTION,18
1533.5,FIXED_WINDOW_ATTENTION,18
1534.0,FIXED_WINDOW_ATTENTION,18
1534.5,FIXED_WINDOW_ATTENTION,18
1535.0,FIXED_WINDOW_ATTENTION,18
1535.5,FIXED_WINDOW_ATTENTION,18
1536.0,FIXED_WINDOW_ATTENTION,18
1536.5,FIXED_WINDOW_ATTENTION,18
1537.0,FIXED_WINDOW_ATTENTION,18
1537.5,FIXED_WINDOW_ATTENTION,18
1538.0,FIXED_WINDOW_ATTENTION,18
1538.5,FIXED_WINDOW_ATTENTION,18
1539.0,FIXED_WINDOW_ATTENTION,18
1539.5,FIXED_WINDOW_ATTENTION,6
1540.0,FIXED_WINDOW_ATTENTION,6
1540.5,FIXED_WINDOW_ATTENTION,6
1541.0,FIXED_WINDOW_ATTENTION,6
1541.5,FIXED_WINDOW_ATTENTION,6
1542.0,FIXED_WINDOW_ATTENTION,6
1542.5,FIXED_WINDOW_ATTENTION,6
1543.0,FIXED_WINDOW_ATTENTION,6
1543.5,FIXED_WINDOW_ATTENTION,6
1544.0,FIXED_WINDOW_ATTENTION,6
1544.5,FIXED_WINDOW_ATTENTION,6
1545.0,FIXED_WINDOW_ATTENTION,6
1545.5,FIXED_WINDOW_ATTENTION,6
1546.0,FIXED_WINDOW_ATTENTION,6
1546.5,FIXED_WINDOW_ATTENTION,6
1547.0,FIXED_WINDOW_ATTENTION,6
1547.5,FIXED_WINDOW_ATTENTION,6
1548.0,FIXED_WINDOW_ATTENTION,6
1548.5,FIXED_WINDOW_ATTENTION,6
1549.0,FIXED_WINDOW_ATTENTION,6
1549.5,FIXED_WINDOW_ATTENTION,6
1550.0,FIXED_WINDOW_ATTENTION,6
1550.5,FIXED_WINDOW_ATTENTION,6
1551.0,FIXED_WINDOW_ATTENTION,6
1551.5,FIXED_WINDOW_ATTENTION,6
1552.0,FIXED_WINDOW_ATTENTION,6
1552.5,FIXED_WINDOW_ATTENTION,6
1553.0,FIXED_WINDOW_ATTENTION,6
1553.5,FIXED_WINDOW_ATTENTION,6
1554.0,FIXED_WINDOW_ATTENTION,6
1554.5,FIXED_WINDOW_ATTENTION,6
1555.0,FIXED_WINDOW_ATTENTION,6
1555.5,FIXED_WINDOW_ATTENTION,6
1556.0,FIXED_WINDOW_ATTENTION,6
1556.5,FIXED_WINDOW_ATTENTION,6
1557.0,FIXED_WINDOW_ATTENTION,6
1557.5,FIXED_WINDOW_ATTENTION,6
1558.0,FIXED_WINDOW_ATTENTION,6
1558.5,FIXED_WINDOW_ATTENTION,6
1559.0,FIXED_WINDOW_ATTENTION,6
1559.5,FIXED_WINDOW_ATTENTION,6
1560.0,FIXED_WINDOW_ATTENTION,6
1560.5,FIXED_WINDOW_ATTENTION,6
1561.0,FIXED_WINDOW_ATTENTION,6
1561.5,FIXED_WINDOW_ATTENTION,6
1562.0,FIXED_WINDOW_ATTENTION,6
1562.5,FIXED_WINDOW_ATTENTION,6
1563.0,FIXED_WINDOW_ATTENTION,6
1563.5,FIXED_WINDOW_ATTENTION,6
1564.0,FIXED_WINDOW_ATTENTION,6
1564.5,FIXED_WINDOW_ATTENTION,6
1565.0,FIXED_WINDOW_ATTENTION,6
1565.5,FIXED_WINDOW_ATTENTION,6
1566.0,FIXED_WINDOW_ATTENTION,6
1566.5,FIXED_WINDOW_ATTENTION,6
1567.0,FIXED_WINDOW_ATTENTION,6
1567.5,FIXED_WINDOW_ATTENTION,6
1568.0,FIXED_WINDOW_ATTENTION,6
1568.5,FIXED_WINDOW_ATTENTION,6
1569.0,FIXED_WINDOW_ATTENTION,6
1569.5,FIXED_WINDOW_ATTENTION,6
1570.0,FIXED_WINDOW_ATTENTION,6
1570.5,FIXED_WINDOW_ATTENTION,6
1571.0,FIXED_WINDOW_ATTENTION,6
1571.5,FIXED_WINDOW_ATTENTION,6
1572.0,FIXED_WINDOW_ATTENTION,6
1572.5,FIXED_WINDOW_ATTENTION,6
1573.0,FIXED_WINDOW_ATTENTION,6
1573.5,FIXED_WINDOW_ATTENTION,6
1574.0,FIXED_WINDOW_ATTENTION,6
1574.5,FIXED_WINDOW_ATTENTION,6
1575.0,FIXED_WINDOW_ATTENTION,6
1575.5,FIXED_WINDOW_ATTENTION,6
1576.0,FIXED_WINDOW_ATTENTION,6
1576.5,FIXED_WINDOW_ATTENTION,6
1577.0,FIXED_WINDOW_ATTENTION,6
1577.5,FIXED_WINDOW_ATTENTION,6
1578.0,FIXED_WINDOW_ATTENTION,6
1578.5,FIXED_WINDOW_ATTENTION,6
1579.0,FIXED_WINDOW_ATTENTION,6
1579.5,FIXED_WINDOW_ATTENTION,6
1580.0,FIXED_WINDOW_ATTENTION,6
1580.5,FIXED_WINDOW_ATTENTION,6
1581.0,FIXED_WINDOW_ATTENTION,6
1581.5,FIXED_WINDOW_ATTENTION,6
1582.0,FIXED_WINDOW_ATTENTION,6
1582.5,FIXED_WINDOW_ATTENTION,6
1583.0,FIXED_WINDOW_ATTENTION,6
1583.5,FIXED_WINDOW_ATTENTION,6
1584.0,FIXED_WINDOW_ATTENTION,6
1584.5,FIXED_WINDOW_ATTENTION,6
1585.0,FIXED_WINDOW_ATTENTION,6
1585.5,FIXED_WINDOW_ATTENTION,6
1586.0,FIXED_WINDOW_ATTENTION,6
1586.5,FIXED_WINDOW_ATTENTION,6
1587.0,FIXED_WINDOW_ATTENTION,6
1587.5,FIXED_WINDOW_ATTENTION,6
1588.0,FIXED_WINDOW_ATTENTION,6
1588.5,FIXED_WINDOW_ATTENTION,6
1589.0,FIXED_WINDOW_ATTENTION,6
1589.5,FIXED_WINDOW_ATTENTION,6
1590.0,FIXED_WINDOW_ATTENTION,6
1590.5,FIXED_WINDOW_ATTENTION,6
1591.0,FIXED_WINDOW_ATTENTION,6
1591.5,FIXED_WINDOW_ATTENTION,6
1592.0,FIXED_WINDOW_ATTENTION,6
1592.5,FIXED_WINDOW_ATTENTION,6
1593.0,FIXED_WINDOW_ATTENTION,6
1593.5,FIXED_WINDOW_ATTENTION,6
1594.0,FIXED_WINDOW_ATTENTION,6
1594.5,FIXED_WINDOW_ATTENTION,6
1595.0,FIXED_WINDOW_ATTENTION,6
1595.5,FIXED_WINDOW_ATTENTION,6
1596.0,FIXED_WINDOW_ATTENTION,6
1596.5,FIXED_WINDOW_ATTENTION,6
1597.0,FIXED_WINDOW_ATTENTION,6
1597.5,FIXED_WINDOW_ATTENTION,6
1598.0,FIXED_WINDOW_ATTENTION,6
1598.5,FIXED_WINDOW_ATTENTION,6
1599.0,FIXED_WINDOW_ATTENTION,6
1599.5,FIXED_WINDOW_ATTENTION,6
1600.0,FIXED_WINDOW_ATTENTION,6
1600.5,FIXED_WINDOW_ATTENTION,6
1601.0,FIXED_WINDOW_ATTENTION,6
1601.5,FIXED_WINDOW_ATTENTION,6
1602.0,FIXED_WINDOW_ATTENTION,6
1602.5,FIXED_WINDOW_ATTENTION,6
1603.0,FIXED_WINDOW_ATTENTION,6
1603.5,FIXED_WINDOW_ATTENTION,6
1604.0,FIXED_WINDOW_ATTENTION,6
1604.5,FIXED_WINDOW_ATTENTION,6
1605.0,FIXED_WINDOW_ATTENTION,6
1605.5,FIXED_WINDOW_ATTENTION,6
1606.0,FIXED_WINDOW_ATTENTION,6
1606.5,FIXED_WINDOW_ATTENTION,6
1607.0,FIXED_WINDOW_ATTENTION,6
1607.5,FIXED_WINDOW_ATTENTION,6
1608.0,FIXED_WINDOW_ATTENTION,6
1608.5,FIXED_WINDOW_ATTENTION,6
1609.0,FIXED_WINDOW_ATTENTION,6
1609.5,FIXED_WINDOW_ATTENTION,6
1610.0,FIXED_WINDOW_ATTENTION,6
1610.5,FIXED_WINDOW_ATTENTION,6
1611.0,FIXED_WINDOW_ATTENTION,6
1611.5,FIXED_WINDOW_ATTENTION,6
1612.0,FIXED_WINDOW_ATTENTION,6
1612.5,FIXED_WINDOW_ATTENTION,6
1613.0,FIXED_WINDOW_ATTENTION,6
1613.5,FIXED_WINDOW_ATTENTION,6
1614.0,FIXED_WINDOW_ATTENTION,6
1614.5,FIXED_WINDOW_ATTENTION,6
1615.0,FIXED_WINDOW_ATTENTION,6
1615.5,FIXED_WINDOW_ATTENTION,6
1616.0,FIXED_WINDOW_ATTENTION,6
1616.5,FIXED_WINDOW_ATTENTION,6
1617.0,FIXED_WINDOW_ATTENTION,6
1617.5,FIXED_WINDOW_ATTENTION,6
1618.0,FIXED_WINDOW_ATTENTION,6
1618.5,FIXED_WINDOW_ATTENTION,6
1619.0,FIXED_WINDOW_ATTENTION,6
1619.5,FIXED_WINDOW_ATTENTION,6
1620.0,FIXED_WINDOW_ATTENTION,6
1620.5,FIXED_WINDOW_ATTENTION,6
1621.0,FIXED_WINDOW_ATTENTION,6
1621.5,FIXED_WINDOW_ATTENTION,6
1622.0,FIXED_WINDOW_ATTENTION,6
1622.5,FIXED_WINDOW_ATTENTION,6
1623.0,FIXED_WINDOW_ATTENTION,6
1623.5,FIXED_WINDOW_ATTENTION,6
1624.0,FIXED_WINDOW_ATTENTION,6
1624.5,FIXED_WINDOW_ATTENTION,6
1625.0,FIXED_WINDOW_ATTENTION,6
1625.5,FIXED_WINDOW_ATTENTION,6
1626.0,FIXED_WINDOW_ATTENTION,6
1626.5,FIXED_WINDOW_ATTENTION,6
1627.0,FIXED_WINDOW_ATTENTION,6
1627.5,FIXED_WINDOW_ATTENTION,6
1628.0,FIXED_WINDOW_ATTENTION,6
1628.5,FIXED_WINDOW_ATTENTION,6
1629.0,FIXED_WINDOW_ATTENTION,6
1629.5,FIXED_WINDOW_ATTENTION,6
1630.0,FIXED_WINDOW_ATTENTION,6
1630.5,FIXED_WINDOW_ATTENTION,6
1631.0,FIXED_WINDOW_ATTENTION,6
1631.5,FIXED_WINDOW_ATTENTION,6
1632.0,FIXED_WINDOW_ATTENTION,6
1632.5,FIXED_WINDOW_ATTENTION,6
1633.0,FIXED_WINDOW_ATTENTION,6
1633.5,FIXED_WINDOW_ATTENTION,6
1634.0,FIXED_WINDOW_ATTENTION,6
1634.5,FIXED_WINDOW_ATTENTION,6
1635.0,FIXED_WINDOW_ATTENTION,6
1635.5,FIXED_WINDOW_ATTENTION,6
1636.0,FIXED_WINDOW_ATTENTION,6
1636.5,FIXED_WINDOW_ATTENTION,6
1637.0,FIXED_WINDOW_ATTENTION,6
1637.5,FIXED_WINDOW_ATTENTION,6
1638.0,FIXED_WINDOW_ATTENTION,6
1638.5,FIXED_WINDOW_ATTENTION,6
1639.0,FIXED_WINDOW_ATTENTION,6
1639.5,FIXED_WINDOW_ATTENTION,6
1640.0,FIXED_WINDOW_ATTENTION,6
1640.5,FIXED_WINDOW_ATTENTION,6
1641.0,FIXED_WINDOW_ATTENTION,6
1641.5,FIXED_WINDOW_ATTENTION,18
1642.0,FIXED_WINDOW_ATTENTION,18
1642.5,FIXED_WINDOW_ATTENTION,18
1643.0,FIXED_WINDOW_ATTENTION,18
1643.5,FIXED_WINDOW_ATTENTION,18
1644.0,FIXED_WINDOW_ATTENTION,18
1644.5,FIXED_WINDOW_ATTENTION,18
1645.0,FIXED_WINDOW_ATTENTION,18
1645.5,FIXED_WINDOW_ATTENTION,18
1646.0,FIXED_WINDOW_ATTENTION,18
1646.5,FIXED_WINDOW_ATTENTION,18
1647.0,FIXED_WINDOW_ATTENTION,18
1647.5,FIXED_WINDOW_ATTENTION,18
1648.0,FIXED_WINDOW_ATTENTION,18
1648.5,FIXED_WINDOW_ATTENTION,18
1649.0,FIXED_WINDOW_ATTENTION,18
1649.5,FIXED_WINDOW_ATTENTION,18
1650.0,FIXED_WINDOW_ATTENTION,18
1650.5,FIXED_WINDOW_ATTENTION,18
1651.0,FIXED_WINDOW_ATTENTION,18
1651.5,FIXED_WINDOW_ATTENTION,18
1652.0,FIXED_WINDOW_ATTENTION,18
1652.5,FIXED_WINDOW_ATTENTION,18
1653.0,FIXED_WINDOW_ATTENTION,18
1653.5,FIXED_WINDOW_ATTENTION,18
1654.0,FIXED_WINDOW_ATTENTION,18
1654.5,FIXED_WINDOW_ATTENTION,18
1655.0,FIXED_WINDOW_ATTENTION,18
1655.5,FIXED_WINDOW_ATTENTION,18
1656.0,FIXED_WINDOW_ATTENTION,18
1656.5,FIXED_WINDOW_ATTENTION,18
1657.0,FIXED_WINDOW_ATTENTION,18
1657.5,FIXED_WINDOW_ATTENTION,18
1658.0,FIXED_WINDOW_ATTENTION,18
1658.5,FIXED_WINDOW_ATTENTION,18
1659.0,FIXED_WINDOW_ATTENTION,18
1659.5,FIXED_WINDOW_ATTENTION,18
1660.0,FIXED_WINDOW_ATTENTION,18
1660.5,FIXED_WINDOW_ATTENTION,18
1661.0,FIXED_WINDOW_ATTENTION,18
1661.5,FIXED_WINDOW_ATTENTION,18
1662.0,FIXED_WINDOW_ATTENTION,18
1662.5,FIXED_WINDOW_ATTENTION,18
1663.0,FIXED_WINDOW_ATTENTION,18
1663.5,FIXED_WINDOW_ATTENTION,18
1664.0,FIXED_WINDOW_ATTENTION,18
1664.5,FIXED_WINDOW_ATTENTION,18
1665.0,FIXED_WINDOW_ATTENTION,18
1665.5,FIXED_WINDOW_ATTENTION,18
1666.0,FIXED_WINDOW_ATTENTION,18
1666.5,FIXED_WINDOW_ATTENTION,18
1667.0,FIXED_WINDOW_ATTENTION,18
1667.5,FIXED_WINDOW_ATTENTION,18
1668.0,FIXED_WINDOW_ATTENTION,18
1668.5,FIXED_WINDOW_ATTENTION,18
1669.0,FIXED_WINDOW_ATTENTION,12
1669.5,FIXED_WINDOW_ATTENTION,12
1670.0,FIXED_WINDOW_ATTENTION,12
1670.5,FIXED_WINDOW_ATTENTION,12
1671.0,FIXED_WINDOW_ATTENTION,12
1671.5,FIXED_WINDOW_ATTENTION,12
1672.0,FIXED_WINDOW_ATTENTION,12
1672.5,FIXED_WINDOW_ATTENTION,12
1673.0,FIXED_WINDOW_ATTENTION,12
1673.5,FIXED_WINDOW_ATTENTION,12
1674.0,FIXED_WINDOW_ATTENTION,12
1674.5,FIXED_WINDOW_ATTENTION,12
1675.0,FIXED_WINDOW_ATTENTION,12
1675.5,FIXED_WINDOW_ATTENTION,12
1676.0,FIXED_WINDOW_ATTENTION,12
1676.5,FIXED_WINDOW_ATTENTION,12
1677.0,FIXED_WINDOW_ATTENTION,12
1677.5,FIXED_WINDOW_ATTENTION,12
1678.0,FIXED_WINDOW_ATTENTION,12
1678.5,FIXED_WINDOW_ATTENTION,12
1679.0,FIXED_WINDOW_ATTENTION,12
1679.5,FIXED_WINDOW_ATTENTION,12
1680.0,FIXED_WINDOW_ATTENTION,12
1680.5,FIXED_WINDOW_ATTENTION,12
1681.0,FIXED_WINDOW_ATTENTION,12
1681.5,FIXED_WINDOW_ATTENTION,12
1682.0,FIXED_WINDOW_ATTENTION,12
1682.5,FIXED_WINDOW_ATTENTION,12
1683.0,FIXED_WINDOW_ATTENTION,12
1683.5,FIXED_WINDOW_ATTENTION,12
1684.0,FIXED_WINDOW_ATTENTION,12
1684.5,FIXED_WINDOW_ATTENTION,12
1685.0,FIXED_WINDOW_ATTENTION,12
1685.5,FIXED_WINDOW_ATTENTION,12
1686.0,FIXED_WINDOW_ATTENTION,12
1686.5,FIXED_WINDOW_ATTENTION,12
1687.0,FIXED_WINDOW_ATTENTION,12
1687.5,FIXED_WINDOW_ATTENTION,12
1688.0,FIXED_WINDOW_ATTENTION,12
1688.5,FIXED_WINDOW_ATTENTION,12
1689.0,FIXED_WINDOW_ATTENTION,12
1689.5,FIXED_WINDOW_ATTENTION,12
1690.0,FIXED_WINDOW_ATTENTION,12
1690.5,FIXED_WINDOW_ATTENTION,12
1691.0,FIXED_WINDOW_ATTENTION,12
1691.5,FIXED_WINDOW_ATTENTION,12
1692.0,FIXED_WINDOW_ATTENTION,12
1692.5,FIXED_WINDOW_ATTENTION,12
1693.0,FIXED_WINDOW_ATTENTION,12
1693.5,FIXED_WINDOW_ATTENTION,12
1694.0,FIXED_WINDOW_ATTENTION,12
1694.5,FIXED_WINDOW_ATTENTION,12
1695.0,FIXED_WINDOW_ATTENTION,12
1695.5,FIXED_WINDOW_ATTENTION,12
1696.0,FIXED_WINDOW_ATTENTION,12
1696.5,FIXED_WINDOW_ATTENTION,12
1697.0,FIXED_WINDOW_ATTENTION,12
1697.5,FIXED_WINDOW_ATTENTION,12
1698.0,FIXED_WINDOW_ATTENTION,12
1698.5,FIXED_WINDOW_ATTENTION,12
1699.0,FIXED_WINDOW_ATTENTION,12
1699.5,FIXED_WINDOW_ATTENTION,12
1700.0,FIXED_WINDOW_ATTENTION,12
1700.5,FIXED_WINDOW_ATTENTION,12
1701.0,FIXED_WINDOW_ATTENTION,12
1701.5,FIXED_WINDOW_ATTENTION,12
1702.0,FIXED_WINDOW_ATTENTION,12
1702.5,FIXED_WINDOW_ATTENTION,12
1703.0,FIXED_WINDOW_ATTENTION,12
1703.5,FIXED_WINDOW_ATTENTION,12
1704.0,FIXED_WINDOW_ATTENTION,12
1704.5,FIXED_WINDOW_ATTENTION,12
1705.0,FIXED_WINDOW_ATTENTION,12
1705.5,FIXED_WINDOW_ATTENTION,12
1706.0,FIXED_WINDOW_ATTENTION,18
1706.5,FIXED_WINDOW_ATTENTION,18
1707.0,FIXED_WINDOW_ATTENTION,18
1707.5,FIXED_WINDOW_ATTENTION,18
1708.0,FIXED_WINDOW_ATTENTION,18
1708.5,FIXED_WINDOW_ATTENTION,18
1709.0,FIXED_WINDOW_ATTENTION,18
1709.5,FIXED_WINDOW_ATTENTION,18
1710.0,FIXED_WINDOW_ATTENTION,18
1710.5,FIXED_WINDOW_ATTENTION,18
1711.0,FIXED_WINDOW_ATTENTION,18
1711.5,FIXED_WINDOW_ATTENTION,18
1712.0,FIXED_WINDOW_ATTENTION,18
1712.5,FIXED_WINDOW_ATTENTION,18
1713.0,FIXED_WINDOW_ATTENTION,18
1713.5,FIXED_WINDOW_ATTENTION,18
1714.0,FIXED_WINDOW_ATTENTION,18
1714.5,FIXED_WINDOW_ATTENTION,18
1715.0,FIXED_WINDOW_ATTENTION,18
1715.5,FIXED_WINDOW_ATTENTION,18
1716.0,FIXED_WINDOW_ATTENTION,18
1716.5,FIXED_WINDOW_ATTENTION,18
1717.0,FIXED_WINDOW_ATTENTION,18
1717.5,FIXED_WINDOW_ATTENTION,18
1718.0,FIXED_WINDOW_ATTENTION,18
1718.5,FIXED_WINDOW_ATTENTION,18
1719.0,FIXED_WINDOW_ATTENTION,18
1719.5,FIXED_WINDOW_ATTENTION,18
1720.0,FIXED_WINDOW_ATTENTION,18
1720.5,FIXED_WINDOW_ATTENTION,18
1721.0,FIXED_WINDOW_ATTENTION,18
1721.5,FIXED_WINDOW_ATTENTION,18
1722.0,FIXED_WINDOW_ATTENTION,18
1722.5,FIXED_WINDOW_ATTENTION,18
1723.0,FIXED_WINDOW_ATTENTION,18
1723.5,FIXED_WINDOW_ATTENTION,18
1724.0,FIXED_WINDOW_ATTENTION,18
1724.5,FIXED_WINDOW_ATTENTION,18
1725.0,FIXED_WINDOW_ATTENTION,18
1725.5,FIXED_WINDOW_ATTENTION,18
1726.0,FIXED_WINDOW_ATTENTION,18
1726.5,FIXED_WINDOW_ATTENTION,18
1727.0,FIXED_WINDOW_ATTENTION,18
1727.5,FIXED_WINDOW_ATTENTION,18
1728.0,FIXED_WINDOW_ATTENTION,18
1728.5,FIXED_WINDOW_ATTENTION,18
1729.0,FIXED_WINDOW_ATTENTION,18
1729.5,FIXED_WINDOW_ATTENTION,18
1730.0,FIXED_WINDOW_ATTENTION,18
1730.5,FIXED_WINDOW_ATTENTION,18
1731.0,FIXED_WINDOW_ATTENTION,18
1731.5,FIXED_WINDOW_ATTENTION,18
1732.0,FIXED_WINDOW_ATTENTION,18
1732.5,FIXED_WINDOW_ATTENTION,18
1733.0,FIXED_WINDOW_ATTENTION,18
1733.5,FIXED_WINDOW_ATTENTION,18
1734.0,FIXED_WINDOW_ATTENTION,18
1734.5,FIXED_WINDOW_ATTENTION,18
1735.0,FIXED_WINDOW_ATTENTION,18
1735.5,FIXED_WINDOW_ATTENTION,18
1736.0,FIXED_WINDOW_ATTENTION,18
1736.5,FIXED_WINDOW_ATTENTION,18
1737.0,FIXED_WINDOW_ATTENTION,18
1737.5,FIXED_WINDOW_ATTENTION,18
1738.0,FIXED_WINDOW_ATTENTION,18
1738.5,FIXED_WINDOW_ATTENTION,18
1739.0,FIXED_WINDOW_ATTENTION,18
1739.5,FIXED_WINDOW_ATTENTION,18
1740.0,FIXED_WINDOW_ATTENTION,18
1740.5,FIXED_WINDOW_ATTENTION,18
1741.0,FIXED_WINDOW_ATTENTION,18
1741.5,FIXED_WINDOW_ATTENTION,18
1742.0,FIXED_WINDOW_ATTENTION,18
1742.5,FIXED_WINDOW_ATTENTION,18
1743.0,FIXED_WINDOW_ATTENTION,12
1743.5,FIXED_WINDOW_ATTENTION,12
1744.0,FIXED_WINDOW_ATTENTION,12
1744.5,FIXED_WINDOW_ATTENTION,12
1745.0,FIXED_WINDOW_ATTENTION,12
1745.5,FIXED_WINDOW_ATTENTION,12
1746.0,FIXED_WINDOW_ATTENTION,12
1746.5,FIXED_WINDOW_ATTENTION,12
1747.0,FIXED_WINDOW_ATTENTION,12
1747.5,FIXED_WINDOW_ATTENTION,12
1748.0,FIXED_WINDOW_ATTENTION,12
1748.5,FIXED_WINDOW_ATTENTION,12
1749.0,FIXED_WINDOW_ATTENTION,12
1749.5,FIXED_WINDOW_ATTENTION,12
1750.0,FIXED_WINDOW_ATTENTION,12
1750.5,FIXED_WINDOW_ATTENTION,12
1751.0,FIXED_WINDOW_ATTENTION,12
1751.5,FIXED_WINDOW_ATTENTION,12
1752.0,FIXED_WINDOW_ATTENTION,12
1752.5,FIXED_WINDOW_ATTENTION,12
1753.0,FIXED_WINDOW_ATTENTION,12
1753.5,FIXED_WINDOW_ATTENTION,12
1754.0,FIXED_WINDOW_ATTENTION,12
1754.5,FIXED_WINDOW_ATTENTION,12
1755.0,FIXED_WINDOW_ATTENTION,12
1755.5,FIXED_WINDOW_ATTENTION,12
1756.0,FIXED_WINDOW_ATTENTION,12
1756.5,FIXED_WINDOW_ATTENTION,12
1757.0,FIXED_WINDOW_ATTENTION,12
1757.5,FIXED_WINDOW_ATTENTION,12
1758.0,FIXED_WINDOW_ATTENTION,12
1758.5,FIXED_WINDOW_ATTENTION,12
1759.0,FIXED_WINDOW_ATTENTION,12
1759.5,FIXED_WINDOW_ATTENTION,12
1760.0,FIXED_WINDOW_ATTENTION,12
1760.5,FIXED_WINDOW_ATTENTION,12
1761.0,FIXED_WINDOW_ATTENTION,12
1761.5,FIXED_WINDOW_ATTENTION,12
1762.0,FIXED_WINDOW_ATTENTION,12
1762.5,FIXED_WINDOW_ATTENTION,12
1763.0,FIXED_WINDOW_ATTENTION,12
1763.5,FIXED_WINDOW_ATTENTION,12
1764.0,FIXED_WINDOW_ATTENTION,12
1764.5,FIXED_WINDOW_ATTENTION,12
1765.0,FIXED_WINDOW_ATTENTION,12
1765.5,FIXED_WINDOW_ATTENTION,12
1766.0,FIXED_WINDOW_ATTENTION,12
1766.5,FIXED_WINDOW_ATTENTION,12
1767.0,FIXED_WINDOW_ATTENTION,12
1767.5,FIXED_WINDOW_ATTENTION,12
1768.0,FIXED_WINDOW_ATTENTION,12
1768.5,FIXED_WINDOW_ATTENTION,12
1769.0,FIXED_WINDOW_ATTENTION,12
1769.5,FIXED_WINDOW_ATTENTION,12
1770.0,FIXED_WINDOW_ATTENTION,12
1770.5,FIXED_WINDOW_ATTENTION,12
1771.0,FIXED_WINDOW_ATTENTION,12
1771.5,FIXED_WINDOW_ATTENTION,12
1772.0,FIXED_WINDOW_ATTENTION,12
1772.5,FIXED_WINDOW_ATTENTION,12
1773.0,FIXED_WINDOW_ATTENTION,12
1773.5,FIXED_WINDOW_ATTENTION,12
1774.0,FIXED_WINDOW_ATTENTION,12
1774.5,FIXED_WINDOW_ATTENTION,12
1775.0,FIXED_WINDOW_ATTENTION,12
1775.5,FIXED_WINDOW_ATTENTION,12
1776.0,FIXED_WINDOW_ATTENTION,12
1776.5,FIXED_WINDOW_ATTENTION,12
1777.0,FIXED_WINDOW_ATTENTION,12
1777.5,FIXED_WINDOW_ATTENTION,12
1778.0,FIXED_WINDOW_ATTENTION,12
1778.5,FIXED_WINDOW_ATTENTION,12
1779.0,FIXED_WINDOW_ATTENTION,12
1779.5,FIXED_WINDOW_ATTENTION,12
1780.0,FIXED_WINDOW_ATTENTION,12
1780.5,FIXED_WINDOW_ATTENTION,12
1781.0,FIXED_WINDOW_ATTENTION,12
1781.5,FIXED_WINDOW_ATTENTION,12
1782.0,FIXED_WINDOW_ATTENTION,12
1782.5,FIXED_WINDOW_ATTENTION,18
1783.0,FIXED_WINDOW_ATTENTION,18
1783.5,FIXED_WINDOW_ATTENTION,18
1784.0,FIXED_WINDOW_ATTENTION,18
1784.5,FIXED_WINDOW_ATTENTION,18
1785.0,FIXED_WINDOW_ATTENTION,18
1785.5,FIXED_WINDOW_ATTENTION,18
1786.0,FIXED_WINDOW_ATTENTION,18
1786.5,FIXED_WINDOW_ATTENTION,18
1787.0,FIXED_WINDOW_ATTENTION,18
1787.5,FIXED_WINDOW_ATTENTION,18
1788.0,FIXED_WINDOW_ATTENTION,18
1788.5,FIXED_WINDOW_ATTENTION,18
1789.0,FIXED_WINDOW_ATTENTION,18
1789.5,FIXED_WINDOW_ATTENTION,18
1790.0,FIXED_WINDOW_ATTENTION,18
1790.5,FIXED_WINDOW_ATTENTION,18
1791.0,FIXED_WINDOW_ATTENTION,18
1791.5,FIXED_WINDOW_ATTENTION,18
1792.0,FIXED_WINDOW_ATTENTION,18
1792.5,FIXED_WINDOW_ATTENTION,18
1793.0,FIXED_WINDOW_ATTENTION,18
1793.5,FIXED_WINDOW_ATTENTION,18
1794.0,FIXED_WINDOW_ATTENTION,18
1794.5,FIXED_WINDOW_ATTENTION,18
1795.0,FIXED_WINDOW_ATTENTION,18
1795.5,FIXED_WINDOW_ATTENTION,18
1796.0,FIXED_WINDOW_ATTENTION,18
1796.5,FIXED_WINDOW_ATTENTION,18
1797.0,FIXED_WINDOW_ATTENTION,18
1797.5,FIXED_WINDOW_ATTENTION,18
1798.0,FIXED_WINDOW_ATTENTION,18
1798.5,FIXED_WINDOW_ATTENTION,18
1799.0,FIXED_WINDOW_ATTENTION,18
1799.5,FIXED_WINDOW_ATTENTION,18
1800.0,FIXED_WINDOW_ATTENTION,18
1800.5,FIXED_WINDOW_ATTENTION,18
1801.0,FIXED_WINDOW_ATTENTION,18
1801.5,FIXED_WINDOW_ATTENTION,18
1802.0,FIXED_WINDOW_ATTENTION,18
1802.5,FIXED_WINDOW_ATTENTION,18
1803.0,FIXED_WINDOW_ATTENTION,18
1803.5,FIXED_WINDOW_ATTENTION,18
1804.0,FIXED_WINDOW_ATTENTION,18
1804.5,FIXED_WINDOW_ATTENTION,18
1805.0,FIXED_WINDOW_ATTENTION,18
1805.5,FIXED_WINDOW_ATTENTION,18
1806.0,FIXED_WINDOW_ATTENTION,18
1806.5,FIXED_WINDOW_ATTENTION,18
1807.0,FIXED_WINDOW_ATTENTION,18
1807.5,FIXED_WINDOW_ATTENTION,18
1808.0,FIXED_WINDOW_ATTENTION,18
1808.5,FIXED_WINDOW_ATTENTION,18
1809.0,FIXED_WINDOW_ATTENTION,18
1809.5,FIXED_WINDOW_ATTENTION,18
1810.0,FIXED_WINDOW_ATTENTION,18
1810.5,FIXED_WINDOW_ATTENTION,18
1811.0,FIXED_WINDOW_ATTENTION,18
1811.5,FIXED_WINDOW_ATTENTION,18
1812.0,FIXED_WINDOW_ATTENTION,18
1812.5,FIXED_WINDOW_ATTENTION,18
1813.0,FIXED_WINDOW_ATTENTION,18
1813.5,FIXED_WINDOW_ATTENTION,18
1814.0,FIXED_WINDOW_ATTENTION,18
1814.5,FIXED_WINDOW_ATTENTION,18
1815.0,FIXED_WINDOW_ATTENTION,18
1815.5,FIXED_WINDOW_ATTENTION,18
1816.0,FIXED_WINDOW_ATTENTION,18
1816.5,FIXED_WINDOW_ATTENTION,18
1817.0,FIXED_WINDOW_ATTENTION,12
1817.5,FIXED_WINDOW_ATTENTION,12
1818.0,FIXED_WINDOW_ATTENTION,12
1818.5,FIXED_WINDOW_ATTENTION,12
1819.0,FIXED_WINDOW_ATTENTION,12
1819.5,FIXED_WINDOW_ATTENTION,12
1820.0,FIXED_WINDOW_ATTENTION,12
1820.5,FIXED_WINDOW_ATTENTION,12
1821.0,FIXED_WINDOW_ATTENTION,12
1821.5,FIXED_WINDOW_ATTENTION,12
1822.0,FIXED_WINDOW_ATTENTION,12
1822.5,FIXED_WINDOW_ATTENTION,12
1823.0,FIXED_WINDOW_ATTENTION,12
1823.5,FIXED_WINDOW_ATTENTION,12
1824.0,FIXED_WINDOW_ATTENTION,12
1824.5,FIXED_WINDOW_ATTENTION,12
1825.0,FIXED_WINDOW_ATTENTION,12
1825.5,FIXED_WINDOW_ATTENTION,12
1826.0,FIXED_WINDOW_ATTENTION,12
1826.5,FIXED_WINDOW_ATTENTION,12
1827.0,FIXED_WINDOW_ATTENTION,12
1827.5,FIXED_WINDOW_ATTENTION,12
1828.0,FIXED_WINDOW_ATTENTION,12
1828.5,FIXED_WINDOW_ATTENTION,12
1829.0,FIXED_WINDOW_ATTENTION,12
1829.5,FIXED_WINDOW_ATTENTION,12
1830.0,FIXED_WINDOW_ATTENTION,12
1830.5,FIXED_WINDOW_ATTENTION,12
1831.0,FIXED_WINDOW_ATTENTION,12
1831.5,FIXED_WINDOW_ATTENTION,12
1832.0,FIXED_WINDOW_ATTENTION,12
1832.5,FIXED_WINDOW_ATTENTION,12
1833.0,FIXED_WINDOW_ATTENTION,12
1833.5,FIXED_WINDOW_ATTENTION,12
1834.0,FIXED_WINDOW_ATTENTION,12
1834.5,FIXED_WINDOW_ATTENTION,12
1835.0,FIXED_WINDOW_ATTENTION,12
1835.5,FIXED_WINDOW_ATTENTION,12
1836.0,FIXED_WINDOW_ATTENTION,12
1836.5,FIXED_WINDOW_ATTENTION,12
1837.0,FIXED_WINDOW_ATTENTION,12
1837.5,FIXED_WINDOW_ATTENTION,12
1838.0,FIXED_WINDOW_ATTENTION,12
1838.5,FIXED_WINDOW_ATTENTION,12
1839.0,FIXED_WINDOW_ATTENTION,12
1839.5,FIXED_WINDOW_ATTENTION,12
1840.0,FIXED_WINDOW_ATTENTION,12
1840.5,FIXED_WINDOW_ATTENTION,12
1841.0,FIXED_WINDOW_ATTENTION,12
1841.5,FIXED_WINDOW_ATTENTION,12
1842.0,FIXED_WINDOW_ATTENTION,12
1842.5,FIXED_WINDOW_ATTENTION,12
1843.0,FIXED_WINDOW_ATTENTION,12
1843.5,FIXED_WINDOW_ATTENTION,12
1844.0,FIXED_WINDOW_ATTENTION,12
1844.5,FIXED_WINDOW_ATTENTION,12
1845.0,FIXED_WINDOW_ATTENTION,12
1845.5,FIXED_WINDOW_ATTENTION,12
1846.0,FIXED_WINDOW_ATTENTION,12
1846.5,FIXED_WINDOW_ATTENTION,12
1847.0,FIXED_WINDOW_ATTENTION,12
1847.5,FIXED_WINDOW_ATTENTION,12
1848.0,FIXED_WINDOW_ATTENTION,12
1848.5,FIXED_WINDOW_ATTENTION,12
1849.0,FIXED_WINDOW_ATTENTION,12
1849.5,FIXED_WINDOW_ATTENTION,12
1850.0,FIXED_WINDOW_ATTENTION,12
1850.5,FIXED_WINDOW_ATTENTION,12
1851.0,FIXED_WINDOW_ATTENTION,12
1851.5,FIXED_WINDOW_ATTENTION,12
1852.0,FIXED_WINDOW_ATTENTION,12
1852.5,FIXED_WINDOW_ATTENTION,12
1853.0,FIXED_WINDOW_ATTENTION,12
1853.5,FIXED_WINDOW_ATTENTION,12
1854.0,FIXED_WINDOW_ATTENTION,12
1854.5,FIXED_WINDOW_ATTENTION,12
1855.0,FIXED_WINDOW_ATTENTION,12
1855.5,FIXED_WINDOW_ATTENTION,12
1856.0,FIXED_WINDOW_ATTENTION,12
1856.5,FIXED_WINDOW_ATTENTION,12
1857.0,FIXED_WINDOW_ATTENTION,12
1857.5,FIXED_WINDOW_ATTENTION,12
1858.0,FIXED_WINDOW_ATTENTION,12
1858.5,FIXED_WINDOW_ATTENTION,12
1859.0,FIXED_WINDOW_ATTENTION,12
1859.5,FIXED_WINDOW_ATTENTION,18
1860.0,FIXED_WINDOW_ATTENTION,18
1860.5,FIXED_WINDOW_ATTENTION,18
1861.0,FIXED_WINDOW_ATTENTION,18
1861.5,FIXED_WINDOW_ATTENTION,18
1862.0,FIXED_WINDOW_ATTENTION,18
1862.5,FIXED_WINDOW_ATTENTION,18
1863.0,FIXED_WINDOW_ATTENTION,18
1863.5,FIXED_WINDOW_ATTENTION,18
1864.0,FIXED_WINDOW_ATTENTION,18
1864.5,FIXED_WINDOW_ATTENTION,18
1865.0,FIXED_WINDOW_ATTENTION,18
1865.5,FIXED_WINDOW_ATTENTION,18
1866.0,FIXED_WINDOW_ATTENTION,18
1866.5,FIXED_WINDOW_ATTENTION,18
1867.0,FIXED_WINDOW_ATTENTION,18
1867.5,FIXED_WINDOW_ATTENTION,18
1868.0,FIXED_WINDOW_ATTENTION,18
1868.5,FIXED_WINDOW_ATTENTION,18
1869.0,FIXED_WINDOW_ATTENTION,18
1869.5,FIXED_WINDOW_ATTENTION,18
1870.0,FIXED_WINDOW_ATTENTION,18
1870.5,FIXED_WINDOW_ATTENTION,18
1871.0,FIXED_WINDOW_ATTENTION,18
1871.5,FIXED_WINDOW_ATTENTION,18
1872.0,FIXED_WINDOW_ATTENTION,18
1872.5,FIXED_WINDOW_ATTENTION,18
1873.0,FIXED_WINDOW_ATTENTION,18
1873.5,FIXED_WINDOW_ATTENTION,18
1874.0,FIXED_WINDOW_ATTENTION,18
1874.5,FIXED_WINDOW_ATTENTION,18
1875.0,FIXED_WINDOW_ATTENTION,18
1875.5,FIXED_WINDOW_ATTENTION,18
1876.0,FIXED_WINDOW_ATTENTION,18
1876.5,FIXED_WINDOW_ATTENTION,18
1877.0,FIXED_WINDOW_ATTENTION,18
1877.5,FIXED_WINDOW_ATTENTION,18
1878.0,FIXED_WINDOW_ATTENTION,18
1878.5,FIXED_WINDOW_ATTENTION,18
1879.0,FIXED_WINDOW_ATTENTION,18
1879.5,FIXED_WINDOW_ATTENTION,18
1880.0,FIXED_WINDOW_ATTENTION,18
1880.5,FIXED_WINDOW_ATTENTION,18
1881.0,FIXED_WINDOW_ATTENTION,18
1881.5,FIXED_WINDOW_ATTENTION,18
1882.0,FIXED_WINDOW_ATTENTION,18
1882.5,FIXED_WINDOW_ATTENTION,18
1883.0,FIXED_WINDOW_ATTENTION,2
1883.5,FIXED_WINDOW_ATTENTION,2
1884.0,FIXED_WINDOW_ATTENTION,2
1884.5,FIXED_WINDOW_ATTENTION,2
1885.0,FIXED_WINDOW_ATTENTION,2
1885.5,FIXED_WINDOW_ATTENTION,2
1886.0,FIXED_WINDOW_ATTENTION,2
1886.5,FIXED_WINDOW_ATTENTION,2
1887.0,FIXED_WINDOW_ATTENTION,2
1887.5,FIXED_WINDOW_ATTENTION,2
1888.0,FIXED_WINDOW_ATTENTION,2
1888.5,FIXED_WINDOW_ATTENTION,2
1889.0,FIXED_WINDOW_ATTENTION,2
1889.5,FIXED_WINDOW_ATTENTION,2
1890.0,FIXED_WINDOW_ATTENTION,2
1890.5,FIXED_WINDOW_ATTENTION,2
1891.0,FIXED_WINDOW_ATTENTION,2
1891.5,FIXED_WINDOW_ATTENTION,2
1892.0,FIXED_WINDOW_ATTENTION,2
1892.5,FIXED_WINDOW_ATTENTION,2
1893.0,FIXED_WINDOW_ATTENTION,2
1893.5,FIXED_WINDOW_ATTENTION,2
1894.0,FIXED_WINDOW_ATTENTION,2
1894.5,FIXED_WINDOW_ATTENTION,2
1895.0,FIXED_WINDOW_ATTENTION,2
1895.5,FIXED_WINDOW_ATTENTION,2
1896.0,FIXED_WINDOW_ATTENTION,2
1896.5,FIXED_WINDOW_ATTENTION,2
1897.0,FIXED_WINDOW_ATTENTION,2
1897.5,FIXED_WINDOW_ATTENTION,2
1898.0,FIXED_WINDOW_ATTENTION,2
1898.5,FIXED_WINDOW_ATTENTION,2
1899.0,FIXED_WINDOW_ATTENTION,2
1899.5,FIXED_WINDOW_ATTENTION,2
1900.0,FIXED_WINDOW_ATTENTION,2
1900.5,FIXED_WINDOW_ATTENTION,2
1901.0,FIXED_WINDOW_ATTENTION,2
1901.5,FIXED_WINDOW_ATTENTION,2
1902.0,FIXED_WINDOW_ATTENTION,2
1902.5,FIXED_WINDOW_ATTENTION,2
1903.0,FIXED_WINDOW_ATTENTION,2
1903.5,FIXED_WINDOW_ATTENTION,2
1904.0,FIXED_WINDOW_ATTENTION,2
1904.5,FIXED_WINDOW_ATTENTION,2
1905.0,FIXED_WINDOW_ATTENTION,2
1905.5,FIXED_WINDOW_ATTENTION,2
1906.0,FIXED_WINDOW_ATTENTION,2
1906.5,FIXED_WINDOW_ATTENTION,2
1907.0,FIXED_WINDOW_ATTENTION,2
1907.5,FIXED_WINDOW_ATTENTION,2
1908.0,FIXED_WINDOW_ATTENTION,2
1908.5,FIXED_WINDOW_ATTENTION,2
1909.0,FIXED_WINDOW_ATTENTION,2
1909.5,FIXED_WINDOW_ATTENTION,2
1910.0,FIXED_WINDOW_ATTENTION,2
1910.5,FIXED_WINDOW_ATTENTION,2
1911.0,FIXED_WINDOW_ATTENTION,2
1911.5,FIXED_WINDOW_ATTENTION,2
1912.0,FIXED_WINDOW_ATTENTION,2
1912.5,FIXED_WINDOW_ATTENTION,2
1913.0,FIXED_WINDOW_ATTENTION,2
1913.5,FIXED_WINDOW_ATTENTION,2
1914.0,FIXED_WINDOW_ATTENTION,2
1914.5,FIXED_WINDOW_ATTENTION,2
1915.0,FIXED_WINDOW_ATTENTION,2
1915.5,FIXED_WINDOW_ATTENTION,2
1916.0,FIXED_WINDOW_ATTENTION,2
1916.5,FIXED_WINDOW_ATTENTION,2
1917.0,FIXED_WINDOW_ATTENTION,2
1917.5,FIXED_WINDOW_ATTENTION,2
1918.0,FIXED_WINDOW_ATTENTION,2
1918.5,FIXED_WINDOW_ATTENTION,2
1919.0,FIXED_WINDOW_ATTENTION,2
1919.5,FIXED_WINDOW_ATTENTION,2
1920.0,FIXED_WINDOW_ATTENTION,2
1920.5,FIXED_WINDOW_ATTENTION,2
1921.0,FIXED_WINDOW_ATTENTION,2
1921.5,FIXED_WINDOW_ATTENTION,2
1922.0,FIXED_WINDOW_ATTENTION,2
1922.5,FIXED_WINDOW_ATTENTION,2
1923.0,FIXED_WINDOW_ATTENTION,2
1923.5,FIXED_WINDOW_ATTENTION,2
1924.0,FIXED_WINDOW_ATTENTION,2
1924.5,FIXED_WINDOW_ATTENTION,2
1925.0,FIXED_WINDOW_ATTENTION,2
1925.5,FIXED_WINDOW_ATTENTION,2
1926.0,FIXED_WINDOW_ATTENTION,2
1926.5,FIXED_WINDOW_ATTENTION,2
1927.0,FIXED_WINDOW_ATTENTION,2
1927.5,FIXED_WINDOW_ATTENTION,2
1928.0,FIXED_WINDOW_ATTENTION,2
1928.5,FIXED_WINDOW_ATTENTION,2
1929.0,FIXED_WINDOW_ATTENTION,2
1929.5,FIXED_WINDOW_ATTENTION,2
1930.0,FIXED_WINDOW_ATTENTION,2
1930.5,FIXED_WINDOW_ATTENTION,2
1931.0,FIXED_WINDOW_ATTENTION,2
1931.5,FIXED_WINDOW_ATTENTION,2
1932.0,FIXED_WINDOW_ATTENTION,2
1932.5,FIXED_WINDOW_ATTENTION,2
1933.0,FIXED_WINDOW_ATTENTION,2
1933.5,FIXED_WINDOW_ATTENTION,2
1934.0,FIXED_WINDOW_ATTENTION,2
1934.5,FIXED_WINDOW_ATTENTION,2
1935.0,FIXED_WINDOW_ATTENTION,2
1935.5,FIXED_WINDOW_ATTENTION,2
1936.0,FIXED_WINDOW_ATTENTION,2
1936.5,FIXED_WINDOW_ATTENTION,2
1937.0,FIXED_WINDOW_ATTENTION,2
1937.5,FIXED_WINDOW_ATTENTION,2
1938.0,FIXED_WINDOW_ATTENTION,2
1938.5,FIXED_WINDOW_ATTENTION,2
1939.0,FIXED_WINDOW_ATTENTION,2
1939.5,FIXED_WINDOW_ATTENTION,2
1940.0,FIXED_WINDOW_ATTENTION,2
1940.5,FIXED_WINDOW_ATTENTION,2
1941.0,FIXED_WINDOW_ATTENTION,2
1941.5,FIXED_WINDOW_ATTENTION,2
1942.0,FIXED_WINDOW_ATTENTION,2
1942.5,FIXED_WINDOW_ATTENTION,2
1943.0,FIXED_WINDOW_ATTENTION,2
1943.5,FIXED_WINDOW_ATTENTION,2
1944.0,FIXED_WINDOW_ATTENTION,2
1944.5,FIXED_WINDOW_ATTENTION,2
1945.0,FIXED_WINDOW_ATTENTION,2
1945.5,FIXED_WINDOW_ATTENTION,2
1946.0,FIXED_WINDOW_ATTENTION,2
1946.5,FIXED_WINDOW_ATTENTION,2
1947.0,FIXED_WINDOW_ATTENTION,2
1947.5,FIXED_WINDOW_ATTENTION,2
1948.0,FIXED_WINDOW_ATTENTION,2
1948.5,FIXED_WINDOW_ATTENTION,2
1949.0,FIXED_WINDOW_ATTENTION,2
1949.5,FIXED_WINDOW_ATTENTION,2
1950.0,FIXED_WINDOW_ATTENTION,2
1950.5,FIXED_WINDOW_ATTENTION,2
1951.0,FIXED_WINDOW_ATTENTION,2
1951.5,FIXED_WINDOW_ATTENTION,2
1952.0,FIXED_WINDOW_ATTENTION,2
1952.5,FIXED_WINDOW_ATTENTION,2
1953.0,FIXED_WINDOW_ATTENTION,2
1953.5,FIXED_WINDOW_ATTENTION,2
1954.0,FIXED_WINDOW_ATTENTION,2
1954.5,FIXED_WINDOW_ATTENTION,2
1955.0,FIXED_WINDOW_ATTENTION,2
1955.5,FIXED_WINDOW_ATTENTION,2
1956.0,FIXED_WINDOW_ATTENTION,2
1956.5,FIXED_WINDOW_ATTENTION,2
1957.0,FIXED_WINDOW_ATTENTION,2
1957.5,FIXED_WINDOW_ATTENTION,2
1958.0,FIXED_WINDOW_ATTENTION,2
1958.5,FIXED_WINDOW_ATTENTION,2
1959.0,FIXED_WINDOW_ATTENTION,2
1959.5,FIXED_WINDOW_ATTENTION,2
1960.0,FIXED_WINDOW_ATTENTION,2
1960.5,FIXED_WINDOW_ATTENTION,2
1961.0,FIXED_WINDOW_ATTENTION,2
1961.5,FIXED_WINDOW_ATTENTION,2
1962.0,FIXED_WINDOW_ATTENTION,2
1962.5,FIXED_WINDOW_ATTENTION,2
1963.0,FIXED_WINDOW_ATTENTION,2
1963.5,FIXED_WINDOW_ATTENTION,2
1964.0,FIXED_WINDOW_ATTENTION,2
1964.5,FIXED_WINDOW_ATTENTION,2
1965.0,FIXED_WINDOW_ATTENTION,2
1965.5,FIXED_WINDOW_ATTENTION,2
1966.0,FIXED_WINDOW_ATTENTION,2
1966.5,FIXED_WINDOW_ATTENTION,2
1967.0,FIXED_WINDOW_ATTENTION,2
1967.5,FIXED_WINDOW_ATTENTION,2
1968.0,FIXED_WINDOW_ATTENTION,2
1968.5,FIXED_WINDOW_ATTENTION,2
1969.0,FIXED_WINDOW_ATTENTION,2
1969.5,FIXED_WINDOW_ATTENTION,2
1970.0,FIXED_WINDOW_ATTENTION,2
1970.5,FIXED_WINDOW_ATTENTION,2
1971.0,FIXED_WINDOW_ATTENTION,2
1971.5,FIXED_WINDOW_ATTENTION,2
1972.0,FIXED_WINDOW_ATTENTION,2
1972.5,FIXED_WINDOW_ATTENTION,2
1973.0,FIXED_WINDOW_ATTENTION,2
1973.5,FIXED_WINDOW_ATTENTION,18
1974.0,FIXED_WINDOW_ATTENTION,18
1974.5,FIXED_WINDOW_ATTENTION,18
1975.0,FIXED_WINDOW_ATTENTION,18
1975.5,FIXED_WINDOW_ATTENTION,18
1976.0,FIXED_WINDOW_ATTENTION,18
1976.5,FIXED_WINDOW_ATTENTION,18
1977.0,FIXED_WINDOW_ATTENTION,18
1977.5,FIXED_WINDOW_ATTENTION,18
1978.0,FIXED_WINDOW_ATTENTION,18
1978.5,FIXED_WINDOW_ATTENTION,18
1979.0,FIXED_WINDOW_ATTENTION,18
1979.5,FIXED_WINDOW_ATTENTION,18
1980.0,FIXED_WINDOW_ATTENTION,18
1980.5,FIXED_WINDOW_ATTENTION,18
1981.0,FIXED_WINDOW_ATTENTION,18
1981.5,FIXED_WINDOW_ATTENTION,18
1982.0,FIXED_WINDOW_ATTENTION,18
1982.5,FIXED_WINDOW_ATTENTION,18
1983.0,FIXED_WINDOW_ATTENTION,18
1983.5,FIXED_WINDOW_ATTENTION,18
1984.0,FIXED_WINDOW_ATTENTION,18
1984.5,FIXED_WINDOW_ATTENTION,18
1985.0,FIXED_WINDOW_ATTENTION,18
1985.5,FIXED_WINDOW_ATTENTION,18
1986.0,FIXED_WINDOW_ATTENTION,18
1986.5,FIXED_WINDOW_ATTENTION,18
1987.0,FIXED_WINDOW_ATTENTION,18
1987.5,FIXED_WINDOW_ATTENTION,18
1988.0,FIXED_WINDOW_ATTENTION,18
1988.5,FIXED_WINDOW_ATTENTION,18
1989.0,FIXED_WINDOW_ATTENTION,18
1989.5,FIXED_WINDOW_ATTENTION,18
1990.0,FIXED_WINDOW_ATTENTION,18
1990.5,FIXED_WINDOW_ATTENTION,18
1991.0,FIXED_WINDOW_ATTENTION,18
1991.5,FIXED_WINDOW_ATTENTION,18
1992.0,FIXED_WINDOW_ATTENTION,18
1992.5,FIXED_WINDOW_ATTENTION,18
1993.0,FIXED_WINDOW_ATTENTION,18
1993.5,FIXED_WINDOW_ATTENTION,18
1994.0,FIXED_WINDOW_ATTENTION,18
1994.5,FIXED_WINDOW_ATTENTION,18
1995.0,FIXED_WINDOW_ATTENTION,18
1995.5,FIXED_WINDOW_ATTENTION,18
1996.0,FIXED_WINDOW_ATTENTION,18
1996.5,FIXED_WINDOW_ATTENTION,18
1997.0,FIXED_WINDOW_ATTENTION,18
1997.5,FIXED_WINDOW_ATTENTION,18
1998.0,FIXED_WINDOW_ATTENTION,18
1998.5,FIXED_WINDOW_ATTENTION,18
1999.0,FIXED_WINDOW_ATTENTION,18
1999.5,FIXED_WINDOW_ATTENTION,18
2000.0,FIXED_WINDOW_ATTENTION,18
2000.5,FIXED_WINDOW_ATTENTION,18
2001.0,FIXED_WINDOW_ATTENTION,18
2001.5,FIXED_WINDOW_ATTENTION,18
2002.0,FIXED_WINDOW_ATTENTION,18
2002.5,FIXED_WINDOW_ATTENTION,5
2003.0,FIXED_WINDOW_ATTENTION,5
2003.5,FIXED_WINDOW_ATTENTION,5
2004.0,FIXED_WINDOW_ATTENTION,5
2004.5,FIXED_WINDOW_ATTENTION,5
2005.0,FIXED_WINDOW_ATTENTION,5
2005.5,FIXED_WINDOW_ATTENTION,5
2006.0,FIXED_WINDOW_ATTENTION,5
2006.5,FIXED_WINDOW_ATTENTION,5
2007.0,FIXED_WINDOW_ATTENTION,5
2007.5,FIXED_WINDOW_ATTENTION,5
2008.0,FIXED_WINDOW_ATTENTION,5
2008.5,FIXED_WINDOW_ATTENTION,5
2009.0,FIXED_WINDOW_ATTENTION,5
2009.5,FIXED_WINDOW_ATTENTION,5
2010.0,FIXED_WINDOW_ATTENTION,5
2010.5,FIXED_WINDOW_ATTENTION,5
2011.0,FIXED_WINDOW_ATTENTION,5
2011.5,FIXED_WINDOW_ATTENTION,5
2012.0,FIXED_WINDOW_ATTENTION,5
2012.5,FIXED_WINDOW_ATTENTION,5
2013.0,FIXED_WINDOW_ATTENTION,5
2013.5,FIXED_WINDOW_ATTENTION,5
2014.0,FIXED_WINDOW_ATTENTION,5
2014.5,FIXED_WINDOW_ATTENTION,5
2015.0,FIXED_WINDOW_ATTENTION,5
2015.5,FIXED_WINDOW_ATTENTION,5
2016.0,FIXED_WINDOW_ATTENTION,5
2016.5,FIXED_WINDOW_ATTENTION,5
2017.0,FIXED_WINDOW_ATTENTION,5
2017.5,FIXED_WINDOW_ATTENTION,5
2018.0,FIXED_WINDOW_ATTENTION,5
2018.5,FIXED_WINDOW_ATTENTION,5
2019.0,FIXED_WINDOW_ATTENTION,5
2019.5,FIXED_WINDOW_ATTENTION,5
2020.0,FIXED_WINDOW_ATTENTION,5
2020.5,FIXED_WINDOW_ATTENTION,5
2021.0,FIXED_WINDOW_ATTENTION,5
2021.5,FIXED_WINDOW_ATTENTION,5
2022.0,FIXED_WINDOW_ATTENTION,5
2022.5,FIXED_WINDOW_ATTENTION,5
2023.0,FIXED_WINDOW_ATTENTION,5
2023.5,FIXED_WINDOW_ATTENTION,5
2024.0,FIXED_WINDOW_ATTENTION,5
2024.5,FIXED_WINDOW_ATTENTION,5
2025.0,FIXED_WINDOW_ATTENTION,5
2025.5,FIXED_WINDOW_ATTENTION,5
2026.0,FIXED_WINDOW_ATTENTION,5
2026.5,FIXED_WINDOW_ATTENTION,5
2027.0,FIXED_WINDOW_ATTENTION,5
2027.5,FIXED_WINDOW_ATTENTION,5
2028.0,FIXED_WINDOW_ATTENTION,5
2028.5,FIXED_WINDOW_ATTENTION,5
2029.0,FIXED_WINDOW_ATTENTION,5
2029.5,FIXED_WINDOW_ATTENTION,5
2030.0,FIXED_WINDOW_ATTENTION,5
2030.5,FIXED_WINDOW_ATTENTION,5
2031.0,FIXED_WINDOW_ATTENTION,5
2031.5,FIXED_WINDOW_ATTENTION,5
2032.0,FIXED_WINDOW_ATTENTION,5
2032.5,FIXED_WINDOW_ATTENTION,5
2033.0,FIXED_WINDOW_ATTENTION,5
2033.5,FIXED_WINDOW_ATTENTION,5
2034.0,FIXED_WINDOW_ATTENTION,5
2034.5,FIXED_WINDOW_ATTENTION,5
2035.0,FIXED_WINDOW_ATTENTION,5
2035.5,FIXED_WINDOW_ATTENTION,5
2036.0,FIXED_WINDOW_ATTENTION,5
2036.5,FIXED_WINDOW_ATTENTION,5
2037.0,FIXED_WINDOW_ATTENTION,5
2037.5,FIXED_WINDOW_ATTENTION,5
2038.0,FIXED_WINDOW_ATTENTION,5
2038.5,FIXED_WINDOW_ATTENTION,5
2039.0,FIXED_WINDOW_ATTENTION,5
2039.5,FIXED_WINDOW_ATTENTION,5
2040.0,FIXED_WINDOW_ATTENTION,5
2040.5,FIXED_WINDOW_ATTENTION,5
2041.0,FIXED_WINDOW_ATTENTION,5
2041.5,FIXED_WINDOW_ATTENTION,5
2042.0,FIXED_WINDOW_ATTENTION,5
2042.5,FIXED_WINDOW_ATTENTION,5
2043.0,FIXED_WINDOW_ATTENTION,5
2043.5,FIXED_WINDOW_ATTENTION,5
2044.0,FIXED_WINDOW_ATTENTION,5
2044.5,FIXED_WINDOW_ATTENTION,5
2045.0,FIXED_WINDOW_ATTENTION,5
2045.5,FIXED_WINDOW_ATTENTION,5
2046.0,FIXED_WINDOW_ATTENTION,5
2046.5,FIXED_WINDOW_ATTENTION,5
2047.0,FIXED_WINDOW_ATTENTION,5
2047.5,FIXED_WINDOW_ATTENTION,5
2048.0,FIXED_WINDOW_ATTENTION,5
2048.5,FIXED_WINDOW_ATTENTION,5
2049.0,FIXED_WINDOW_ATTENTION,5
2049.5,FIXED_WINDOW_ATTENTION,5
2050.0,FIXED_WINDOW_ATTENTION,5
2050.5,FIXED_WINDOW_ATTENTION,5
2051.0,FIXED_WINDOW_ATTENTION,5
2051.5,FIXED_WINDOW_ATTENTION,5
2052.0,FIXED_WINDOW_ATTENTION,5
2052.5,FIXED_WINDOW_ATTENTION,5
2053.0,FIXED_WINDOW_ATTENTION,5
2053.5,FIXED_WINDOW_ATTENTION,5
2054.0,FIXED_WINDOW_ATTENTION,5
2054.5,FIXED_WINDOW_ATTENTION,5
2055.0,FIXED_WINDOW_ATTENTION,5
2055.5,FIXED_WINDOW_ATTENTION,5
2056.0,FIXED_WINDOW_ATTENTION,5
2056.5,FIXED_WINDOW_ATTENTION,5
2057.0,FIXED_WINDOW_ATTENTION,5
2057.5,FIXED_WINDOW_ATTENTION,5
2058.0,FIXED_WINDOW_ATTENTION,5
2058.5,FIXED_WINDOW_ATTENTION,5
2059.0,FIXED_WINDOW_ATTENTION,5
2059.5,FIXED_WINDOW_ATTENTION,5
2060.0,FIXED_WINDOW_ATTENTION,5
2060.5,FIXED_WINDOW_ATTENTION,5
2061.0,FIXED_WINDOW_ATTENTION,5
2061.5,FIXED_WINDOW_ATTENTION,5
2062.0,FIXED_WINDOW_ATTENTION,5
2062.5,FIXED_WINDOW_ATTENTION,5
2063.0,FIXED_WINDOW_ATTENTION,5
2063.5,FIXED_WINDOW_ATTENTION,5
2064.0,FIXED_WINDOW_ATTENTION,5
2064.5,FIXED_WINDOW_ATTENTION,5
2065.0,FIXED_WINDOW_ATTENTION,5
2065.5,FIXED_WINDOW_ATTENTION,5
2066.0,FIXED_WINDOW_ATTENTION,5
2066.5,FIXED_WINDOW_ATTENTION,5
2067.0,FIXED_WINDOW_ATTENTION,5
2067.5,FIXED_WINDOW_ATTENTION,5
2068.0,FIXED_WINDOW_ATTENTION,5
2068.5,FIXED_WINDOW_ATTENTION,5
2069.0,FIXED_WINDOW_ATTENTION,5
2069.5,FIXED_WINDOW_ATTENTION,5
2070.0,FIXED_WINDOW_ATTENTION,5
2070.5,FIXED_WINDOW_ATTENTION,5
2071.0,FIXED_WINDOW_ATTENTION,5
2071.5,FIXED_WINDOW_ATTENTION,5
2072.0,FIXED_WINDOW_ATTENTION,5
2072.5,FIXED_WINDOW_ATTENTION,5
2073.0,FIXED_WINDOW_ATTENTION,5
2073.5,FIXED_WINDOW_ATTENTION,5
2074.0,FIXED_WINDOW_ATTENTION,5
2074.5,FIXED_WINDOW_ATTENTION,5
2075.0,FIXED_WINDOW_ATTENTION,5
2075.5,FIXED_WINDOW_ATTENTION,5
2076.0,FIXED_WINDOW_ATTENTION,5
2076.5,FIXED_WINDOW_ATTENTION,5
2077.0,FIXED_WINDOW_ATTENTION,5
2077.5,FIXED_WINDOW_ATTENTION,5
2078.0,FIXED_WINDOW_ATTENTION,5
2078.5,FIXED_WINDOW_ATTENTION,5
2079.0,FIXED_WINDOW_ATTENTION,5
2079.5,FIXED_WINDOW_ATTENTION,5
2080.0,FIXED_WINDOW_ATTENTION,5
2080.5,FIXED_WINDOW_ATTENTION,5
2081.0,FIXED_WINDOW_ATTENTION,5
2081.5,FIXED_WINDOW_ATTENTION,5
2082.0,FIXED_WINDOW_ATTENTION,5
2082.5,FIXED_WINDOW_ATTENTION,5
2083.0,FIXED_WINDOW_ATTENTION,5
2083.5,FIXED_WINDOW_ATTENTION,5
2084.0,FIXED_WINDOW_ATTENTION,5
2084.5,FIXED_WINDOW_ATTENTION,5
2085.0,FIXED_WINDOW_ATTENTION,5
2085.5,FIXED_WINDOW_ATTENTION,5
2086.0,FIXED_WINDOW_ATTENTION,5
2086.5,FIXED_WINDOW_ATTENTION,5
2087.0,FIXED_WINDOW_ATTENTION,5
2087.5,FIXED_WINDOW_ATTENTION,5
2088.0,FIXED_WINDOW_ATTENTION,5
2088.5,FIXED_WINDOW_ATTENTION,5
2089.0,FIXED_WINDOW_ATTENTION,5
2089.5,FIXED_WINDOW_ATTENTION,5
2090.0,FIXED_WINDOW_ATTENTION,5
2090.5,FIXED_WINDOW_ATTENTION,5
2091.0,FIXED_WINDOW_ATTENTION,5
2091.5,FIXED_WINDOW_ATTENTION,5
2092.0,FIXED_WINDOW_ATTENTION,5
2092.5,FIXED_WINDOW_ATTENTION,5
2093.0,FIXED_WINDOW_ATTENTION,5
2093.5,FIXED_WINDOW_ATTENTION,5
2094.0,FIXED_WINDOW_ATTENTION,5
2094.5,FIXED_WINDOW_ATTENTION,5
2095.0,FIXED_WINDOW_ATTENTION,5
2095.5,FIXED_WINDOW_ATTENTION,5
2096.0,FIXED_WINDOW_ATTENTION,5
2096.5,FIXED_WINDOW_ATTENTION,5
2097.0,FIXED_WINDOW_ATTENTION,5
2097.5,FIXED_WINDOW_ATTENTION,5
2098.0,FIXED_WINDOW_ATTENTION,5
2098.5,FIXED_WINDOW_ATTENTION,5
2099.0,FIXED_WINDOW_ATTENTION,5
2099.5,FIXED_WINDOW_ATTENTION,5
2100.0,FIXED_WINDOW_ATTENTION,5
2100.5,FIXED_WINDOW_ATTENTION,5
2101.0,FIXED_WINDOW_ATTENTION,5
2101.5,FIXED_WINDOW_ATTENTION,5
2102.0,FIXED_WINDOW_ATTENTION,5
2102.5,FIXED_WINDOW_ATTENTION,5
2103.0,FIXED_WINDOW_ATTENTION,5
2103.5,FIXED_WINDOW_ATTENTION,5
2104.0,FIXED_WINDOW_ATTENTION,5
2104.5,FIXED_WINDOW_ATTENTION,5
2105.0,FIXED_WINDOW_ATTENTION,5
2105.5,FIXED_WINDOW_ATTENTION,5
2106.0,FIXED_WINDOW_ATTENTION,5
2106.5,FIXED_WINDOW_ATTENTION,5
2107.0,FIXED_WINDOW_ATTENTION,18
2107.5,FIXED_WINDOW_ATTENTION,18
2108.0,FIXED_WINDOW_ATTENTION,18
2108.5,FIXED_WINDOW_ATTENTION,18
2109.0,FIXED_WINDOW_ATTENTION,18
2109.5,FIXED_WINDOW_ATTENTION,18
2110.0,FIXED_WINDOW_ATTENTION,18
2110.5,FIXED_WINDOW_ATTENTION,18
2111.0,FIXED_WINDOW_ATTENTION,18
2111.5,FIXED_WINDOW_ATTENTION,18
2112.0,FIXED_WINDOW_ATTENTION,18
2112.5,FIXED_WINDOW_ATTENTION,18
2113.0,FIXED_WINDOW_ATTENTION,18
2113.5,FIXED_WINDOW_ATTENTION,18
2114.0,FIXED_WINDOW_ATTENTION,18
2114.5,FIXED_WINDOW_ATTENTION,18
2115.0,FIXED_WINDOW_ATTENTION,18
2115.5,FIXED_WINDOW_ATTENTION,18
2116.0,FIXED_WINDOW_ATTENTION,18
2116.5,FIXED_WINDOW_ATTENTION,18
2117.0,FIXED_WINDOW_ATTENTION,18
2117.5,FIXED_WINDOW_ATTENTION,18
2118.0,FIXED_WINDOW_ATTENTION,18
2118.5,FIXED_WINDOW_ATTENTION,18
2119.0,FIXED_WINDOW_ATTENTION,18
2119.5,FIXED_WINDOW_ATTENTION,18
2120.0,FIXED_WINDOW_ATTENTION,18
2120.5,FIXED_WINDOW_ATTENTION,18
2121.0,FIXED_WINDOW_ATTENTION,18
2121.5,FIXED_WINDOW_ATTENTION,18
2122.0,FIXED_WINDOW_ATTENTION,18
2122.5,FIXED_WINDOW_ATTENTION,18
2123.0,FIXED_WINDOW_ATTENTION,18
2123.5,FIXED_WINDOW_ATTENTION,18
2124.0,FIXED_WINDOW_ATTENTION,18
2124.5,FIXED_WINDOW_ATTENTION,18
2125.0,FIXED_WINDOW_ATTENTION,18
2125.5,FIXED_WINDOW_ATTENTION,18
2126.0,FIXED_WINDOW_ATTENTION,18
2126.5,FIXED_WINDOW_ATTENTION,18
2127.0,FIXED_WINDOW_ATTENTION,18
2127.5,FIXED_WINDOW_ATTENTION,18
2128.0,FIXED_WINDOW_ATTENTION,18
2128.5,FIXED_WINDOW_ATTENTION,18
2129.0,FIXED_WINDOW_ATTENTION,18
2129.5,FIXED_WINDOW_ATTENTION,18
2130.0,FIXED_WINDOW_ATTENTION,18
2130.5,FIXED_WINDOW_ATTENTION,18
2131.0,FIXED_WINDOW_ATTENTION,18
2131.5,FIXED_WINDOW_ATTENTION,18
2132.0,FIXED_WINDOW_ATTENTION,18
2132.5,FIXED_WINDOW_ATTENTION,18
2133.0,FIXED_WINDOW_ATTENTION,18
2133.5,FIXED_WINDOW_ATTENTION,18
2134.0,FIXED_WINDOW_ATTENTION,18
2134.5,FIXED_WINDOW_ATTENTION,18
2135.0,FIXED_WINDOW_ATTENTION,18
2135.5,FIXED_WINDOW_ATTENTION,18
2136.0,FIXED_WINDOW_ATTENTION,18
2136.5,FIXED_WINDOW_ATTENTION,18
2137.0,FIXED_WINDOW_ATTENTION,18
2137.5,FIXED_WINDOW_ATTENTION,18
2138.0,FIXED_WINDOW_ATTENTION,18
2138.5,FIXED_WINDOW_ATTENTION,18
2139.0,FIXED_WINDOW_ATTENTION,18
2139.5,FIXED_WINDOW_ATTENTION,18
2140.0,FIXED_WINDOW_ATTENTION,18
2140.5,FIXED_WINDOW_ATTENTION,18
2141.0,FIXED_WINDOW_ATTENTION,18
2141.5,FIXED_WINDOW_ATTENTION,18
2142.0,FIXED_WINDOW_ATTENTION,18
2142.5,FIXED_WINDOW_ATTENTION,18
2143.0,FIXED_WINDOW_ATTENTION,18
2143.5,FIXED_WINDOW_ATTENTION,18
2144.0,FIXED_WINDOW_ATTENTION,18
2144.5,FIXED_WINDOW_ATTENTION,18
2145.0,FIXED_WINDOW_ATTENTION,18
2145.5,FIXED_WINDOW_ATTENTION,18
2146.0,FIXED_WINDOW_ATTENTION,18
2146.5,FIXED_WINDOW_ATTENTION,18
2147.0,FIXED_WINDOW_ATTENTION,18
2147.5,FIXED_WINDOW_ATTENTION,18
2148.0,FIXED_WINDOW_ATTENTION,18
2148.5,FIXED_WINDOW_ATTENTION,18
2149.0,FIXED_WINDOW_ATTENTION,18
2149.5,FIXED_WINDOW_ATTENTION,18
2150.0,FIXED_WINDOW_ATTENTION,18
2150.5,FIXED_WINDOW_ATTENTION,18
2151.0,FIXED_WINDOW_ATTENTION,18
2151.5,FIXED_WINDOW_ATTENTION,18
2152.0,FIXED_WINDOW_ATTENTION,18
2152.5,FIXED_WINDOW_ATTENTION,18
2153.0,FIXED_WINDOW_ATTENTION,18
2153.5,FIXED_WINDOW_ATTENTION,18
2154.0,FIXED_WINDOW_ATTENTION,18
2154.5,FIXED_WINDOW_ATTENTION,18
2155.0,FIXED_WINDOW_ATTENTION,18
2155.5,FIXED_WINDOW_ATTENTION,18
2156.0,FIXED_WINDOW_ATTENTION,18
2156.5,FIXED_WINDOW_ATTENTION,18
2157.0,FIXED_WINDOW_ATTENTION,10
2157.5,FIXED_WINDOW_ATTENTION,10
2158.0,FIXED_WINDOW_ATTENTION,10
2158.5,FIXED_WINDOW_ATTENTION,10
2159.0,FIXED_WINDOW_ATTENTION,10
2159.5,FIXED_WINDOW_ATTENTION,10
2160.0,FIXED_WINDOW_ATTENTION,10
2160.5,FIXED_WINDOW_ATTENTION,10
2161.0,FIXED_WINDOW_ATTENTION,10
2161.5,FIXED_WINDOW_ATTENTION,10
2162.0,FIXED_WINDOW_ATTENTION,10
2162.5,FIXED_WINDOW_ATTENTION,10
2163.0,FIXED_WINDOW_ATTENTION,10
2163.5,FIXED_WINDOW_ATTENTION,10
2164.0,FIXED_WINDOW_ATTENTION,10
2164.5,FIXED_WINDOW_ATTENTION,10
2165.0,FIXED_WINDOW_ATTENTION,10
2165.5,FIXED_WINDOW_ATTENTION,10
2166.0,FIXED_WINDOW_ATTENTION,10
2166.5,FIXED_WINDOW_ATTENTION,10
2167.0,FIXED_WINDOW_ATTENTION,10
2167.5,FIXED_WINDOW_ATTENTION,10
2168.0,FIXED_WINDOW_ATTENTION,10
2168.5,FIXED_WINDOW_ATTENTION,10
2169.0,FIXED_WINDOW_ATTENTION,10
2169.5,FIXED_WINDOW_ATTENTION,10
2170.0,FIXED_WINDOW_ATTENTION,10
2170.5,FIXED_WINDOW_ATTENTION,10
2171.0,FIXED_WINDOW_ATTENTION,10
2171.5,FIXED_WINDOW_ATTENTION,10
2172.0,FIXED_WINDOW_ATTENTION,10
2172.5,FIXED_WINDOW_ATTENTION,10
2173.0,FIXED_WINDOW_ATTENTION,10
2173.5,FIXED_WINDOW_ATTENTION,10
2174.0,FIXED_WINDOW_ATTENTION,10
2174.5,FIXED_WINDOW_ATTENTION,10
2175.0,FIXED_WINDOW_ATTENTION,10
2175.5,FIXED_WINDOW_ATTENTION,10
2176.0,FIXED_WINDOW_ATTENTION,10
2176.5,FIXED_WINDOW_ATTENTION,10
2177.0,FIXED_WINDOW_ATTENTION,10
2177.5,FIXED_WINDOW_ATTENTION,10
2178.0,FIXED_WINDOW_ATTENTION,10
2178.5,FIXED_WINDOW_ATTENTION,10
2179.0,FIXED_WINDOW_ATTENTION,10
2179.5,FIXED_WINDOW_ATTENTION,10
2180.0,FIXED_WINDOW_ATTENTION,10
2180.5,FIXED_WINDOW_ATTENTION,10
2181.0,FIXED_WINDOW_ATTENTION,10
2181.5,FIXED_WINDOW_ATTENTION,10
2182.0,FIXED_WINDOW_ATTENTION,10
2182.5,FIXED_WINDOW_ATTENTION,10
2183.0,FIXED_WINDOW_ATTENTION,10
2183.5,FIXED_WINDOW_ATTENTION,10
2184.0,FIXED_WINDOW_ATTENTION,10
2184.5,FIXED_WINDOW_ATTENTION,10
2185.0,FIXED_WINDOW_ATTENTION,10
2185.5,FIXED_WINDOW_ATTENTION,10
2186.0,FIXED_WINDOW_ATTENTION,10
2186.5,FIXED_WINDOW_ATTENTION,10
2187.0,FIXED_WINDOW_ATTENTION,10
2187.5,FIXED_WINDOW_ATTENTION,10
2188.0,FIXED_WINDOW_ATTENTION,10
2188.5,FIXED_WINDOW_ATTENTION,10
2189.0,FIXED_WINDOW_ATTENTION,10
2189.5,FIXED_WINDOW_ATTENTION,10
2190.0,FIXED_WINDOW_ATTENTION,18
2190.5,FIXED_WINDOW_ATTENTION,18
2191.0,FIXED_WINDOW_ATTENTION,18
2191.5,FIXED_WINDOW_ATTENTION,18
2192.0,FIXED_WINDOW_ATTENTION,18
2192.5,FIXED_WINDOW_ATTENTION,18
2193.0,FIXED_WINDOW_ATTENTION,18
2193.5,FIXED_WINDOW_ATTENTION,18
2194.0,FIXED_WINDOW_ATTENTION,18
2194.5,FIXED_WINDOW_ATTENTION,18
2195.0,FIXED_WINDOW_ATTENTION,18
2195.5,FIXED_WINDOW_ATTENTION,18
2196.0,FIXED_WINDOW_ATTENTION,18
2196.5,FIXED_WINDOW_ATTENTION,18
2197.0,FIXED_WINDOW_ATTENTION,18
2197.5,FIXED_WINDOW_ATTENTION,18
2198.0,FIXED_WINDOW_ATTENTION,18
2198.5,FIXED_WINDOW_ATTENTION,18
2199.0,FIXED_WINDOW_ATTENTION,18
2199.5,FIXED_WINDOW_ATTENTION,18
2200.0,FIXED_WINDOW_ATTENTION,18
2200.5,FIXED_WINDOW_ATTENTION,18
2201.0,FIXED_WINDOW_ATTENTION,18
2201.5,FIXED_WINDOW_ATTENTION,18
2202.0,FIXED_WINDOW_ATTENTION,18
2202.5,FIXED_WINDOW_ATTENTION,18
2203.0,FIXED_WINDOW_ATTENTION,18
2203.5,FIXED_WINDOW_ATTENTION,18
2204.0,FIXED_WINDOW_ATTENTION,18
2204.5,FIXED_WINDOW_ATTENTION,18
2205.0,FIXED_WINDOW_ATTENTION,18
2205.5,FIXED_WINDOW_ATTENTION,18
2206.0,FIXED_WINDOW_ATTENTION,18
2206.5,FIXED_WINDOW_ATTENTION,18
2207.0,FIXED_WINDOW_ATTENTION,18
2207.5,FIXED_WINDOW_ATTENTION,18
2208.0,FIXED_WINDOW_ATTENTION,18
2208.5,FIXED_WINDOW_ATTENTION,18
2209.0,FIXED_WINDOW_ATTENTION,18
2209.5,FIXED_WINDOW_ATTENTION,18
2210.0,FIXED_WINDOW_ATTENTION,18
2210.5,FIXED_WINDOW_ATTENTION,18
2211.0,FIXED_WINDOW_ATTENTION,18
2211.5,FIXED_WINDOW_ATTENTION,18
2212.0,FIXED_WINDOW_ATTENTION,18
2212.5,FIXED_WINDOW_ATTENTION,18
2213.0,FIXED_WINDOW_ATTENTION,18
2213.5,FIXED_WINDOW_ATTENTION,18
2214.0,FIXED_WINDOW_ATTENTION,18
2214.5,FIXED_WINDOW_ATTENTION,18
2215.0,FIXED_WINDOW_ATTENTION,18
2215.5,FIXED_WINDOW_ATTENTION,18
2216.0,FIXED_WINDOW_ATTENTION,18
2216.5,FIXED_WINDOW_ATTENTION,18
2217.0,FIXED_WINDOW_ATTENTION,18
2217.5,FIXED_WINDOW_ATTENTION,18
2218.0,FIXED_WINDOW_ATTENTION,18
2218.5,FIXED_WINDOW_ATTENTION,18
2219.0,FIXED_WINDOW_ATTENTION,18
2219.5,FIXED_WINDOW_ATTENTION,18
2220.0,FIXED_WINDOW_ATTENTION,18
2220.5,FIXED_WINDOW_ATTENTION,18
2221.0,FIXED_WINDOW_ATTENTION,18
2221.5,FIXED_WINDOW_ATTENTION,18
2222.0,FIXED_WINDOW_ATTENTION,18
2222.5,FIXED_WINDOW_ATTENTION,18
2223.0,FIXED_WINDOW_ATTENTION,18
2223.5,FIXED_WINDOW_ATTENTION,18
2224.0,FIXED_WINDOW_ATTENTION,18
2224.5,FIXED_WINDOW_ATTENTION,18
2225.0,FIXED_WINDOW_ATTENTION,18
2225.5,FIXED_WINDOW_ATTENTION,10
2226.0,FIXED_WINDOW_ATTENTION,10
2226.5,FIXED_WINDOW_ATTENTION,18
2227.0,FIXED_WINDOW_ATTENTION,18
2227.5,FIXED_WINDOW_ATTENTION,18
2228.0,FIXED_WINDOW_ATTENTION,18
2228.5,FIXED_WINDOW_ATTENTION,18
2229.0,FIXED_WINDOW_ATTENTION,18
2229.5,FIXED_WINDOW_ATTENTION,18
2230.0,FIXED_WINDOW_ATTENTION,18
2230.5,FIXED_WINDOW_ATTENTION,18
2231.0,FIXED_WINDOW_ATTENTION,18
2231.5,FIXED_WINDOW_ATTENTION,18
2232.0,FIXED_WINDOW_ATTENTION,10
2232.5,FIXED_WINDOW_ATTENTION,10
2233.0,FIXED_WINDOW_ATTENTION,10
2233.5,FIXED_WINDOW_ATTENTION,10
2234.0,FIXED_WINDOW_ATTENTION,10
2234.5,FIXED_WINDOW_ATTENTION,10
2235.0,FIXED_WINDOW_ATTENTION,10
2235.5,FIXED_WINDOW_ATTENTION,10
2236.0,FIXED_WINDOW_ATTENTION,10
2236.5,FIXED_WINDOW_ATTENTION,10
2237.0,FIXED_WINDOW_ATTENTION,10
2237.5,FIXED_WINDOW_ATTENTION,10
2238.0,FIXED_WINDOW_ATTENTION,10
2238.5,FIXED_WINDOW_ATTENTION,10
2239.0,FIXED_WINDOW_ATTENTION,10
2239.5,FIXED_WINDOW_ATTENTION,10
2240.0,FIXED_WINDOW_ATTENTION,10
2240.5,FIXED_WINDOW_ATTENTION,10
2241.0,FIXED_WINDOW_ATTENTION,10
2241.5,FIXED_WINDOW_ATTENTION,10
2242.0,FIXED_WINDOW_ATTENTION,10
2242.5,FIXED_WINDOW_ATTENTION,10
2243.0,FIXED_WINDOW_ATTENTION,10
2243.5,FIXED_WINDOW_ATTENTION,10
2244.0,FIXED_WINDOW_ATTENTION,10
2244.5,FIXED_WINDOW_ATTENTION,10
2245.0,FIXED_WINDOW_ATTENTION,10
2245.5,FIXED_WINDOW_ATTENTION,10
2246.0,FIXED_WINDOW_ATTENTION,10
2246.5,FIXED_WINDOW_ATTENTION,10
2247.0,FIXED_WINDOW_ATTENTION,10
2247.5,FIXED_WINDOW_ATTENTION,10
2248.0,FIXED_WINDOW_ATTENTION,10
2248.5,FIXED_WINDOW_ATTENTION,10
2249.0,FIXED_WINDOW_ATTENTION,10
2249.5,FIXED_WINDOW_ATTENTION,10
2250.0,FIXED_WINDOW_ATTENTION,10
2250.5,FIXED_WINDOW_ATTENTION,10
2251.0,FIXED_WINDOW_ATTENTION,10
2251.5,FIXED_WINDOW_ATTENTION,10
2252.0,FIXED_WINDOW_ATTENTION,10
2252.5,FIXED_WINDOW_ATTENTION,10
2253.0,FIXED_WINDOW_ATTENTION,10
2253.5,FIXED_WINDOW_ATTENTION,10
2254.0,FIXED_WINDOW_ATTENTION,10
2254.5,FIXED_WINDOW_ATTENTION,10
2255.0,FIXED_WINDOW_ATTENTION,10
2255.5,FIXED_WINDOW_ATTENTION,10
2256.0,FIXED_WINDOW_ATTENTION,10
2256.5,FIXED_WINDOW_ATTENTION,10
2257.0,FIXED_WINDOW_ATTENTION,10
2257.5,FIXED_WINDOW_ATTENTION,10
2258.0,FIXED_WINDOW_ATTENTION,10
2258.5,FIXED_WINDOW_ATTENTION,10
2259.0,FIXED_WINDOW_ATTENTION,10
2259.5,FIXED_WINDOW_ATTENTION,10
2260.0,FIXED_WINDOW_ATTENTION,10
2260.5,FIXED_WINDOW_ATTENTION,10
2261.0,FIXED_WINDOW_ATTENTION,10
2261.5,FIXED_WINDOW_ATTENTION,10
2262.0,FIXED_WINDOW_ATTENTION,10
2262.5,FIXED_WINDOW_ATTENTION,10
2263.0,FIXED_WINDOW_ATTENTION,10
2263.5,FIXED_WINDOW_ATTENTION,10
2264.0,FIXED_WINDOW_ATTENTION,10
2264.5,FIXED_WINDOW_ATTENTION,10
2265.0,FIXED_WINDOW_ATTENTION,10
2265.5,FIXED_WINDOW_ATTENTION,10
2266.0,FIXED_WINDOW_ATTENTION,10
2266.5,FIXED_WINDOW_ATTENTION,10
2267.0,FIXED_WINDOW_ATTENTION,10
2267.5,FIXED_WINDOW_ATTENTION,10
2268.0,FIXED_WINDOW_ATTENTION,10
2268.5,FIXED_WINDOW_ATTENTION,10
2269.0,FIXED_WINDOW_ATTENTION,10
2269.5,FIXED_WINDOW_ATTENTION,10
2270.0,FIXED_WINDOW_ATTENTION,10
2270.5,FIXED_WINDOW_ATTENTION,10
2271.0,FIXED_WINDOW_ATTENTION,18
2271.5,FIXED_WINDOW_ATTENTION,18
2272.0,FIXED_WINDOW_ATTENTION,18
2272.5,FIXED_WINDOW_ATTENTION,18
2273.0,FIXED_WINDOW_ATTENTION,18
2273.5,FIXED_WINDOW_ATTENTION,18
2274.0,FIXED_WINDOW_ATTENTION,18
2274.5,FIXED_WINDOW_ATTENTION,18
2275.0,FIXED_WINDOW_ATTENTION,18
2275.5,FIXED_WINDOW_ATTENTION,18
2276.0,FIXED_WINDOW_ATTENTION,18
2276.5,FIXED_WINDOW_ATTENTION,18
2277.0,FIXED_WINDOW_ATTENTION,18
2277.5,FIXED_WINDOW_ATTENTION,18
2278.0,FIXED_WINDOW_ATTENTION,18
2278.5,FIXED_WINDOW_ATTENTION,18
2279.0,FIXED_WINDOW_ATTENTION,18
2279.5,FIXED_WINDOW_ATTENTION,18
2280.0,FIXED_WINDOW_ATTENTION,18
2280.5,FIXED_WINDOW_ATTENTION,18
2281.0,FIXED_WINDOW_ATTENTION,18
2281.5,FIXED_WINDOW_ATTENTION,18
2282.0,FIXED_WINDOW_ATTENTION,18
2282.5,FIXED_WINDOW_ATTENTION,18
2283.0,FIXED_WINDOW_ATTENTION,18
2283.5,FIXED_WINDOW_ATTENTION,18
2284.0,FIXED_WINDOW_ATTENTION,18
2284.5,FIXED_WINDOW_ATTENTION,18
2285.0,FIXED_WINDOW_ATTENTION,18
2285.5,FIXED_WINDOW_ATTENTION,18
2286.0,FIXED_WINDOW_ATTENTION,18
2286.5,FIXED_WINDOW_ATTENTION,18
2287.0,FIXED_WINDOW_ATTENTION,18
2287.5,FIXED_WINDOW_ATTENTION,18
2288.0,FIXED_WINDOW_ATTENTION,18
2288.5,FIXED_WINDOW_ATTENTION,18
2289.0,FIXED_WINDOW_ATTENTION,18
2289.5,FIXED_WINDOW_ATTENTION,18
2290.0,FIXED_WINDOW_ATTENTION,18
2290.5,FIXED_WINDOW_ATTENTION,18
2291.0,FIXED_WINDOW_ATTENTION,18
2291.5,FIXED_WINDOW_ATTENTION,18
2292.0,FIXED_WINDOW_ATTENTION,18
2292.5,FIXED_WINDOW_ATTENTION,18
2293.0,FIXED_WINDOW_ATTENTION,18
2293.5,FIXED_WINDOW_ATTENTION,18
2294.0,FIXED_WINDOW_ATTENTION,18
2294.5,FIXED_WINDOW_ATTENTION,18
2295.0,FIXED_WINDOW_ATTENTION,18
2295.5,FIXED_WINDOW_ATTENTION,18
2296.0,FIXED_WINDOW_ATTENTION,18
2296.5,FIXED_WINDOW_ATTENTION,18
2297.0,FIXED_WINDOW_ATTENTION,18
2297.5,FIXED_WINDOW_ATTENTION,18
2298.0,FIXED_WINDOW_ATTENTION,18
2298.5,FIXED_WINDOW_ATTENTION,18
2299.0,FIXED_WINDOW_ATTENTION,18
2299.5,FIXED_WINDOW_ATTENTION,18
2300.0,FIXED_WINDOW_ATTENTION,18
2300.5,FIXED_WINDOW_ATTENTION,18
2301.0,FIXED_WINDOW_ATTENTION,18
2301.5,FIXED_WINDOW_ATTENTION,18
2302.0,FIXED_WINDOW_ATTENTION,18
2302.5,FIXED_WINDOW_ATTENTION,18
2303.0,FIXED_WINDOW_ATTENTION,18
2303.5,FIXED_WINDOW_ATTENTION,18
2304.0,FIXED_WINDOW_ATTENTION,18
2304.5,FIXED_WINDOW_ATTENTION,18
2305.0,FIXED_WINDOW_ATTENTION,18
2305.5,FIXED_WINDOW_ATTENTION,18
2306.0,FIXED_WINDOW_ATTENTION,18
2306.5,FIXED_WINDOW_ATTENTION,18
2307.0,FIXED_WINDOW_ATTENTION,18
2307.5,FIXED_WINDOW_ATTENTION,18
2308.0,FIXED_WINDOW_ATTENTION,18
2308.5,FIXED_WINDOW_ATTENTION,18
2309.0,FIXED_WINDOW_ATTENTION,18
2309.5,FIXED_WINDOW_ATTENTION,18
2310.0,FIXED_WINDOW_ATTENTION,18
2310.5,FIXED_WINDOW_ATTENTION,18
2311.0,FIXED_WINDOW_ATTENTION,18
2311.5,FIXED_WINDOW_ATTENTION,18
2312.0,FIXED_WINDOW_ATTENTION,18
2312.5,FIXED_WINDOW_ATTENTION,18
2313.0,FIXED_WINDOW_ATTENTION,18
2313.5,FIXED_WINDOW_ATTENTION,18
2314.0,FIXED_WINDOW_ATTENTION,18
2314.5,FIXED_WINDOW_ATTENTION,18
2315.0,FIXED_WINDOW_ATTENTION,18
2315.5,FIXED_WINDOW_ATTENTION,18
2316.0,FIXED_WINDOW_ATTENTION,18
2316.5,FIXED_WINDOW_ATTENTION,18
2317.0,FIXED_WINDOW_ATTENTION,18
2317.5,FIXED_WINDOW_ATTENTION,18
2318.0,FIXED_WINDOW_ATTENTION,18
2318.5,FIXED_WINDOW_ATTENTION,18
2319.0,FIXED_WINDOW_ATTENTION,18
2319.5,FIXED_WINDOW_ATTENTION,18
2320.0,FIXED_WINDOW_ATTENTION,18
2320.5,FIXED_WINDOW_ATTENTION,18
2321.0,FIXED_WINDOW_ATTENTION,18
2321.5,FIXED_WINDOW_ATTENTION,18
2322.0,FIXED_WINDOW_ATTENTION,18
2322.5,FIXED_WINDOW_ATTENTION,18
2323.0,FIXED_WINDOW_ATTENTION,11
2323.5,FIXED_WINDOW_ATTENTION,10
2324.0,FIXED_WINDOW_ATTENTION,10
2324.5,FIXED_WINDOW_ATTENTION,10
2325.0,FIXED_WINDOW_ATTENTION,10
2325.5,FIXED_WINDOW_ATTENTION,10
2326.0,FIXED_WINDOW_ATTENTION,18
2326.5,FIXED_WINDOW_ATTENTION,18
2327.0,FIXED_WINDOW_ATTENTION,18
2327.5,FIXED_WINDOW_ATTENTION,18
2328.0,FIXED_WINDOW_ATTENTION,18
2328.5,FIXED_WINDOW_ATTENTION,18
2329.0,FIXED_WINDOW_ATTENTION,18
2329.5,FIXED_WINDOW_ATTENTION,18
2330.0,FIXED_WINDOW_ATTENTION,18
2330.5,FIXED_WINDOW_ATTENTION,18
2331.0,FIXED_WINDOW_ATTENTION,18
2331.5,FIXED_WINDOW_ATTENTION,18
2332.0,FIXED_WINDOW_ATTENTION,18
2332.5,FIXED_WINDOW_ATTENTION,18
2333.0,FIXED_WINDOW_ATTENTION,18
2333.5,FIXED_WINDOW_ATTENTION,18
2334.0,FIXED_WINDOW_ATTENTION,18
2334.5,FIXED_WINDOW_ATTENTION,18
2335.0,FIXED_WINDOW_ATTENTION,18
2335.5,FIXED_WINDOW_ATTENTION,18
2336.0,FIXED_WINDOW_ATTENTION,18
2336.5,FIXED_WINDOW_ATTENTION,18
2337.0,FIXED_WINDOW_ATTENTION,18
2337.5,FIXED_WINDOW_ATTENTION,18
2338.0,FIXED_WINDOW_ATTENTION,18
2338.5,FIXED_WINDOW_ATTENTION,18
2339.0,FIXED_WINDOW_ATTENTION,18
2339.5,FIXED_WINDOW_ATTENTION,18
2340.0,FIXED_WINDOW_ATTENTION,18
2340.5,FIXED_WINDOW_ATTENTION,18
2341.0,FIXED_WINDOW_ATTENTION,18
2341.5,FIXED_WINDOW_ATTENTION,10
2342.0,FIXED_WINDOW_ATTENTION,10
2342.5,FIXED_WINDOW_ATTENTION,10
2343.0,FIXED_WINDOW_ATTENTION,10
2343.5,FIXED_WINDOW_ATTENTION,10
2344.0,FIXED_WINDOW_ATTENTION,10
2344.5,FIXED_WINDOW_ATTENTION,10
2345.0,FIXED_WINDOW_ATTENTION,10
2345.5,FIXED_WINDOW_ATTENTION,10
2346.0,FIXED_WINDOW_ATTENTION,10
2346.5,FIXED_WINDOW_ATTENTION,10
2347.0,FIXED_WINDOW_ATTENTION,10
2347.5,FIXED_WINDOW_ATTENTION,10
2348.0,FIXED_WINDOW_ATTENTION,10
2348.5,FIXED_WINDOW_ATTENTION,10
2349.0,FIXED_WINDOW_ATTENTION,10
2349.5,FIXED_WINDOW_ATTENTION,10
2350.0,FIXED_WINDOW_ATTENTION,10
2350.5,FIXED_WINDOW_ATTENTION,10
2351.0,FIXED_WINDOW_ATTENTION,10
2351.5,FIXED_WINDOW_ATTENTION,10
2352.0,FIXED_WINDOW_ATTENTION,10
2352.5,FIXED_WINDOW_ATTENTION,10
2353.0,FIXED_WINDOW_ATTENTION,10
2353.5,FIXED_WINDOW_ATTENTION,10
2354.0,FIXED_WINDOW_ATTENTION,10
2354.5,FIXED_WINDOW_ATTENTION,10
2355.0,FIXED_WINDOW_ATTENTION,10
2355.5,FIXED_WINDOW_ATTENTION,10
2356.0,FIXED_WINDOW_ATTENTION,10
2356.5,FIXED_WINDOW_ATTENTION,10
2357.0,FIXED_WINDOW_ATTENTION,10
2357.5,FIXED_WINDOW_ATTENTION,10
2358.0,FIXED_WINDOW_ATTENTION,10
2358.5,FIXED_WINDOW_ATTENTION,10
2359.0,FIXED_WINDOW_ATTENTION,10
2359.5,FIXED_WINDOW_ATTENTION,10
2360.0,FIXED_WINDOW_ATTENTION,10
2360.5,FIXED_WINDOW_ATTENTION,10
2361.0,FIXED_WINDOW_ATTENTION,10
2361.5,FIXED_WINDOW_ATTENTION,10
2362.0,FIXED_WINDOW_ATTENTION,10
2362.5,FIXED_WINDOW_ATTENTION,10
2363.0,FIXED_WINDOW_ATTENTION,10
2363.5,FIXED_WINDOW_ATTENTION,18
2364.0,FIXED_WINDOW_ATTENTION,18
2364.5,FIXED_WINDOW_ATTENTION,18
2365.0,FIXED_WINDOW_ATTENTION,18
2365.5,FIXED_WINDOW_ATTENTION,18
2366.0,FIXED_WINDOW_ATTENTION,18
2366.5,FIXED_WINDOW_ATTENTION,18
2367.0,FIXED_WINDOW_ATTENTION,18
2367.5,FIXED_WINDOW_ATTENTION,18
2368.0,FIXED_WINDOW_ATTENTION,18
2368.5,FIXED_WINDOW_ATTENTION,18
2369.0,FIXED_WINDOW_ATTENTION,18
2369.5,FIXED_WINDOW_ATTENTION,18
2370.0,FIXED_WINDOW_ATTENTION,18
2370.5,FIXED_WINDOW_ATTENTION,18
2371.0,FIXED_WINDOW_ATTENTION,18
2371.5,FIXED_WINDOW_ATTENTION,18
2372.0,FIXED_WINDOW_ATTENTION,18
2372.5,FIXED_WINDOW_ATTENTION,18
2373.0,FIXED_WINDOW_ATTENTION,18
2373.5,FIXED_WINDOW_ATTENTION,18
2374.0,FIXED_WINDOW_ATTENTION,18
2374.5,FIXED_WINDOW_ATTENTION,18
2375.0,FIXED_WINDOW_ATTENTION,18
2375.5,FIXED_WINDOW_ATTENTION,18
2376.0,FIXED_WINDOW_ATTENTION,18
2376.5,FIXED_WINDOW_ATTENTION,18
2377.0,FIXED_WINDOW_ATTENTION,18
2377.5,FIXED_WINDOW_ATTENTION,18
2378.0,FIXED_WINDOW_ATTENTION,18
2378.5,FIXED_WINDOW_ATTENTION,18
2379.0,FIXED_WINDOW_ATTENTION,18
2379.5,FIXED_WINDOW_ATTENTION,18
2380.0,FIXED_WINDOW_ATTENTION,18
2380.5,FIXED_WINDOW_ATTENTION,18
2381.0,FIXED_WINDOW_ATTENTION,18
2381.5,FIXED_WINDOW_ATTENTION,18
2382.0,FIXED_WINDOW_ATTENTION,18
2382.5,FIXED_WINDOW_ATTENTION,18
2383.0,FIXED_WINDOW_ATTENTION,18
2383.5,FIXED_WINDOW_ATTENTION,18
2384.0,FIXED_WINDOW_ATTENTION,18
2384.5,FIXED_WINDOW_ATTENTION,18
2385.0,FIXED_WINDOW_ATTENTION,18
2385.5,FIXED_WINDOW_ATTENTION,18
2386.0,FIXED_WINDOW_ATTENTION,18
2386.5,FIXED_WINDOW_ATTENTION,18
2387.0,FIXED_WINDOW_ATTENTION,18
2387.5,FIXED_WINDOW_ATTENTION,18
2388.0,FIXED_WINDOW_ATTENTION,18
2388.5,FIXED_WINDOW_ATTENTION,18
2389.0,FIXED_WINDOW_ATTENTION,18
2389.5,FIXED_WINDOW_ATTENTION,18
2390.0,FIXED_WINDOW_ATTENTION,18
2390.5,FIXED_WINDOW_ATTENTION,18
2391.0,FIXED_WINDOW_ATTENTION,18
2391.5,FIXED_WINDOW_ATTENTION,18
2392.0,FIXED_WINDOW_ATTENTION,18
2392.5,FIXED_WINDOW_ATTENTION,18
2393.0,FIXED_WINDOW_ATTENTION,18
2393.5,FIXED_WINDOW_ATTENTION,18
2394.0,FIXED_WINDOW_ATTENTION,18
2394.5,FIXED_WINDOW_ATTENTION,18
2395.0,FIXED_WINDOW_ATTENTION,18
2395.5,FIXED_WINDOW_ATTENTION,18
2396.0,FIXED_WINDOW_ATTENTION,18
2396.5,FIXED_WINDOW_ATTENTION,18
2397.0,FIXED_WINDOW_ATTENTION,18
2397.5,FIXED_WINDOW_ATTENTION,18
2398.0,FIXED_WINDOW_ATTENTION,18
2398.5,FIXED_WINDOW_ATTENTION,18
2399.0,FIXED_WINDOW_ATTENTION,18
2399.5,FIXED_WINDOW_ATTENTION,18
2400.0,FIXED_WINDOW_ATTENTION,18
2400.5,FIXED_WINDOW_ATTENTION,18
2401.0,FIXED_WINDOW_ATTENTION,18
2401.5,FIXED_WINDOW_ATTENTION,18
2402.0,FIXED_WINDOW_ATTENTION,18
2402.5,FIXED_WINDOW_ATTENTION,18
2403.0,FIXED_WINDOW_ATTENTION,18
2403.5,FIXED_WINDOW_ATTENTION,18
2404.0,FIXED_WINDOW_ATTENTION,18
2404.5,FIXED_WINDOW_ATTENTION,2
2405.0,FIXED_WINDOW_ATTENTION,2
2405.5,FIXED_WINDOW_ATTENTION,2
2406.0,FIXED_WINDOW_ATTENTION,2
2406.5,FIXED_WINDOW_ATTENTION,2
2407.0,FIXED_WINDOW_ATTENTION,2
2407.5,FIXED_WINDOW_ATTENTION,2
2408.0,FIXED_WINDOW_ATTENTION,2
2408.5,FIXED_WINDOW_ATTENTION,2
2409.0,FIXED_WINDOW_ATTENTION,2
2409.5,FIXED_WINDOW_ATTENTION,2
2410.0,FIXED_WINDOW_ATTENTION,2
2410.5,FIXED_WINDOW_ATTENTION,2
2411.0,FIXED_WINDOW_ATTENTION,2
2411.5,FIXED_WINDOW_ATTENTION,2
2412.0,FIXED_WINDOW_ATTENTION,2
2412.5,FIXED_WINDOW_ATTENTION,2
2413.0,FIXED_WINDOW_ATTENTION,2
2413.5,FIXED_WINDOW_ATTENTION,2
2414.0,FIXED_WINDOW_ATTENTION,2
2414.5,FIXED_WINDOW_ATTENTION,2
2415.0,FIXED_WINDOW_ATTENTION,2
2415.5,FIXED_WINDOW_ATTENTION,2
2416.0,FIXED_WINDOW_ATTENTION,2
2416.5,FIXED_WINDOW_ATTENTION,2
2417.0,FIXED_WINDOW_ATTENTION,2
2417.5,FIXED_WINDOW_ATTENTION,2
2418.0,FIXED_WINDOW_ATTENTION,2
2418.5,FIXED_WINDOW_ATTENTION,2
2419.0,FIXED_WINDOW_ATTENTION,2
2419.5,FIXED_WINDOW_ATTENTION,2
2420.0,FIXED_WINDOW_ATTENTION,2
2420.5,FIXED_WINDOW_ATTENTION,2
2421.0,FIXED_WINDOW_ATTENTION,2
2421.5,FIXED_WINDOW_ATTENTION,2
2422.0,FIXED_WINDOW_ATTENTION,2
2422.5,FIXED_WINDOW_ATTENTION,2
2423.0,FIXED_WINDOW_ATTENTION,2
2423.5,FIXED_WINDOW_ATTENTION,2
2424.0,FIXED_WINDOW_ATTENTION,2
2424.5,FIXED_WINDOW_ATTENTION,2
2425.0,FIXED_WINDOW_ATTENTION,2
2425.5,FIXED_WINDOW_ATTENTION,2
2426.0,FIXED_WINDOW_ATTENTION,2
2426.5,FIXED_WINDOW_ATTENTION,2
2427.0,FIXED_WINDOW_ATTENTION,2
2427.5,FIXED_WINDOW_ATTENTION,2
2428.0,FIXED_WINDOW_ATTENTION,2
2428.5,FIXED_WINDOW_ATTENTION,2
2429.0,FIXED_WINDOW_ATTENTION,2
2429.5,FIXED_WINDOW_ATTENTION,2
2430.0,FIXED_WINDOW_ATTENTION,2
2430.5,FIXED_WINDOW_ATTENTION,2
2431.0,FIXED_WINDOW_ATTENTION,2
2431.5,FIXED_WINDOW_ATTENTION,2
2432.0,FIXED_WINDOW_ATTENTION,2
2432.5,FIXED_WINDOW_ATTENTION,2
2433.0,FIXED_WINDOW_ATTENTION,2
2433.5,FIXED_WINDOW_ATTENTION,2
2434.0,FIXED_WINDOW_ATTENTION,2
2434.5,FIXED_WINDOW_ATTENTION,2
2435.0,FIXED_WINDOW_ATTENTION,2
2435.5,FIXED_WINDOW_ATTENTION,2
2436.0,FIXED_WINDOW_ATTENTION,2
2436.5,FIXED_WINDOW_ATTENTION,18
2437.0,FIXED_WINDOW_ATTENTION,18
2437.5,FIXED_WINDOW_ATTENTION,18
2438.0,FIXED_WINDOW_ATTENTION,18
2438.5,FIXED_WINDOW_ATTENTION,18
2439.0,FIXED_WINDOW_ATTENTION,18
2439.5,FIXED_WINDOW_ATTENTION,18
2440.0,FIXED_WINDOW_ATTENTION,18
2440.5,FIXED_WINDOW_ATTENTION,18
2441.0,FIXED_WINDOW_ATTENTION,18
2441.5,FIXED_WINDOW_ATTENTION,18
2442.0,FIXED_WINDOW_ATTENTION,18
2442.5,FIXED_WINDOW_ATTENTION,18
2443.0,FIXED_WINDOW_ATTENTION,18
2443.5,FIXED_WINDOW_ATTENTION,18
2444.0,FIXED_WINDOW_ATTENTION,18
2444.5,FIXED_WINDOW_ATTENTION,18
2445.0,FIXED_WINDOW_ATTENTION,18
2445.5,FIXED_WINDOW_ATTENTION,18
2446.0,FIXED_WINDOW_ATTENTION,18
2446.5,FIXED_WINDOW_ATTENTION,18
2447.0,FIXED_WINDOW_ATTENTION,18
2447.5,FIXED_WINDOW_ATTENTION,18
2448.0,FIXED_WINDOW_ATTENTION,2
2448.5,FIXED_WINDOW_ATTENTION,2
2449.0,FIXED_WINDOW_ATTENTION,2
2449.5,FIXED_WINDOW_ATTENTION,2
2450.0,FIXED_WINDOW_ATTENTION,2
2450.5,FIXED_WINDOW_ATTENTION,2
2451.0,FIXED_WINDOW_ATTENTION,2
2451.5,FIXED_WINDOW_ATTENTION,2
2452.0,FIXED_WINDOW_ATTENTION,2
2452.5,FIXED_WINDOW_ATTENTION,2
2453.0,FIXED_WINDOW_ATTENTION,2
2453.5,FIXED_WINDOW_ATTENTION,2
2454.0,FIXED_WINDOW_ATTENTION,2
2454.5,FIXED_WINDOW_ATTENTION,2
2455.0,FIXED_WINDOW_ATTENTION,2
2455.5,FIXED_WINDOW_ATTENTION,2
2456.0,FIXED_WINDOW_ATTENTION,2
2456.5,FIXED_WINDOW_ATTENTION,2
2457.0,FIXED_WINDOW_ATTENTION,2
2457.5,FIXED_WINDOW_ATTENTION,2
2458.0,FIXED_WINDOW_ATTENTION,2
2458.5,FIXED_WINDOW_ATTENTION,2
2459.0,FIXED_WINDOW_ATTENTION,2
2459.5,FIXED_WINDOW_ATTENTION,2
2460.0,FIXED_WINDOW_ATTENTION,2
2460.5,FIXED_WINDOW_ATTENTION,2
2461.0,FIXED_WINDOW_ATTENTION,2
2461.5,FIXED_WINDOW_ATTENTION,2
2462.0,FIXED_WINDOW_ATTENTION,2
2462.5,FIXED_WINDOW_ATTENTION,2
2463.0,FIXED_WINDOW_ATTENTION,2
2463.5,FIXED_WINDOW_ATTENTION,2
2464.0,FIXED_WINDOW_ATTENTION,2
2464.5,FIXED_WINDOW_ATTENTION,2
2465.0,FIXED_WINDOW_ATTENTION,2
2465.5,FIXED_WINDOW_ATTENTION,2
2466.0,FIXED_WINDOW_ATTENTION,2
2466.5,FIXED_WINDOW_ATTENTION,2
2467.0,FIXED_WINDOW_ATTENTION,2
2467.5,FIXED_WINDOW_ATTENTION,2
2468.0,FIXED_WINDOW_ATTENTION,2
2468.5,FIXED_WINDOW_ATTENTION,2
2469.0,FIXED_WINDOW_ATTENTION,2
2469.5,FIXED_WINDOW_ATTENTION,2
2470.0,FIXED_WINDOW_ATTENTION,2
2470.5,FIXED_WINDOW_ATTENTION,2
2471.0,FIXED_WINDOW_ATTENTION,2
2471.5,FIXED_WINDOW_ATTENTION,2
2472.0,FIXED_WINDOW_ATTENTION,2
2472.5,FIXED_WINDOW_ATTENTION,2
2473.0,FIXED_WINDOW_ATTENTION,2
2473.5,FIXED_WINDOW_ATTENTION,2
2474.0,FIXED_WINDOW_ATTENTION,2
2474.5,FIXED_WINDOW_ATTENTION,2
2475.0,FIXED_WINDOW_ATTENTION,2
2475.5,FIXED_WINDOW_ATTENTION,2
2476.0,FIXED_WINDOW_ATTENTION,2
2476.5,FIXED_WINDOW_ATTENTION,2
2477.0,FIXED_WINDOW_ATTENTION,2
2477.5,FIXED_WINDOW_ATTENTION,2
2478.0,FIXED_WINDOW_ATTENTION,2
2478.5,FIXED_WINDOW_ATTENTION,2
2479.0,FIXED_WINDOW_ATTENTION,2
2479.5,FIXED_WINDOW_ATTENTION,2
2480.0,FIXED_WINDOW_ATTENTION,2
2480.5,FIXED_WINDOW_ATTENTION,2
2481.0,FIXED_WINDOW_ATTENTION,2
2481.5,FIXED_WINDOW_ATTENTION,18
2482.0,FIXED_WINDOW_ATTENTION,18
2482.5,FIXED_WINDOW_ATTENTION,18
2483.0,FIXED_WINDOW_ATTENTION,18
2483.5,FIXED_WINDOW_ATTENTION,18
2484.0,FIXED_WINDOW_ATTENTION,18
2484.5,FIXED_WINDOW_ATTENTION,18
2485.0,FIXED_WINDOW_ATTENTION,18
2485.5,FIXED_WINDOW_ATTENTION,18
2486.0,FIXED_WINDOW_ATTENTION,18
2486.5,FIXED_WINDOW_ATTENTION,18
2487.0,FIXED_WINDOW_ATTENTION,18
2487.5,FIXED_WINDOW_ATTENTION,18
2488.0,FIXED_WINDOW_ATTENTION,18
2488.5,FIXED_WINDOW_ATTENTION,18
2489.0,FIXED_WINDOW_ATTENTION,18
2489.5,FIXED_WINDOW_ATTENTION,18
2490.0,FIXED_WINDOW_ATTENTION,18
2490.5,FIXED_WINDOW_ATTENTION,18
2491.0,FIXED_WINDOW_ATTENTION,18
2491.5,FIXED_WINDOW_ATTENTION,18
2492.0,FIXED_WINDOW_ATTENTION,18
2492.5,FIXED_WINDOW_ATTENTION,18
2493.0,FIXED_WINDOW_ATTENTION,18
2493.5,FIXED_WINDOW_ATTENTION,18
2494.0,FIXED_WINDOW_ATTENTION,18
2494.5,FIXED_WINDOW_ATTENTION,2
2495.0,FIXED_WINDOW_ATTENTION,2
2495.5,FIXED_WINDOW_ATTENTION,2
2496.0,FIXED_WINDOW_ATTENTION,2
2496.5,FIXED_WINDOW_ATTENTION,2
2497.0,FIXED_WINDOW_ATTENTION,2
2497.5,FIXED_WINDOW_ATTENTION,2
2498.0,FIXED_WINDOW_ATTENTION,2
2498.5,FIXED_WINDOW_ATTENTION,2
2499.0,FIXED_WINDOW_ATTENTION,2
2499.5,FIXED_WINDOW_ATTENTION,2
2500.0,FIXED_WINDOW_ATTENTION,2
2500.5,FIXED_WINDOW_ATTENTION,2
2501.0,FIXED_WINDOW_ATTENTION,2
2501.5,FIXED_WINDOW_ATTENTION,2
2502.0,FIXED_WINDOW_ATTENTION,2
2502.5,FIXED_WINDOW_ATTENTION,2
2503.0,FIXED_WINDOW_ATTENTION,2
2503.5,FIXED_WINDOW_ATTENTION,2
2504.0,FIXED_WINDOW_ATTENTION,2
2504.5,FIXED_WINDOW_ATTENTION,2
2505.0,FIXED_WINDOW_ATTENTION,2
2505.5,FIXED_WINDOW_ATTENTION,2
2506.0,FIXED_WINDOW_ATTENTION,2
2506.5,FIXED_WINDOW_ATTENTION,2
2507.0,FIXED_WINDOW_ATTENTION,2
2507.5,FIXED_WINDOW_ATTENTION,2
2508.0,FIXED_WINDOW_ATTENTION,2
2508.5,FIXED_WINDOW_ATTENTION,2
2509.0,FIXED_WINDOW_ATTENTION,2
2509.5,FIXED_WINDOW_ATTENTION,2
2510.0,FIXED_WINDOW_ATTENTION,2
2510.5,FIXED_WINDOW_ATTENTION,2
2511.0,FIXED_WINDOW_ATTENTION,2
2511.5,FIXED_WINDOW_ATTENTION,2
2512.0,FIXED_WINDOW_ATTENTION,2
2512.5,FIXED_WINDOW_ATTENTION,2
2513.0,FIXED_WINDOW_ATTENTION,2
2513.5,FIXED_WINDOW_ATTENTION,2
2514.0,FIXED_WINDOW_ATTENTION,2
2514.5,FIXED_WINDOW_ATTENTION,2
2515.0,FIXED_WINDOW_ATTENTION,2
2515.5,FIXED_WINDOW_ATTENTION,2
2516.0,FIXED_WINDOW_ATTENTION,2
2516.5,FIXED_WINDOW_ATTENTION,2
2517.0,FIXED_WINDOW_ATTENTION,2
2517.5,FIXED_WINDOW_ATTENTION,2
2518.0,FIXED_WINDOW_ATTENTION,2
2518.5,FIXED_WINDOW_ATTENTION,2
2519.0,FIXED_WINDOW_ATTENTION,2
2519.5,FIXED_WINDOW_ATTENTION,2
2520.0,FIXED_WINDOW_ATTENTION,2
2520.5,FIXED_WINDOW_ATTENTION,2
2521.0,FIXED_WINDOW_ATTENTION,2
2521.5,FIXED_WINDOW_ATTENTION,2
2522.0,FIXED_WINDOW_ATTENTION,2
2522.5,FIXED_WINDOW_ATTENTION,2
2523.0,FIXED_WINDOW_ATTENTION,2
2523.5,FIXED_WINDOW_ATTENTION,2
2524.0,FIXED_WINDOW_ATTENTION,2
2524.5,FIXED_WINDOW_ATTENTION,2
2525.0,FIXED_WINDOW_ATTENTION,2
2525.5,FIXED_WINDOW_ATTENTION,2
2526.0,FIXED_WINDOW_ATTENTION,2
2526.5,FIXED_WINDOW_ATTENTION,2
2527.0,FIXED_WINDOW_ATTENTION,2
2527.5,FIXED_WINDOW_ATTENTION,2
2528.0,FIXED_WINDOW_ATTENTION,2
2528.5,FIXED_WINDOW_ATTENTION,2
2529.0,FIXED_WINDOW_ATTENTION,2
2529.5,FIXED_WINDOW_ATTENTION,2
2530.0,FIXED_WINDOW_ATTENTION,2
2530.5,FIXED_WINDOW_ATTENTION,2
2531.0,FIXED_WINDOW_ATTENTION,2
2531.5,FIXED_WINDOW_ATTENTION,2
2532.0,FIXED_WINDOW_ATTENTION,2
2532.5,FIXED_WINDOW_ATTENTION,2
2533.0,FIXED_WINDOW_ATTENTION,2
2533.5,FIXED_WINDOW_ATTENTION,2
2534.0,FIXED_WINDOW_ATTENTION,2
2534.5,FIXED_WINDOW_ATTENTION,2
2535.0,FIXED_WINDOW_ATTENTION,2
2535.5,FIXED_WINDOW_ATTENTION,2
2536.0,FIXED_WINDOW_ATTENTION,2
2536.5,FIXED_WINDOW_ATTENTION,18
2537.0,FIXED_WINDOW_ATTENTION,18
2537.5,FIXED_WINDOW_ATTENTION,18
2538.0,FIXED_WINDOW_ATTENTION,18
2538.5,FIXED_WINDOW_ATTENTION,18
2539.0,FIXED_WINDOW_ATTENTION,18
2539.5,FIXED_WINDOW_ATTENTION,18
2540.0,FIXED_WINDOW_ATTENTION,18
2540.5,FIXED_WINDOW_ATTENTION,18
2541.0,FIXED_WINDOW_ATTENTION,18
2541.5,FIXED_WINDOW_ATTENTION,18
2542.0,FIXED_WINDOW_ATTENTION,18
2542.5,FIXED_WINDOW_ATTENTION,18
2543.0,FIXED_WINDOW_ATTENTION,18
2543.5,FIXED_WINDOW_ATTENTION,18
2544.0,FIXED_WINDOW_ATTENTION,18
2544.5,FIXED_WINDOW_ATTENTION,18
2545.0,FIXED_WINDOW_ATTENTION,18
2545.5,FIXED_WINDOW_ATTENTION,18
2546.0,FIXED_WINDOW_ATTENTION,18
2546.5,FIXED_WINDOW_ATTENTION,18
2547.0,FIXED_WINDOW_ATTENTION,18
2547.5,FIXED_WINDOW_ATTENTION,18
2548.0,FIXED_WINDOW_ATTENTION,18
2548.5,FIXED_WINDOW_ATTENTION,18
2549.0,FIXED_WINDOW_ATTENTION,18
2549.5,FIXED_WINDOW_ATTENTION,18
2550.0,FIXED_WINDOW_ATTENTION,18
2550.5,FIXED_WINDOW_ATTENTION,18
2551.0,FIXED_WINDOW_ATTENTION,18
2551.5,FIXED_WINDOW_ATTENTION,18
2552.0,FIXED_WINDOW_ATTENTION,18
2552.5,FIXED_WINDOW_ATTENTION,18
2553.0,FIXED_WINDOW_ATTENTION,18
2553.5,FIXED_WINDOW_ATTENTION,18
2554.0,FIXED_WINDOW_ATTENTION,18
2554.5,FIXED_WINDOW_ATTENTION,18
2555.0,FIXED_WINDOW_ATTENTION,18
2555.5,FIXED_WINDOW_ATTENTION,18
2556.0,FIXED_WINDOW_ATTENTION,18
2556.5,FIXED_WINDOW_ATTENTION,18
2557.0,FIXED_WINDOW_ATTENTION,18
2557.5,FIXED_WINDOW_ATTENTION,18
2558.0,FIXED_WINDOW_ATTENTION,18
2558.5,FIXED_WINDOW_ATTENTION,18
2559.0,FIXED_WINDOW_ATTENTION,18
2559.5,FIXED_WINDOW_ATTENTION,18
2560.0,FIXED_WINDOW_ATTENTION,18
2560.5,FIXED_WINDOW_ATTENTION,18
2561.0,FIXED_WINDOW_ATTENTION,18
2561.5,FIXED_WINDOW_ATTENTION,18
2562.0,FIXED_WINDOW_ATTENTION,18
2562.5,FIXED_WINDOW_ATTENTION,18
2563.0,FIXED_WINDOW_ATTENTION,18
2563.5,FIXED_WINDOW_ATTENTION,18
2564.0,FIXED_WINDOW_ATTENTION,18
2564.5,FIXED_WINDOW_ATTENTION,18
2565.0,FIXED_WINDOW_ATTENTION,18
2565.5,FIXED_WINDOW_ATTENTION,18
2566.0,FIXED_WINDOW_ATTENTION,18
2566.5,FIXED_WINDOW_ATTENTION,18
2567.0,FIXED_WINDOW_ATTENTION,18
2567.5,FIXED_WINDOW_ATTENTION,18
2568.0,FIXED_WINDOW_ATTENTION,18
2568.5,FIXED_WINDOW_ATTENTION,18
2569.0,FIXED_WINDOW_ATTENTION,18
2569.5,FIXED_WINDOW_ATTENTION,18
2570.0,FIXED_WINDOW_ATTENTION,18
2570.5,FIXED_WINDOW_ATTENTION,18
2571.0,FIXED_WINDOW_ATTENTION,18
2571.5,FIXED_WINDOW_ATTENTION,18
2572.0,FIXED_WINDOW_ATTENTION,18
2572.5,FIXED_WINDOW_ATTENTION,18
2573.0,FIXED_WINDOW_ATTENTION,18
2573.5,FIXED_WINDOW_ATTENTION,18
2574.0,FIXED_WINDOW_ATTENTION,18
2574.5,FIXED_WINDOW_ATTENTION,18
2575.0,FIXED_WINDOW_ATTENTION,18
2575.5,FIXED_WINDOW_ATTENTION,18
2576.0,FIXED_WINDOW_ATTENTION,18
2576.5,FIXED_WINDOW_ATTENTION,18
2577.0,FIXED_WINDOW_ATTENTION,18
2577.5,FIXED_WINDOW_ATTENTION,18
2578.0,FIXED_WINDOW_ATTENTION,18
2578.5,FIXED_WINDOW_ATTENTION,18
2579.0,FIXED_WINDOW_ATTENTION,18
2579.5,FIXED_WINDOW_ATTENTION,18
2580.0,FIXED_WINDOW_ATTENTION,18
2580.5,FIXED_WINDOW_ATTENTION,18
2581.0,FIXED_WINDOW_ATTENTION,18
2581.5,FIXED_WINDOW_ATTENTION,18
2582.0,FIXED_WINDOW_ATTENTION,18
2582.5,FIXED_WINDOW_ATTENTION,18
2583.0,FIXED_WINDOW_ATTENTION,18
2583.5,FIXED_WINDOW_ATTENTION,18
2584.0,FIXED_WINDOW_ATTENTION,18
2584.5,FIXED_WINDOW_ATTENTION,18
2585.0,FIXED_WINDOW_ATTENTION,18
2585.5,FIXED_WINDOW_ATTENTION,18
2586.0,FIXED_WINDOW_ATTENTION,18
2586.5,FIXED_WINDOW_ATTENTION,18
2587.0,FIXED_WINDOW_ATTENTION,18
2587.5,FIXED_WINDOW_ATTENTION,18
2588.0,FIXED_WINDOW_ATTENTION,18
2588.5,FIXED_WINDOW_ATTENTION,18
2589.0,FIXED_WINDOW_ATTENTION,18
2589.5,FIXED_WINDOW_ATTENTION,18
2590.0,FIXED_WINDOW_ATTENTION,18
2590.5,FIXED_WINDOW_ATTENTION,18
2591.0,FIXED_WINDOW_ATTENTION,18
2591.5,FIXED_WINDOW_ATTENTION,18
2592.0,FIXED_WINDOW_ATTENTION,18
2592.5,FIXED_WINDOW_ATTENTION,18
2593.0,FIXED_WINDOW_ATTENTION,18
2593.5,FIXED_WINDOW_ATTENTION,18
2594.0,FIXED_WINDOW_ATTENTION,18
2594.5,FIXED_WINDOW_ATTENTION,18
2595.0,FIXED_WINDOW_ATTENTION,18
2595.5,FIXED_WINDOW_ATTENTION,18
2596.0,FIXED_WINDOW_ATTENTION,18
2596.5,FIXED_WINDOW_ATTENTION,18
2597.0,FIXED_WINDOW_ATTENTION,18
2597.5,FIXED_WINDOW_ATTENTION,18
2598.0,FIXED_WINDOW_ATTENTION,18
2598.5,FIXED_WINDOW_ATTENTION,18
2599.0,FIXED_WINDOW_ATTENTION,18
2599.5,FIXED_WINDOW_ATTENTION,18
2600.0,FIXED_WINDOW_ATTENTION,18
2600.5,FIXED_WINDOW_ATTENTION,18
2601.0,FIXED_WINDOW_ATTENTION,18
2601.5,FIXED_WINDOW_ATTENTION,18
2602.0,FIXED_WINDOW_ATTENTION,18
2602.5,FIXED_WINDOW_ATTENTION,18
2603.0,FIXED_WINDOW_ATTENTION,18
2603.5,FIXED_WINDOW_ATTENTION,18
2604.0,FIXED_WINDOW_ATTENTION,18
2604.5,FIXED_WINDOW_ATTENTION,18
2605.0,FIXED_WINDOW_ATTENTION,18
2605.5,FIXED_WINDOW_ATTENTION,18
2606.0,FIXED_WINDOW_ATTENTION,18
2606.5,FIXED_WINDOW_ATTENTION,18
2607.0,FIXED_WINDOW_ATTENTION,13
2607.5,FIXED_WINDOW_ATTENTION,13
2608.0,FIXED_WINDOW_ATTENTION,13
2608.5,FIXED_WINDOW_ATTENTION,13
2609.0,FIXED_WINDOW_ATTENTION,13
2609.5,FIXED_WINDOW_ATTENTION,13
2610.0,FIXED_WINDOW_ATTENTION,13
2610.5,FIXED_WINDOW_ATTENTION,13
2611.0,FIXED_WINDOW_ATTENTION,13
2611.5,FIXED_WINDOW_ATTENTION,13
2612.0,FIXED_WINDOW_ATTENTION,13
2612.5,FIXED_WINDOW_ATTENTION,13
2613.0,FIXED_WINDOW_ATTENTION,13
2613.5,FIXED_WINDOW_ATTENTION,13
2614.0,FIXED_WINDOW_ATTENTION,13
2614.5,FIXED_WINDOW_ATTENTION,13
2615.0,FIXED_WINDOW_ATTENTION,13
2615.5,FIXED_WINDOW_ATTENTION,13
2616.0,FIXED_WINDOW_ATTENTION,13
2616.5,FIXED_WINDOW_ATTENTION,13
2617.0,FIXED_WINDOW_ATTENTION,13
2617.5,FIXED_WINDOW_ATTENTION,13
2618.0,FIXED_WINDOW_ATTENTION,13
2618.5,FIXED_WINDOW_ATTENTION,13
2619.0,FIXED_WINDOW_ATTENTION,13
2619.5,FIXED_WINDOW_ATTENTION,13
2620.0,FIXED_WINDOW_ATTENTION,13
2620.5,FIXED_WINDOW_ATTENTION,13
2621.0,FIXED_WINDOW_ATTENTION,13
2621.5,FIXED_WINDOW_ATTENTION,13
2622.0,FIXED_WINDOW_ATTENTION,13
2622.5,FIXED_WINDOW_ATTENTION,13
2623.0,FIXED_WINDOW_ATTENTION,13
2623.5,FIXED_WINDOW_ATTENTION,13
2624.0,FIXED_WINDOW_ATTENTION,13
2624.5,FIXED_WINDOW_ATTENTION,13
2625.0,FIXED_WINDOW_ATTENTION,13
2625.5,FIXED_WINDOW_ATTENTION,13
2626.0,FIXED_WINDOW_ATTENTION,13
2626.5,FIXED_WINDOW_ATTENTION,13
2627.0,FIXED_WINDOW_ATTENTION,13
2627.5,FIXED_WINDOW_ATTENTION,13
2628.0,FIXED_WINDOW_ATTENTION,13
2628.5,FIXED_WINDOW_ATTENTION,13
2629.0,FIXED_WINDOW_ATTENTION,13
2629.5,FIXED_WINDOW_ATTENTION,13
2630.0,FIXED_WINDOW_ATTENTION,13
2630.5,FIXED_WINDOW_ATTENTION,13
2631.0,FIXED_WINDOW_ATTENTION,13
2631.5,FIXED_WINDOW_ATTENTION,13
2632.0,FIXED_WINDOW_ATTENTION,13
2632.5,FIXED_WINDOW_ATTENTION,13
2633.0,FIXED_WINDOW_ATTENTION,13
2633.5,FIXED_WINDOW_ATTENTION,13
2634.0,FIXED_WINDOW_ATTENTION,13
2634.5,FIXED_WINDOW_ATTENTION,13
2635.0,FIXED_WINDOW_ATTENTION,13
2635.5,FIXED_WINDOW_ATTENTION,13
2636.0,FIXED_WINDOW_ATTENTION,13
2636.5,FIXED_WINDOW_ATTENTION,13
2637.0,FIXED_WINDOW_ATTENTION,13
2637.5,FIXED_WINDOW_ATTENTION,13
2638.0,FIXED_WINDOW_ATTENTION,13
2638.5,FIXED_WINDOW_ATTENTION,13
2639.0,FIXED_WINDOW_ATTENTION,13
2639.5,FIXED_WINDOW_ATTENTION,13
2640.0,FIXED_WINDOW_ATTENTION,13
2640.5,FIXED_WINDOW_ATTENTION,13
2641.0,FIXED_WINDOW_ATTENTION,13
2641.5,FIXED_WINDOW_ATTENTION,13
2642.0,FIXED_WINDOW_ATTENTION,13
2642.5,FIXED_WINDOW_ATTENTION,13
2643.0,FIXED_WINDOW_ATTENTION,13
2643.5,FIXED_WINDOW_ATTENTION,13
2644.0,FIXED_WINDOW_ATTENTION,13
2644.5,FIXED_WINDOW_ATTENTION,13
2645.0,FIXED_WINDOW_ATTENTION,13
2645.5,FIXED_WINDOW_ATTENTION,13
2646.0,FIXED_WINDOW_ATTENTION,13
2646.5,FIXED_WINDOW_ATTENTION,13
2647.0,FIXED_WINDOW_ATTENTION,13
2647.5,FIXED_WINDOW_ATTENTION,13
2648.0,FIXED_WINDOW_ATTENTION,13
2648.5,FIXED_WINDOW_ATTENTION,13
2649.0,FIXED_WINDOW_ATTENTION,13
2649.5,FIXED_WINDOW_ATTENTION,13
2650.0,FIXED_WINDOW_ATTENTION,13
2650.5,FIXED_WINDOW_ATTENTION,13
2651.0,FIXED_WINDOW_ATTENTION,13
2651.5,FIXED_WINDOW_ATTENTION,13
2652.0,FIXED_WINDOW_ATTENTION,13
2652.5,FIXED_WINDOW_ATTENTION,13
2653.0,FIXED_WINDOW_ATTENTION,13
2653.5,FIXED_WINDOW_ATTENTION,13
2654.0,FIXED_WINDOW_ATTENTION,13
2654.5,FIXED_WINDOW_ATTENTION,13
2655.0,FIXED_WINDOW_ATTENTION,13
2655.5,FIXED_WINDOW_ATTENTION,13
2656.0,FIXED_WINDOW_ATTENTION,13
2656.5,FIXED_WINDOW_ATTENTION,13
2657.0,FIXED_WINDOW_ATTENTION,13
2657.5,FIXED_WINDOW_ATTENTION,13
2658.0,FIXED_WINDOW_ATTENTION,13
2658.5,FIXED_WINDOW_ATTENTION,13
2659.0,FIXED_WINDOW_ATTENTION,13
2659.5,FIXED_WINDOW_ATTENTION,13
2660.0,FIXED_WINDOW_ATTENTION,13
2660.5,FIXED_WINDOW_ATTENTION,13
2661.0,FIXED_WINDOW_ATTENTION,13
2661.5,FIXED_WINDOW_ATTENTION,13
2662.0,FIXED_WINDOW_ATTENTION,13
2662.5,FIXED_WINDOW_ATTENTION,13
2663.0,FIXED_WINDOW_ATTENTION,13
2663.5,FIXED_WINDOW_ATTENTION,13
2664.0,FIXED_WINDOW_ATTENTION,13
2664.5,FIXED_WINDOW_ATTENTION,13
2665.0,FIXED_WINDOW_ATTENTION,13
2665.5,FIXED_WINDOW_ATTENTION,13
2666.0,FIXED_WINDOW_ATTENTION,13
2666.5,FIXED_WINDOW_ATTENTION,13
2667.0,FIXED_WINDOW_ATTENTION,13
2667.5,FIXED_WINDOW_ATTENTION,13
2668.0,FIXED_WINDOW_ATTENTION,13
2668.5,FIXED_WINDOW_ATTENTION,13
2669.0,FIXED_WINDOW_ATTENTION,13
2669.5,FIXED_WINDOW_ATTENTION,13
2670.0,FIXED_WINDOW_ATTENTION,13
2670.5,FIXED_WINDOW_ATTENTION,13
2671.0,FIXED_WINDOW_ATTENTION,13
2671.5,FIXED_WINDOW_ATTENTION,13
2672.0,FIXED_WINDOW_ATTENTION,13
2672.5,FIXED_WINDOW_ATTENTION,13
2673.0,FIXED_WINDOW_ATTENTION,13
2673.5,FIXED_WINDOW_ATTENTION,13
2674.0,FIXED_WINDOW_ATTENTION,13
2674.5,FIXED_WINDOW_ATTENTION,13
2675.0,FIXED_WINDOW_ATTENTION,13
2675.5,FIXED_WINDOW_ATTENTION,13
2676.0,FIXED_WINDOW_ATTENTION,13
2676.5,FIXED_WINDOW_ATTENTION,13
2677.0,FIXED_WINDOW_ATTENTION,13
2677.5,FIXED_WINDOW_ATTENTION,13
2678.0,FIXED_WINDOW_ATTENTION,13
2678.5,FIXED_WINDOW_ATTENTION,13
2679.0,FIXED_WINDOW_ATTENTION,13
2679.5,FIXED_WINDOW_ATTENTION,13
2680.0,FIXED_WINDOW_ATTENTION,13
2680.5,FIXED_WINDOW_ATTENTION,13
2681.0,FIXED_WINDOW_ATTENTION,13
2681.5,FIXED_WINDOW_ATTENTION,13
2682.0,FIXED_WINDOW_ATTENTION,13
2682.5,FIXED_WINDOW_ATTENTION,13
2683.0,FIXED_WINDOW_ATTENTION,13
2683.5,FIXED_WINDOW_ATTENTION,13
2684.0,FIXED_WINDOW_ATTENTION,13
2684.5,FIXED_WINDOW_ATTENTION,13
2685.0,FIXED_WINDOW_ATTENTION,13
2685.5,FIXED_WINDOW_ATTENTION,13
2686.0,FIXED_WINDOW_ATTENTION,13
2686.5,FIXED_WINDOW_ATTENTION,13
2687.0,FIXED_WINDOW_ATTENTION,13
2687.5,FIXED_WINDOW_ATTENTION,13
2688.0,FIXED_WINDOW_ATTENTION,13
2688.5,FIXED_WINDOW_ATTENTION,13
2689.0,FIXED_WINDOW_ATTENTION,13
2689.5,FIXED_WINDOW_ATTENTION,13
2690.0,FIXED_WINDOW_ATTENTION,13
2690.5,FIXED_WINDOW_ATTENTION,13
2691.0,FIXED_WINDOW_ATTENTION,13
2691.5,FIXED_WINDOW_ATTENTION,13
2692.0,FIXED_WINDOW_ATTENTION,13
2692.5,FIXED_WINDOW_ATTENTION,13
2693.0,FIXED_WINDOW_ATTENTION,13
2693.5,FIXED_WINDOW_ATTENTION,13
2694.0,FIXED_WINDOW_ATTENTION,13
2694.5,FIXED_WINDOW_ATTENTION,13
2695.0,FIXED_WINDOW_ATTENTION,13
2695.5,FIXED_WINDOW_ATTENTION,13
2696.0,FIXED_WINDOW_ATTENTION,13
2696.5,FIXED_WINDOW_ATTENTION,13
2697.0,FIXED_WINDOW_ATTENTION,13
2697.5,FIXED_WINDOW_ATTENTION,13
2698.0,FIXED_WINDOW_ATTENTION,13
2698.5,FIXED_WINDOW_ATTENTION,13
2699.0,FIXED_WINDOW_ATTENTION,13
2699.5,FIXED_WINDOW_ATTENTION,13
2700.0,FIXED_WINDOW_ATTENTION,13
2700.5,FIXED_WINDOW_ATTENTION,13
2701.0,FIXED_WINDOW_ATTENTION,13
2701.5,FIXED_WINDOW_ATTENTION,13
2702.0,FIXED_WINDOW_ATTENTION,13
2702.5,FIXED_WINDOW_ATTENTION,13
2703.0,FIXED_WINDOW_ATTENTION,13
2703.5,FIXED_WINDOW_ATTENTION,13
2704.0,FIXED_WINDOW_ATTENTION,13
2704.5,FIXED_WINDOW_ATTENTION,13
2705.0,FIXED_WINDOW_ATTENTION,13
2705.5,FIXED_WINDOW_ATTENTION,13
2706.0,FIXED_WINDOW_ATTENTION,13
2706.5,FIXED_WINDOW_ATTENTION,13
2707.0,FIXED_WINDOW_ATTENTION,13
2707.5,FIXED_WINDOW_ATTENTION,13
2708.0,FIXED_WINDOW_ATTENTION,13
2708.5,FIXED_WINDOW_ATTENTION,13
2709.0,FIXED_WINDOW_ATTENTION,13
2709.5,FIXED_WINDOW_ATTENTION,13
2710.0,FIXED_WINDOW_ATTENTION,13
2710.5,FIXED_WINDOW_ATTENTION,13
2711.0,FIXED_WINDOW_ATTENTION,13
2711.5,FIXED_WINDOW_ATTENTION,13
2712.0,FIXED_WINDOW_ATTENTION,13
2712.5,FIXED_WINDOW_ATTENTION,18
2713.0,FIXED_WINDOW_ATTENTION,18
2713.5,FIXED_WINDOW_ATTENTION,18
2714.0,FIXED_WINDOW_ATTENTION,18
2714.5,FIXED_WINDOW_ATTENTION,18
2715.0,FIXED_WINDOW_ATTENTION,18
2715.5,FIXED_WINDOW_ATTENTION,18
2716.0,FIXED_WINDOW_ATTENTION,18
2716.5,FIXED_WINDOW_ATTENTION,18
2717.0,FIXED_WINDOW_ATTENTION,18
2717.5,FIXED_WINDOW_ATTENTION,18
2718.0,FIXED_WINDOW_ATTENTION,18
2718.5,FIXED_WINDOW_ATTENTION,18
2719.0,FIXED_WINDOW_ATTENTION,18
2719.5,FIXED_WINDOW_ATTENTION,18
2720.0,FIXED_WINDOW_ATTENTION,13
2720.5,FIXED_WINDOW_ATTENTION,13
2721.0,FIXED_WINDOW_ATTENTION,13
2721.5,FIXED_WINDOW_ATTENTION,18
2722.0,FIXED_WINDOW_ATTENTION,18
2722.5,FIXED_WINDOW_ATTENTION,18
2723.0,FIXED_WINDOW_ATTENTION,18
2723.5,FIXED_WINDOW_ATTENTION,18
2724.0,FIXED_WINDOW_ATTENTION,18
2724.5,FIXED_WINDOW_ATTENTION,18
2725.0,FIXED_WINDOW_ATTENTION,18
2725.5,FIXED_WINDOW_ATTENTION,18
2726.0,FIXED_WINDOW_ATTENTION,18
2726.5,FIXED_WINDOW_ATTENTION,18
2727.0,FIXED_WINDOW_ATTENTION,18
2727.5,FIXED_WINDOW_ATTENTION,18
2728.0,FIXED_WINDOW_ATTENTION,18
2728.5,FIXED_WINDOW_ATTENTION,18
2729.0,FIXED_WINDOW_ATTENTION,13
2729.5,FIXED_WINDOW_ATTENTION,13
2730.0,FIXED_WINDOW_ATTENTION,13
2730.5,FIXED_WINDOW_ATTENTION,13
2731.0,FIXED_WINDOW_ATTENTION,13
2731.5,FIXED_WINDOW_ATTENTION,13
2732.0,FIXED_WINDOW_ATTENTION,13
2732.5,FIXED_WINDOW_ATTENTION,13
2733.0,FIXED_WINDOW_ATTENTION,13
2733.5,FIXED_WINDOW_ATTENTION,13
2734.0,FIXED_WINDOW_ATTENTION,13
2734.5,FIXED_WINDOW_ATTENTION,13
2735.0,FIXED_WINDOW_ATTENTION,13
2735.5,FIXED_WINDOW_ATTENTION,13
2736.0,FIXED_WINDOW_ATTENTION,13
2736.5,FIXED_WINDOW_ATTENTION,13
2737.0,FIXED_WINDOW_ATTENTION,13
2737.5,FIXED_WINDOW_ATTENTION,13
2738.0,FIXED_WINDOW_ATTENTION,13
2738.5,FIXED_WINDOW_ATTENTION,13
2739.0,FIXED_WINDOW_ATTENTION,13
2739.5,FIXED_WINDOW_ATTENTION,13
2740.0,FIXED_WINDOW_ATTENTION,13
2740.5,FIXED_WINDOW_ATTENTION,13
2741.0,FIXED_WINDOW_ATTENTION,13
2741.5,FIXED_WINDOW_ATTENTION,13
2742.0,FIXED_WINDOW_ATTENTION,13
2742.5,FIXED_WINDOW_ATTENTION,13
2743.0,FIXED_WINDOW_ATTENTION,13
2743.5,FIXED_WINDOW_ATTENTION,13
2744.0,FIXED_WINDOW_ATTENTION,13
2744.5,FIXED_WINDOW_ATTENTION,13
2745.0,FIXED_WINDOW_ATTENTION,13
2745.5,FIXED_WINDOW_ATTENTION,13
2746.0,FIXED_WINDOW_ATTENTION,13
2746.5,FIXED_WINDOW_ATTENTION,13
2747.0,FIXED_WINDOW_ATTENTION,13
2747.5,FIXED_WINDOW_ATTENTION,13
2748.0,FIXED_WINDOW_ATTENTION,13
2748.5,FIXED_WINDOW_ATTENTION,13
2749.0,FIXED_WINDOW_ATTENTION,13
2749.5,FIXED_WINDOW_ATTENTION,13
2750.0,FIXED_WINDOW_ATTENTION,13
2750.5,FIXED_WINDOW_ATTENTION,13
2751.0,FIXED_WINDOW_ATTENTION,13
2751.5,FIXED_WINDOW_ATTENTION,13
2752.0,FIXED_WINDOW_ATTENTION,13
2752.5,FIXED_WINDOW_ATTENTION,13
2753.0,FIXED_WINDOW_ATTENTION,13
2753.5,FIXED_WINDOW_ATTENTION,13
2754.0,FIXED_WINDOW_ATTENTION,13
2754.5,FIXED_WINDOW_ATTENTION,13
2755.0,FIXED_WINDOW_ATTENTION,13
2755.5,FIXED_WINDOW_ATTENTION,13
2756.0,FIXED_WINDOW_ATTENTION,13
2756.5,FIXED_WINDOW_ATTENTION,13
2757.0,FIXED_WINDOW_ATTENTION,13
2757.5,FIXED_WINDOW_ATTENTION,13
2758.0,FIXED_WINDOW_ATTENTION,13
2758.5,FIXED_WINDOW_ATTENTION,13
2759.0,FIXED_WINDOW_ATTENTION,13
2759.5,FIXED_WINDOW_ATTENTION,13
2760.0,FIXED_WINDOW_ATTENTION,13
2760.5,FIXED_WINDOW_ATTENTION,13
2761.0,FIXED_WINDOW_ATTENTION,13
2761.5,FIXED_WINDOW_ATTENTION,13
2762.0,FIXED_WINDOW_ATTENTION,13
2762.5,FIXED_WINDOW_ATTENTION,13
2763.0,FIXED_WINDOW_ATTENTION,13
2763.5,FIXED_WINDOW_ATTENTION,13
2764.0,FIXED_WINDOW_ATTENTION,13
2764.5,FIXED_WINDOW_ATTENTION,13
2765.0,FIXED_WINDOW_ATTENTION,13
2765.5,FIXED_WINDOW_ATTENTION,13
2766.0,FIXED_WINDOW_ATTENTION,13
2766.5,FIXED_WINDOW_ATTENTION,13
2767.0,FIXED_WINDOW_ATTENTION,13
2767.5,FIXED_WINDOW_ATTENTION,13
2768.0,FIXED_WINDOW_ATTENTION,13
2768.5,FIXED_WINDOW_ATTENTION,13
2769.0,FIXED_WINDOW_ATTENTION,13
2769.5,FIXED_WINDOW_ATTENTION,13
2770.0,FIXED_WINDOW_ATTENTION,13
2770.5,FIXED_WINDOW_ATTENTION,13
2771.0,FIXED_WINDOW_ATTENTION,13
2771.5,FIXED_WINDOW_ATTENTION,18
2772.0,FIXED_WINDOW_ATTENTION,18
2772.5,FIXED_WINDOW_ATTENTION,18
2773.0,FIXED_WINDOW_ATTENTION,18
2773.5,FIXED_WINDOW_ATTENTION,18
2774.0,FIXED_WINDOW_ATTENTION,18
2774.5,FIXED_WINDOW_ATTENTION,18
2775.0,FIXED_WINDOW_ATTENTION,18
2775.5,FIXED_WINDOW_ATTENTION,18
2776.0,FIXED_WINDOW_ATTENTION,18
2776.5,FIXED_WINDOW_ATTENTION,18
2777.0,FIXED_WINDOW_ATTENTION,18
0.5,FINAL_MODEL,18
1.0,FINAL_MODEL,18
1.5,FINAL_MODEL,18
2.0,FINAL_MODEL,18
2.5,FINAL_MODEL,18
3.0,FINAL_MODEL,18
3.5,FINAL_MODEL,18
4.0,FINAL_MODEL,18
4.5,FINAL_MODEL,18
5.0,FINAL_MODEL,18
5.5,FINAL_MODEL,18
6.0,FINAL_MODEL,18
6.5,FINAL_MODEL,18
7.0,FINAL_MODEL,18
7.5,FINAL_MODEL,18
8.0,FINAL_MODEL,18
8.5,FINAL_MODEL,18
9.0,FINAL_MODEL,18
9.5,FINAL_MODEL,18
10.0,FINAL_MODEL,18
10.5,FINAL_MODEL,3
11.0,FINAL_MODEL,3
11.5,FINAL_MODEL,18
12.0,FINAL_MODEL,18
12.5,FINAL_MODEL,3
13.0,FINAL_MODEL,3
13.5,FINAL_MODEL,3
14.0,FINAL_MODEL,3
14.5,FINAL_MODEL,3
15.0,FINAL_MODEL,3
15.5,FINAL_MODEL,3
16.0,FINAL_MODEL,18
16.5,FINAL_MODEL,18
17.0,FINAL_MODEL,18
17.5,FINAL_MODEL,18
18.0,FINAL_MODEL,18
18.5,FINAL_MODEL,18
19.0,FINAL_MODEL,18
19.5,FINAL_MODEL,18
20.0,FINAL_MODEL,18
20.5,FINAL_MODEL,18
21.0,FINAL_MODEL,18
21.5,FINAL_MODEL,18
22.0,FINAL_MODEL,18
22.5,FINAL_MODEL,18
23.0,FINAL_MODEL,18
23.5,FINAL_MODEL,18
24.0,FINAL_MODEL,18
24.5,FINAL_MODEL,18
25.0,FINAL_MODEL,18
25.5,FINAL_MODEL,18
26.0,FINAL_MODEL,18
26.5,FINAL_MODEL,18
27.0,FINAL_MODEL,18
27.5,FINAL_MODEL,18
28.0,FINAL_MODEL,3
28.5,FINAL_MODEL,3
29.0,FINAL_MODEL,3
29.5,FINAL_MODEL,3
30.0,FINAL_MODEL,3
30.5,FINAL_MODEL,3
31.0,FINAL_MODEL,3
31.5,FINAL_MODEL,3
32.0,FINAL_MODEL,3
32.5,FINAL_MODEL,3
33.0,FINAL_MODEL,3
33.5,FINAL_MODEL,3
34.0,FINAL_MODEL,3
34.5,FINAL_MODEL,3
35.0,FINAL_MODEL,3
35.5,FINAL_MODEL,3
36.0,FINAL_MODEL,3
36.5,FINAL_MODEL,3
37.0,FINAL_MODEL,3
37.5,FINAL_MODEL,3
38.0,FINAL_MODEL,3
38.5,FINAL_MODEL,3
39.0,FINAL_MODEL,3
39.5,FINAL_MODEL,3
40.0,FINAL_MODEL,3
40.5,FINAL_MODEL,3
41.0,FINAL_MODEL,3
41.5,FINAL_MODEL,3
42.0,FINAL_MODEL,3
42.5,FINAL_MODEL,3
43.0,FINAL_MODEL,3
43.5,FINAL_MODEL,3
44.0,FINAL_MODEL,3
44.5,FINAL_MODEL,3
45.0,FINAL_MODEL,3
45.5,FINAL_MODEL,3
46.0,FINAL_MODEL,3
46.5,FINAL_MODEL,3
47.0,FINAL_MODEL,3
47.5,FINAL_MODEL,3
48.0,FINAL_MODEL,3
48.5,FINAL_MODEL,3
49.0,FINAL_MODEL,3
49.5,FINAL_MODEL,3
50.0,FINAL_MODEL,3
50.5,FINAL_MODEL,3
51.0,FINAL_MODEL,3
51.5,FINAL_MODEL,3
52.0,FINAL_MODEL,3
52.5,FINAL_MODEL,3
53.0,FINAL_MODEL,3
53.5,FINAL_MODEL,3
54.0,FINAL_MODEL,3
54.5,FINAL_MODEL,3
55.0,FINAL_MODEL,3
55.5,FINAL_MODEL,3
56.0,FINAL_MODEL,3
56.5,FINAL_MODEL,3
57.0,FINAL_MODEL,3
57.5,FINAL_MODEL,3
58.0,FINAL_MODEL,3
58.5,FINAL_MODEL,3
59.0,FINAL_MODEL,3
59.5,FINAL_MODEL,3
60.0,FINAL_MODEL,3
60.5,FINAL_MODEL,3
61.0,FINAL_MODEL,3
61.5,FINAL_MODEL,3
62.0,FINAL_MODEL,3
62.5,FINAL_MODEL,3
63.0,FINAL_MODEL,3
63.5,FINAL_MODEL,3
64.0,FINAL_MODEL,3
64.5,FINAL_MODEL,3
65.0,FINAL_MODEL,3
65.5,FINAL_MODEL,3
66.0,FINAL_MODEL,3
66.5,FINAL_MODEL,3
67.0,FINAL_MODEL,3
67.5,FINAL_MODEL,3
68.0,FINAL_MODEL,3
68.5,FINAL_MODEL,3
69.0,FINAL_MODEL,3
69.5,FINAL_MODEL,3
70.0,FINAL_MODEL,3
70.5,FINAL_MODEL,3
71.0,FINAL_MODEL,3
71.5,FINAL_MODEL,3
72.0,FINAL_MODEL,3
72.5,FINAL_MODEL,3
73.0,FINAL_MODEL,3
73.5,FINAL_MODEL,3
74.0,FINAL_MODEL,3
74.5,FINAL_MODEL,3
75.0,FINAL_MODEL,3
75.5,FINAL_MODEL,3
76.0,FINAL_MODEL,3
76.5,FINAL_MODEL,18
77.0,FINAL_MODEL,18
77.5,FINAL_MODEL,18
78.0,FINAL_MODEL,18
78.5,FINAL_MODEL,18
79.0,FINAL_MODEL,18
79.5,FINAL_MODEL,18
80.0,FINAL_MODEL,18
80.5,FINAL_MODEL,18
81.0,FINAL_MODEL,18
81.5,FINAL_MODEL,18
82.0,FINAL_MODEL,18
82.5,FINAL_MODEL,18
83.0,FINAL_MODEL,18
83.5,FINAL_MODEL,18
84.0,FINAL_MODEL,18
84.5,FINAL_MODEL,18
85.0,FINAL_MODEL,18
85.5,FINAL_MODEL,18
86.0,FINAL_MODEL,18
86.5,FINAL_MODEL,18
87.0,FINAL_MODEL,18
87.5,FINAL_MODEL,18
88.0,FINAL_MODEL,18
88.5,FINAL_MODEL,18
89.0,FINAL_MODEL,18
89.5,FINAL_MODEL,18
90.0,FINAL_MODEL,18
90.5,FINAL_MODEL,18
91.0,FINAL_MODEL,18
91.5,FINAL_MODEL,18
92.0,FINAL_MODEL,18
92.5,FINAL_MODEL,18
93.0,FINAL_MODEL,18
93.5,FINAL_MODEL,18
94.0,FINAL_MODEL,18
94.5,FINAL_MODEL,18
95.0,FINAL_MODEL,18
95.5,FINAL_MODEL,18
96.0,FINAL_MODEL,18
96.5,FINAL_MODEL,18
97.0,FINAL_MODEL,18
97.5,FINAL_MODEL,18
98.0,FINAL_MODEL,3
98.5,FINAL_MODEL,3
99.0,FINAL_MODEL,3
99.5,FINAL_MODEL,3
100.0,FINAL_MODEL,3
100.5,FINAL_MODEL,3
101.0,FINAL_MODEL,3
101.5,FINAL_MODEL,3
102.0,FINAL_MODEL,3
102.5,FINAL_MODEL,3
103.0,FINAL_MODEL,3
103.5,FINAL_MODEL,3
104.0,FINAL_MODEL,3
104.5,FINAL_MODEL,3
105.0,FINAL_MODEL,3
105.5,FINAL_MODEL,3
106.0,FINAL_MODEL,3
106.5,FINAL_MODEL,3
107.0,FINAL_MODEL,18
107.5,FINAL_MODEL,18
108.0,FINAL_MODEL,18
108.5,FINAL_MODEL,18
109.0,FINAL_MODEL,18
109.5,FINAL_MODEL,18
110.0,FINAL_MODEL,18
110.5,FINAL_MODEL,18
111.0,FINAL_MODEL,18
111.5,FINAL_MODEL,18
112.0,FINAL_MODEL,18
112.5,FINAL_MODEL,18
113.0,FINAL_MODEL,18
113.5,FINAL_MODEL,18
114.0,FINAL_MODEL,18
114.5,FINAL_MODEL,18
115.0,FINAL_MODEL,18
115.5,FINAL_MODEL,18
116.0,FINAL_MODEL,18
116.5,FINAL_MODEL,18
117.0,FINAL_MODEL,18
117.5,FINAL_MODEL,18
118.0,FINAL_MODEL,18
118.5,FINAL_MODEL,18
119.0,FINAL_MODEL,18
119.5,FINAL_MODEL,18
120.0,FINAL_MODEL,18
120.5,FINAL_MODEL,18
121.0,FINAL_MODEL,18
121.5,FINAL_MODEL,18
122.0,FINAL_MODEL,18
122.5,FINAL_MODEL,18
123.0,FINAL_MODEL,18
123.5,FINAL_MODEL,18
124.0,FINAL_MODEL,18
124.5,FINAL_MODEL,18
125.0,FINAL_MODEL,18
125.5,FINAL_MODEL,18
126.0,FINAL_MODEL,18
126.5,FINAL_MODEL,18
127.0,FINAL_MODEL,18
127.5,FINAL_MODEL,18
128.0,FINAL_MODEL,18
128.5,FINAL_MODEL,18
129.0,FINAL_MODEL,18
129.5,FINAL_MODEL,18
130.0,FINAL_MODEL,18
130.5,FINAL_MODEL,18
131.0,FINAL_MODEL,18
131.5,FINAL_MODEL,18
132.0,FINAL_MODEL,18
132.5,FINAL_MODEL,18
133.0,FINAL_MODEL,18
133.5,FINAL_MODEL,18
134.0,FINAL_MODEL,18
134.5,FINAL_MODEL,18
135.0,FINAL_MODEL,18
135.5,FINAL_MODEL,18
136.0,FINAL_MODEL,18
136.5,FINAL_MODEL,18
137.0,FINAL_MODEL,18
137.5,FINAL_MODEL,18
138.0,FINAL_MODEL,18
138.5,FINAL_MODEL,18
139.0,FINAL_MODEL,18
139.5,FINAL_MODEL,18
140.0,FINAL_MODEL,18
140.5,FINAL_MODEL,18
141.0,FINAL_MODEL,18
141.5,FINAL_MODEL,18
142.0,FINAL_MODEL,18
142.5,FINAL_MODEL,18
143.0,FINAL_MODEL,18
143.5,FINAL_MODEL,18
144.0,FINAL_MODEL,18
144.5,FINAL_MODEL,18
145.0,FINAL_MODEL,18
145.5,FINAL_MODEL,18
146.0,FINAL_MODEL,18
146.5,FINAL_MODEL,18
147.0,FINAL_MODEL,7
147.5,FINAL_MODEL,18
148.0,FINAL_MODEL,18
148.5,FINAL_MODEL,18
149.0,FINAL_MODEL,7
149.5,FINAL_MODEL,7
150.0,FINAL_MODEL,7
150.5,FINAL_MODEL,7
151.0,FINAL_MODEL,7
151.5,FINAL_MODEL,7
152.0,FINAL_MODEL,7
152.5,FINAL_MODEL,7
153.0,FINAL_MODEL,7
153.5,FINAL_MODEL,7
154.0,FINAL_MODEL,7
154.5,FINAL_MODEL,7
155.0,FINAL_MODEL,7
155.5,FINAL_MODEL,7
156.0,FINAL_MODEL,7
156.5,FINAL_MODEL,7
157.0,FINAL_MODEL,7
157.5,FINAL_MODEL,7
158.0,FINAL_MODEL,7
158.5,FINAL_MODEL,7
159.0,FINAL_MODEL,7
159.5,FINAL_MODEL,7
160.0,FINAL_MODEL,7
160.5,FINAL_MODEL,7
161.0,FINAL_MODEL,7
161.5,FINAL_MODEL,7
162.0,FINAL_MODEL,7
162.5,FINAL_MODEL,7
163.0,FINAL_MODEL,7
163.5,FINAL_MODEL,7
164.0,FINAL_MODEL,7
164.5,FINAL_MODEL,7
165.0,FINAL_MODEL,7
165.5,FINAL_MODEL,7
166.0,FINAL_MODEL,7
166.5,FINAL_MODEL,7
167.0,FINAL_MODEL,7
167.5,FINAL_MODEL,7
168.0,FINAL_MODEL,7
168.5,FINAL_MODEL,7
169.0,FINAL_MODEL,7
169.5,FINAL_MODEL,7
170.0,FINAL_MODEL,7
170.5,FINAL_MODEL,7
171.0,FINAL_MODEL,7
171.5,FINAL_MODEL,7
172.0,FINAL_MODEL,7
172.5,FINAL_MODEL,7
173.0,FINAL_MODEL,7
173.5,FINAL_MODEL,7
174.0,FINAL_MODEL,7
174.5,FINAL_MODEL,7
175.0,FINAL_MODEL,7
175.5,FINAL_MODEL,7
176.0,FINAL_MODEL,7
176.5,FINAL_MODEL,7
177.0,FINAL_MODEL,7
177.5,FINAL_MODEL,7
178.0,FINAL_MODEL,7
178.5,FINAL_MODEL,7
179.0,FINAL_MODEL,7
179.5,FINAL_MODEL,7
180.0,FINAL_MODEL,7
180.5,FINAL_MODEL,7
181.0,FINAL_MODEL,7
181.5,FINAL_MODEL,7
182.0,FINAL_MODEL,7
182.5,FINAL_MODEL,7
183.0,FINAL_MODEL,7
183.5,FINAL_MODEL,7
184.0,FINAL_MODEL,7
184.5,FINAL_MODEL,7
185.0,FINAL_MODEL,7
185.5,FINAL_MODEL,7
186.0,FINAL_MODEL,7
186.5,FINAL_MODEL,7
187.0,FINAL_MODEL,7
187.5,FINAL_MODEL,7
188.0,FINAL_MODEL,7
188.5,FINAL_MODEL,7
189.0,FINAL_MODEL,7
189.5,FINAL_MODEL,7
190.0,FINAL_MODEL,7
190.5,FINAL_MODEL,7
191.0,FINAL_MODEL,7
191.5,FINAL_MODEL,7
192.0,FINAL_MODEL,7
192.5,FINAL_MODEL,7
193.0,FINAL_MODEL,7
193.5,FINAL_MODEL,7
194.0,FINAL_MODEL,7
194.5,FINAL_MODEL,7
195.0,FINAL_MODEL,7
195.5,FINAL_MODEL,7
196.0,FINAL_MODEL,7
196.5,FINAL_MODEL,7
197.0,FINAL_MODEL,7
197.5,FINAL_MODEL,7
198.0,FINAL_MODEL,7
198.5,FINAL_MODEL,7
199.0,FINAL_MODEL,7
199.5,FINAL_MODEL,7
200.0,FINAL_MODEL,7
200.5,FINAL_MODEL,7
201.0,FINAL_MODEL,7
201.5,FINAL_MODEL,7
202.0,FINAL_MODEL,7
202.5,FINAL_MODEL,7
203.0,FINAL_MODEL,7
203.5,FINAL_MODEL,7
204.0,FINAL_MODEL,7
204.5,FINAL_MODEL,7
205.0,FINAL_MODEL,7
205.5,FINAL_MODEL,7
206.0,FINAL_MODEL,7
206.5,FINAL_MODEL,7
207.0,FINAL_MODEL,7
207.5,FINAL_MODEL,7
208.0,FINAL_MODEL,7
208.5,FINAL_MODEL,7
209.0,FINAL_MODEL,7
209.5,FINAL_MODEL,7
210.0,FINAL_MODEL,7
210.5,FINAL_MODEL,7
211.0,FINAL_MODEL,7
211.5,FINAL_MODEL,7
212.0,FINAL_MODEL,7
212.5,FINAL_MODEL,7
213.0,FINAL_MODEL,7
213.5,FINAL_MODEL,7
214.0,FINAL_MODEL,7
214.5,FINAL_MODEL,7
215.0,FINAL_MODEL,7
215.5,FINAL_MODEL,7
216.0,FINAL_MODEL,7
216.5,FINAL_MODEL,7
217.0,FINAL_MODEL,7
217.5,FINAL_MODEL,7
218.0,FINAL_MODEL,7
218.5,FINAL_MODEL,7
219.0,FINAL_MODEL,7
219.5,FINAL_MODEL,7
220.0,FINAL_MODEL,7
220.5,FINAL_MODEL,7
221.0,FINAL_MODEL,7
221.5,FINAL_MODEL,7
222.0,FINAL_MODEL,7
222.5,FINAL_MODEL,7
223.0,FINAL_MODEL,7
223.5,FINAL_MODEL,7
224.0,FINAL_MODEL,7
224.5,FINAL_MODEL,7
225.0,FINAL_MODEL,7
225.5,FINAL_MODEL,7
226.0,FINAL_MODEL,7
226.5,FINAL_MODEL,7
227.0,FINAL_MODEL,7
227.5,FINAL_MODEL,7
228.0,FINAL_MODEL,7
228.5,FINAL_MODEL,7
229.0,FINAL_MODEL,7
229.5,FINAL_MODEL,18
230.0,FINAL_MODEL,18
230.5,FINAL_MODEL,18
231.0,FINAL_MODEL,18
231.5,FINAL_MODEL,18
232.0,FINAL_MODEL,18
232.5,FINAL_MODEL,18
233.0,FINAL_MODEL,18
233.5,FINAL_MODEL,18
234.0,FINAL_MODEL,18
234.5,FINAL_MODEL,18
235.0,FINAL_MODEL,18
235.5,FINAL_MODEL,18
236.0,FINAL_MODEL,18
236.5,FINAL_MODEL,18
237.0,FINAL_MODEL,18
237.5,FINAL_MODEL,18
238.0,FINAL_MODEL,18
238.5,FINAL_MODEL,18
239.0,FINAL_MODEL,18
239.5,FINAL_MODEL,18
240.0,FINAL_MODEL,18
240.5,FINAL_MODEL,18
241.0,FINAL_MODEL,18
241.5,FINAL_MODEL,18
242.0,FINAL_MODEL,18
242.5,FINAL_MODEL,18
243.0,FINAL_MODEL,18
243.5,FINAL_MODEL,18
244.0,FINAL_MODEL,18
244.5,FINAL_MODEL,18
245.0,FINAL_MODEL,4
245.5,FINAL_MODEL,4
246.0,FINAL_MODEL,4
246.5,FINAL_MODEL,4
247.0,FINAL_MODEL,4
247.5,FINAL_MODEL,4
248.0,FINAL_MODEL,4
248.5,FINAL_MODEL,4
249.0,FINAL_MODEL,4
249.5,FINAL_MODEL,4
250.0,FINAL_MODEL,4
250.5,FINAL_MODEL,4
251.0,FINAL_MODEL,4
251.5,FINAL_MODEL,4
252.0,FINAL_MODEL,4
252.5,FINAL_MODEL,4
253.0,FINAL_MODEL,4
253.5,FINAL_MODEL,4
254.0,FINAL_MODEL,4
254.5,FINAL_MODEL,4
255.0,FINAL_MODEL,4
255.5,FINAL_MODEL,4
256.0,FINAL_MODEL,4
256.5,FINAL_MODEL,4
257.0,FINAL_MODEL,4
257.5,FINAL_MODEL,4
258.0,FINAL_MODEL,4
258.5,FINAL_MODEL,4
259.0,FINAL_MODEL,4
259.5,FINAL_MODEL,4
260.0,FINAL_MODEL,4
260.5,FINAL_MODEL,4
261.0,FINAL_MODEL,4
261.5,FINAL_MODEL,4
262.0,FINAL_MODEL,4
262.5,FINAL_MODEL,4
263.0,FINAL_MODEL,4
263.5,FINAL_MODEL,4
264.0,FINAL_MODEL,4
264.5,FINAL_MODEL,4
265.0,FINAL_MODEL,4
265.5,FINAL_MODEL,4
266.0,FINAL_MODEL,4
266.5,FINAL_MODEL,4
267.0,FINAL_MODEL,4
267.5,FINAL_MODEL,4
268.0,FINAL_MODEL,4
268.5,FINAL_MODEL,4
269.0,FINAL_MODEL,4
269.5,FINAL_MODEL,4
270.0,FINAL_MODEL,4
270.5,FINAL_MODEL,4
271.0,FINAL_MODEL,4
271.5,FINAL_MODEL,4
272.0,FINAL_MODEL,4
272.5,FINAL_MODEL,4
273.0,FINAL_MODEL,4
273.5,FINAL_MODEL,4
274.0,FINAL_MODEL,4
274.5,FINAL_MODEL,4
275.0,FINAL_MODEL,4
275.5,FINAL_MODEL,4
276.0,FINAL_MODEL,4
276.5,FINAL_MODEL,4
277.0,FINAL_MODEL,4
277.5,FINAL_MODEL,4
278.0,FINAL_MODEL,4
278.5,FINAL_MODEL,4
279.0,FINAL_MODEL,4
279.5,FINAL_MODEL,4
280.0,FINAL_MODEL,4
280.5,FINAL_MODEL,4
281.0,FINAL_MODEL,4
281.5,FINAL_MODEL,4
282.0,FINAL_MODEL,4
282.5,FINAL_MODEL,4
283.0,FINAL_MODEL,4
283.5,FINAL_MODEL,4
284.0,FINAL_MODEL,4
284.5,FINAL_MODEL,4
285.0,FINAL_MODEL,4
285.5,FINAL_MODEL,4
286.0,FINAL_MODEL,4
286.5,FINAL_MODEL,4
287.0,FINAL_MODEL,4
287.5,FINAL_MODEL,4
288.0,FINAL_MODEL,4
288.5,FINAL_MODEL,4
289.0,FINAL_MODEL,4
289.5,FINAL_MODEL,4
290.0,FINAL_MODEL,4
290.5,FINAL_MODEL,4
291.0,FINAL_MODEL,4
291.5,FINAL_MODEL,4
292.0,FINAL_MODEL,4
292.5,FINAL_MODEL,18
293.0,FINAL_MODEL,18
293.5,FINAL_MODEL,18
294.0,FINAL_MODEL,18
294.5,FINAL_MODEL,18
295.0,FINAL_MODEL,18
295.5,FINAL_MODEL,18
296.0,FINAL_MODEL,18
296.5,FINAL_MODEL,18
297.0,FINAL_MODEL,18
297.5,FINAL_MODEL,18
298.0,FINAL_MODEL,18
298.5,FINAL_MODEL,18
299.0,FINAL_MODEL,18
299.5,FINAL_MODEL,18
300.0,FINAL_MODEL,18
300.5,FINAL_MODEL,18
301.0,FINAL_MODEL,18
301.5,FINAL_MODEL,18
302.0,FINAL_MODEL,18
302.5,FINAL_MODEL,18
303.0,FINAL_MODEL,18
303.5,FINAL_MODEL,18
304.0,FINAL_MODEL,18
304.5,FINAL_MODEL,18
305.0,FINAL_MODEL,18
305.5,FINAL_MODEL,18
306.0,FINAL_MODEL,18
306.5,FINAL_MODEL,18
307.0,FINAL_MODEL,18
307.5,FINAL_MODEL,18
308.0,FINAL_MODEL,18
308.5,FINAL_MODEL,18
309.0,FINAL_MODEL,18
309.5,FINAL_MODEL,18
310.0,FINAL_MODEL,18
310.5,FINAL_MODEL,18
311.0,FINAL_MODEL,18
311.5,FINAL_MODEL,18
312.0,FINAL_MODEL,18
312.5,FINAL_MODEL,18
313.0,FINAL_MODEL,18
313.5,FINAL_MODEL,18
314.0,FINAL_MODEL,4
314.5,FINAL_MODEL,4
315.0,FINAL_MODEL,4
315.5,FINAL_MODEL,4
316.0,FINAL_MODEL,4
316.5,FINAL_MODEL,4
317.0,FINAL_MODEL,4
317.5,FINAL_MODEL,4
318.0,FINAL_MODEL,4
318.5,FINAL_MODEL,4
319.0,FINAL_MODEL,4
319.5,FINAL_MODEL,4
320.0,FINAL_MODEL,4
320.5,FINAL_MODEL,4
321.0,FINAL_MODEL,4
321.5,FINAL_MODEL,4
322.0,FINAL_MODEL,4
322.5,FINAL_MODEL,4
323.0,FINAL_MODEL,4
323.5,FINAL_MODEL,4
324.0,FINAL_MODEL,4
324.5,FINAL_MODEL,4
325.0,FINAL_MODEL,4
325.5,FINAL_MODEL,4
326.0,FINAL_MODEL,4
326.5,FINAL_MODEL,4
327.0,FINAL_MODEL,4
327.5,FINAL_MODEL,4
328.0,FINAL_MODEL,4
328.5,FINAL_MODEL,4
329.0,FINAL_MODEL,4
329.5,FINAL_MODEL,4
330.0,FINAL_MODEL,4
330.5,FINAL_MODEL,4
331.0,FINAL_MODEL,4
331.5,FINAL_MODEL,4
332.0,FINAL_MODEL,4
332.5,FINAL_MODEL,4
333.0,FINAL_MODEL,4
333.5,FINAL_MODEL,4
334.0,FINAL_MODEL,4
334.5,FINAL_MODEL,4
335.0,FINAL_MODEL,4
335.5,FINAL_MODEL,4
336.0,FINAL_MODEL,4
336.5,FINAL_MODEL,4
337.0,FINAL_MODEL,4
337.5,FINAL_MODEL,4
338.0,FINAL_MODEL,4
338.5,FINAL_MODEL,4
339.0,FINAL_MODEL,4
339.5,FINAL_MODEL,4
340.0,FINAL_MODEL,4
340.5,FINAL_MODEL,4
341.0,FINAL_MODEL,4
341.5,FINAL_MODEL,4
342.0,FINAL_MODEL,4
342.5,FINAL_MODEL,4
343.0,FINAL_MODEL,4
343.5,FINAL_MODEL,4
344.0,FINAL_MODEL,18
344.5,FINAL_MODEL,18
345.0,FINAL_MODEL,18
345.5,FINAL_MODEL,18
346.0,FINAL_MODEL,18
346.5,FINAL_MODEL,18
347.0,FINAL_MODEL,18
347.5,FINAL_MODEL,18
348.0,FINAL_MODEL,18
348.5,FINAL_MODEL,18
349.0,FINAL_MODEL,18
349.5,FINAL_MODEL,18
350.0,FINAL_MODEL,18
350.5,FINAL_MODEL,18
351.0,FINAL_MODEL,18
351.5,FINAL_MODEL,18
352.0,FINAL_MODEL,18
352.5,FINAL_MODEL,18
353.0,FINAL_MODEL,18
353.5,FINAL_MODEL,18
354.0,FINAL_MODEL,18
354.5,FINAL_MODEL,18
355.0,FINAL_MODEL,18
355.5,FINAL_MODEL,18
356.0,FINAL_MODEL,18
356.5,FINAL_MODEL,18
357.0,FINAL_MODEL,18
357.5,FINAL_MODEL,18
358.0,FINAL_MODEL,18
358.5,FINAL_MODEL,18
359.0,FINAL_MODEL,18
359.5,FINAL_MODEL,18
360.0,FINAL_MODEL,18
360.5,FINAL_MODEL,18
361.0,FINAL_MODEL,18
361.5,FINAL_MODEL,18
362.0,FINAL_MODEL,18
362.5,FINAL_MODEL,4
363.0,FINAL_MODEL,4
363.5,FINAL_MODEL,4
364.0,FINAL_MODEL,4
364.5,FINAL_MODEL,4
365.0,FINAL_MODEL,4
365.5,FINAL_MODEL,4
366.0,FINAL_MODEL,4
366.5,FINAL_MODEL,4
367.0,FINAL_MODEL,4
367.5,FINAL_MODEL,4
368.0,FINAL_MODEL,4
368.5,FINAL_MODEL,4
369.0,FINAL_MODEL,4
369.5,FINAL_MODEL,4
370.0,FINAL_MODEL,4
370.5,FINAL_MODEL,4
371.0,FINAL_MODEL,4
371.5,FINAL_MODEL,4
372.0,FINAL_MODEL,4
372.5,FINAL_MODEL,4
373.0,FINAL_MODEL,4
373.5,FINAL_MODEL,4
374.0,FINAL_MODEL,4
374.5,FINAL_MODEL,4
375.0,FINAL_MODEL,4
375.5,FINAL_MODEL,4
376.0,FINAL_MODEL,4
376.5,FINAL_MODEL,4
377.0,FINAL_MODEL,4
377.5,FINAL_MODEL,4
378.0,FINAL_MODEL,4
378.5,FINAL_MODEL,4
379.0,FINAL_MODEL,4
379.5,FINAL_MODEL,4
380.0,FINAL_MODEL,4
380.5,FINAL_MODEL,4
381.0,FINAL_MODEL,4
381.5,FINAL_MODEL,4
382.0,FINAL_MODEL,4
382.5,FINAL_MODEL,4
383.0,FINAL_MODEL,4
383.5,FINAL_MODEL,4
384.0,FINAL_MODEL,4
384.5,FINAL_MODEL,4
385.0,FINAL_MODEL,4
385.5,FINAL_MODEL,4
386.0,FINAL_MODEL,4
386.5,FINAL_MODEL,4
387.0,FINAL_MODEL,4
387.5,FINAL_MODEL,4
388.0,FINAL_MODEL,4
388.5,FINAL_MODEL,4
389.0,FINAL_MODEL,4
389.5,FINAL_MODEL,4
390.0,FINAL_MODEL,18
390.5,FINAL_MODEL,18
391.0,FINAL_MODEL,18
391.5,FINAL_MODEL,18
392.0,FINAL_MODEL,18
392.5,FINAL_MODEL,18
393.0,FINAL_MODEL,18
393.5,FINAL_MODEL,18
394.0,FINAL_MODEL,18
394.5,FINAL_MODEL,18
395.0,FINAL_MODEL,18
395.5,FINAL_MODEL,18
396.0,FINAL_MODEL,18
396.5,FINAL_MODEL,18
397.0,FINAL_MODEL,18
397.5,FINAL_MODEL,18
398.0,FINAL_MODEL,18
398.5,FINAL_MODEL,18
399.0,FINAL_MODEL,18
399.5,FINAL_MODEL,18
400.0,FINAL_MODEL,18
400.5,FINAL_MODEL,18
401.0,FINAL_MODEL,18
401.5,FINAL_MODEL,18
402.0,FINAL_MODEL,18
402.5,FINAL_MODEL,18
403.0,FINAL_MODEL,18
403.5,FINAL_MODEL,18
404.0,FINAL_MODEL,18
404.5,FINAL_MODEL,18
405.0,FINAL_MODEL,18
405.5,FINAL_MODEL,18
406.0,FINAL_MODEL,18
406.5,FINAL_MODEL,18
407.0,FINAL_MODEL,18
407.5,FINAL_MODEL,18
408.0,FINAL_MODEL,18
408.5,FINAL_MODEL,18
409.0,FINAL_MODEL,18
409.5,FINAL_MODEL,18
410.0,FINAL_MODEL,18
410.5,FINAL_MODEL,18
411.0,FINAL_MODEL,18
411.5,FINAL_MODEL,18
412.0,FINAL_MODEL,18
412.5,FINAL_MODEL,18
413.0,FINAL_MODEL,18
413.5,FINAL_MODEL,18
414.0,FINAL_MODEL,18
414.5,FINAL_MODEL,18
415.0,FINAL_MODEL,18
415.5,FINAL_MODEL,18
416.0,FINAL_MODEL,18
416.5,FINAL_MODEL,18
417.0,FINAL_MODEL,18
417.5,FINAL_MODEL,18
418.0,FINAL_MODEL,18
418.5,FINAL_MODEL,18
419.0,FINAL_MODEL,18
419.5,FINAL_MODEL,18
420.0,FINAL_MODEL,18
420.5,FINAL_MODEL,18
421.0,FINAL_MODEL,18
421.5,FINAL_MODEL,18
422.0,FINAL_MODEL,18
422.5,FINAL_MODEL,18
423.0,FINAL_MODEL,18
423.5,FINAL_MODEL,18
424.0,FINAL_MODEL,18
424.5,FINAL_MODEL,18
425.0,FINAL_MODEL,18
425.5,FINAL_MODEL,8
426.0,FINAL_MODEL,8
426.5,FINAL_MODEL,8
427.0,FINAL_MODEL,8
427.5,FINAL_MODEL,8
428.0,FINAL_MODEL,8
428.5,FINAL_MODEL,8
429.0,FINAL_MODEL,8
429.5,FINAL_MODEL,8
430.0,FINAL_MODEL,8
430.5,FINAL_MODEL,8
431.0,FINAL_MODEL,8
431.5,FINAL_MODEL,8
432.0,FINAL_MODEL,8
432.5,FINAL_MODEL,8
433.0,FINAL_MODEL,8
433.5,FINAL_MODEL,8
434.0,FINAL_MODEL,8
434.5,FINAL_MODEL,8
435.0,FINAL_MODEL,8
435.5,FINAL_MODEL,8
436.0,FINAL_MODEL,8
436.5,FINAL_MODEL,8
437.0,FINAL_MODEL,8
437.5,FINAL_MODEL,8
438.0,FINAL_MODEL,8
438.5,FINAL_MODEL,8
439.0,FINAL_MODEL,8
439.5,FINAL_MODEL,8
440.0,FINAL_MODEL,8
440.5,FINAL_MODEL,8
441.0,FINAL_MODEL,8
441.5,FINAL_MODEL,8
442.0,FINAL_MODEL,8
442.5,FINAL_MODEL,8
443.0,FINAL_MODEL,8
443.5,FINAL_MODEL,8
444.0,FINAL_MODEL,8
444.5,FINAL_MODEL,8
445.0,FINAL_MODEL,8
445.5,FINAL_MODEL,8
446.0,FINAL_MODEL,8
446.5,FINAL_MODEL,8
447.0,FINAL_MODEL,8
447.5,FINAL_MODEL,8
448.0,FINAL_MODEL,8
448.5,FINAL_MODEL,8
449.0,FINAL_MODEL,8
449.5,FINAL_MODEL,8
450.0,FINAL_MODEL,8
450.5,FINAL_MODEL,8
451.0,FINAL_MODEL,8
451.5,FINAL_MODEL,8
452.0,FINAL_MODEL,8
452.5,FINAL_MODEL,8
453.0,FINAL_MODEL,8
453.5,FINAL_MODEL,8
454.0,FINAL_MODEL,8
454.5,FINAL_MODEL,8
455.0,FINAL_MODEL,8
455.5,FINAL_MODEL,8
456.0,FINAL_MODEL,8
456.5,FINAL_MODEL,8
457.0,FINAL_MODEL,8
457.5,FINAL_MODEL,8
458.0,FINAL_MODEL,8
458.5,FINAL_MODEL,8
459.0,FINAL_MODEL,8
459.5,FINAL_MODEL,8
460.0,FINAL_MODEL,8
460.5,FINAL_MODEL,8
461.0,FINAL_MODEL,8
461.5,FINAL_MODEL,8
462.0,FINAL_MODEL,8
462.5,FINAL_MODEL,8
463.0,FINAL_MODEL,8
463.5,FINAL_MODEL,8
464.0,FINAL_MODEL,8
464.5,FINAL_MODEL,8
465.0,FINAL_MODEL,8
465.5,FINAL_MODEL,8
466.0,FINAL_MODEL,8
466.5,FINAL_MODEL,8
467.0,FINAL_MODEL,8
467.5,FINAL_MODEL,8
468.0,FINAL_MODEL,8
468.5,FINAL_MODEL,8
469.0,FINAL_MODEL,8
469.5,FINAL_MODEL,8
470.0,FINAL_MODEL,8
470.5,FINAL_MODEL,8
471.0,FINAL_MODEL,8
471.5,FINAL_MODEL,8
472.0,FINAL_MODEL,8
472.5,FINAL_MODEL,8
473.0,FINAL_MODEL,8
473.5,FINAL_MODEL,8
474.0,FINAL_MODEL,8
474.5,FINAL_MODEL,8
475.0,FINAL_MODEL,8
475.5,FINAL_MODEL,8
476.0,FINAL_MODEL,8
476.5,FINAL_MODEL,8
477.0,FINAL_MODEL,8
477.5,FINAL_MODEL,8
478.0,FINAL_MODEL,8
478.5,FINAL_MODEL,8
479.0,FINAL_MODEL,8
479.5,FINAL_MODEL,8
480.0,FINAL_MODEL,8
480.5,FINAL_MODEL,8
481.0,FINAL_MODEL,8
481.5,FINAL_MODEL,8
482.0,FINAL_MODEL,8
482.5,FINAL_MODEL,8
483.0,FINAL_MODEL,8
483.5,FINAL_MODEL,8
484.0,FINAL_MODEL,8
484.5,FINAL_MODEL,8
485.0,FINAL_MODEL,8
485.5,FINAL_MODEL,8
486.0,FINAL_MODEL,8
486.5,FINAL_MODEL,8
487.0,FINAL_MODEL,8
487.5,FINAL_MODEL,8
488.0,FINAL_MODEL,8
488.5,FINAL_MODEL,8
489.0,FINAL_MODEL,8
489.5,FINAL_MODEL,8
490.0,FINAL_MODEL,8
490.5,FINAL_MODEL,8
491.0,FINAL_MODEL,8
491.5,FINAL_MODEL,8
492.0,FINAL_MODEL,8
492.5,FINAL_MODEL,8
493.0,FINAL_MODEL,8
493.5,FINAL_MODEL,8
494.0,FINAL_MODEL,8
494.5,FINAL_MODEL,8
495.0,FINAL_MODEL,8
495.5,FINAL_MODEL,8
496.0,FINAL_MODEL,8
496.5,FINAL_MODEL,8
497.0,FINAL_MODEL,8
497.5,FINAL_MODEL,8
498.0,FINAL_MODEL,8
498.5,FINAL_MODEL,8
499.0,FINAL_MODEL,8
499.5,FINAL_MODEL,8
500.0,FINAL_MODEL,8
500.5,FINAL_MODEL,8
501.0,FINAL_MODEL,8
501.5,FINAL_MODEL,8
502.0,FINAL_MODEL,8
502.5,FINAL_MODEL,8
503.0,FINAL_MODEL,8
503.5,FINAL_MODEL,8
504.0,FINAL_MODEL,8
504.5,FINAL_MODEL,8
505.0,FINAL_MODEL,8
505.5,FINAL_MODEL,8
506.0,FINAL_MODEL,8
506.5,FINAL_MODEL,8
507.0,FINAL_MODEL,8
507.5,FINAL_MODEL,8
508.0,FINAL_MODEL,8
508.5,FINAL_MODEL,8
509.0,FINAL_MODEL,8
509.5,FINAL_MODEL,8
510.0,FINAL_MODEL,8
510.5,FINAL_MODEL,8
511.0,FINAL_MODEL,8
511.5,FINAL_MODEL,8
512.0,FINAL_MODEL,8
512.5,FINAL_MODEL,8
513.0,FINAL_MODEL,8
513.5,FINAL_MODEL,8
514.0,FINAL_MODEL,8
514.5,FINAL_MODEL,8
515.0,FINAL_MODEL,8
515.5,FINAL_MODEL,8
516.0,FINAL_MODEL,8
516.5,FINAL_MODEL,8
517.0,FINAL_MODEL,8
517.5,FINAL_MODEL,8
518.0,FINAL_MODEL,8
518.5,FINAL_MODEL,8
519.0,FINAL_MODEL,8
519.5,FINAL_MODEL,8
520.0,FINAL_MODEL,8
520.5,FINAL_MODEL,8
521.0,FINAL_MODEL,8
521.5,FINAL_MODEL,8
522.0,FINAL_MODEL,8
522.5,FINAL_MODEL,8
523.0,FINAL_MODEL,8
523.5,FINAL_MODEL,8
524.0,FINAL_MODEL,8
524.5,FINAL_MODEL,18
525.0,FINAL_MODEL,18
525.5,FINAL_MODEL,18
526.0,FINAL_MODEL,18
526.5,FINAL_MODEL,18
527.0,FINAL_MODEL,18
527.5,FINAL_MODEL,18
528.0,FINAL_MODEL,18
528.5,FINAL_MODEL,18
529.0,FINAL_MODEL,18
529.5,FINAL_MODEL,18
530.0,FINAL_MODEL,18
530.5,FINAL_MODEL,18
531.0,FINAL_MODEL,18
531.5,FINAL_MODEL,18
532.0,FINAL_MODEL,18
532.5,FINAL_MODEL,18
533.0,FINAL_MODEL,18
533.5,FINAL_MODEL,18
534.0,FINAL_MODEL,18
534.5,FINAL_MODEL,18
535.0,FINAL_MODEL,18
535.5,FINAL_MODEL,18
536.0,FINAL_MODEL,18
536.5,FINAL_MODEL,18
537.0,FINAL_MODEL,18
537.5,FINAL_MODEL,18
538.0,FINAL_MODEL,18
538.5,FINAL_MODEL,18
539.0,FINAL_MODEL,18
539.5,FINAL_MODEL,18
540.0,FINAL_MODEL,18
540.5,FINAL_MODEL,18
541.0,FINAL_MODEL,18
541.5,FINAL_MODEL,18
542.0,FINAL_MODEL,18
542.5,FINAL_MODEL,18
543.0,FINAL_MODEL,18
543.5,FINAL_MODEL,18
544.0,FINAL_MODEL,18
544.5,FINAL_MODEL,18
545.0,FINAL_MODEL,18
545.5,FINAL_MODEL,14
546.0,FINAL_MODEL,14
546.5,FINAL_MODEL,14
547.0,FINAL_MODEL,14
547.5,FINAL_MODEL,14
548.0,FINAL_MODEL,14
548.5,FINAL_MODEL,14
549.0,FINAL_MODEL,14
549.5,FINAL_MODEL,14
550.0,FINAL_MODEL,14
550.5,FINAL_MODEL,14
551.0,FINAL_MODEL,14
551.5,FINAL_MODEL,14
552.0,FINAL_MODEL,14
552.5,FINAL_MODEL,14
553.0,FINAL_MODEL,14
553.5,FINAL_MODEL,14
554.0,FINAL_MODEL,14
554.5,FINAL_MODEL,14
555.0,FINAL_MODEL,14
555.5,FINAL_MODEL,14
556.0,FINAL_MODEL,14
556.5,FINAL_MODEL,14
557.0,FINAL_MODEL,14
557.5,FINAL_MODEL,14
558.0,FINAL_MODEL,14
558.5,FINAL_MODEL,14
559.0,FINAL_MODEL,14
559.5,FINAL_MODEL,14
560.0,FINAL_MODEL,14
560.5,FINAL_MODEL,14
561.0,FINAL_MODEL,14
561.5,FINAL_MODEL,14
562.0,FINAL_MODEL,14
562.5,FINAL_MODEL,14
563.0,FINAL_MODEL,14
563.5,FINAL_MODEL,14
564.0,FINAL_MODEL,14
564.5,FINAL_MODEL,14
565.0,FINAL_MODEL,14
565.5,FINAL_MODEL,14
566.0,FINAL_MODEL,14
566.5,FINAL_MODEL,14
567.0,FINAL_MODEL,14
567.5,FINAL_MODEL,14
568.0,FINAL_MODEL,14
568.5,FINAL_MODEL,14
569.0,FINAL_MODEL,14
569.5,FINAL_MODEL,18
570.0,FINAL_MODEL,18
570.5,FINAL_MODEL,18
571.0,FINAL_MODEL,18
571.5,FINAL_MODEL,18
572.0,FINAL_MODEL,18
572.5,FINAL_MODEL,18
573.0,FINAL_MODEL,18
573.5,FINAL_MODEL,18
574.0,FINAL_MODEL,18
574.5,FINAL_MODEL,18
575.0,FINAL_MODEL,18
575.5,FINAL_MODEL,18
576.0,FINAL_MODEL,18
576.5,FINAL_MODEL,18
577.0,FINAL_MODEL,18
577.5,FINAL_MODEL,18
578.0,FINAL_MODEL,18
578.5,FINAL_MODEL,18
579.0,FINAL_MODEL,18
579.5,FINAL_MODEL,18
580.0,FINAL_MODEL,18
580.5,FINAL_MODEL,18
581.0,FINAL_MODEL,18
581.5,FINAL_MODEL,18
582.0,FINAL_MODEL,18
582.5,FINAL_MODEL,18
583.0,FINAL_MODEL,18
583.5,FINAL_MODEL,18
584.0,FINAL_MODEL,18
584.5,FINAL_MODEL,18
585.0,FINAL_MODEL,18
585.5,FINAL_MODEL,18
586.0,FINAL_MODEL,18
586.5,FINAL_MODEL,18
587.0,FINAL_MODEL,18
587.5,FINAL_MODEL,18
588.0,FINAL_MODEL,18
588.5,FINAL_MODEL,18
589.0,FINAL_MODEL,18
589.5,FINAL_MODEL,18
590.0,FINAL_MODEL,18
590.5,FINAL_MODEL,18
591.0,FINAL_MODEL,18
591.5,FINAL_MODEL,18
592.0,FINAL_MODEL,18
592.5,FINAL_MODEL,18
593.0,FINAL_MODEL,18
593.5,FINAL_MODEL,18
594.0,FINAL_MODEL,14
594.5,FINAL_MODEL,14
595.0,FINAL_MODEL,14
595.5,FINAL_MODEL,14
596.0,FINAL_MODEL,14
596.5,FINAL_MODEL,14
597.0,FINAL_MODEL,14
597.5,FINAL_MODEL,14
598.0,FINAL_MODEL,14
598.5,FINAL_MODEL,14
599.0,FINAL_MODEL,14
599.5,FINAL_MODEL,14
600.0,FINAL_MODEL,14
600.5,FINAL_MODEL,14
601.0,FINAL_MODEL,14
601.5,FINAL_MODEL,14
602.0,FINAL_MODEL,14
602.5,FINAL_MODEL,14
603.0,FINAL_MODEL,14
603.5,FINAL_MODEL,14
604.0,FINAL_MODEL,14
604.5,FINAL_MODEL,14
605.0,FINAL_MODEL,14
605.5,FINAL_MODEL,14
606.0,FINAL_MODEL,14
606.5,FINAL_MODEL,14
607.0,FINAL_MODEL,14
607.5,FINAL_MODEL,14
608.0,FINAL_MODEL,14
608.5,FINAL_MODEL,14
609.0,FINAL_MODEL,14
609.5,FINAL_MODEL,14
610.0,FINAL_MODEL,14
610.5,FINAL_MODEL,14
611.0,FINAL_MODEL,14
611.5,FINAL_MODEL,14
612.0,FINAL_MODEL,14
612.5,FINAL_MODEL,14
613.0,FINAL_MODEL,14
613.5,FINAL_MODEL,14
614.0,FINAL_MODEL,14
614.5,FINAL_MODEL,14
615.0,FINAL_MODEL,14
615.5,FINAL_MODEL,14
616.0,FINAL_MODEL,14
616.5,FINAL_MODEL,14
617.0,FINAL_MODEL,14
617.5,FINAL_MODEL,14
618.0,FINAL_MODEL,14
618.5,FINAL_MODEL,14
619.0,FINAL_MODEL,18
619.5,FINAL_MODEL,18
620.0,FINAL_MODEL,18
620.5,FINAL_MODEL,18
621.0,FINAL_MODEL,18
621.5,FINAL_MODEL,18
622.0,FINAL_MODEL,18
622.5,FINAL_MODEL,18
623.0,FINAL_MODEL,18
623.5,FINAL_MODEL,18
624.0,FINAL_MODEL,18
624.5,FINAL_MODEL,18
625.0,FINAL_MODEL,18
625.5,FINAL_MODEL,18
626.0,FINAL_MODEL,18
626.5,FINAL_MODEL,18
627.0,FINAL_MODEL,18
627.5,FINAL_MODEL,18
628.0,FINAL_MODEL,18
628.5,FINAL_MODEL,18
629.0,FINAL_MODEL,18
629.5,FINAL_MODEL,18
630.0,FINAL_MODEL,18
630.5,FINAL_MODEL,18
631.0,FINAL_MODEL,18
631.5,FINAL_MODEL,18
632.0,FINAL_MODEL,18
632.5,FINAL_MODEL,18
633.0,FINAL_MODEL,18
633.5,FINAL_MODEL,18
634.0,FINAL_MODEL,18
634.5,FINAL_MODEL,18
635.0,FINAL_MODEL,18
635.5,FINAL_MODEL,18
636.0,FINAL_MODEL,18
636.5,FINAL_MODEL,18
637.0,FINAL_MODEL,18
637.5,FINAL_MODEL,18
638.0,FINAL_MODEL,18
638.5,FINAL_MODEL,18
639.0,FINAL_MODEL,18
639.5,FINAL_MODEL,18
640.0,FINAL_MODEL,18
640.5,FINAL_MODEL,18
641.0,FINAL_MODEL,18
641.5,FINAL_MODEL,18
642.0,FINAL_MODEL,18
642.5,FINAL_MODEL,18
643.0,FINAL_MODEL,18
643.5,FINAL_MODEL,18
644.0,FINAL_MODEL,18
644.5,FINAL_MODEL,18
645.0,FINAL_MODEL,18
645.5,FINAL_MODEL,18
646.0,FINAL_MODEL,18
646.5,FINAL_MODEL,18
647.0,FINAL_MODEL,18
647.5,FINAL_MODEL,18
648.0,FINAL_MODEL,18
648.5,FINAL_MODEL,18
649.0,FINAL_MODEL,18
649.5,FINAL_MODEL,18
650.0,FINAL_MODEL,18
650.5,FINAL_MODEL,18
651.0,FINAL_MODEL,18
651.5,FINAL_MODEL,18
652.0,FINAL_MODEL,18
652.5,FINAL_MODEL,18
653.0,FINAL_MODEL,18
653.5,FINAL_MODEL,18
654.0,FINAL_MODEL,18
654.5,FINAL_MODEL,18
655.0,FINAL_MODEL,18
655.5,FINAL_MODEL,18
656.0,FINAL_MODEL,18
656.5,FINAL_MODEL,18
657.0,FINAL_MODEL,18
657.5,FINAL_MODEL,18
658.0,FINAL_MODEL,14
658.5,FINAL_MODEL,14
659.0,FINAL_MODEL,14
659.5,FINAL_MODEL,14
660.0,FINAL_MODEL,14
660.5,FINAL_MODEL,14
661.0,FINAL_MODEL,14
661.5,FINAL_MODEL,14
662.0,FINAL_MODEL,14
662.5,FINAL_MODEL,14
663.0,FINAL_MODEL,14
663.5,FINAL_MODEL,14
664.0,FINAL_MODEL,14
664.5,FINAL_MODEL,14
665.0,FINAL_MODEL,14
665.5,FINAL_MODEL,14
666.0,FINAL_MODEL,14
666.5,FINAL_MODEL,14
667.0,FINAL_MODEL,14
667.5,FINAL_MODEL,14
668.0,FINAL_MODEL,14
668.5,FINAL_MODEL,14
669.0,FINAL_MODEL,14
669.5,FINAL_MODEL,14
670.0,FINAL_MODEL,14
670.5,FINAL_MODEL,14
671.0,FINAL_MODEL,14
671.5,FINAL_MODEL,14
672.0,FINAL_MODEL,14
672.5,FINAL_MODEL,14
673.0,FINAL_MODEL,14
673.5,FINAL_MODEL,14
674.0,FINAL_MODEL,14
674.5,FINAL_MODEL,14
675.0,FINAL_MODEL,14
675.5,FINAL_MODEL,14
676.0,FINAL_MODEL,14
676.5,FINAL_MODEL,14
677.0,FINAL_MODEL,14
677.5,FINAL_MODEL,14
678.0,FINAL_MODEL,14
678.5,FINAL_MODEL,14
679.0,FINAL_MODEL,14
679.5,FINAL_MODEL,14
680.0,FINAL_MODEL,14
680.5,FINAL_MODEL,14
681.0,FINAL_MODEL,18
681.5,FINAL_MODEL,18
682.0,FINAL_MODEL,18
682.5,FINAL_MODEL,18
683.0,FINAL_MODEL,18
683.5,FINAL_MODEL,18
684.0,FINAL_MODEL,18
684.5,FINAL_MODEL,18
685.0,FINAL_MODEL,18
685.5,FINAL_MODEL,18
686.0,FINAL_MODEL,18
686.5,FINAL_MODEL,18
687.0,FINAL_MODEL,18
687.5,FINAL_MODEL,18
688.0,FINAL_MODEL,18
688.5,FINAL_MODEL,18
689.0,FINAL_MODEL,18
689.5,FINAL_MODEL,18
690.0,FINAL_MODEL,18
690.5,FINAL_MODEL,18
691.0,FINAL_MODEL,18
691.5,FINAL_MODEL,18
692.0,FINAL_MODEL,18
692.5,FINAL_MODEL,18
693.0,FINAL_MODEL,18
693.5,FINAL_MODEL,18
694.0,FINAL_MODEL,18
694.5,FINAL_MODEL,18
695.0,FINAL_MODEL,18
695.5,FINAL_MODEL,18
696.0,FINAL_MODEL,18
696.5,FINAL_MODEL,18
697.0,FINAL_MODEL,18
697.5,FINAL_MODEL,18
698.0,FINAL_MODEL,18
698.5,FINAL_MODEL,18
699.0,FINAL_MODEL,18
699.5,FINAL_MODEL,18
700.0,FINAL_MODEL,18
700.5,FINAL_MODEL,18
701.0,FINAL_MODEL,18
701.5,FINAL_MODEL,18
702.0,FINAL_MODEL,18
702.5,FINAL_MODEL,18
703.0,FINAL_MODEL,18
703.5,FINAL_MODEL,18
704.0,FINAL_MODEL,18
704.5,FINAL_MODEL,18
705.0,FINAL_MODEL,18
705.5,FINAL_MODEL,18
706.0,FINAL_MODEL,18
706.5,FINAL_MODEL,18
707.0,FINAL_MODEL,18
707.5,FINAL_MODEL,18
708.0,FINAL_MODEL,18
708.5,FINAL_MODEL,18
709.0,FINAL_MODEL,18
709.5,FINAL_MODEL,18
710.0,FINAL_MODEL,18
710.5,FINAL_MODEL,18
711.0,FINAL_MODEL,18
711.5,FINAL_MODEL,18
712.0,FINAL_MODEL,18
712.5,FINAL_MODEL,18
713.0,FINAL_MODEL,18
713.5,FINAL_MODEL,18
714.0,FINAL_MODEL,18
714.5,FINAL_MODEL,18
715.0,FINAL_MODEL,18
715.5,FINAL_MODEL,18
716.0,FINAL_MODEL,18
716.5,FINAL_MODEL,18
717.0,FINAL_MODEL,18
717.5,FINAL_MODEL,18
718.0,FINAL_MODEL,18
718.5,FINAL_MODEL,18
719.0,FINAL_MODEL,18
719.5,FINAL_MODEL,18
720.0,FINAL_MODEL,18
720.5,FINAL_MODEL,18
721.0,FINAL_MODEL,18
721.5,FINAL_MODEL,18
722.0,FINAL_MODEL,18
722.5,FINAL_MODEL,18
723.0,FINAL_MODEL,18
723.5,FINAL_MODEL,18
724.0,FINAL_MODEL,18
724.5,FINAL_MODEL,18
725.0,FINAL_MODEL,18
725.5,FINAL_MODEL,18
726.0,FINAL_MODEL,18
726.5,FINAL_MODEL,18
727.0,FINAL_MODEL,18
727.5,FINAL_MODEL,18
728.0,FINAL_MODEL,18
728.5,FINAL_MODEL,18
729.0,FINAL_MODEL,18
729.5,FINAL_MODEL,18
730.0,FINAL_MODEL,18
730.5,FINAL_MODEL,18
731.0,FINAL_MODEL,18
731.5,FINAL_MODEL,18
732.0,FINAL_MODEL,18
732.5,FINAL_MODEL,18
733.0,FINAL_MODEL,18
733.5,FINAL_MODEL,18
734.0,FINAL_MODEL,18
734.5,FINAL_MODEL,18
735.0,FINAL_MODEL,18
735.5,FINAL_MODEL,18
736.0,FINAL_MODEL,18
736.5,FINAL_MODEL,18
737.0,FINAL_MODEL,18
737.5,FINAL_MODEL,18
738.0,FINAL_MODEL,18
738.5,FINAL_MODEL,18
739.0,FINAL_MODEL,18
739.5,FINAL_MODEL,9
740.0,FINAL_MODEL,9
740.5,FINAL_MODEL,9
741.0,FINAL_MODEL,9
741.5,FINAL_MODEL,9
742.0,FINAL_MODEL,9
742.5,FINAL_MODEL,9
743.0,FINAL_MODEL,9
743.5,FINAL_MODEL,9
744.0,FINAL_MODEL,9
744.5,FINAL_MODEL,9
745.0,FINAL_MODEL,9
745.5,FINAL_MODEL,9
746.0,FINAL_MODEL,9
746.5,FINAL_MODEL,9
747.0,FINAL_MODEL,9
747.5,FINAL_MODEL,9
748.0,FINAL_MODEL,9
748.5,FINAL_MODEL,9
749.0,FINAL_MODEL,9
749.5,FINAL_MODEL,9
750.0,FINAL_MODEL,9
750.5,FINAL_MODEL,9
751.0,FINAL_MODEL,9
751.5,FINAL_MODEL,9
752.0,FINAL_MODEL,9
752.5,FINAL_MODEL,9
753.0,FINAL_MODEL,9
753.5,FINAL_MODEL,9
754.0,FINAL_MODEL,9
754.5,FINAL_MODEL,9
755.0,FINAL_MODEL,9
755.5,FINAL_MODEL,9
756.0,FINAL_MODEL,9
756.5,FINAL_MODEL,9
757.0,FINAL_MODEL,9
757.5,FINAL_MODEL,9
758.0,FINAL_MODEL,9
758.5,FINAL_MODEL,9
759.0,FINAL_MODEL,9
759.5,FINAL_MODEL,9
760.0,FINAL_MODEL,9
760.5,FINAL_MODEL,9
761.0,FINAL_MODEL,9
761.5,FINAL_MODEL,9
762.0,FINAL_MODEL,9
762.5,FINAL_MODEL,9
763.0,FINAL_MODEL,9
763.5,FINAL_MODEL,9
764.0,FINAL_MODEL,9
764.5,FINAL_MODEL,9
765.0,FINAL_MODEL,9
765.5,FINAL_MODEL,9
766.0,FINAL_MODEL,9
766.5,FINAL_MODEL,9
767.0,FINAL_MODEL,9
767.5,FINAL_MODEL,9
768.0,FINAL_MODEL,9
768.5,FINAL_MODEL,9
769.0,FINAL_MODEL,9
769.5,FINAL_MODEL,9
770.0,FINAL_MODEL,9
770.5,FINAL_MODEL,9
771.0,FINAL_MODEL,9
771.5,FINAL_MODEL,9
772.0,FINAL_MODEL,9
772.5,FINAL_MODEL,9
773.0,FINAL_MODEL,9
773.5,FINAL_MODEL,9
774.0,FINAL_MODEL,9
774.5,FINAL_MODEL,9
775.0,FINAL_MODEL,9
775.5,FINAL_MODEL,9
776.0,FINAL_MODEL,9
776.5,FINAL_MODEL,9
777.0,FINAL_MODEL,9
777.5,FINAL_MODEL,9
778.0,FINAL_MODEL,9
778.5,FINAL_MODEL,9
779.0,FINAL_MODEL,9
779.5,FINAL_MODEL,9
780.0,FINAL_MODEL,9
780.5,FINAL_MODEL,9
781.0,FINAL_MODEL,9
781.5,FINAL_MODEL,9
782.0,FINAL_MODEL,9
782.5,FINAL_MODEL,9
783.0,FINAL_MODEL,9
783.5,FINAL_MODEL,9
784.0,FINAL_MODEL,9
784.5,FINAL_MODEL,9
785.0,FINAL_MODEL,9
785.5,FINAL_MODEL,9
786.0,FINAL_MODEL,9
786.5,FINAL_MODEL,9
787.0,FINAL_MODEL,9
787.5,FINAL_MODEL,9
788.0,FINAL_MODEL,9
788.5,FINAL_MODEL,9
789.0,FINAL_MODEL,9
789.5,FINAL_MODEL,9
790.0,FINAL_MODEL,9
790.5,FINAL_MODEL,9
791.0,FINAL_MODEL,9
791.5,FINAL_MODEL,9
792.0,FINAL_MODEL,9
792.5,FINAL_MODEL,9
793.0,FINAL_MODEL,9
793.5,FINAL_MODEL,9
794.0,FINAL_MODEL,9
794.5,FINAL_MODEL,9
795.0,FINAL_MODEL,9
795.5,FINAL_MODEL,9
796.0,FINAL_MODEL,9
796.5,FINAL_MODEL,9
797.0,FINAL_MODEL,9
797.5,FINAL_MODEL,9
798.0,FINAL_MODEL,9
798.5,FINAL_MODEL,9
799.0,FINAL_MODEL,9
799.5,FINAL_MODEL,9
800.0,FINAL_MODEL,9
800.5,FINAL_MODEL,9
801.0,FINAL_MODEL,18
801.5,FINAL_MODEL,18
802.0,FINAL_MODEL,18
802.5,FINAL_MODEL,18
803.0,FINAL_MODEL,18
803.5,FINAL_MODEL,18
804.0,FINAL_MODEL,18
804.5,FINAL_MODEL,18
805.0,FINAL_MODEL,18
805.5,FINAL_MODEL,18
806.0,FINAL_MODEL,18
806.5,FINAL_MODEL,18
807.0,FINAL_MODEL,18
807.5,FINAL_MODEL,18
808.0,FINAL_MODEL,18
808.5,FINAL_MODEL,18
809.0,FINAL_MODEL,18
809.5,FINAL_MODEL,18
810.0,FINAL_MODEL,18
810.5,FINAL_MODEL,18
811.0,FINAL_MODEL,18
811.5,FINAL_MODEL,18
812.0,FINAL_MODEL,18
812.5,FINAL_MODEL,18
813.0,FINAL_MODEL,18
813.5,FINAL_MODEL,18
814.0,FINAL_MODEL,18
814.5,FINAL_MODEL,18
815.0,FINAL_MODEL,18
815.5,FINAL_MODEL,18
816.0,FINAL_MODEL,18
816.5,FINAL_MODEL,18
817.0,FINAL_MODEL,18
817.5,FINAL_MODEL,18
818.0,FINAL_MODEL,18
818.5,FINAL_MODEL,18
819.0,FINAL_MODEL,18
819.5,FINAL_MODEL,18
820.0,FINAL_MODEL,18
820.5,FINAL_MODEL,18
821.0,FINAL_MODEL,18
821.5,FINAL_MODEL,18
822.0,FINAL_MODEL,18
822.5,FINAL_MODEL,18
823.0,FINAL_MODEL,18
823.5,FINAL_MODEL,18
824.0,FINAL_MODEL,18
824.5,FINAL_MODEL,18
825.0,FINAL_MODEL,18
825.5,FINAL_MODEL,18
826.0,FINAL_MODEL,18
826.5,FINAL_MODEL,18
827.0,FINAL_MODEL,18
827.5,FINAL_MODEL,18
828.0,FINAL_MODEL,18
828.5,FINAL_MODEL,18
829.0,FINAL_MODEL,18
829.5,FINAL_MODEL,15
830.0,FINAL_MODEL,15
830.5,FINAL_MODEL,15
831.0,FINAL_MODEL,15
831.5,FINAL_MODEL,15
832.0,FINAL_MODEL,15
832.5,FINAL_MODEL,15
833.0,FINAL_MODEL,15
833.5,FINAL_MODEL,15
834.0,FINAL_MODEL,15
834.5,FINAL_MODEL,15
835.0,FINAL_MODEL,15
835.5,FINAL_MODEL,15
836.0,FINAL_MODEL,15
836.5,FINAL_MODEL,15
837.0,FINAL_MODEL,15
837.5,FINAL_MODEL,15
838.0,FINAL_MODEL,15
838.5,FINAL_MODEL,15
839.0,FINAL_MODEL,15
839.5,FINAL_MODEL,15
840.0,FINAL_MODEL,15
840.5,FINAL_MODEL,15
841.0,FINAL_MODEL,15
841.5,FINAL_MODEL,15
842.0,FINAL_MODEL,15
842.5,FINAL_MODEL,15
843.0,FINAL_MODEL,15
843.5,FINAL_MODEL,15
844.0,FINAL_MODEL,15
844.5,FINAL_MODEL,15
845.0,FINAL_MODEL,15
845.5,FINAL_MODEL,15
846.0,FINAL_MODEL,15
846.5,FINAL_MODEL,15
847.0,FINAL_MODEL,15
847.5,FINAL_MODEL,15
848.0,FINAL_MODEL,15
848.5,FINAL_MODEL,15
849.0,FINAL_MODEL,15
849.5,FINAL_MODEL,15
850.0,FINAL_MODEL,15
850.5,FINAL_MODEL,15
851.0,FINAL_MODEL,15
851.5,FINAL_MODEL,15
852.0,FINAL_MODEL,15
852.5,FINAL_MODEL,15
853.0,FINAL_MODEL,15
853.5,FINAL_MODEL,15
854.0,FINAL_MODEL,15
854.5,FINAL_MODEL,15
855.0,FINAL_MODEL,15
855.5,FINAL_MODEL,15
856.0,FINAL_MODEL,15
856.5,FINAL_MODEL,15
857.0,FINAL_MODEL,15
857.5,FINAL_MODEL,15
858.0,FINAL_MODEL,15
858.5,FINAL_MODEL,15
859.0,FINAL_MODEL,15
859.5,FINAL_MODEL,15
860.0,FINAL_MODEL,15
860.5,FINAL_MODEL,15
861.0,FINAL_MODEL,15
861.5,FINAL_MODEL,15
862.0,FINAL_MODEL,15
862.5,FINAL_MODEL,15
863.0,FINAL_MODEL,15
863.5,FINAL_MODEL,15
864.0,FINAL_MODEL,15
864.5,FINAL_MODEL,15
865.0,FINAL_MODEL,15
865.5,FINAL_MODEL,15
866.0,FINAL_MODEL,15
866.5,FINAL_MODEL,15
867.0,FINAL_MODEL,15
867.5,FINAL_MODEL,15
868.0,FINAL_MODEL,15
868.5,FINAL_MODEL,15
869.0,FINAL_MODEL,15
869.5,FINAL_MODEL,15
870.0,FINAL_MODEL,15
870.5,FINAL_MODEL,15
871.0,FINAL_MODEL,15
871.5,FINAL_MODEL,15
872.0,FINAL_MODEL,15
872.5,FINAL_MODEL,15
873.0,FINAL_MODEL,15
873.5,FINAL_MODEL,15
874.0,FINAL_MODEL,15
874.5,FINAL_MODEL,15
875.0,FINAL_MODEL,15
875.5,FINAL_MODEL,15
876.0,FINAL_MODEL,15
876.5,FINAL_MODEL,15
877.0,FINAL_MODEL,15
877.5,FINAL_MODEL,15
878.0,FINAL_MODEL,15
878.5,FINAL_MODEL,15
879.0,FINAL_MODEL,15
879.5,FINAL_MODEL,15
880.0,FINAL_MODEL,15
880.5,FINAL_MODEL,15
881.0,FINAL_MODEL,15
881.5,FINAL_MODEL,15
882.0,FINAL_MODEL,15
882.5,FINAL_MODEL,15
883.0,FINAL_MODEL,15
883.5,FINAL_MODEL,15
884.0,FINAL_MODEL,15
884.5,FINAL_MODEL,15
885.0,FINAL_MODEL,15
885.5,FINAL_MODEL,15
886.0,FINAL_MODEL,15
886.5,FINAL_MODEL,15
887.0,FINAL_MODEL,15
887.5,FINAL_MODEL,15
888.0,FINAL_MODEL,15
888.5,FINAL_MODEL,15
889.0,FINAL_MODEL,15
889.5,FINAL_MODEL,15
890.0,FINAL_MODEL,15
890.5,FINAL_MODEL,15
891.0,FINAL_MODEL,15
891.5,FINAL_MODEL,15
892.0,FINAL_MODEL,15
892.5,FINAL_MODEL,15
893.0,FINAL_MODEL,15
893.5,FINAL_MODEL,15
894.0,FINAL_MODEL,15
894.5,FINAL_MODEL,15
895.0,FINAL_MODEL,15
895.5,FINAL_MODEL,15
896.0,FINAL_MODEL,15
896.5,FINAL_MODEL,15
897.0,FINAL_MODEL,15
897.5,FINAL_MODEL,15
898.0,FINAL_MODEL,15
898.5,FINAL_MODEL,15
899.0,FINAL_MODEL,15
899.5,FINAL_MODEL,15
900.0,FINAL_MODEL,15
900.5,FINAL_MODEL,15
901.0,FINAL_MODEL,15
901.5,FINAL_MODEL,15
902.0,FINAL_MODEL,15
902.5,FINAL_MODEL,15
903.0,FINAL_MODEL,15
903.5,FINAL_MODEL,15
904.0,FINAL_MODEL,15
904.5,FINAL_MODEL,15
905.0,FINAL_MODEL,15
905.5,FINAL_MODEL,15
906.0,FINAL_MODEL,15
906.5,FINAL_MODEL,15
907.0,FINAL_MODEL,15
907.5,FINAL_MODEL,15
908.0,FINAL_MODEL,15
908.5,FINAL_MODEL,15
909.0,FINAL_MODEL,15
909.5,FINAL_MODEL,15
910.0,FINAL_MODEL,15
910.5,FINAL_MODEL,15
911.0,FINAL_MODEL,15
911.5,FINAL_MODEL,15
912.0,FINAL_MODEL,15
912.5,FINAL_MODEL,15
913.0,FINAL_MODEL,15
913.5,FINAL_MODEL,15
914.0,FINAL_MODEL,15
914.5,FINAL_MODEL,15
915.0,FINAL_MODEL,15
915.5,FINAL_MODEL,15
916.0,FINAL_MODEL,15
916.5,FINAL_MODEL,15
917.0,FINAL_MODEL,15
917.5,FINAL_MODEL,15
918.0,FINAL_MODEL,15
918.5,FINAL_MODEL,15
919.0,FINAL_MODEL,15
919.5,FINAL_MODEL,15
920.0,FINAL_MODEL,15
920.5,FINAL_MODEL,15
921.0,FINAL_MODEL,15
921.5,FINAL_MODEL,15
922.0,FINAL_MODEL,15
922.5,FINAL_MODEL,15
923.0,FINAL_MODEL,15
923.5,FINAL_MODEL,15
924.0,FINAL_MODEL,15
924.5,FINAL_MODEL,15
925.0,FINAL_MODEL,15
925.5,FINAL_MODEL,15
926.0,FINAL_MODEL,15
926.5,FINAL_MODEL,15
927.0,FINAL_MODEL,15
927.5,FINAL_MODEL,15
928.0,FINAL_MODEL,15
928.5,FINAL_MODEL,15
929.0,FINAL_MODEL,15
929.5,FINAL_MODEL,15
930.0,FINAL_MODEL,15
930.5,FINAL_MODEL,15
931.0,FINAL_MODEL,15
931.5,FINAL_MODEL,15
932.0,FINAL_MODEL,15
932.5,FINAL_MODEL,15
933.0,FINAL_MODEL,15
933.5,FINAL_MODEL,15
934.0,FINAL_MODEL,18
934.5,FINAL_MODEL,18
935.0,FINAL_MODEL,18
935.5,FINAL_MODEL,18
936.0,FINAL_MODEL,18
936.5,FINAL_MODEL,18
937.0,FINAL_MODEL,18
937.5,FINAL_MODEL,18
938.0,FINAL_MODEL,18
938.5,FINAL_MODEL,18
939.0,FINAL_MODEL,18
939.5,FINAL_MODEL,18
940.0,FINAL_MODEL,18
940.5,FINAL_MODEL,18
941.0,FINAL_MODEL,18
941.5,FINAL_MODEL,18
942.0,FINAL_MODEL,18
942.5,FINAL_MODEL,18
943.0,FINAL_MODEL,18
943.5,FINAL_MODEL,18
944.0,FINAL_MODEL,18
944.5,FINAL_MODEL,18
945.0,FINAL_MODEL,18
945.5,FINAL_MODEL,18
946.0,FINAL_MODEL,18
946.5,FINAL_MODEL,18
947.0,FINAL_MODEL,18
947.5,FINAL_MODEL,18
948.0,FINAL_MODEL,18
948.5,FINAL_MODEL,18
949.0,FINAL_MODEL,18
949.5,FINAL_MODEL,18
950.0,FINAL_MODEL,18
950.5,FINAL_MODEL,18
951.0,FINAL_MODEL,18
951.5,FINAL_MODEL,18
952.0,FINAL_MODEL,18
952.5,FINAL_MODEL,18
953.0,FINAL_MODEL,18
953.5,FINAL_MODEL,18
954.0,FINAL_MODEL,18
954.5,FINAL_MODEL,18
955.0,FINAL_MODEL,18
955.5,FINAL_MODEL,18
956.0,FINAL_MODEL,18
956.5,FINAL_MODEL,18
957.0,FINAL_MODEL,18
957.5,FINAL_MODEL,18
958.0,FINAL_MODEL,18
958.5,FINAL_MODEL,18
959.0,FINAL_MODEL,18
959.5,FINAL_MODEL,18
960.0,FINAL_MODEL,18
960.5,FINAL_MODEL,18
961.0,FINAL_MODEL,18
961.5,FINAL_MODEL,18
962.0,FINAL_MODEL,18
962.5,FINAL_MODEL,18
963.0,FINAL_MODEL,18
963.5,FINAL_MODEL,18
964.0,FINAL_MODEL,18
964.5,FINAL_MODEL,18
965.0,FINAL_MODEL,18
965.5,FINAL_MODEL,18
966.0,FINAL_MODEL,18
966.5,FINAL_MODEL,18
967.0,FINAL_MODEL,18
967.5,FINAL_MODEL,18
968.0,FINAL_MODEL,18
968.5,FINAL_MODEL,18
969.0,FINAL_MODEL,18
969.5,FINAL_MODEL,18
970.0,FINAL_MODEL,18
970.5,FINAL_MODEL,18
971.0,FINAL_MODEL,18
971.5,FINAL_MODEL,18
972.0,FINAL_MODEL,18
972.5,FINAL_MODEL,18
973.0,FINAL_MODEL,18
973.5,FINAL_MODEL,18
974.0,FINAL_MODEL,18
974.5,FINAL_MODEL,18
975.0,FINAL_MODEL,18
975.5,FINAL_MODEL,18
976.0,FINAL_MODEL,18
976.5,FINAL_MODEL,18
977.0,FINAL_MODEL,18
977.5,FINAL_MODEL,18
978.0,FINAL_MODEL,18
978.5,FINAL_MODEL,18
979.0,FINAL_MODEL,18
979.5,FINAL_MODEL,18
980.0,FINAL_MODEL,18
980.5,FINAL_MODEL,18
981.0,FINAL_MODEL,18
981.5,FINAL_MODEL,18
982.0,FINAL_MODEL,18
982.5,FINAL_MODEL,18
983.0,FINAL_MODEL,18
983.5,FINAL_MODEL,18
984.0,FINAL_MODEL,18
984.5,FINAL_MODEL,18
985.0,FINAL_MODEL,18
985.5,FINAL_MODEL,18
986.0,FINAL_MODEL,18
986.5,FINAL_MODEL,18
987.0,FINAL_MODEL,18
987.5,FINAL_MODEL,18
988.0,FINAL_MODEL,18
988.5,FINAL_MODEL,18
989.0,FINAL_MODEL,18
989.5,FINAL_MODEL,18
990.0,FINAL_MODEL,18
990.5,FINAL_MODEL,18
991.0,FINAL_MODEL,18
991.5,FINAL_MODEL,18
992.0,FINAL_MODEL,18
992.5,FINAL_MODEL,18
993.0,FINAL_MODEL,18
993.5,FINAL_MODEL,18
994.0,FINAL_MODEL,18
994.5,FINAL_MODEL,18
995.0,FINAL_MODEL,18
995.5,FINAL_MODEL,18
996.0,FINAL_MODEL,18
996.5,FINAL_MODEL,18
997.0,FINAL_MODEL,18
997.5,FINAL_MODEL,18
998.0,FINAL_MODEL,18
998.5,FINAL_MODEL,18
999.0,FINAL_MODEL,18
999.5,FINAL_MODEL,18
1000.0,FINAL_MODEL,18
1000.5,FINAL_MODEL,18
1001.0,FINAL_MODEL,18
1001.5,FINAL_MODEL,18
1002.0,FINAL_MODEL,18
1002.5,FINAL_MODEL,18
1003.0,FINAL_MODEL,18
1003.5,FINAL_MODEL,18
1004.0,FINAL_MODEL,18
1004.5,FINAL_MODEL,17
1005.0,FINAL_MODEL,17
1005.5,FINAL_MODEL,17
1006.0,FINAL_MODEL,17
1006.5,FINAL_MODEL,17
1007.0,FINAL_MODEL,17
1007.5,FINAL_MODEL,17
1008.0,FINAL_MODEL,17
1008.5,FINAL_MODEL,17
1009.0,FINAL_MODEL,17
1009.5,FINAL_MODEL,17
1010.0,FINAL_MODEL,17
1010.5,FINAL_MODEL,17
1011.0,FINAL_MODEL,17
1011.5,FINAL_MODEL,17
1012.0,FINAL_MODEL,17
1012.5,FINAL_MODEL,17
1013.0,FINAL_MODEL,17
1013.5,FINAL_MODEL,17
1014.0,FINAL_MODEL,17
1014.5,FINAL_MODEL,17
1015.0,FINAL_MODEL,17
1015.5,FINAL_MODEL,17
1016.0,FINAL_MODEL,17
1016.5,FINAL_MODEL,17
1017.0,FINAL_MODEL,17
1017.5,FINAL_MODEL,17
1018.0,FINAL_MODEL,17
1018.5,FINAL_MODEL,17
1019.0,FINAL_MODEL,17
1019.5,FINAL_MODEL,17
1020.0,FINAL_MODEL,17
1020.5,FINAL_MODEL,17
1021.0,FINAL_MODEL,17
1021.5,FINAL_MODEL,17
1022.0,FINAL_MODEL,17
1022.5,FINAL_MODEL,17
1023.0,FINAL_MODEL,17
1023.5,FINAL_MODEL,17
1024.0,FINAL_MODEL,17
1024.5,FINAL_MODEL,17
1025.0,FINAL_MODEL,17
1025.5,FINAL_MODEL,17
1026.0,FINAL_MODEL,17
1026.5,FINAL_MODEL,17
1027.0,FINAL_MODEL,17
1027.5,FINAL_MODEL,17
1028.0,FINAL_MODEL,17
1028.5,FINAL_MODEL,17
1029.0,FINAL_MODEL,17
1029.5,FINAL_MODEL,17
1030.0,FINAL_MODEL,17
1030.5,FINAL_MODEL,17
1031.0,FINAL_MODEL,18
1031.5,FINAL_MODEL,18
1032.0,FINAL_MODEL,18
1032.5,FINAL_MODEL,18
1033.0,FINAL_MODEL,18
1033.5,FINAL_MODEL,18
1034.0,FINAL_MODEL,18
1034.5,FINAL_MODEL,18
1035.0,FINAL_MODEL,18
1035.5,FINAL_MODEL,18
1036.0,FINAL_MODEL,18
1036.5,FINAL_MODEL,18
1037.0,FINAL_MODEL,18
1037.5,FINAL_MODEL,18
1038.0,FINAL_MODEL,18
1038.5,FINAL_MODEL,18
1039.0,FINAL_MODEL,18
1039.5,FINAL_MODEL,18
1040.0,FINAL_MODEL,18
1040.5,FINAL_MODEL,18
1041.0,FINAL_MODEL,18
1041.5,FINAL_MODEL,18
1042.0,FINAL_MODEL,18
1042.5,FINAL_MODEL,18
1043.0,FINAL_MODEL,18
1043.5,FINAL_MODEL,18
1044.0,FINAL_MODEL,18
1044.5,FINAL_MODEL,18
1045.0,FINAL_MODEL,18
1045.5,FINAL_MODEL,18
1046.0,FINAL_MODEL,18
1046.5,FINAL_MODEL,18
1047.0,FINAL_MODEL,18
1047.5,FINAL_MODEL,18
1048.0,FINAL_MODEL,18
1048.5,FINAL_MODEL,18
1049.0,FINAL_MODEL,18
1049.5,FINAL_MODEL,18
1050.0,FINAL_MODEL,18
1050.5,FINAL_MODEL,18
1051.0,FINAL_MODEL,18
1051.5,FINAL_MODEL,18
1052.0,FINAL_MODEL,18
1052.5,FINAL_MODEL,18
1053.0,FINAL_MODEL,17
1053.5,FINAL_MODEL,17
1054.0,FINAL_MODEL,17
1054.5,FINAL_MODEL,17
1055.0,FINAL_MODEL,17
1055.5,FINAL_MODEL,17
1056.0,FINAL_MODEL,17
1056.5,FINAL_MODEL,17
1057.0,FINAL_MODEL,17
1057.5,FINAL_MODEL,17
1058.0,FINAL_MODEL,17
1058.5,FINAL_MODEL,17
1059.0,FINAL_MODEL,17
1059.5,FINAL_MODEL,17
1060.0,FINAL_MODEL,17
1060.5,FINAL_MODEL,17
1061.0,FINAL_MODEL,17
1061.5,FINAL_MODEL,17
1062.0,FINAL_MODEL,17
1062.5,FINAL_MODEL,17
1063.0,FINAL_MODEL,17
1063.5,FINAL_MODEL,17
1064.0,FINAL_MODEL,17
1064.5,FINAL_MODEL,17
1065.0,FINAL_MODEL,17
1065.5,FINAL_MODEL,17
1066.0,FINAL_MODEL,17
1066.5,FINAL_MODEL,17
1067.0,FINAL_MODEL,17
1067.5,FINAL_MODEL,17
1068.0,FINAL_MODEL,17
1068.5,FINAL_MODEL,17
1069.0,FINAL_MODEL,17
1069.5,FINAL_MODEL,17
1070.0,FINAL_MODEL,17
1070.5,FINAL_MODEL,17
1071.0,FINAL_MODEL,18
1071.5,FINAL_MODEL,18
1072.0,FINAL_MODEL,18
1072.5,FINAL_MODEL,18
1073.0,FINAL_MODEL,18
1073.5,FINAL_MODEL,18
1074.0,FINAL_MODEL,18
1074.5,FINAL_MODEL,18
1075.0,FINAL_MODEL,18
1075.5,FINAL_MODEL,18
1076.0,FINAL_MODEL,18
1076.5,FINAL_MODEL,18
1077.0,FINAL_MODEL,18
1077.5,FINAL_MODEL,18
1078.0,FINAL_MODEL,18
1078.5,FINAL_MODEL,18
1079.0,FINAL_MODEL,18
1079.5,FINAL_MODEL,18
1080.0,FINAL_MODEL,18
1080.5,FINAL_MODEL,18
1081.0,FINAL_MODEL,18
1081.5,FINAL_MODEL,18
1082.0,FINAL_MODEL,18
1082.5,FINAL_MODEL,18
1083.0,FINAL_MODEL,18
1083.5,FINAL_MODEL,18
1084.0,FINAL_MODEL,18
1084.5,FINAL_MODEL,18
1085.0,FINAL_MODEL,18
1085.5,FINAL_MODEL,18
1086.0,FINAL_MODEL,18
1086.5,FINAL_MODEL,18
1087.0,FINAL_MODEL,18
1087.5,FINAL_MODEL,18
1088.0,FINAL_MODEL,18
1088.5,FINAL_MODEL,18
1089.0,FINAL_MODEL,18
1089.5,FINAL_MODEL,18
1090.0,FINAL_MODEL,18
1090.5,FINAL_MODEL,18
1091.0,FINAL_MODEL,18
1091.5,FINAL_MODEL,18
1092.0,FINAL_MODEL,18
1092.5,FINAL_MODEL,18
1093.0,FINAL_MODEL,18
1093.5,FINAL_MODEL,18
1094.0,FINAL_MODEL,18
1094.5,FINAL_MODEL,18
1095.0,FINAL_MODEL,18
1095.5,FINAL_MODEL,18
1096.0,FINAL_MODEL,18
1096.5,FINAL_MODEL,18
1097.0,FINAL_MODEL,18
1097.5,FINAL_MODEL,18
1098.0,FINAL_MODEL,18
1098.5,FINAL_MODEL,18
1099.0,FINAL_MODEL,18
1099.5,FINAL_MODEL,18
1100.0,FINAL_MODEL,18
1100.5,FINAL_MODEL,18
1101.0,FINAL_MODEL,18
1101.5,FINAL_MODEL,18
1102.0,FINAL_MODEL,18
1102.5,FINAL_MODEL,18
1103.0,FINAL_MODEL,18
1103.5,FINAL_MODEL,16
1104.0,FINAL_MODEL,16
1104.5,FINAL_MODEL,16
1105.0,FINAL_MODEL,16
1105.5,FINAL_MODEL,16
1106.0,FINAL_MODEL,16
1106.5,FINAL_MODEL,16
1107.0,FINAL_MODEL,16
1107.5,FINAL_MODEL,16
1108.0,FINAL_MODEL,16
1108.5,FINAL_MODEL,16
1109.0,FINAL_MODEL,16
1109.5,FINAL_MODEL,16
1110.0,FINAL_MODEL,16
1110.5,FINAL_MODEL,16
1111.0,FINAL_MODEL,16
1111.5,FINAL_MODEL,16
1112.0,FINAL_MODEL,16
1112.5,FINAL_MODEL,16
1113.0,FINAL_MODEL,16
1113.5,FINAL_MODEL,16
1114.0,FINAL_MODEL,16
1114.5,FINAL_MODEL,16
1115.0,FINAL_MODEL,16
1115.5,FINAL_MODEL,16
1116.0,FINAL_MODEL,16
1116.5,FINAL_MODEL,16
1117.0,FINAL_MODEL,16
1117.5,FINAL_MODEL,16
1118.0,FINAL_MODEL,16
1118.5,FINAL_MODEL,16
1119.0,FINAL_MODEL,16
1119.5,FINAL_MODEL,16
1120.0,FINAL_MODEL,16
1120.5,FINAL_MODEL,16
1121.0,FINAL_MODEL,16
1121.5,FINAL_MODEL,16
1122.0,FINAL_MODEL,16
1122.5,FINAL_MODEL,16
1123.0,FINAL_MODEL,16
1123.5,FINAL_MODEL,16
1124.0,FINAL_MODEL,16
1124.5,FINAL_MODEL,16
1125.0,FINAL_MODEL,16
1125.5,FINAL_MODEL,16
1126.0,FINAL_MODEL,16
1126.5,FINAL_MODEL,16
1127.0,FINAL_MODEL,16
1127.5,FINAL_MODEL,16
1128.0,FINAL_MODEL,16
1128.5,FINAL_MODEL,16
1129.0,FINAL_MODEL,16
1129.5,FINAL_MODEL,16
1130.0,FINAL_MODEL,16
1130.5,FINAL_MODEL,16
1131.0,FINAL_MODEL,16
1131.5,FINAL_MODEL,16
1132.0,FINAL_MODEL,16
1132.5,FINAL_MODEL,16
1133.0,FINAL_MODEL,16
1133.5,FINAL_MODEL,16
1134.0,FINAL_MODEL,16
1134.5,FINAL_MODEL,16
1135.0,FINAL_MODEL,16
1135.5,FINAL_MODEL,16
1136.0,FINAL_MODEL,16
1136.5,FINAL_MODEL,16
1137.0,FINAL_MODEL,16
1137.5,FINAL_MODEL,16
1138.0,FINAL_MODEL,16
1138.5,FINAL_MODEL,16
1139.0,FINAL_MODEL,16
1139.5,FINAL_MODEL,16
1140.0,FINAL_MODEL,16
1140.5,FINAL_MODEL,16
1141.0,FINAL_MODEL,16
1141.5,FINAL_MODEL,16
1142.0,FINAL_MODEL,16
1142.5,FINAL_MODEL,16
1143.0,FINAL_MODEL,16
1143.5,FINAL_MODEL,16
1144.0,FINAL_MODEL,16
1144.5,FINAL_MODEL,16
1145.0,FINAL_MODEL,16
1145.5,FINAL_MODEL,16
1146.0,FINAL_MODEL,16
1146.5,FINAL_MODEL,16
1147.0,FINAL_MODEL,16
1147.5,FINAL_MODEL,16
1148.0,FINAL_MODEL,16
1148.5,FINAL_MODEL,16
1149.0,FINAL_MODEL,16
1149.5,FINAL_MODEL,16
1150.0,FINAL_MODEL,16
1150.5,FINAL_MODEL,16
1151.0,FINAL_MODEL,16
1151.5,FINAL_MODEL,16
1152.0,FINAL_MODEL,16
1152.5,FINAL_MODEL,16
1153.0,FINAL_MODEL,16
1153.5,FINAL_MODEL,16
1154.0,FINAL_MODEL,16
1154.5,FINAL_MODEL,16
1155.0,FINAL_MODEL,16
1155.5,FINAL_MODEL,16
1156.0,FINAL_MODEL,16
1156.5,FINAL_MODEL,16
1157.0,FINAL_MODEL,16
1157.5,FINAL_MODEL,16
1158.0,FINAL_MODEL,16
1158.5,FINAL_MODEL,16
1159.0,FINAL_MODEL,16
1159.5,FINAL_MODEL,16
1160.0,FINAL_MODEL,16
1160.5,FINAL_MODEL,16
1161.0,FINAL_MODEL,16
1161.5,FINAL_MODEL,16
1162.0,FINAL_MODEL,16
1162.5,FINAL_MODEL,16
1163.0,FINAL_MODEL,16
1163.5,FINAL_MODEL,16
1164.0,FINAL_MODEL,16
1164.5,FINAL_MODEL,16
1165.0,FINAL_MODEL,16
1165.5,FINAL_MODEL,16
1166.0,FINAL_MODEL,16
1166.5,FINAL_MODEL,16
1167.0,FINAL_MODEL,16
1167.5,FINAL_MODEL,16
1168.0,FINAL_MODEL,16
1168.5,FINAL_MODEL,16
1169.0,FINAL_MODEL,16
1169.5,FINAL_MODEL,16
1170.0,FINAL_MODEL,16
1170.5,FINAL_MODEL,16
1171.0,FINAL_MODEL,16
1171.5,FINAL_MODEL,16
1172.0,FINAL_MODEL,16
1172.5,FINAL_MODEL,16
1173.0,FINAL_MODEL,16
1173.5,FINAL_MODEL,16
1174.0,FINAL_MODEL,16
1174.5,FINAL_MODEL,16
1175.0,FINAL_MODEL,16
1175.5,FINAL_MODEL,16
1176.0,FINAL_MODEL,16
1176.5,FINAL_MODEL,16
1177.0,FINAL_MODEL,16
1177.5,FINAL_MODEL,16
1178.0,FINAL_MODEL,16
1178.5,FINAL_MODEL,16
1179.0,FINAL_MODEL,16
1179.5,FINAL_MODEL,16
1180.0,FINAL_MODEL,16
1180.5,FINAL_MODEL,16
1181.0,FINAL_MODEL,16
1181.5,FINAL_MODEL,16
1182.0,FINAL_MODEL,16
1182.5,FINAL_MODEL,16
1183.0,FINAL_MODEL,16
1183.5,FINAL_MODEL,16
1184.0,FINAL_MODEL,16
1184.5,FINAL_MODEL,16
1185.0,FINAL_MODEL,16
1185.5,FINAL_MODEL,16
1186.0,FINAL_MODEL,16
1186.5,FINAL_MODEL,16
1187.0,FINAL_MODEL,16
1187.5,FINAL_MODEL,16
1188.0,FINAL_MODEL,16
1188.5,FINAL_MODEL,16
1189.0,FINAL_MODEL,16
1189.5,FINAL_MODEL,16
1190.0,FINAL_MODEL,16
1190.5,FINAL_MODEL,16
1191.0,FINAL_MODEL,16
1191.5,FINAL_MODEL,16
1192.0,FINAL_MODEL,16
1192.5,FINAL_MODEL,16
1193.0,FINAL_MODEL,16
1193.5,FINAL_MODEL,16
1194.0,FINAL_MODEL,16
1194.5,FINAL_MODEL,16
1195.0,FINAL_MODEL,16
1195.5,FINAL_MODEL,16
1196.0,FINAL_MODEL,16
1196.5,FINAL_MODEL,16
1197.0,FINAL_MODEL,16
1197.5,FINAL_MODEL,16
1198.0,FINAL_MODEL,16
1198.5,FINAL_MODEL,16
1199.0,FINAL_MODEL,16
1199.5,FINAL_MODEL,16
1200.0,FINAL_MODEL,16
1200.5,FINAL_MODEL,16
1201.0,FINAL_MODEL,16
1201.5,FINAL_MODEL,16
1202.0,FINAL_MODEL,16
1202.5,FINAL_MODEL,16
1203.0,FINAL_MODEL,16
1203.5,FINAL_MODEL,16
1204.0,FINAL_MODEL,16
1204.5,FINAL_MODEL,16
1205.0,FINAL_MODEL,16
1205.5,FINAL_MODEL,16
1206.0,FINAL_MODEL,16
1206.5,FINAL_MODEL,16
1207.0,FINAL_MODEL,16
1207.5,FINAL_MODEL,16
1208.0,FINAL_MODEL,16
1208.5,FINAL_MODEL,16
1209.0,FINAL_MODEL,16
1209.5,FINAL_MODEL,16
1210.0,FINAL_MODEL,16
1210.5,FINAL_MODEL,18
1211.0,FINAL_MODEL,18
1211.5,FINAL_MODEL,18
1212.0,FINAL_MODEL,18
1212.5,FINAL_MODEL,18
1213.0,FINAL_MODEL,18
1213.5,FINAL_MODEL,18
1214.0,FINAL_MODEL,18
1214.5,FINAL_MODEL,18
1215.0,FINAL_MODEL,18
1215.5,FINAL_MODEL,18
1216.0,FINAL_MODEL,18
1216.5,FINAL_MODEL,18
1217.0,FINAL_MODEL,18
1217.5,FINAL_MODEL,18
1218.0,FINAL_MODEL,18
1218.5,FINAL_MODEL,18
1219.0,FINAL_MODEL,18
1219.5,FINAL_MODEL,18
1220.0,FINAL_MODEL,18
1220.5,FINAL_MODEL,18
1221.0,FINAL_MODEL,18
1221.5,FINAL_MODEL,18
1222.0,FINAL_MODEL,18
1222.5,FINAL_MODEL,18
1223.0,FINAL_MODEL,18
1223.5,FINAL_MODEL,18
1224.0,FINAL_MODEL,18
1224.5,FINAL_MODEL,18
1225.0,FINAL_MODEL,18
1225.5,FINAL_MODEL,18
1226.0,FINAL_MODEL,18
1226.5,FINAL_MODEL,18
1227.0,FINAL_MODEL,18
1227.5,FINAL_MODEL,18
1228.0,FINAL_MODEL,18
1228.5,FINAL_MODEL,18
1229.0,FINAL_MODEL,18
1229.5,FINAL_MODEL,18
1230.0,FINAL_MODEL,18
1230.5,FINAL_MODEL,18
1231.0,FINAL_MODEL,10
1231.5,FINAL_MODEL,10
1232.0,FINAL_MODEL,10
1232.5,FINAL_MODEL,10
1233.0,FINAL_MODEL,10
1233.5,FINAL_MODEL,10
1234.0,FINAL_MODEL,10
1234.5,FINAL_MODEL,10
1235.0,FINAL_MODEL,10
1235.5,FINAL_MODEL,10
1236.0,FINAL_MODEL,10
1236.5,FINAL_MODEL,10
1237.0,FINAL_MODEL,10
1237.5,FINAL_MODEL,10
1238.0,FINAL_MODEL,10
1238.5,FINAL_MODEL,10
1239.0,FINAL_MODEL,10
1239.5,FINAL_MODEL,10
1240.0,FINAL_MODEL,10
1240.5,FINAL_MODEL,10
1241.0,FINAL_MODEL,10
1241.5,FINAL_MODEL,10
1242.0,FINAL_MODEL,10
1242.5,FINAL_MODEL,10
1243.0,FINAL_MODEL,10
1243.5,FINAL_MODEL,10
1244.0,FINAL_MODEL,10
1244.5,FINAL_MODEL,10
1245.0,FINAL_MODEL,10
1245.5,FINAL_MODEL,10
1246.0,FINAL_MODEL,10
1246.5,FINAL_MODEL,10
1247.0,FINAL_MODEL,10
1247.5,FINAL_MODEL,10
1248.0,FINAL_MODEL,10
1248.5,FINAL_MODEL,10
1249.0,FINAL_MODEL,10
1249.5,FINAL_MODEL,10
1250.0,FINAL_MODEL,10
1250.5,FINAL_MODEL,10
1251.0,FINAL_MODEL,10
1251.5,FINAL_MODEL,10
1252.0,FINAL_MODEL,10
1252.5,FINAL_MODEL,10
1253.0,FINAL_MODEL,10
1253.5,FINAL_MODEL,10
1254.0,FINAL_MODEL,10
1254.5,FINAL_MODEL,10
1255.0,FINAL_MODEL,18
1255.5,FINAL_MODEL,18
1256.0,FINAL_MODEL,18
1256.5,FINAL_MODEL,18
1257.0,FINAL_MODEL,18
1257.5,FINAL_MODEL,18
1258.0,FINAL_MODEL,18
1258.5,FINAL_MODEL,18
1259.0,FINAL_MODEL,18
1259.5,FINAL_MODEL,18
1260.0,FINAL_MODEL,18
1260.5,FINAL_MODEL,18
1261.0,FINAL_MODEL,18
1261.5,FINAL_MODEL,18
1262.0,FINAL_MODEL,18
1262.5,FINAL_MODEL,18
1263.0,FINAL_MODEL,18
1263.5,FINAL_MODEL,18
1264.0,FINAL_MODEL,18
1264.5,FINAL_MODEL,18
1265.0,FINAL_MODEL,18
1265.5,FINAL_MODEL,18
1266.0,FINAL_MODEL,18
1266.5,FINAL_MODEL,18
1267.0,FINAL_MODEL,18
1267.5,FINAL_MODEL,18
1268.0,FINAL_MODEL,18
1268.5,FINAL_MODEL,18
1269.0,FINAL_MODEL,18
1269.5,FINAL_MODEL,18
1270.0,FINAL_MODEL,18
1270.5,FINAL_MODEL,18
1271.0,FINAL_MODEL,18
1271.5,FINAL_MODEL,18
1272.0,FINAL_MODEL,18
1272.5,FINAL_MODEL,18
1273.0,FINAL_MODEL,18
1273.5,FINAL_MODEL,18
1274.0,FINAL_MODEL,18
1274.5,FINAL_MODEL,18
1275.0,FINAL_MODEL,18
1275.5,FINAL_MODEL,18
1276.0,FINAL_MODEL,18
1276.5,FINAL_MODEL,18
1277.0,FINAL_MODEL,18
1277.5,FINAL_MODEL,18
1278.0,FINAL_MODEL,18
1278.5,FINAL_MODEL,18
1279.0,FINAL_MODEL,18
1279.5,FINAL_MODEL,18
1280.0,FINAL_MODEL,18
1280.5,FINAL_MODEL,18
1281.0,FINAL_MODEL,18
1281.5,FINAL_MODEL,18
1282.0,FINAL_MODEL,18
1282.5,FINAL_MODEL,18
1283.0,FINAL_MODEL,18
1283.5,FINAL_MODEL,18
1284.0,FINAL_MODEL,18
1284.5,FINAL_MODEL,18
1285.0,FINAL_MODEL,18
1285.5,FINAL_MODEL,18
1286.0,FINAL_MODEL,18
1286.5,FINAL_MODEL,18
1287.0,FINAL_MODEL,18
1287.5,FINAL_MODEL,18
1288.0,FINAL_MODEL,18
1288.5,FINAL_MODEL,18
1289.0,FINAL_MODEL,18
1289.5,FINAL_MODEL,18
1290.0,FINAL_MODEL,18
1290.5,FINAL_MODEL,18
1291.0,FINAL_MODEL,18
1291.5,FINAL_MODEL,18
1292.0,FINAL_MODEL,18
1292.5,FINAL_MODEL,18
1293.0,FINAL_MODEL,18
1293.5,FINAL_MODEL,18
1294.0,FINAL_MODEL,18
1294.5,FINAL_MODEL,18
1295.0,FINAL_MODEL,10
1295.5,FINAL_MODEL,10
1296.0,FINAL_MODEL,10
1296.5,FINAL_MODEL,10
1297.0,FINAL_MODEL,10
1297.5,FINAL_MODEL,10
1298.0,FINAL_MODEL,10
1298.5,FINAL_MODEL,10
1299.0,FINAL_MODEL,10
1299.5,FINAL_MODEL,10
1300.0,FINAL_MODEL,10
1300.5,FINAL_MODEL,10
1301.0,FINAL_MODEL,10
1301.5,FINAL_MODEL,10
1302.0,FINAL_MODEL,10
1302.5,FINAL_MODEL,10
1303.0,FINAL_MODEL,10
1303.5,FINAL_MODEL,10
1304.0,FINAL_MODEL,10
1304.5,FINAL_MODEL,10
1305.0,FINAL_MODEL,10
1305.5,FINAL_MODEL,10
1306.0,FINAL_MODEL,10
1306.5,FINAL_MODEL,10
1307.0,FINAL_MODEL,10
1307.5,FINAL_MODEL,10
1308.0,FINAL_MODEL,10
1308.5,FINAL_MODEL,10
1309.0,FINAL_MODEL,10
1309.5,FINAL_MODEL,10
1310.0,FINAL_MODEL,10
1310.5,FINAL_MODEL,10
1311.0,FINAL_MODEL,10
1311.5,FINAL_MODEL,10
1312.0,FINAL_MODEL,10
1312.5,FINAL_MODEL,10
1313.0,FINAL_MODEL,10
1313.5,FINAL_MODEL,10
1314.0,FINAL_MODEL,10
1314.5,FINAL_MODEL,10
1315.0,FINAL_MODEL,10
1315.5,FINAL_MODEL,10
1316.0,FINAL_MODEL,10
1316.5,FINAL_MODEL,10
1317.0,FINAL_MODEL,10
1317.5,FINAL_MODEL,10
1318.0,FINAL_MODEL,10
1318.5,FINAL_MODEL,10
1319.0,FINAL_MODEL,10
1319.5,FINAL_MODEL,10
1320.0,FINAL_MODEL,10
1320.5,FINAL_MODEL,10
1321.0,FINAL_MODEL,10
1321.5,FINAL_MODEL,10
1322.0,FINAL_MODEL,10
1322.5,FINAL_MODEL,10
1323.0,FINAL_MODEL,10
1323.5,FINAL_MODEL,10
1324.0,FINAL_MODEL,18
1324.5,FINAL_MODEL,18
1325.0,FINAL_MODEL,18
1325.5,FINAL_MODEL,18
1326.0,FINAL_MODEL,18
1326.5,FINAL_MODEL,18
1327.0,FINAL_MODEL,18
1327.5,FINAL_MODEL,18
1328.0,FINAL_MODEL,18
1328.5,FINAL_MODEL,18
1329.0,FINAL_MODEL,18
1329.5,FINAL_MODEL,18
1330.0,FINAL_MODEL,18
1330.5,FINAL_MODEL,18
1331.0,FINAL_MODEL,18
1331.5,FINAL_MODEL,18
1332.0,FINAL_MODEL,18
1332.5,FINAL_MODEL,18
1333.0,FINAL_MODEL,18
1333.5,FINAL_MODEL,18
1334.0,FINAL_MODEL,18
1334.5,FINAL_MODEL,18
1335.0,FINAL_MODEL,18
1335.5,FINAL_MODEL,18
1336.0,FINAL_MODEL,18
1336.5,FINAL_MODEL,18
1337.0,FINAL_MODEL,18
1337.5,FINAL_MODEL,18
1338.0,FINAL_MODEL,18
1338.5,FINAL_MODEL,18
1339.0,FINAL_MODEL,18
1339.5,FINAL_MODEL,18
1340.0,FINAL_MODEL,18
1340.5,FINAL_MODEL,18
1341.0,FINAL_MODEL,18
1341.5,FINAL_MODEL,18
1342.0,FINAL_MODEL,18
1342.5,FINAL_MODEL,18
1343.0,FINAL_MODEL,18
1343.5,FINAL_MODEL,18
1344.0,FINAL_MODEL,18
1344.5,FINAL_MODEL,18
1345.0,FINAL_MODEL,18
1345.5,FINAL_MODEL,18
1346.0,FINAL_MODEL,18
1346.5,FINAL_MODEL,18
1347.0,FINAL_MODEL,18
1347.5,FINAL_MODEL,18
1348.0,FINAL_MODEL,18
1348.5,FINAL_MODEL,18
1349.0,FINAL_MODEL,18
1349.5,FINAL_MODEL,18
1350.0,FINAL_MODEL,18
1350.5,FINAL_MODEL,18
1351.0,FINAL_MODEL,18
1351.5,FINAL_MODEL,18
1352.0,FINAL_MODEL,18
1352.5,FINAL_MODEL,18
1353.0,FINAL_MODEL,18
1353.5,FINAL_MODEL,18
1354.0,FINAL_MODEL,18
1354.5,FINAL_MODEL,18
1355.0,FINAL_MODEL,18
1355.5,FINAL_MODEL,18
1356.0,FINAL_MODEL,18
1356.5,FINAL_MODEL,18
1357.0,FINAL_MODEL,18
1357.5,FINAL_MODEL,18
1358.0,FINAL_MODEL,18
1358.5,FINAL_MODEL,18
1359.0,FINAL_MODEL,18
1359.5,FINAL_MODEL,18
1360.0,FINAL_MODEL,18
1360.5,FINAL_MODEL,18
1361.0,FINAL_MODEL,18
1361.5,FINAL_MODEL,18
1362.0,FINAL_MODEL,18
1362.5,FINAL_MODEL,18
1363.0,FINAL_MODEL,18
1363.5,FINAL_MODEL,18
1364.0,FINAL_MODEL,18
1364.5,FINAL_MODEL,18
1365.0,FINAL_MODEL,18
1365.5,FINAL_MODEL,18
1366.0,FINAL_MODEL,18
1366.5,FINAL_MODEL,18
1367.0,FINAL_MODEL,10
1367.5,FINAL_MODEL,10
1368.0,FINAL_MODEL,10
1368.5,FINAL_MODEL,10
1369.0,FINAL_MODEL,10
1369.5,FINAL_MODEL,10
1370.0,FINAL_MODEL,10
1370.5,FINAL_MODEL,10
1371.0,FINAL_MODEL,10
1371.5,FINAL_MODEL,10
1372.0,FINAL_MODEL,10
1372.5,FINAL_MODEL,10
1373.0,FINAL_MODEL,10
1373.5,FINAL_MODEL,10
1374.0,FINAL_MODEL,10
1374.5,FINAL_MODEL,10
1375.0,FINAL_MODEL,10
1375.5,FINAL_MODEL,10
1376.0,FINAL_MODEL,10
1376.5,FINAL_MODEL,10
1377.0,FINAL_MODEL,10
1377.5,FINAL_MODEL,10
1378.0,FINAL_MODEL,10
1378.5,FINAL_MODEL,10
1379.0,FINAL_MODEL,10
1379.5,FINAL_MODEL,10
1380.0,FINAL_MODEL,10
1380.5,FINAL_MODEL,10
1381.0,FINAL_MODEL,10
1381.5,FINAL_MODEL,10
1382.0,FINAL_MODEL,10
1382.5,FINAL_MODEL,10
1383.0,FINAL_MODEL,10
1383.5,FINAL_MODEL,10
1384.0,FINAL_MODEL,10
1384.5,FINAL_MODEL,10
1385.0,FINAL_MODEL,10
1385.5,FINAL_MODEL,10
1386.0,FINAL_MODEL,10
1386.5,FINAL_MODEL,10
1387.0,FINAL_MODEL,10
1387.5,FINAL_MODEL,10
1388.0,FINAL_MODEL,10
1388.5,FINAL_MODEL,10
1389.0,FINAL_MODEL,10
1389.5,FINAL_MODEL,10
1390.0,FINAL_MODEL,10
1390.5,FINAL_MODEL,10
1391.0,FINAL_MODEL,10
1391.5,FINAL_MODEL,10
1392.0,FINAL_MODEL,10
1392.5,FINAL_MODEL,10
1393.0,FINAL_MODEL,10
1393.5,FINAL_MODEL,10
1394.0,FINAL_MODEL,10
1394.5,FINAL_MODEL,10
1395.0,FINAL_MODEL,10
1395.5,FINAL_MODEL,10
1396.0,FINAL_MODEL,10
1396.5,FINAL_MODEL,10
1397.0,FINAL_MODEL,10
1397.5,FINAL_MODEL,10
1398.0,FINAL_MODEL,10
1398.5,FINAL_MODEL,10
1399.0,FINAL_MODEL,10
1399.5,FINAL_MODEL,10
1400.0,FINAL_MODEL,10
1400.5,FINAL_MODEL,10
1401.0,FINAL_MODEL,10
1401.5,FINAL_MODEL,10
1402.0,FINAL_MODEL,10
1402.5,FINAL_MODEL,18
1403.0,FINAL_MODEL,18
1403.5,FINAL_MODEL,18
1404.0,FINAL_MODEL,18
1404.5,FINAL_MODEL,18
1405.0,FINAL_MODEL,18
1405.5,FINAL_MODEL,18
1406.0,FINAL_MODEL,18
1406.5,FINAL_MODEL,18
1407.0,FINAL_MODEL,18
1407.5,FINAL_MODEL,18
1408.0,FINAL_MODEL,18
1408.5,FINAL_MODEL,18
1409.0,FINAL_MODEL,18
1409.5,FINAL_MODEL,18
1410.0,FINAL_MODEL,18
1410.5,FINAL_MODEL,18
1411.0,FINAL_MODEL,18
1411.5,FINAL_MODEL,18
1412.0,FINAL_MODEL,18
1412.5,FINAL_MODEL,18
1413.0,FINAL_MODEL,18
1413.5,FINAL_MODEL,18
1414.0,FINAL_MODEL,18
1414.5,FINAL_MODEL,18
1415.0,FINAL_MODEL,18
1415.5,FINAL_MODEL,18
1416.0,FINAL_MODEL,18
1416.5,FINAL_MODEL,18
1417.0,FINAL_MODEL,18
1417.5,FINAL_MODEL,18
1418.0,FINAL_MODEL,18
1418.5,FINAL_MODEL,18
1419.0,FINAL_MODEL,18
1419.5,FINAL_MODEL,18
1420.0,FINAL_MODEL,18
1420.5,FINAL_MODEL,18
1421.0,FINAL_MODEL,18
1421.5,FINAL_MODEL,18
1422.0,FINAL_MODEL,18
1422.5,FINAL_MODEL,18
1423.0,FINAL_MODEL,18
1423.5,FINAL_MODEL,18
1424.0,FINAL_MODEL,18
1424.5,FINAL_MODEL,18
1425.0,FINAL_MODEL,18
1425.5,FINAL_MODEL,18
1426.0,FINAL_MODEL,18
1426.5,FINAL_MODEL,18
1427.0,FINAL_MODEL,18
1427.5,FINAL_MODEL,18
1428.0,FINAL_MODEL,18
1428.5,FINAL_MODEL,18
1429.0,FINAL_MODEL,18
1429.5,FINAL_MODEL,18
1430.0,FINAL_MODEL,18
1430.5,FINAL_MODEL,18
1431.0,FINAL_MODEL,18
1431.5,FINAL_MODEL,18
1432.0,FINAL_MODEL,18
1432.5,FINAL_MODEL,18
1433.0,FINAL_MODEL,18
1433.5,FINAL_MODEL,18
1434.0,FINAL_MODEL,18
1434.5,FINAL_MODEL,18
1435.0,FINAL_MODEL,18
1435.5,FINAL_MODEL,18
1436.0,FINAL_MODEL,18
1436.5,FINAL_MODEL,18
1437.0,FINAL_MODEL,18
1437.5,FINAL_MODEL,18
1438.0,FINAL_MODEL,18
1438.5,FINAL_MODEL,0
1439.0,FINAL_MODEL,0
1439.5,FINAL_MODEL,0
1440.0,FINAL_MODEL,0
1440.5,FINAL_MODEL,0
1441.0,FINAL_MODEL,0
1441.5,FINAL_MODEL,0
1442.0,FINAL_MODEL,0
1442.5,FINAL_MODEL,0
1443.0,FINAL_MODEL,0
1443.5,FINAL_MODEL,0
1444.0,FINAL_MODEL,0
1444.5,FINAL_MODEL,0
1445.0,FINAL_MODEL,0
1445.5,FINAL_MODEL,0
1446.0,FINAL_MODEL,0
1446.5,FINAL_MODEL,0
1447.0,FINAL_MODEL,0
1447.5,FINAL_MODEL,0
1448.0,FINAL_MODEL,0
1448.5,FINAL_MODEL,0
1449.0,FINAL_MODEL,0
1449.5,FINAL_MODEL,0
1450.0,FINAL_MODEL,0
1450.5,FINAL_MODEL,0
1451.0,FINAL_MODEL,0
1451.5,FINAL_MODEL,0
1452.0,FINAL_MODEL,0
1452.5,FINAL_MODEL,0
1453.0,FINAL_MODEL,0
1453.5,FINAL_MODEL,0
1454.0,FINAL_MODEL,0
1454.5,FINAL_MODEL,0
1455.0,FINAL_MODEL,0
1455.5,FINAL_MODEL,0
1456.0,FINAL_MODEL,0
1456.5,FINAL_MODEL,0
1457.0,FINAL_MODEL,0
1457.5,FINAL_MODEL,0
1458.0,FINAL_MODEL,0
1458.5,FINAL_MODEL,0
1459.0,FINAL_MODEL,0
1459.5,FINAL_MODEL,0
1460.0,FINAL_MODEL,0
1460.5,FINAL_MODEL,0
1461.0,FINAL_MODEL,0
1461.5,FINAL_MODEL,0
1462.0,FINAL_MODEL,0
1462.5,FINAL_MODEL,0
1463.0,FINAL_MODEL,0
1463.5,FINAL_MODEL,0
1464.0,FINAL_MODEL,0
1464.5,FINAL_MODEL,0
1465.0,FINAL_MODEL,0
1465.5,FINAL_MODEL,0
1466.0,FINAL_MODEL,0
1466.5,FINAL_MODEL,0
1467.0,FINAL_MODEL,0
1467.5,FINAL_MODEL,0
1468.0,FINAL_MODEL,0
1468.5,FINAL_MODEL,0
1469.0,FINAL_MODEL,0
1469.5,FINAL_MODEL,0
1470.0,FINAL_MODEL,0
1470.5,FINAL_MODEL,0
1471.0,FINAL_MODEL,0
1471.5,FINAL_MODEL,0
1472.0,FINAL_MODEL,0
1472.5,FINAL_MODEL,0
1473.0,FINAL_MODEL,0
1473.5,FINAL_MODEL,0
1474.0,FINAL_MODEL,0
1474.5,FINAL_MODEL,0
1475.0,FINAL_MODEL,0
1475.5,FINAL_MODEL,0
1476.0,FINAL_MODEL,0
1476.5,FINAL_MODEL,0
1477.0,FINAL_MODEL,0
1477.5,FINAL_MODEL,0
1478.0,FINAL_MODEL,0
1478.5,FINAL_MODEL,0
1479.0,FINAL_MODEL,0
1479.5,FINAL_MODEL,0
1480.0,FINAL_MODEL,0
1480.5,FINAL_MODEL,0
1481.0,FINAL_MODEL,0
1481.5,FINAL_MODEL,0
1482.0,FINAL_MODEL,0
1482.5,FINAL_MODEL,0
1483.0,FINAL_MODEL,0
1483.5,FINAL_MODEL,0
1484.0,FINAL_MODEL,0
1484.5,FINAL_MODEL,0
1485.0,FINAL_MODEL,0
1485.5,FINAL_MODEL,0
1486.0,FINAL_MODEL,0
1486.5,FINAL_MODEL,0
1487.0,FINAL_MODEL,0
1487.5,FINAL_MODEL,0
1488.0,FINAL_MODEL,0
1488.5,FINAL_MODEL,0
1489.0,FINAL_MODEL,0
1489.5,FINAL_MODEL,0
1490.0,FINAL_MODEL,0
1490.5,FINAL_MODEL,0
1491.0,FINAL_MODEL,0
1491.5,FINAL_MODEL,0
1492.0,FINAL_MODEL,0
1492.5,FINAL_MODEL,0
1493.0,FINAL_MODEL,0
1493.5,FINAL_MODEL,0
1494.0,FINAL_MODEL,0
1494.5,FINAL_MODEL,0
1495.0,FINAL_MODEL,0
1495.5,FINAL_MODEL,0
1496.0,FINAL_MODEL,0
1496.5,FINAL_MODEL,0
1497.0,FINAL_MODEL,0
1497.5,FINAL_MODEL,0
1498.0,FINAL_MODEL,0
1498.5,FINAL_MODEL,0
1499.0,FINAL_MODEL,0
1499.5,FINAL_MODEL,0
1500.0,FINAL_MODEL,0
1500.5,FINAL_MODEL,0
1501.0,FINAL_MODEL,0
1501.5,FINAL_MODEL,0
1502.0,FINAL_MODEL,0
1502.5,FINAL_MODEL,0
1503.0,FINAL_MODEL,0
1503.5,FINAL_MODEL,0
1504.0,FINAL_MODEL,0
1504.5,FINAL_MODEL,0
1505.0,FINAL_MODEL,0
1505.5,FINAL_MODEL,0
1506.0,FINAL_MODEL,0
1506.5,FINAL_MODEL,0
1507.0,FINAL_MODEL,0
1507.5,FINAL_MODEL,0
1508.0,FINAL_MODEL,0
1508.5,FINAL_MODEL,0
1509.0,FINAL_MODEL,0
1509.5,FINAL_MODEL,0
1510.0,FINAL_MODEL,0
1510.5,FINAL_MODEL,0
1511.0,FINAL_MODEL,0
1511.5,FINAL_MODEL,0
1512.0,FINAL_MODEL,0
1512.5,FINAL_MODEL,0
1513.0,FINAL_MODEL,0
1513.5,FINAL_MODEL,0
1514.0,FINAL_MODEL,0
1514.5,FINAL_MODEL,0
1515.0,FINAL_MODEL,0
1515.5,FINAL_MODEL,0
1516.0,FINAL_MODEL,0
1516.5,FINAL_MODEL,0
1517.0,FINAL_MODEL,0
1517.5,FINAL_MODEL,0
1518.0,FINAL_MODEL,0
1518.5,FINAL_MODEL,0
1519.0,FINAL_MODEL,0
1519.5,FINAL_MODEL,0
1520.0,FINAL_MODEL,0
1520.5,FINAL_MODEL,0
1521.0,FINAL_MODEL,0
1521.5,FINAL_MODEL,0
1522.0,FINAL_MODEL,0
1522.5,FINAL_MODEL,18
1523.0,FINAL_MODEL,18
1523.5,FINAL_MODEL,18
1524.0,FINAL_MODEL,18
1524.5,FINAL_MODEL,18
1525.0,FINAL_MODEL,18
1525.5,FINAL_MODEL,18
1526.0,FINAL_MODEL,18
1526.5,FINAL_MODEL,18
1527.0,FINAL_MODEL,18
1527.5,FINAL_MODEL,18
1528.0,FINAL_MODEL,18
1528.5,FINAL_MODEL,18
1529.0,FINAL_MODEL,18
1529.5,FINAL_MODEL,18
1530.0,FINAL_MODEL,18
1530.5,FINAL_MODEL,18
1531.0,FINAL_MODEL,18
1531.5,FINAL_MODEL,18
1532.0,FINAL_MODEL,18
1532.5,FINAL_MODEL,18
1533.0,FINAL_MODEL,18
1533.5,FINAL_MODEL,18
1534.0,FINAL_MODEL,18
1534.5,FINAL_MODEL,18
1535.0,FINAL_MODEL,18
1535.5,FINAL_MODEL,18
1536.0,FINAL_MODEL,18
1536.5,FINAL_MODEL,18
1537.0,FINAL_MODEL,18
1537.5,FINAL_MODEL,18
1538.0,FINAL_MODEL,18
1538.5,FINAL_MODEL,18
1539.0,FINAL_MODEL,18
1539.5,FINAL_MODEL,18
1540.0,FINAL_MODEL,18
1540.5,FINAL_MODEL,18
1541.0,FINAL_MODEL,18
1541.5,FINAL_MODEL,18
1542.0,FINAL_MODEL,18
1542.5,FINAL_MODEL,18
1543.0,FINAL_MODEL,6
1543.5,FINAL_MODEL,6
1544.0,FINAL_MODEL,6
1544.5,FINAL_MODEL,6
1545.0,FINAL_MODEL,6
1545.5,FINAL_MODEL,6
1546.0,FINAL_MODEL,6
1546.5,FINAL_MODEL,6
1547.0,FINAL_MODEL,6
1547.5,FINAL_MODEL,6
1548.0,FINAL_MODEL,6
1548.5,FINAL_MODEL,6
1549.0,FINAL_MODEL,6
1549.5,FINAL_MODEL,6
1550.0,FINAL_MODEL,6
1550.5,FINAL_MODEL,6
1551.0,FINAL_MODEL,6
1551.5,FINAL_MODEL,6
1552.0,FINAL_MODEL,6
1552.5,FINAL_MODEL,6
1553.0,FINAL_MODEL,6
1553.5,FINAL_MODEL,6
1554.0,FINAL_MODEL,6
1554.5,FINAL_MODEL,6
1555.0,FINAL_MODEL,6
1555.5,FINAL_MODEL,6
1556.0,FINAL_MODEL,6
1556.5,FINAL_MODEL,6
1557.0,FINAL_MODEL,6
1557.5,FINAL_MODEL,6
1558.0,FINAL_MODEL,6
1558.5,FINAL_MODEL,6
1559.0,FINAL_MODEL,6
1559.5,FINAL_MODEL,6
1560.0,FINAL_MODEL,6
1560.5,FINAL_MODEL,6
1561.0,FINAL_MODEL,6
1561.5,FINAL_MODEL,6
1562.0,FINAL_MODEL,6
1562.5,FINAL_MODEL,6
1563.0,FINAL_MODEL,6
1563.5,FINAL_MODEL,6
1564.0,FINAL_MODEL,6
1564.5,FINAL_MODEL,6
1565.0,FINAL_MODEL,6
1565.5,FINAL_MODEL,6
1566.0,FINAL_MODEL,6
1566.5,FINAL_MODEL,6
1567.0,FINAL_MODEL,6
1567.5,FINAL_MODEL,6
1568.0,FINAL_MODEL,6
1568.5,FINAL_MODEL,6
1569.0,FINAL_MODEL,6
1569.5,FINAL_MODEL,6
1570.0,FINAL_MODEL,6
1570.5,FINAL_MODEL,6
1571.0,FINAL_MODEL,6
1571.5,FINAL_MODEL,6
1572.0,FINAL_MODEL,6
1572.5,FINAL_MODEL,6
1573.0,FINAL_MODEL,6
1573.5,FINAL_MODEL,6
1574.0,FINAL_MODEL,6
1574.5,FINAL_MODEL,6
1575.0,FINAL_MODEL,6
1575.5,FINAL_MODEL,6
1576.0,FINAL_MODEL,6
1576.5,FINAL_MODEL,6
1577.0,FINAL_MODEL,6
1577.5,FINAL_MODEL,6
1578.0,FINAL_MODEL,6
1578.5,FINAL_MODEL,6
1579.0,FINAL_MODEL,6
1579.5,FINAL_MODEL,6
1580.0,FINAL_MODEL,6
1580.5,FINAL_MODEL,6
1581.0,FINAL_MODEL,6
1581.5,FINAL_MODEL,6
1582.0,FINAL_MODEL,6
1582.5,FINAL_MODEL,6
1583.0,FINAL_MODEL,6
1583.5,FINAL_MODEL,6
1584.0,FINAL_MODEL,6
1584.5,FINAL_MODEL,6
1585.0,FINAL_MODEL,6
1585.5,FINAL_MODEL,6
1586.0,FINAL_MODEL,6
1586.5,FINAL_MODEL,6
1587.0,FINAL_MODEL,6
1587.5,FINAL_MODEL,6
1588.0,FINAL_MODEL,6
1588.5,FINAL_MODEL,6
1589.0,FINAL_MODEL,6
1589.5,FINAL_MODEL,6
1590.0,FINAL_MODEL,6
1590.5,FINAL_MODEL,6
1591.0,FINAL_MODEL,6
1591.5,FINAL_MODEL,6
1592.0,FINAL_MODEL,6
1592.5,FINAL_MODEL,6
1593.0,FINAL_MODEL,6
1593.5,FINAL_MODEL,6
1594.0,FINAL_MODEL,6
1594.5,FINAL_MODEL,6
1595.0,FINAL_MODEL,6
1595.5,FINAL_MODEL,6
1596.0,FINAL_MODEL,6
1596.5,FINAL_MODEL,6
1597.0,FINAL_MODEL,6
1597.5,FINAL_MODEL,6
1598.0,FINAL_MODEL,6
1598.5,FINAL_MODEL,6
1599.0,FINAL_MODEL,6
1599.5,FINAL_MODEL,6
1600.0,FINAL_MODEL,6
1600.5,FINAL_MODEL,6
1601.0,FINAL_MODEL,6
1601.5,FINAL_MODEL,6
1602.0,FINAL_MODEL,6
1602.5,FINAL_MODEL,6
1603.0,FINAL_MODEL,6
1603.5,FINAL_MODEL,6
1604.0,FINAL_MODEL,6
1604.5,FINAL_MODEL,6
1605.0,FINAL_MODEL,6
1605.5,FINAL_MODEL,6
1606.0,FINAL_MODEL,6
1606.5,FINAL_MODEL,6
1607.0,FINAL_MODEL,6
1607.5,FINAL_MODEL,6
1608.0,FINAL_MODEL,6
1608.5,FINAL_MODEL,6
1609.0,FINAL_MODEL,6
1609.5,FINAL_MODEL,6
1610.0,FINAL_MODEL,6
1610.5,FINAL_MODEL,6
1611.0,FINAL_MODEL,6
1611.5,FINAL_MODEL,6
1612.0,FINAL_MODEL,6
1612.5,FINAL_MODEL,6
1613.0,FINAL_MODEL,6
1613.5,FINAL_MODEL,6
1614.0,FINAL_MODEL,6
1614.5,FINAL_MODEL,6
1615.0,FINAL_MODEL,6
1615.5,FINAL_MODEL,6
1616.0,FINAL_MODEL,6
1616.5,FINAL_MODEL,6
1617.0,FINAL_MODEL,6
1617.5,FINAL_MODEL,6
1618.0,FINAL_MODEL,6
1618.5,FINAL_MODEL,6
1619.0,FINAL_MODEL,6
1619.5,FINAL_MODEL,6
1620.0,FINAL_MODEL,6
1620.5,FINAL_MODEL,6
1621.0,FINAL_MODEL,6
1621.5,FINAL_MODEL,6
1622.0,FINAL_MODEL,6
1622.5,FINAL_MODEL,6
1623.0,FINAL_MODEL,6
1623.5,FINAL_MODEL,6
1624.0,FINAL_MODEL,6
1624.5,FINAL_MODEL,6
1625.0,FINAL_MODEL,6
1625.5,FINAL_MODEL,6
1626.0,FINAL_MODEL,6
1626.5,FINAL_MODEL,6
1627.0,FINAL_MODEL,6
1627.5,FINAL_MODEL,6
1628.0,FINAL_MODEL,6
1628.5,FINAL_MODEL,6
1629.0,FINAL_MODEL,6
1629.5,FINAL_MODEL,6
1630.0,FINAL_MODEL,6
1630.5,FINAL_MODEL,6
1631.0,FINAL_MODEL,6
1631.5,FINAL_MODEL,6
1632.0,FINAL_MODEL,6
1632.5,FINAL_MODEL,6
1633.0,FINAL_MODEL,6
1633.5,FINAL_MODEL,6
1634.0,FINAL_MODEL,6
1634.5,FINAL_MODEL,6
1635.0,FINAL_MODEL,6
1635.5,FINAL_MODEL,6
1636.0,FINAL_MODEL,6
1636.5,FINAL_MODEL,6
1637.0,FINAL_MODEL,6
1637.5,FINAL_MODEL,6
1638.0,FINAL_MODEL,6
1638.5,FINAL_MODEL,6
1639.0,FINAL_MODEL,18
1639.5,FINAL_MODEL,18
1640.0,FINAL_MODEL,18
1640.5,FINAL_MODEL,18
1641.0,FINAL_MODEL,18
1641.5,FINAL_MODEL,18
1642.0,FINAL_MODEL,18
1642.5,FINAL_MODEL,18
1643.0,FINAL_MODEL,18
1643.5,FINAL_MODEL,18
1644.0,FINAL_MODEL,18
1644.5,FINAL_MODEL,18
1645.0,FINAL_MODEL,18
1645.5,FINAL_MODEL,18
1646.0,FINAL_MODEL,18
1646.5,FINAL_MODEL,18
1647.0,FINAL_MODEL,18
1647.5,FINAL_MODEL,18
1648.0,FINAL_MODEL,18
1648.5,FINAL_MODEL,18
1649.0,FINAL_MODEL,18
1649.5,FINAL_MODEL,18
1650.0,FINAL_MODEL,18
1650.5,FINAL_MODEL,18
1651.0,FINAL_MODEL,18
1651.5,FINAL_MODEL,18
1652.0,FINAL_MODEL,18
1652.5,FINAL_MODEL,18
1653.0,FINAL_MODEL,18
1653.5,FINAL_MODEL,18
1654.0,FINAL_MODEL,18
1654.5,FINAL_MODEL,18
1655.0,FINAL_MODEL,18
1655.5,FINAL_MODEL,18
1656.0,FINAL_MODEL,18
1656.5,FINAL_MODEL,18
1657.0,FINAL_MODEL,18
1657.5,FINAL_MODEL,18
1658.0,FINAL_MODEL,18
1658.5,FINAL_MODEL,18
1659.0,FINAL_MODEL,18
1659.5,FINAL_MODEL,18
1660.0,FINAL_MODEL,18
1660.5,FINAL_MODEL,18
1661.0,FINAL_MODEL,18
1661.5,FINAL_MODEL,18
1662.0,FINAL_MODEL,18
1662.5,FINAL_MODEL,18
1663.0,FINAL_MODEL,18
1663.5,FINAL_MODEL,18
1664.0,FINAL_MODEL,18
1664.5,FINAL_MODEL,18
1665.0,FINAL_MODEL,18
1665.5,FINAL_MODEL,18
1666.0,FINAL_MODEL,18
1666.5,FINAL_MODEL,18
1667.0,FINAL_MODEL,18
1667.5,FINAL_MODEL,18
1668.0,FINAL_MODEL,18
1668.5,FINAL_MODEL,18
1669.0,FINAL_MODEL,12
1669.5,FINAL_MODEL,12
1670.0,FINAL_MODEL,12
1670.5,FINAL_MODEL,12
1671.0,FINAL_MODEL,12
1671.5,FINAL_MODEL,12
1672.0,FINAL_MODEL,12
1672.5,FINAL_MODEL,12
1673.0,FINAL_MODEL,12
1673.5,FINAL_MODEL,12
1674.0,FINAL_MODEL,12
1674.5,FINAL_MODEL,12
1675.0,FINAL_MODEL,12
1675.5,FINAL_MODEL,12
1676.0,FINAL_MODEL,12
1676.5,FINAL_MODEL,12
1677.0,FINAL_MODEL,12
1677.5,FINAL_MODEL,12
1678.0,FINAL_MODEL,12
1678.5,FINAL_MODEL,12
1679.0,FINAL_MODEL,12
1679.5,FINAL_MODEL,12
1680.0,FINAL_MODEL,12
1680.5,FINAL_MODEL,12
1681.0,FINAL_MODEL,12
1681.5,FINAL_MODEL,12
1682.0,FINAL_MODEL,12
1682.5,FINAL_MODEL,12
1683.0,FINAL_MODEL,12
1683.5,FINAL_MODEL,12
1684.0,FINAL_MODEL,12
1684.5,FINAL_MODEL,12
1685.0,FINAL_MODEL,12
1685.5,FINAL_MODEL,12
1686.0,FINAL_MODEL,12
1686.5,FINAL_MODEL,12
1687.0,FINAL_MODEL,12
1687.5,FINAL_MODEL,12
1688.0,FINAL_MODEL,12
1688.5,FINAL_MODEL,12
1689.0,FINAL_MODEL,12
1689.5,FINAL_MODEL,12
1690.0,FINAL_MODEL,12
1690.5,FINAL_MODEL,12
1691.0,FINAL_MODEL,12
1691.5,FINAL_MODEL,12
1692.0,FINAL_MODEL,12
1692.5,FINAL_MODEL,12
1693.0,FINAL_MODEL,12
1693.5,FINAL_MODEL,12
1694.0,FINAL_MODEL,12
1694.5,FINAL_MODEL,12
1695.0,FINAL_MODEL,12
1695.5,FINAL_MODEL,12
1696.0,FINAL_MODEL,12
1696.5,FINAL_MODEL,12
1697.0,FINAL_MODEL,12
1697.5,FINAL_MODEL,12
1698.0,FINAL_MODEL,12
1698.5,FINAL_MODEL,12
1699.0,FINAL_MODEL,12
1699.5,FINAL_MODEL,12
1700.0,FINAL_MODEL,12
1700.5,FINAL_MODEL,12
1701.0,FINAL_MODEL,12
1701.5,FINAL_MODEL,12
1702.0,FINAL_MODEL,12
1702.5,FINAL_MODEL,12
1703.0,FINAL_MODEL,12
1703.5,FINAL_MODEL,12
1704.0,FINAL_MODEL,12
1704.5,FINAL_MODEL,12
1705.0,FINAL_MODEL,12
1705.5,FINAL_MODEL,12
1706.0,FINAL_MODEL,18
1706.5,FINAL_MODEL,18
1707.0,FINAL_MODEL,18
1707.5,FINAL_MODEL,18
1708.0,FINAL_MODEL,18
1708.5,FINAL_MODEL,18
1709.0,FINAL_MODEL,18
1709.5,FINAL_MODEL,18
1710.0,FINAL_MODEL,18
1710.5,FINAL_MODEL,18
1711.0,FINAL_MODEL,18
1711.5,FINAL_MODEL,18
1712.0,FINAL_MODEL,18
1712.5,FINAL_MODEL,18
1713.0,FINAL_MODEL,18
1713.5,FINAL_MODEL,18
1714.0,FINAL_MODEL,18
1714.5,FINAL_MODEL,18
1715.0,FINAL_MODEL,18
1715.5,FINAL_MODEL,18
1716.0,FINAL_MODEL,18
1716.5,FINAL_MODEL,18
1717.0,FINAL_MODEL,18
1717.5,FINAL_MODEL,18
1718.0,FINAL_MODEL,18
1718.5,FINAL_MODEL,18
1719.0,FINAL_MODEL,18
1719.5,FINAL_MODEL,18
1720.0,FINAL_MODEL,18
1720.5,FINAL_MODEL,18
1721.0,FINAL_MODEL,18
1721.5,FINAL_MODEL,18
1722.0,FINAL_MODEL,18
1722.5,FINAL_MODEL,18
1723.0,FINAL_MODEL,18
1723.5,FINAL_MODEL,18
1724.0,FINAL_MODEL,18
1724.5,FINAL_MODEL,18
1725.0,FINAL_MODEL,18
1725.5,FINAL_MODEL,18
1726.0,FINAL_MODEL,18
1726.5,FINAL_MODEL,18
1727.0,FINAL_MODEL,18
1727.5,FINAL_MODEL,18
1728.0,FINAL_MODEL,18
1728.5,FINAL_MODEL,18
1729.0,FINAL_MODEL,18
1729.5,FINAL_MODEL,18
1730.0,FINAL_MODEL,18
1730.5,FINAL_MODEL,18
1731.0,FINAL_MODEL,18
1731.5,FINAL_MODEL,18
1732.0,FINAL_MODEL,18
1732.5,FINAL_MODEL,18
1733.0,FINAL_MODEL,18
1733.5,FINAL_MODEL,18
1734.0,FINAL_MODEL,18
1734.5,FINAL_MODEL,18
1735.0,FINAL_MODEL,18
1735.5,FINAL_MODEL,18
1736.0,FINAL_MODEL,18
1736.5,FINAL_MODEL,18
1737.0,FINAL_MODEL,18
1737.5,FINAL_MODEL,18
1738.0,FINAL_MODEL,18
1738.5,FINAL_MODEL,18
1739.0,FINAL_MODEL,18
1739.5,FINAL_MODEL,18
1740.0,FINAL_MODEL,18
1740.5,FINAL_MODEL,18
1741.0,FINAL_MODEL,18
1741.5,FINAL_MODEL,18
1742.0,FINAL_MODEL,18
1742.5,FINAL_MODEL,18
1743.0,FINAL_MODEL,12
1743.5,FINAL_MODEL,12
1744.0,FINAL_MODEL,12
1744.5,FINAL_MODEL,12
1745.0,FINAL_MODEL,12
1745.5,FINAL_MODEL,12
1746.0,FINAL_MODEL,12
1746.5,FINAL_MODEL,12
1747.0,FINAL_MODEL,12
1747.5,FINAL_MODEL,12
1748.0,FINAL_MODEL,12
1748.5,FINAL_MODEL,12
1749.0,FINAL_MODEL,12
1749.5,FINAL_MODEL,12
1750.0,FINAL_MODEL,12
1750.5,FINAL_MODEL,12
1751.0,FINAL_MODEL,12
1751.5,FINAL_MODEL,12
1752.0,FINAL_MODEL,12
1752.5,FINAL_MODEL,12
1753.0,FINAL_MODEL,12
1753.5,FINAL_MODEL,12
1754.0,FINAL_MODEL,12
1754.5,FINAL_MODEL,12
1755.0,FINAL_MODEL,12
1755.5,FINAL_MODEL,12
1756.0,FINAL_MODEL,12
1756.5,FINAL_MODEL,12
1757.0,FINAL_MODEL,12
1757.5,FINAL_MODEL,12
1758.0,FINAL_MODEL,12
1758.5,FINAL_MODEL,12
1759.0,FINAL_MODEL,12
1759.5,FINAL_MODEL,12
1760.0,FINAL_MODEL,12
1760.5,FINAL_MODEL,12
1761.0,FINAL_MODEL,12
1761.5,FINAL_MODEL,12
1762.0,FINAL_MODEL,12
1762.5,FINAL_MODEL,12
1763.0,FINAL_MODEL,12
1763.5,FINAL_MODEL,12
1764.0,FINAL_MODEL,12
1764.5,FINAL_MODEL,12
1765.0,FINAL_MODEL,12
1765.5,FINAL_MODEL,12
1766.0,FINAL_MODEL,12
1766.5,FINAL_MODEL,12
1767.0,FINAL_MODEL,12
1767.5,FINAL_MODEL,12
1768.0,FINAL_MODEL,12
1768.5,FINAL_MODEL,12
1769.0,FINAL_MODEL,12
1769.5,FINAL_MODEL,12
1770.0,FINAL_MODEL,12
1770.5,FINAL_MODEL,12
1771.0,FINAL_MODEL,12
1771.5,FINAL_MODEL,12
1772.0,FINAL_MODEL,12
1772.5,FINAL_MODEL,12
1773.0,FINAL_MODEL,12
1773.5,FINAL_MODEL,12
1774.0,FINAL_MODEL,12
1774.5,FINAL_MODEL,12
1775.0,FINAL_MODEL,12
1775.5,FINAL_MODEL,12
1776.0,FINAL_MODEL,12
1776.5,FINAL_MODEL,12
1777.0,FINAL_MODEL,12
1777.5,FINAL_MODEL,12
1778.0,FINAL_MODEL,12
1778.5,FINAL_MODEL,12
1779.0,FINAL_MODEL,12
1779.5,FINAL_MODEL,12
1780.0,FINAL_MODEL,12
1780.5,FINAL_MODEL,12
1781.0,FINAL_MODEL,12
1781.5,FINAL_MODEL,12
1782.0,FINAL_MODEL,12
1782.5,FINAL_MODEL,18
1783.0,FINAL_MODEL,18
1783.5,FINAL_MODEL,18
1784.0,FINAL_MODEL,18
1784.5,FINAL_MODEL,18
1785.0,FINAL_MODEL,18
1785.5,FINAL_MODEL,18
1786.0,FINAL_MODEL,18
1786.5,FINAL_MODEL,18
1787.0,FINAL_MODEL,18
1787.5,FINAL_MODEL,18
1788.0,FINAL_MODEL,18
1788.5,FINAL_MODEL,18
1789.0,FINAL_MODEL,18
1789.5,FINAL_MODEL,18
1790.0,FINAL_MODEL,18
1790.5,FINAL_MODEL,18
1791.0,FINAL_MODEL,18
1791.5,FINAL_MODEL,18
1792.0,FINAL_MODEL,18
1792.5,FINAL_MODEL,18
1793.0,FINAL_MODEL,18
1793.5,FINAL_MODEL,18
1794.0,FINAL_MODEL,18
1794.5,FINAL_MODEL,18
1795.0,FINAL_MODEL,18
1795.5,FINAL_MODEL,18
1796.0,FINAL_MODEL,18
1796.5,FINAL_MODEL,18
1797.0,FINAL_MODEL,18
1797.5,FINAL_MODEL,18
1798.0,FINAL_MODEL,18
1798.5,FINAL_MODEL,18
1799.0,FINAL_MODEL,18
1799.5,FINAL_MODEL,18
1800.0,FINAL_MODEL,18
1800.5,FINAL_MODEL,18
1801.0,FINAL_MODEL,18
1801.5,FINAL_MODEL,18
1802.0,FINAL_MODEL,18
1802.5,FINAL_MODEL,18
1803.0,FINAL_MODEL,18
1803.5,FINAL_MODEL,18
1804.0,FINAL_MODEL,18
1804.5,FINAL_MODEL,18
1805.0,FINAL_MODEL,18
1805.5,FINAL_MODEL,18
1806.0,FINAL_MODEL,18
1806.5,FINAL_MODEL,18
1807.0,FINAL_MODEL,18
1807.5,FINAL_MODEL,18
1808.0,FINAL_MODEL,18
1808.5,FINAL_MODEL,18
1809.0,FINAL_MODEL,18
1809.5,FINAL_MODEL,18
1810.0,FINAL_MODEL,18
1810.5,FINAL_MODEL,18
1811.0,FINAL_MODEL,18
1811.5,FINAL_MODEL,18
1812.0,FINAL_MODEL,18
1812.5,FINAL_MODEL,18
1813.0,FINAL_MODEL,18
1813.5,FINAL_MODEL,18
1814.0,FINAL_MODEL,18
1814.5,FINAL_MODEL,18
1815.0,FINAL_MODEL,18
1815.5,FINAL_MODEL,18
1816.0,FINAL_MODEL,18
1816.5,FINAL_MODEL,18
1817.0,FINAL_MODEL,18
1817.5,FINAL_MODEL,13
1818.0,FINAL_MODEL,13
1818.5,FINAL_MODEL,13
1819.0,FINAL_MODEL,13
1819.5,FINAL_MODEL,13
1820.0,FINAL_MODEL,13
1820.5,FINAL_MODEL,13
1821.0,FINAL_MODEL,13
1821.5,FINAL_MODEL,13
1822.0,FINAL_MODEL,13
1822.5,FINAL_MODEL,13
1823.0,FINAL_MODEL,13
1823.5,FINAL_MODEL,13
1824.0,FINAL_MODEL,13
1824.5,FINAL_MODEL,13
1825.0,FINAL_MODEL,13
1825.5,FINAL_MODEL,13
1826.0,FINAL_MODEL,13
1826.5,FINAL_MODEL,13
1827.0,FINAL_MODEL,13
1827.5,FINAL_MODEL,13
1828.0,FINAL_MODEL,13
1828.5,FINAL_MODEL,13
1829.0,FINAL_MODEL,13
1829.5,FINAL_MODEL,13
1830.0,FINAL_MODEL,13
1830.5,FINAL_MODEL,13
1831.0,FINAL_MODEL,13
1831.5,FINAL_MODEL,13
1832.0,FINAL_MODEL,13
1832.5,FINAL_MODEL,13
1833.0,FINAL_MODEL,13
1833.5,FINAL_MODEL,13
1834.0,FINAL_MODEL,13
1834.5,FINAL_MODEL,13
1835.0,FINAL_MODEL,13
1835.5,FINAL_MODEL,13
1836.0,FINAL_MODEL,13
1836.5,FINAL_MODEL,13
1837.0,FINAL_MODEL,13
1837.5,FINAL_MODEL,13
1838.0,FINAL_MODEL,13
1838.5,FINAL_MODEL,13
1839.0,FINAL_MODEL,13
1839.5,FINAL_MODEL,13
1840.0,FINAL_MODEL,13
1840.5,FINAL_MODEL,13
1841.0,FINAL_MODEL,13
1841.5,FINAL_MODEL,13
1842.0,FINAL_MODEL,13
1842.5,FINAL_MODEL,13
1843.0,FINAL_MODEL,13
1843.5,FINAL_MODEL,13
1844.0,FINAL_MODEL,13
1844.5,FINAL_MODEL,13
1845.0,FINAL_MODEL,13
1845.5,FINAL_MODEL,13
1846.0,FINAL_MODEL,13
1846.5,FINAL_MODEL,13
1847.0,FINAL_MODEL,13
1847.5,FINAL_MODEL,13
1848.0,FINAL_MODEL,13
1848.5,FINAL_MODEL,13
1849.0,FINAL_MODEL,13
1849.5,FINAL_MODEL,13
1850.0,FINAL_MODEL,13
1850.5,FINAL_MODEL,13
1851.0,FINAL_MODEL,13
1851.5,FINAL_MODEL,13
1852.0,FINAL_MODEL,13
1852.5,FINAL_MODEL,13
1853.0,FINAL_MODEL,13
1853.5,FINAL_MODEL,13
1854.0,FINAL_MODEL,13
1854.5,FINAL_MODEL,13
1855.0,FINAL_MODEL,13
1855.5,FINAL_MODEL,13
1856.0,FINAL_MODEL,13
1856.5,FINAL_MODEL,13
1857.0,FINAL_MODEL,13
1857.5,FINAL_MODEL,13
1858.0,FINAL_MODEL,13
1858.5,FINAL_MODEL,18
1859.0,FINAL_MODEL,18
1859.5,FINAL_MODEL,18
1860.0,FINAL_MODEL,18
1860.5,FINAL_MODEL,18
1861.0,FINAL_MODEL,18
1861.5,FINAL_MODEL,18
1862.0,FINAL_MODEL,18
1862.5,FINAL_MODEL,18
1863.0,FINAL_MODEL,18
1863.5,FINAL_MODEL,18
1864.0,FINAL_MODEL,18
1864.5,FINAL_MODEL,18
1865.0,FINAL_MODEL,18
1865.5,FINAL_MODEL,18
1866.0,FINAL_MODEL,18
1866.5,FINAL_MODEL,18
1867.0,FINAL_MODEL,18
1867.5,FINAL_MODEL,18
1868.0,FINAL_MODEL,18
1868.5,FINAL_MODEL,18
1869.0,FINAL_MODEL,18
1869.5,FINAL_MODEL,18
1870.0,FINAL_MODEL,18
1870.5,FINAL_MODEL,18
1871.0,FINAL_MODEL,18
1871.5,FINAL_MODEL,18
1872.0,FINAL_MODEL,18
1872.5,FINAL_MODEL,18
1873.0,FINAL_MODEL,18
1873.5,FINAL_MODEL,18
1874.0,FINAL_MODEL,18
1874.5,FINAL_MODEL,18
1875.0,FINAL_MODEL,18
1875.5,FINAL_MODEL,18
1876.0,FINAL_MODEL,18
1876.5,FINAL_MODEL,18
1877.0,FINAL_MODEL,18
1877.5,FINAL_MODEL,18
1878.0,FINAL_MODEL,18
1878.5,FINAL_MODEL,18
1879.0,FINAL_MODEL,18
1879.5,FINAL_MODEL,18
1880.0,FINAL_MODEL,18
1880.5,FINAL_MODEL,18
1881.0,FINAL_MODEL,18
1881.5,FINAL_MODEL,1
1882.0,FINAL_MODEL,1
1882.5,FINAL_MODEL,1
1883.0,FINAL_MODEL,1
1883.5,FINAL_MODEL,1
1884.0,FINAL_MODEL,1
1884.5,FINAL_MODEL,1
1885.0,FINAL_MODEL,1
1885.5,FINAL_MODEL,1
1886.0,FINAL_MODEL,1
1886.5,FINAL_MODEL,1
1887.0,FINAL_MODEL,1
1887.5,FINAL_MODEL,1
1888.0,FINAL_MODEL,1
1888.5,FINAL_MODEL,1
1889.0,FINAL_MODEL,1
1889.5,FINAL_MODEL,1
1890.0,FINAL_MODEL,1
1890.5,FINAL_MODEL,1
1891.0,FINAL_MODEL,1
1891.5,FINAL_MODEL,1
1892.0,FINAL_MODEL,1
1892.5,FINAL_MODEL,1
1893.0,FINAL_MODEL,1
1893.5,FINAL_MODEL,1
1894.0,FINAL_MODEL,1
1894.5,FINAL_MODEL,1
1895.0,FINAL_MODEL,1
1895.5,FINAL_MODEL,1
1896.0,FINAL_MODEL,1
1896.5,FINAL_MODEL,1
1897.0,FINAL_MODEL,1
1897.5,FINAL_MODEL,1
1898.0,FINAL_MODEL,1
1898.5,FINAL_MODEL,1
1899.0,FINAL_MODEL,1
1899.5,FINAL_MODEL,1
1900.0,FINAL_MODEL,1
1900.5,FINAL_MODEL,1
1901.0,FINAL_MODEL,1
1901.5,FINAL_MODEL,1
1902.0,FINAL_MODEL,1
1902.5,FINAL_MODEL,1
1903.0,FINAL_MODEL,1
1903.5,FINAL_MODEL,1
1904.0,FINAL_MODEL,1
1904.5,FINAL_MODEL,1
1905.0,FINAL_MODEL,1
1905.5,FINAL_MODEL,1
1906.0,FINAL_MODEL,1
1906.5,FINAL_MODEL,1
1907.0,FINAL_MODEL,1
1907.5,FINAL_MODEL,1
1908.0,FINAL_MODEL,1
1908.5,FINAL_MODEL,1
1909.0,FINAL_MODEL,1
1909.5,FINAL_MODEL,1
1910.0,FINAL_MODEL,1
1910.5,FINAL_MODEL,1
1911.0,FINAL_MODEL,1
1911.5,FINAL_MODEL,1
1912.0,FINAL_MODEL,1
1912.5,FINAL_MODEL,1
1913.0,FINAL_MODEL,1
1913.5,FINAL_MODEL,1
1914.0,FINAL_MODEL,1
1914.5,FINAL_MODEL,1
1915.0,FINAL_MODEL,1
1915.5,FINAL_MODEL,1
1916.0,FINAL_MODEL,1
1916.5,FINAL_MODEL,1
1917.0,FINAL_MODEL,1
1917.5,FINAL_MODEL,1
1918.0,FINAL_MODEL,1
1918.5,FINAL_MODEL,1
1919.0,FINAL_MODEL,1
1919.5,FINAL_MODEL,1
1920.0,FINAL_MODEL,1
1920.5,FINAL_MODEL,1
1921.0,FINAL_MODEL,1
1921.5,FINAL_MODEL,1
1922.0,FINAL_MODEL,1
1922.5,FINAL_MODEL,1
1923.0,FINAL_MODEL,1
1923.5,FINAL_MODEL,1
1924.0,FINAL_MODEL,1
1924.5,FINAL_MODEL,1
1925.0,FINAL_MODEL,1
1925.5,FINAL_MODEL,1
1926.0,FINAL_MODEL,1
1926.5,FINAL_MODEL,1
1927.0,FINAL_MODEL,1
1927.5,FINAL_MODEL,1
1928.0,FINAL_MODEL,1
1928.5,FINAL_MODEL,1
1929.0,FINAL_MODEL,1
1929.5,FINAL_MODEL,1
1930.0,FINAL_MODEL,1
1930.5,FINAL_MODEL,1
1931.0,FINAL_MODEL,1
1931.5,FINAL_MODEL,1
1932.0,FINAL_MODEL,1
1932.5,FINAL_MODEL,1
1933.0,FINAL_MODEL,1
1933.5,FINAL_MODEL,1
1934.0,FINAL_MODEL,1
1934.5,FINAL_MODEL,1
1935.0,FINAL_MODEL,1
1935.5,FINAL_MODEL,1
1936.0,FINAL_MODEL,1
1936.5,FINAL_MODEL,1
1937.0,FINAL_MODEL,1
1937.5,FINAL_MODEL,1
1938.0,FINAL_MODEL,1
1938.5,FINAL_MODEL,1
1939.0,FINAL_MODEL,1
1939.5,FINAL_MODEL,1
1940.0,FINAL_MODEL,1
1940.5,FINAL_MODEL,1
1941.0,FINAL_MODEL,1
1941.5,FINAL_MODEL,1
1942.0,FINAL_MODEL,1
1942.5,FINAL_MODEL,1
1943.0,FINAL_MODEL,1
1943.5,FINAL_MODEL,1
1944.0,FINAL_MODEL,1
1944.5,FINAL_MODEL,1
1945.0,FINAL_MODEL,1
1945.5,FINAL_MODEL,1
1946.0,FINAL_MODEL,1
1946.5,FINAL_MODEL,1
1947.0,FINAL_MODEL,1
1947.5,FINAL_MODEL,1
1948.0,FINAL_MODEL,1
1948.5,FINAL_MODEL,1
1949.0,FINAL_MODEL,1
1949.5,FINAL_MODEL,1
1950.0,FINAL_MODEL,1
1950.5,FINAL_MODEL,1
1951.0,FINAL_MODEL,1
1951.5,FINAL_MODEL,1
1952.0,FINAL_MODEL,1
1952.5,FINAL_MODEL,1
1953.0,FINAL_MODEL,1
1953.5,FINAL_MODEL,1
1954.0,FINAL_MODEL,1
1954.5,FINAL_MODEL,1
1955.0,FINAL_MODEL,1
1955.5,FINAL_MODEL,1
1956.0,FINAL_MODEL,1
1956.5,FINAL_MODEL,1
1957.0,FINAL_MODEL,1
1957.5,FINAL_MODEL,1
1958.0,FINAL_MODEL,1
1958.5,FINAL_MODEL,1
1959.0,FINAL_MODEL,1
1959.5,FINAL_MODEL,1
1960.0,FINAL_MODEL,1
1960.5,FINAL_MODEL,1
1961.0,FINAL_MODEL,1
1961.5,FINAL_MODEL,1
1962.0,FINAL_MODEL,1
1962.5,FINAL_MODEL,1
1963.0,FINAL_MODEL,1
1963.5,FINAL_MODEL,1
1964.0,FINAL_MODEL,1
1964.5,FINAL_MODEL,1
1965.0,FINAL_MODEL,1
1965.5,FINAL_MODEL,1
1966.0,FINAL_MODEL,1
1966.5,FINAL_MODEL,1
1967.0,FINAL_MODEL,1
1967.5,FINAL_MODEL,1
1968.0,FINAL_MODEL,1
1968.5,FINAL_MODEL,1
1969.0,FINAL_MODEL,1
1969.5,FINAL_MODEL,1
1970.0,FINAL_MODEL,1
1970.5,FINAL_MODEL,1
1971.0,FINAL_MODEL,1
1971.5,FINAL_MODEL,1
1972.0,FINAL_MODEL,1
1972.5,FINAL_MODEL,1
1973.0,FINAL_MODEL,1
1973.5,FINAL_MODEL,18
1974.0,FINAL_MODEL,18
1974.5,FINAL_MODEL,18
1975.0,FINAL_MODEL,18
1975.5,FINAL_MODEL,18
1976.0,FINAL_MODEL,18
1976.5,FINAL_MODEL,18
1977.0,FINAL_MODEL,18
1977.5,FINAL_MODEL,18
1978.0,FINAL_MODEL,18
1978.5,FINAL_MODEL,18
1979.0,FINAL_MODEL,18
1979.5,FINAL_MODEL,18
1980.0,FINAL_MODEL,18
1980.5,FINAL_MODEL,18
1981.0,FINAL_MODEL,18
1981.5,FINAL_MODEL,18
1982.0,FINAL_MODEL,18
1982.5,FINAL_MODEL,18
1983.0,FINAL_MODEL,18
1983.5,FINAL_MODEL,18
1984.0,FINAL_MODEL,18
1984.5,FINAL_MODEL,18
1985.0,FINAL_MODEL,18
1985.5,FINAL_MODEL,18
1986.0,FINAL_MODEL,18
1986.5,FINAL_MODEL,18
1987.0,FINAL_MODEL,18
1987.5,FINAL_MODEL,18
1988.0,FINAL_MODEL,18
1988.5,FINAL_MODEL,18
1989.0,FINAL_MODEL,18
1989.5,FINAL_MODEL,18
1990.0,FINAL_MODEL,18
1990.5,FINAL_MODEL,18
1991.0,FINAL_MODEL,18
1991.5,FINAL_MODEL,18
1992.0,FINAL_MODEL,18
1992.5,FINAL_MODEL,18
1993.0,FINAL_MODEL,18
1993.5,FINAL_MODEL,18
1994.0,FINAL_MODEL,18
1994.5,FINAL_MODEL,18
1995.0,FINAL_MODEL,18
1995.5,FINAL_MODEL,18
1996.0,FINAL_MODEL,18
1996.5,FINAL_MODEL,18
1997.0,FINAL_MODEL,18
1997.5,FINAL_MODEL,18
1998.0,FINAL_MODEL,18
1998.5,FINAL_MODEL,18
1999.0,FINAL_MODEL,18
1999.5,FINAL_MODEL,18
2000.0,FINAL_MODEL,18
2000.5,FINAL_MODEL,18
2001.0,FINAL_MODEL,18
2001.5,FINAL_MODEL,18
2002.0,FINAL_MODEL,5
2002.5,FINAL_MODEL,5
2003.0,FINAL_MODEL,5
2003.5,FINAL_MODEL,5
2004.0,FINAL_MODEL,5
2004.5,FINAL_MODEL,5
2005.0,FINAL_MODEL,5
2005.5,FINAL_MODEL,5
2006.0,FINAL_MODEL,5
2006.5,FINAL_MODEL,5
2007.0,FINAL_MODEL,5
2007.5,FINAL_MODEL,5
2008.0,FINAL_MODEL,5
2008.5,FINAL_MODEL,5
2009.0,FINAL_MODEL,5
2009.5,FINAL_MODEL,5
2010.0,FINAL_MODEL,5
2010.5,FINAL_MODEL,5
2011.0,FINAL_MODEL,5
2011.5,FINAL_MODEL,5
2012.0,FINAL_MODEL,5
2012.5,FINAL_MODEL,5
2013.0,FINAL_MODEL,5
2013.5,FINAL_MODEL,5
2014.0,FINAL_MODEL,5
2014.5,FINAL_MODEL,5
2015.0,FINAL_MODEL,5
2015.5,FINAL_MODEL,5
2016.0,FINAL_MODEL,5
2016.5,FINAL_MODEL,5
2017.0,FINAL_MODEL,5
2017.5,FINAL_MODEL,5
2018.0,FINAL_MODEL,5
2018.5,FINAL_MODEL,5
2019.0,FINAL_MODEL,5
2019.5,FINAL_MODEL,5
2020.0,FINAL_MODEL,5
2020.5,FINAL_MODEL,5
2021.0,FINAL_MODEL,5
2021.5,FINAL_MODEL,5
2022.0,FINAL_MODEL,5
2022.5,FINAL_MODEL,5
2023.0,FINAL_MODEL,5
2023.5,FINAL_MODEL,5
2024.0,FINAL_MODEL,5
2024.5,FINAL_MODEL,5
2025.0,FINAL_MODEL,5
2025.5,FINAL_MODEL,5
2026.0,FINAL_MODEL,5
2026.5,FINAL_MODEL,5
2027.0,FINAL_MODEL,5
2027.5,FINAL_MODEL,5
2028.0,FINAL_MODEL,5
2028.5,FINAL_MODEL,5
2029.0,FINAL_MODEL,5
2029.5,FINAL_MODEL,5
2030.0,FINAL_MODEL,5
2030.5,FINAL_MODEL,5
2031.0,FINAL_MODEL,5
2031.5,FINAL_MODEL,5
2032.0,FINAL_MODEL,5
2032.5,FINAL_MODEL,5
2033.0,FINAL_MODEL,5
2033.5,FINAL_MODEL,5
2034.0,FINAL_MODEL,5
2034.5,FINAL_MODEL,5
2035.0,FINAL_MODEL,5
2035.5,FINAL_MODEL,5
2036.0,FINAL_MODEL,5
2036.5,FINAL_MODEL,5
2037.0,FINAL_MODEL,5
2037.5,FINAL_MODEL,5
2038.0,FINAL_MODEL,5
2038.5,FINAL_MODEL,5
2039.0,FINAL_MODEL,5
2039.5,FINAL_MODEL,5
2040.0,FINAL_MODEL,5
2040.5,FINAL_MODEL,5
2041.0,FINAL_MODEL,5
2041.5,FINAL_MODEL,5
2042.0,FINAL_MODEL,5
2042.5,FINAL_MODEL,5
2043.0,FINAL_MODEL,5
2043.5,FINAL_MODEL,5
2044.0,FINAL_MODEL,5
2044.5,FINAL_MODEL,5
2045.0,FINAL_MODEL,5
2045.5,FINAL_MODEL,5
2046.0,FINAL_MODEL,5
2046.5,FINAL_MODEL,5
2047.0,FINAL_MODEL,5
2047.5,FINAL_MODEL,5
2048.0,FINAL_MODEL,5
2048.5,FINAL_MODEL,5
2049.0,FINAL_MODEL,5
2049.5,FINAL_MODEL,5
2050.0,FINAL_MODEL,5
2050.5,FINAL_MODEL,5
2051.0,FINAL_MODEL,5
2051.5,FINAL_MODEL,5
2052.0,FINAL_MODEL,5
2052.5,FINAL_MODEL,5
2053.0,FINAL_MODEL,5
2053.5,FINAL_MODEL,5
2054.0,FINAL_MODEL,5
2054.5,FINAL_MODEL,5
2055.0,FINAL_MODEL,5
2055.5,FINAL_MODEL,5
2056.0,FINAL_MODEL,5
2056.5,FINAL_MODEL,5
2057.0,FINAL_MODEL,5
2057.5,FINAL_MODEL,5
2058.0,FINAL_MODEL,5
2058.5,FINAL_MODEL,5
2059.0,FINAL_MODEL,5
2059.5,FINAL_MODEL,5
2060.0,FINAL_MODEL,5
2060.5,FINAL_MODEL,5
2061.0,FINAL_MODEL,5
2061.5,FINAL_MODEL,5
2062.0,FINAL_MODEL,5
2062.5,FINAL_MODEL,5
2063.0,FINAL_MODEL,5
2063.5,FINAL_MODEL,5
2064.0,FINAL_MODEL,5
2064.5,FINAL_MODEL,5
2065.0,FINAL_MODEL,5
2065.5,FINAL_MODEL,5
2066.0,FINAL_MODEL,5
2066.5,FINAL_MODEL,5
2067.0,FINAL_MODEL,5
2067.5,FINAL_MODEL,5
2068.0,FINAL_MODEL,5
2068.5,FINAL_MODEL,5
2069.0,FINAL_MODEL,5
2069.5,FINAL_MODEL,5
2070.0,FINAL_MODEL,5
2070.5,FINAL_MODEL,5
2071.0,FINAL_MODEL,5
2071.5,FINAL_MODEL,5
2072.0,FINAL_MODEL,5
2072.5,FINAL_MODEL,5
2073.0,FINAL_MODEL,5
2073.5,FINAL_MODEL,5
2074.0,FINAL_MODEL,5
2074.5,FINAL_MODEL,5
2075.0,FINAL_MODEL,5
2075.5,FINAL_MODEL,5
2076.0,FINAL_MODEL,5
2076.5,FINAL_MODEL,5
2077.0,FINAL_MODEL,5
2077.5,FINAL_MODEL,5
2078.0,FINAL_MODEL,5
2078.5,FINAL_MODEL,5
2079.0,FINAL_MODEL,5
2079.5,FINAL_MODEL,5
2080.0,FINAL_MODEL,5
2080.5,FINAL_MODEL,5
2081.0,FINAL_MODEL,5
2081.5,FINAL_MODEL,5
2082.0,FINAL_MODEL,5
2082.5,FINAL_MODEL,5
2083.0,FINAL_MODEL,5
2083.5,FINAL_MODEL,5
2084.0,FINAL_MODEL,5
2084.5,FINAL_MODEL,5
2085.0,FINAL_MODEL,5
2085.5,FINAL_MODEL,5
2086.0,FINAL_MODEL,5
2086.5,FINAL_MODEL,5
2087.0,FINAL_MODEL,5
2087.5,FINAL_MODEL,5
2088.0,FINAL_MODEL,5
2088.5,FINAL_MODEL,5
2089.0,FINAL_MODEL,5
2089.5,FINAL_MODEL,5
2090.0,FINAL_MODEL,5
2090.5,FINAL_MODEL,5
2091.0,FINAL_MODEL,5
2091.5,FINAL_MODEL,5
2092.0,FINAL_MODEL,5
2092.5,FINAL_MODEL,5
2093.0,FINAL_MODEL,5
2093.5,FINAL_MODEL,5
2094.0,FINAL_MODEL,5
2094.5,FINAL_MODEL,5
2095.0,FINAL_MODEL,5
2095.5,FINAL_MODEL,5
2096.0,FINAL_MODEL,5
2096.5,FINAL_MODEL,5
2097.0,FINAL_MODEL,5
2097.5,FINAL_MODEL,5
2098.0,FINAL_MODEL,5
2098.5,FINAL_MODEL,5
2099.0,FINAL_MODEL,5
2099.5,FINAL_MODEL,5
2100.0,FINAL_MODEL,5
2100.5,FINAL_MODEL,5
2101.0,FINAL_MODEL,5
2101.5,FINAL_MODEL,5
2102.0,FINAL_MODEL,5
2102.5,FINAL_MODEL,5
2103.0,FINAL_MODEL,5
2103.5,FINAL_MODEL,5
2104.0,FINAL_MODEL,5
2104.5,FINAL_MODEL,5
2105.0,FINAL_MODEL,5
2105.5,FINAL_MODEL,5
2106.0,FINAL_MODEL,5
2106.5,FINAL_MODEL,18
2107.0,FINAL_MODEL,18
2107.5,FINAL_MODEL,18
2108.0,FINAL_MODEL,18
2108.5,FINAL_MODEL,18
2109.0,FINAL_MODEL,18
2109.5,FINAL_MODEL,18
2110.0,FINAL_MODEL,18
2110.5,FINAL_MODEL,18
2111.0,FINAL_MODEL,18
2111.5,FINAL_MODEL,18
2112.0,FINAL_MODEL,18
2112.5,FINAL_MODEL,18
2113.0,FINAL_MODEL,18
2113.5,FINAL_MODEL,18
2114.0,FINAL_MODEL,18
2114.5,FINAL_MODEL,18
2115.0,FINAL_MODEL,18
2115.5,FINAL_MODEL,18
2116.0,FINAL_MODEL,18
2116.5,FINAL_MODEL,18
2117.0,FINAL_MODEL,18
2117.5,FINAL_MODEL,18
2118.0,FINAL_MODEL,18
2118.5,FINAL_MODEL,18
2119.0,FINAL_MODEL,18
2119.5,FINAL_MODEL,18
2120.0,FINAL_MODEL,18
2120.5,FINAL_MODEL,18
2121.0,FINAL_MODEL,18
2121.5,FINAL_MODEL,18
2122.0,FINAL_MODEL,18
2122.5,FINAL_MODEL,18
2123.0,FINAL_MODEL,18
2123.5,FINAL_MODEL,18
2124.0,FINAL_MODEL,18
2124.5,FINAL_MODEL,18
2125.0,FINAL_MODEL,18
2125.5,FINAL_MODEL,18
2126.0,FINAL_MODEL,18
2126.5,FINAL_MODEL,18
2127.0,FINAL_MODEL,18
2127.5,FINAL_MODEL,18
2128.0,FINAL_MODEL,18
2128.5,FINAL_MODEL,18
2129.0,FINAL_MODEL,18
2129.5,FINAL_MODEL,18
2130.0,FINAL_MODEL,18
2130.5,FINAL_MODEL,18
2131.0,FINAL_MODEL,18
2131.5,FINAL_MODEL,18
2132.0,FINAL_MODEL,18
2132.5,FINAL_MODEL,18
2133.0,FINAL_MODEL,18
2133.5,FINAL_MODEL,18
2134.0,FINAL_MODEL,18
2134.5,FINAL_MODEL,18
2135.0,FINAL_MODEL,18
2135.5,FINAL_MODEL,18
2136.0,FINAL_MODEL,18
2136.5,FINAL_MODEL,18
2137.0,FINAL_MODEL,18
2137.5,FINAL_MODEL,18
2138.0,FINAL_MODEL,18
2138.5,FINAL_MODEL,18
2139.0,FINAL_MODEL,18
2139.5,FINAL_MODEL,18
2140.0,FINAL_MODEL,18
2140.5,FINAL_MODEL,18
2141.0,FINAL_MODEL,18
2141.5,FINAL_MODEL,18
2142.0,FINAL_MODEL,18
2142.5,FINAL_MODEL,18
2143.0,FINAL_MODEL,18
2143.5,FINAL_MODEL,18
2144.0,FINAL_MODEL,18
2144.5,FINAL_MODEL,18
2145.0,FINAL_MODEL,18
2145.5,FINAL_MODEL,18
2146.0,FINAL_MODEL,18
2146.5,FINAL_MODEL,18
2147.0,FINAL_MODEL,18
2147.5,FINAL_MODEL,18
2148.0,FINAL_MODEL,18
2148.5,FINAL_MODEL,18
2149.0,FINAL_MODEL,18
2149.5,FINAL_MODEL,18
2150.0,FINAL_MODEL,18
2150.5,FINAL_MODEL,18
2151.0,FINAL_MODEL,18
2151.5,FINAL_MODEL,18
2152.0,FINAL_MODEL,18
2152.5,FINAL_MODEL,18
2153.0,FINAL_MODEL,18
2153.5,FINAL_MODEL,18
2154.0,FINAL_MODEL,18
2154.5,FINAL_MODEL,18
2155.0,FINAL_MODEL,10
2155.5,FINAL_MODEL,10
2156.0,FINAL_MODEL,10
2156.5,FINAL_MODEL,10
2157.0,FINAL_MODEL,10
2157.5,FINAL_MODEL,10
2158.0,FINAL_MODEL,10
2158.5,FINAL_MODEL,10
2159.0,FINAL_MODEL,10
2159.5,FINAL_MODEL,10
2160.0,FINAL_MODEL,10
2160.5,FINAL_MODEL,10
2161.0,FINAL_MODEL,10
2161.5,FINAL_MODEL,10
2162.0,FINAL_MODEL,10
2162.5,FINAL_MODEL,10
2163.0,FINAL_MODEL,10
2163.5,FINAL_MODEL,10
2164.0,FINAL_MODEL,10
2164.5,FINAL_MODEL,10
2165.0,FINAL_MODEL,10
2165.5,FINAL_MODEL,10
2166.0,FINAL_MODEL,10
2166.5,FINAL_MODEL,10
2167.0,FINAL_MODEL,10
2167.5,FINAL_MODEL,10
2168.0,FINAL_MODEL,10
2168.5,FINAL_MODEL,10
2169.0,FINAL_MODEL,10
2169.5,FINAL_MODEL,10
2170.0,FINAL_MODEL,10
2170.5,FINAL_MODEL,10
2171.0,FINAL_MODEL,10
2171.5,FINAL_MODEL,10
2172.0,FINAL_MODEL,10
2172.5,FINAL_MODEL,10
2173.0,FINAL_MODEL,10
2173.5,FINAL_MODEL,10
2174.0,FINAL_MODEL,10
2174.5,FINAL_MODEL,10
2175.0,FINAL_MODEL,10
2175.5,FINAL_MODEL,10
2176.0,FINAL_MODEL,10
2176.5,FINAL_MODEL,10
2177.0,FINAL_MODEL,10
2177.5,FINAL_MODEL,10
2178.0,FINAL_MODEL,10
2178.5,FINAL_MODEL,10
2179.0,FINAL_MODEL,10
2179.5,FINAL_MODEL,10
2180.0,FINAL_MODEL,10
2180.5,FINAL_MODEL,10
2181.0,FINAL_MODEL,10
2181.5,FINAL_MODEL,10
2182.0,FINAL_MODEL,10
2182.5,FINAL_MODEL,10
2183.0,FINAL_MODEL,10
2183.5,FINAL_MODEL,10
2184.0,FINAL_MODEL,10
2184.5,FINAL_MODEL,10
2185.0,FINAL_MODEL,10
2185.5,FINAL_MODEL,10
2186.0,FINAL_MODEL,10
2186.5,FINAL_MODEL,10
2187.0,FINAL_MODEL,10
2187.5,FINAL_MODEL,10
2188.0,FINAL_MODEL,10
2188.5,FINAL_MODEL,10
2189.0,FINAL_MODEL,10
2189.5,FINAL_MODEL,10
2190.0,FINAL_MODEL,18
2190.5,FINAL_MODEL,18
2191.0,FINAL_MODEL,18
2191.5,FINAL_MODEL,18
2192.0,FINAL_MODEL,18
2192.5,FINAL_MODEL,18
2193.0,FINAL_MODEL,18
2193.5,FINAL_MODEL,18
2194.0,FINAL_MODEL,18
2194.5,FINAL_MODEL,18
2195.0,FINAL_MODEL,18
2195.5,FINAL_MODEL,18
2196.0,FINAL_MODEL,18
2196.5,FINAL_MODEL,18
2197.0,FINAL_MODEL,18
2197.5,FINAL_MODEL,18
2198.0,FINAL_MODEL,18
2198.5,FINAL_MODEL,18
2199.0,FINAL_MODEL,18
2199.5,FINAL_MODEL,18
2200.0,FINAL_MODEL,18
2200.5,FINAL_MODEL,18
2201.0,FINAL_MODEL,18
2201.5,FINAL_MODEL,18
2202.0,FINAL_MODEL,18
2202.5,FINAL_MODEL,18
2203.0,FINAL_MODEL,18
2203.5,FINAL_MODEL,18
2204.0,FINAL_MODEL,18
2204.5,FINAL_MODEL,18
2205.0,FINAL_MODEL,18
2205.5,FINAL_MODEL,18
2206.0,FINAL_MODEL,18
2206.5,FINAL_MODEL,18
2207.0,FINAL_MODEL,18
2207.5,FINAL_MODEL,18
2208.0,FINAL_MODEL,18
2208.5,FINAL_MODEL,18
2209.0,FINAL_MODEL,18
2209.5,FINAL_MODEL,18
2210.0,FINAL_MODEL,18
2210.5,FINAL_MODEL,18
2211.0,FINAL_MODEL,18
2211.5,FINAL_MODEL,18
2212.0,FINAL_MODEL,18
2212.5,FINAL_MODEL,18
2213.0,FINAL_MODEL,18
2213.5,FINAL_MODEL,18
2214.0,FINAL_MODEL,18
2214.5,FINAL_MODEL,18
2215.0,FINAL_MODEL,18
2215.5,FINAL_MODEL,18
2216.0,FINAL_MODEL,18
2216.5,FINAL_MODEL,18
2217.0,FINAL_MODEL,18
2217.5,FINAL_MODEL,18
2218.0,FINAL_MODEL,18
2218.5,FINAL_MODEL,18
2219.0,FINAL_MODEL,18
2219.5,FINAL_MODEL,18
2220.0,FINAL_MODEL,18
2220.5,FINAL_MODEL,18
2221.0,FINAL_MODEL,18
2221.5,FINAL_MODEL,18
2222.0,FINAL_MODEL,18
2222.5,FINAL_MODEL,18
2223.0,FINAL_MODEL,18
2223.5,FINAL_MODEL,18
2224.0,FINAL_MODEL,18
2224.5,FINAL_MODEL,18
2225.0,FINAL_MODEL,11
2225.5,FINAL_MODEL,11
2226.0,FINAL_MODEL,11
2226.5,FINAL_MODEL,11
2227.0,FINAL_MODEL,11
2227.5,FINAL_MODEL,11
2228.0,FINAL_MODEL,11
2228.5,FINAL_MODEL,11
2229.0,FINAL_MODEL,11
2229.5,FINAL_MODEL,11
2230.0,FINAL_MODEL,11
2230.5,FINAL_MODEL,11
2231.0,FINAL_MODEL,11
2231.5,FINAL_MODEL,11
2232.0,FINAL_MODEL,11
2232.5,FINAL_MODEL,11
2233.0,FINAL_MODEL,11
2233.5,FINAL_MODEL,11
2234.0,FINAL_MODEL,11
2234.5,FINAL_MODEL,11
2235.0,FINAL_MODEL,11
2235.5,FINAL_MODEL,11
2236.0,FINAL_MODEL,11
2236.5,FINAL_MODEL,11
2237.0,FINAL_MODEL,11
2237.5,FINAL_MODEL,11
2238.0,FINAL_MODEL,11
2238.5,FINAL_MODEL,11
2239.0,FINAL_MODEL,11
2239.5,FINAL_MODEL,11
2240.0,FINAL_MODEL,11
2240.5,FINAL_MODEL,11
2241.0,FINAL_MODEL,11
2241.5,FINAL_MODEL,11
2242.0,FINAL_MODEL,11
2242.5,FINAL_MODEL,11
2243.0,FINAL_MODEL,11
2243.5,FINAL_MODEL,11
2244.0,FINAL_MODEL,11
2244.5,FINAL_MODEL,11
2245.0,FINAL_MODEL,11
2245.5,FINAL_MODEL,11
2246.0,FINAL_MODEL,11
2246.5,FINAL_MODEL,11
2247.0,FINAL_MODEL,11
2247.5,FINAL_MODEL,11
2248.0,FINAL_MODEL,11
2248.5,FINAL_MODEL,11
2249.0,FINAL_MODEL,11
2249.5,FINAL_MODEL,11
2250.0,FINAL_MODEL,11
2250.5,FINAL_MODEL,11
2251.0,FINAL_MODEL,11
2251.5,FINAL_MODEL,11
2252.0,FINAL_MODEL,11
2252.5,FINAL_MODEL,11
2253.0,FINAL_MODEL,11
2253.5,FINAL_MODEL,11
2254.0,FINAL_MODEL,11
2254.5,FINAL_MODEL,11
2255.0,FINAL_MODEL,11
2255.5,FINAL_MODEL,11
2256.0,FINAL_MODEL,11
2256.5,FINAL_MODEL,11
2257.0,FINAL_MODEL,11
2257.5,FINAL_MODEL,11
2258.0,FINAL_MODEL,11
2258.5,FINAL_MODEL,11
2259.0,FINAL_MODEL,11
2259.5,FINAL_MODEL,11
2260.0,FINAL_MODEL,11
2260.5,FINAL_MODEL,11
2261.0,FINAL_MODEL,11
2261.5,FINAL_MODEL,11
2262.0,FINAL_MODEL,11
2262.5,FINAL_MODEL,11
2263.0,FINAL_MODEL,11
2263.5,FINAL_MODEL,11
2264.0,FINAL_MODEL,11
2264.5,FINAL_MODEL,11
2265.0,FINAL_MODEL,11
2265.5,FINAL_MODEL,11
2266.0,FINAL_MODEL,11
2266.5,FINAL_MODEL,11
2267.0,FINAL_MODEL,11
2267.5,FINAL_MODEL,11
2268.0,FINAL_MODEL,11
2268.5,FINAL_MODEL,11
2269.0,FINAL_MODEL,11
2269.5,FINAL_MODEL,11
2270.0,FINAL_MODEL,11
2270.5,FINAL_MODEL,11
2271.0,FINAL_MODEL,11
2271.5,FINAL_MODEL,11
2272.0,FINAL_MODEL,11
2272.5,FINAL_MODEL,11
2273.0,FINAL_MODEL,11
2273.5,FINAL_MODEL,11
2274.0,FINAL_MODEL,11
2274.5,FINAL_MODEL,11
2275.0,FINAL_MODEL,11
2275.5,FINAL_MODEL,18
2276.0,FINAL_MODEL,18
2276.5,FINAL_MODEL,18
2277.0,FINAL_MODEL,18
2277.5,FINAL_MODEL,18
2278.0,FINAL_MODEL,18
2278.5,FINAL_MODEL,18
2279.0,FINAL_MODEL,18
2279.5,FINAL_MODEL,18
2280.0,FINAL_MODEL,18
2280.5,FINAL_MODEL,18
2281.0,FINAL_MODEL,18
2281.5,FINAL_MODEL,18
2282.0,FINAL_MODEL,18
2282.5,FINAL_MODEL,18
2283.0,FINAL_MODEL,18
2283.5,FINAL_MODEL,18
2284.0,FINAL_MODEL,18
2284.5,FINAL_MODEL,18
2285.0,FINAL_MODEL,18
2285.5,FINAL_MODEL,18
2286.0,FINAL_MODEL,18
2286.5,FINAL_MODEL,18
2287.0,FINAL_MODEL,18
2287.5,FINAL_MODEL,18
2288.0,FINAL_MODEL,18
2288.5,FINAL_MODEL,18
2289.0,FINAL_MODEL,18
2289.5,FINAL_MODEL,18
2290.0,FINAL_MODEL,18
2290.5,FINAL_MODEL,18
2291.0,FINAL_MODEL,18
2291.5,FINAL_MODEL,18
2292.0,FINAL_MODEL,18
2292.5,FINAL_MODEL,18
2293.0,FINAL_MODEL,18
2293.5,FINAL_MODEL,18
2294.0,FINAL_MODEL,18
2294.5,FINAL_MODEL,18
2295.0,FINAL_MODEL,18
2295.5,FINAL_MODEL,18
2296.0,FINAL_MODEL,18
2296.5,FINAL_MODEL,18
2297.0,FINAL_MODEL,18
2297.5,FINAL_MODEL,18
2298.0,FINAL_MODEL,18
2298.5,FINAL_MODEL,18
2299.0,FINAL_MODEL,18
2299.5,FINAL_MODEL,18
2300.0,FINAL_MODEL,18
2300.5,FINAL_MODEL,18
2301.0,FINAL_MODEL,18
2301.5,FINAL_MODEL,18
2302.0,FINAL_MODEL,18
2302.5,FINAL_MODEL,18
2303.0,FINAL_MODEL,18
2303.5,FINAL_MODEL,18
2304.0,FINAL_MODEL,18
2304.5,FINAL_MODEL,18
2305.0,FINAL_MODEL,18
2305.5,FINAL_MODEL,18
2306.0,FINAL_MODEL,18
2306.5,FINAL_MODEL,18
2307.0,FINAL_MODEL,18
2307.5,FINAL_MODEL,18
2308.0,FINAL_MODEL,18
2308.5,FINAL_MODEL,18
2309.0,FINAL_MODEL,18
2309.5,FINAL_MODEL,18
2310.0,FINAL_MODEL,18
2310.5,FINAL_MODEL,18
2311.0,FINAL_MODEL,18
2311.5,FINAL_MODEL,18
2312.0,FINAL_MODEL,18
2312.5,FINAL_MODEL,18
2313.0,FINAL_MODEL,18
2313.5,FINAL_MODEL,18
2314.0,FINAL_MODEL,18
2314.5,FINAL_MODEL,18
2315.0,FINAL_MODEL,11
2315.5,FINAL_MODEL,11
2316.0,FINAL_MODEL,11
2316.5,FINAL_MODEL,10
2317.0,FINAL_MODEL,10
2317.5,FINAL_MODEL,10
2318.0,FINAL_MODEL,10
2318.5,FINAL_MODEL,10
2319.0,FINAL_MODEL,10
2319.5,FINAL_MODEL,10
2320.0,FINAL_MODEL,11
2320.5,FINAL_MODEL,11
2321.0,FINAL_MODEL,11
2321.5,FINAL_MODEL,11
2322.0,FINAL_MODEL,11
2322.5,FINAL_MODEL,11
2323.0,FINAL_MODEL,11
2323.5,FINAL_MODEL,11
2324.0,FINAL_MODEL,11
2324.5,FINAL_MODEL,11
2325.0,FINAL_MODEL,11
2325.5,FINAL_MODEL,11
2326.0,FINAL_MODEL,11
2326.5,FINAL_MODEL,11
2327.0,FINAL_MODEL,11
2327.5,FINAL_MODEL,11
2328.0,FINAL_MODEL,11
2328.5,FINAL_MODEL,11
2329.0,FINAL_MODEL,11
2329.5,FINAL_MODEL,11
2330.0,FINAL_MODEL,11
2330.5,FINAL_MODEL,11
2331.0,FINAL_MODEL,11
2331.5,FINAL_MODEL,11
2332.0,FINAL_MODEL,11
2332.5,FINAL_MODEL,11
2333.0,FINAL_MODEL,11
2333.5,FINAL_MODEL,11
2334.0,FINAL_MODEL,11
2334.5,FINAL_MODEL,11
2335.0,FINAL_MODEL,11
2335.5,FINAL_MODEL,11
2336.0,FINAL_MODEL,11
2336.5,FINAL_MODEL,11
2337.0,FINAL_MODEL,11
2337.5,FINAL_MODEL,11
2338.0,FINAL_MODEL,11
2338.5,FINAL_MODEL,11
2339.0,FINAL_MODEL,11
2339.5,FINAL_MODEL,11
2340.0,FINAL_MODEL,11
2340.5,FINAL_MODEL,11
2341.0,FINAL_MODEL,11
2341.5,FINAL_MODEL,11
2342.0,FINAL_MODEL,11
2342.5,FINAL_MODEL,11
2343.0,FINAL_MODEL,11
2343.5,FINAL_MODEL,11
2344.0,FINAL_MODEL,11
2344.5,FINAL_MODEL,11
2345.0,FINAL_MODEL,11
2345.5,FINAL_MODEL,11
2346.0,FINAL_MODEL,11
2346.5,FINAL_MODEL,11
2347.0,FINAL_MODEL,11
2347.5,FINAL_MODEL,11
2348.0,FINAL_MODEL,11
2348.5,FINAL_MODEL,11
2349.0,FINAL_MODEL,11
2349.5,FINAL_MODEL,11
2350.0,FINAL_MODEL,11
2350.5,FINAL_MODEL,11
2351.0,FINAL_MODEL,11
2351.5,FINAL_MODEL,11
2352.0,FINAL_MODEL,11
2352.5,FINAL_MODEL,11
2353.0,FINAL_MODEL,11
2353.5,FINAL_MODEL,11
2354.0,FINAL_MODEL,11
2354.5,FINAL_MODEL,11
2355.0,FINAL_MODEL,11
2355.5,FINAL_MODEL,11
2356.0,FINAL_MODEL,11
2356.5,FINAL_MODEL,11
2357.0,FINAL_MODEL,11
2357.5,FINAL_MODEL,11
2358.0,FINAL_MODEL,11
2358.5,FINAL_MODEL,11
2359.0,FINAL_MODEL,11
2359.5,FINAL_MODEL,11
2360.0,FINAL_MODEL,11
2360.5,FINAL_MODEL,11
2361.0,FINAL_MODEL,11
2361.5,FINAL_MODEL,11
2362.0,FINAL_MODEL,11
2362.5,FINAL_MODEL,11
2363.0,FINAL_MODEL,11
2363.5,FINAL_MODEL,11
2364.0,FINAL_MODEL,11
2364.5,FINAL_MODEL,11
2365.0,FINAL_MODEL,11
2365.5,FINAL_MODEL,11
2366.0,FINAL_MODEL,11
2366.5,FINAL_MODEL,11
2367.0,FINAL_MODEL,11
2367.5,FINAL_MODEL,11
2368.0,FINAL_MODEL,11
2368.5,FINAL_MODEL,11
2369.0,FINAL_MODEL,11
2369.5,FINAL_MODEL,18
2370.0,FINAL_MODEL,18
2370.5,FINAL_MODEL,18
2371.0,FINAL_MODEL,18
2371.5,FINAL_MODEL,18
2372.0,FINAL_MODEL,18
2372.5,FINAL_MODEL,18
2373.0,FINAL_MODEL,18
2373.5,FINAL_MODEL,18
2374.0,FINAL_MODEL,18
2374.5,FINAL_MODEL,18
2375.0,FINAL_MODEL,18
2375.5,FINAL_MODEL,18
2376.0,FINAL_MODEL,18
2376.5,FINAL_MODEL,18
2377.0,FINAL_MODEL,18
2377.5,FINAL_MODEL,18
2378.0,FINAL_MODEL,18
2378.5,FINAL_MODEL,18
2379.0,FINAL_MODEL,18
2379.5,FINAL_MODEL,18
2380.0,FINAL_MODEL,18
2380.5,FINAL_MODEL,18
2381.0,FINAL_MODEL,18
2381.5,FINAL_MODEL,18
2382.0,FINAL_MODEL,18
2382.5,FINAL_MODEL,18
2383.0,FINAL_MODEL,18
2383.5,FINAL_MODEL,18
2384.0,FINAL_MODEL,18
2384.5,FINAL_MODEL,18
2385.0,FINAL_MODEL,18
2385.5,FINAL_MODEL,18
2386.0,FINAL_MODEL,18
2386.5,FINAL_MODEL,18
2387.0,FINAL_MODEL,18
2387.5,FINAL_MODEL,18
2388.0,FINAL_MODEL,18
2388.5,FINAL_MODEL,18
2389.0,FINAL_MODEL,18
2389.5,FINAL_MODEL,18
2390.0,FINAL_MODEL,18
2390.5,FINAL_MODEL,18
2391.0,FINAL_MODEL,18
2391.5,FINAL_MODEL,18
2392.0,FINAL_MODEL,18
2392.5,FINAL_MODEL,18
2393.0,FINAL_MODEL,18
2393.5,FINAL_MODEL,18
2394.0,FINAL_MODEL,18
2394.5,FINAL_MODEL,18
2395.0,FINAL_MODEL,18
2395.5,FINAL_MODEL,18
2396.0,FINAL_MODEL,18
2396.5,FINAL_MODEL,18
2397.0,FINAL_MODEL,18
2397.5,FINAL_MODEL,18
2398.0,FINAL_MODEL,18
2398.5,FINAL_MODEL,18
2399.0,FINAL_MODEL,18
2399.5,FINAL_MODEL,18
2400.0,FINAL_MODEL,18
2400.5,FINAL_MODEL,18
2401.0,FINAL_MODEL,18
2401.5,FINAL_MODEL,18
2402.0,FINAL_MODEL,18
2402.5,FINAL_MODEL,18
2403.0,FINAL_MODEL,18
2403.5,FINAL_MODEL,18
2404.0,FINAL_MODEL,18
2404.5,FINAL_MODEL,18
2405.0,FINAL_MODEL,18
2405.5,FINAL_MODEL,18
2406.0,FINAL_MODEL,2
2406.5,FINAL_MODEL,2
2407.0,FINAL_MODEL,2
2407.5,FINAL_MODEL,2
2408.0,FINAL_MODEL,2
2408.5,FINAL_MODEL,2
2409.0,FINAL_MODEL,2
2409.5,FINAL_MODEL,2
2410.0,FINAL_MODEL,2
2410.5,FINAL_MODEL,2
2411.0,FINAL_MODEL,2
2411.5,FINAL_MODEL,2
2412.0,FINAL_MODEL,2
2412.5,FINAL_MODEL,2
2413.0,FINAL_MODEL,2
2413.5,FINAL_MODEL,2
2414.0,FINAL_MODEL,2
2414.5,FINAL_MODEL,2
2415.0,FINAL_MODEL,2
2415.5,FINAL_MODEL,2
2416.0,FINAL_MODEL,2
2416.5,FINAL_MODEL,2
2417.0,FINAL_MODEL,2
2417.5,FINAL_MODEL,2
2418.0,FINAL_MODEL,2
2418.5,FINAL_MODEL,2
2419.0,FINAL_MODEL,2
2419.5,FINAL_MODEL,2
2420.0,FINAL_MODEL,2
2420.5,FINAL_MODEL,2
2421.0,FINAL_MODEL,2
2421.5,FINAL_MODEL,2
2422.0,FINAL_MODEL,2
2422.5,FINAL_MODEL,2
2423.0,FINAL_MODEL,2
2423.5,FINAL_MODEL,2
2424.0,FINAL_MODEL,2
2424.5,FINAL_MODEL,2
2425.0,FINAL_MODEL,2
2425.5,FINAL_MODEL,2
2426.0,FINAL_MODEL,2
2426.5,FINAL_MODEL,2
2427.0,FINAL_MODEL,2
2427.5,FINAL_MODEL,2
2428.0,FINAL_MODEL,2
2428.5,FINAL_MODEL,2
2429.0,FINAL_MODEL,2
2429.5,FINAL_MODEL,2
2430.0,FINAL_MODEL,2
2430.5,FINAL_MODEL,2
2431.0,FINAL_MODEL,2
2431.5,FINAL_MODEL,2
2432.0,FINAL_MODEL,2
2432.5,FINAL_MODEL,2
2433.0,FINAL_MODEL,2
2433.5,FINAL_MODEL,2
2434.0,FINAL_MODEL,2
2434.5,FINAL_MODEL,18
2435.0,FINAL_MODEL,18
2435.5,FINAL_MODEL,18
2436.0,FINAL_MODEL,18
2436.5,FINAL_MODEL,18
2437.0,FINAL_MODEL,18
2437.5,FINAL_MODEL,18
2438.0,FINAL_MODEL,18
2438.5,FINAL_MODEL,18
2439.0,FINAL_MODEL,18
2439.5,FINAL_MODEL,18
2440.0,FINAL_MODEL,18
2440.5,FINAL_MODEL,18
2441.0,FINAL_MODEL,18
2441.5,FINAL_MODEL,18
2442.0,FINAL_MODEL,18
2442.5,FINAL_MODEL,18
2443.0,FINAL_MODEL,18
2443.5,FINAL_MODEL,18
2444.0,FINAL_MODEL,18
2444.5,FINAL_MODEL,18
2445.0,FINAL_MODEL,18
2445.5,FINAL_MODEL,18
2446.0,FINAL_MODEL,18
2446.5,FINAL_MODEL,18
2447.0,FINAL_MODEL,18
2447.5,FINAL_MODEL,18
2448.0,FINAL_MODEL,18
2448.5,FINAL_MODEL,18
2449.0,FINAL_MODEL,18
2449.5,FINAL_MODEL,18
2450.0,FINAL_MODEL,2
2450.5,FINAL_MODEL,2
2451.0,FINAL_MODEL,2
2451.5,FINAL_MODEL,2
2452.0,FINAL_MODEL,2
2452.5,FINAL_MODEL,2
2453.0,FINAL_MODEL,2
2453.5,FINAL_MODEL,2
2454.0,FINAL_MODEL,2
2454.5,FINAL_MODEL,2
2455.0,FINAL_MODEL,2
2455.5,FINAL_MODEL,2
2456.0,FINAL_MODEL,2
2456.5,FINAL_MODEL,2
2457.0,FINAL_MODEL,2
2457.5,FINAL_MODEL,2
2458.0,FINAL_MODEL,2
2458.5,FINAL_MODEL,2
2459.0,FINAL_MODEL,2
2459.5,FINAL_MODEL,2
2460.0,FINAL_MODEL,2
2460.5,FINAL_MODEL,2
2461.0,FINAL_MODEL,2
2461.5,FINAL_MODEL,2
2462.0,FINAL_MODEL,2
2462.5,FINAL_MODEL,2
2463.0,FINAL_MODEL,2
2463.5,FINAL_MODEL,2
2464.0,FINAL_MODEL,2
2464.5,FINAL_MODEL,2
2465.0,FINAL_MODEL,2
2465.5,FINAL_MODEL,2
2466.0,FINAL_MODEL,2
2466.5,FINAL_MODEL,2
2467.0,FINAL_MODEL,2
2467.5,FINAL_MODEL,2
2468.0,FINAL_MODEL,2
2468.5,FINAL_MODEL,2
2469.0,FINAL_MODEL,2
2469.5,FINAL_MODEL,2
2470.0,FINAL_MODEL,2
2470.5,FINAL_MODEL,2
2471.0,FINAL_MODEL,2
2471.5,FINAL_MODEL,2
2472.0,FINAL_MODEL,2
2472.5,FINAL_MODEL,2
2473.0,FINAL_MODEL,2
2473.5,FINAL_MODEL,2
2474.0,FINAL_MODEL,2
2474.5,FINAL_MODEL,2
2475.0,FINAL_MODEL,2
2475.5,FINAL_MODEL,2
2476.0,FINAL_MODEL,2
2476.5,FINAL_MODEL,2
2477.0,FINAL_MODEL,2
2477.5,FINAL_MODEL,2
2478.0,FINAL_MODEL,2
2478.5,FINAL_MODEL,2
2479.0,FINAL_MODEL,2
2479.5,FINAL_MODEL,2
2480.0,FINAL_MODEL,2
2480.5,FINAL_MODEL,18
2481.0,FINAL_MODEL,18
2481.5,FINAL_MODEL,18
2482.0,FINAL_MODEL,18
2482.5,FINAL_MODEL,18
2483.0,FINAL_MODEL,18
2483.5,FINAL_MODEL,18
2484.0,FINAL_MODEL,18
2484.5,FINAL_MODEL,18
2485.0,FINAL_MODEL,18
2485.5,FINAL_MODEL,18
2486.0,FINAL_MODEL,18
2486.5,FINAL_MODEL,18
2487.0,FINAL_MODEL,18
2487.5,FINAL_MODEL,18
2488.0,FINAL_MODEL,18
2488.5,FINAL_MODEL,18
2489.0,FINAL_MODEL,18
2489.5,FINAL_MODEL,18
2490.0,FINAL_MODEL,18
2490.5,FINAL_MODEL,18
2491.0,FINAL_MODEL,18
2491.5,FINAL_MODEL,18
2492.0,FINAL_MODEL,18
2492.5,FINAL_MODEL,18
2493.0,FINAL_MODEL,18
2493.5,FINAL_MODEL,18
2494.0,FINAL_MODEL,18
2494.5,FINAL_MODEL,18
2495.0,FINAL_MODEL,18
2495.5,FINAL_MODEL,18
2496.0,FINAL_MODEL,2
2496.5,FINAL_MODEL,2
2497.0,FINAL_MODEL,2
2497.5,FINAL_MODEL,2
2498.0,FINAL_MODEL,2
2498.5,FINAL_MODEL,2
2499.0,FINAL_MODEL,2
2499.5,FINAL_MODEL,2
2500.0,FINAL_MODEL,2
2500.5,FINAL_MODEL,2
2501.0,FINAL_MODEL,2
2501.5,FINAL_MODEL,2
2502.0,FINAL_MODEL,2
2502.5,FINAL_MODEL,2
2503.0,FINAL_MODEL,2
2503.5,FINAL_MODEL,2
2504.0,FINAL_MODEL,2
2504.5,FINAL_MODEL,2
2505.0,FINAL_MODEL,2
2505.5,FINAL_MODEL,2
2506.0,FINAL_MODEL,2
2506.5,FINAL_MODEL,2
2507.0,FINAL_MODEL,2
2507.5,FINAL_MODEL,2
2508.0,FINAL_MODEL,2
2508.5,FINAL_MODEL,2
2509.0,FINAL_MODEL,2
2509.5,FINAL_MODEL,2
2510.0,FINAL_MODEL,2
2510.5,FINAL_MODEL,2
2511.0,FINAL_MODEL,2
2511.5,FINAL_MODEL,2
2512.0,FINAL_MODEL,2
2512.5,FINAL_MODEL,2
2513.0,FINAL_MODEL,2
2513.5,FINAL_MODEL,2
2514.0,FINAL_MODEL,2
2514.5,FINAL_MODEL,2
2515.0,FINAL_MODEL,2
2515.5,FINAL_MODEL,2
2516.0,FINAL_MODEL,2
2516.5,FINAL_MODEL,2
2517.0,FINAL_MODEL,2
2517.5,FINAL_MODEL,2
2518.0,FINAL_MODEL,2
2518.5,FINAL_MODEL,2
2519.0,FINAL_MODEL,2
2519.5,FINAL_MODEL,2
2520.0,FINAL_MODEL,2
2520.5,FINAL_MODEL,2
2521.0,FINAL_MODEL,2
2521.5,FINAL_MODEL,2
2522.0,FINAL_MODEL,2
2522.5,FINAL_MODEL,2
2523.0,FINAL_MODEL,2
2523.5,FINAL_MODEL,2
2524.0,FINAL_MODEL,2
2524.5,FINAL_MODEL,2
2525.0,FINAL_MODEL,2
2525.5,FINAL_MODEL,2
2526.0,FINAL_MODEL,2
2526.5,FINAL_MODEL,2
2527.0,FINAL_MODEL,2
2527.5,FINAL_MODEL,2
2528.0,FINAL_MODEL,2
2528.5,FINAL_MODEL,2
2529.0,FINAL_MODEL,2
2529.5,FINAL_MODEL,2
2530.0,FINAL_MODEL,2
2530.5,FINAL_MODEL,2
2531.0,FINAL_MODEL,2
2531.5,FINAL_MODEL,2
2532.0,FINAL_MODEL,2
2532.5,FINAL_MODEL,2
2533.0,FINAL_MODEL,2
2533.5,FINAL_MODEL,2
2534.0,FINAL_MODEL,2
2534.5,FINAL_MODEL,2
2535.0,FINAL_MODEL,2
2535.5,FINAL_MODEL,2
2536.0,FINAL_MODEL,2
2536.5,FINAL_MODEL,18
2537.0,FINAL_MODEL,18
2537.5,FINAL_MODEL,18
2538.0,FINAL_MODEL,18
2538.5,FINAL_MODEL,18
2539.0,FINAL_MODEL,18
2539.5,FINAL_MODEL,18
2540.0,FINAL_MODEL,18
2540.5,FINAL_MODEL,18
2541.0,FINAL_MODEL,18
2541.5,FINAL_MODEL,18
2542.0,FINAL_MODEL,18
2542.5,FINAL_MODEL,18
2543.0,FINAL_MODEL,18
2543.5,FINAL_MODEL,18
2544.0,FINAL_MODEL,18
2544.5,FINAL_MODEL,18
2545.0,FINAL_MODEL,18
2545.5,FINAL_MODEL,18
2546.0,FINAL_MODEL,18
2546.5,FINAL_MODEL,18
2547.0,FINAL_MODEL,18
2547.5,FINAL_MODEL,18
2548.0,FINAL_MODEL,18
2548.5,FINAL_MODEL,18
2549.0,FINAL_MODEL,18
2549.5,FINAL_MODEL,18
2550.0,FINAL_MODEL,18
2550.5,FINAL_MODEL,18
2551.0,FINAL_MODEL,18
2551.5,FINAL_MODEL,18
2552.0,FINAL_MODEL,18
2552.5,FINAL_MODEL,18
2553.0,FINAL_MODEL,18
2553.5,FINAL_MODEL,18
2554.0,FINAL_MODEL,18
2554.5,FINAL_MODEL,18
2555.0,FINAL_MODEL,18
2555.5,FINAL_MODEL,18
2556.0,FINAL_MODEL,18
2556.5,FINAL_MODEL,18
2557.0,FINAL_MODEL,18
2557.5,FINAL_MODEL,18
2558.0,FINAL_MODEL,18
2558.5,FINAL_MODEL,18
2559.0,FINAL_MODEL,18
2559.5,FINAL_MODEL,18
2560.0,FINAL_MODEL,18
2560.5,FINAL_MODEL,18
2561.0,FINAL_MODEL,18
2561.5,FINAL_MODEL,18
2562.0,FINAL_MODEL,18
2562.5,FINAL_MODEL,18
2563.0,FINAL_MODEL,18
2563.5,FINAL_MODEL,18
2564.0,FINAL_MODEL,18
2564.5,FINAL_MODEL,18
2565.0,FINAL_MODEL,18
2565.5,FINAL_MODEL,18
2566.0,FINAL_MODEL,18
2566.5,FINAL_MODEL,18
2567.0,FINAL_MODEL,18
2567.5,FINAL_MODEL,18
2568.0,FINAL_MODEL,18
2568.5,FINAL_MODEL,18
2569.0,FINAL_MODEL,18
2569.5,FINAL_MODEL,18
2570.0,FINAL_MODEL,18
2570.5,FINAL_MODEL,18
2571.0,FINAL_MODEL,18
2571.5,FINAL_MODEL,18
2572.0,FINAL_MODEL,18
2572.5,FINAL_MODEL,18
2573.0,FINAL_MODEL,18
2573.5,FINAL_MODEL,18
2574.0,FINAL_MODEL,18
2574.5,FINAL_MODEL,18
2575.0,FINAL_MODEL,18
2575.5,FINAL_MODEL,18
2576.0,FINAL_MODEL,18
2576.5,FINAL_MODEL,18
2577.0,FINAL_MODEL,18
2577.5,FINAL_MODEL,18
2578.0,FINAL_MODEL,18
2578.5,FINAL_MODEL,18
2579.0,FINAL_MODEL,18
2579.5,FINAL_MODEL,18
2580.0,FINAL_MODEL,18
2580.5,FINAL_MODEL,18
2581.0,FINAL_MODEL,18
2581.5,FINAL_MODEL,18
2582.0,FINAL_MODEL,18
2582.5,FINAL_MODEL,18
2583.0,FINAL_MODEL,18
2583.5,FINAL_MODEL,18
2584.0,FINAL_MODEL,18
2584.5,FINAL_MODEL,18
2585.0,FINAL_MODEL,18
2585.5,FINAL_MODEL,18
2586.0,FINAL_MODEL,18
2586.5,FINAL_MODEL,18
2587.0,FINAL_MODEL,18
2587.5,FINAL_MODEL,18
2588.0,FINAL_MODEL,18
2588.5,FINAL_MODEL,18
2589.0,FINAL_MODEL,18
2589.5,FINAL_MODEL,18
2590.0,FINAL_MODEL,18
2590.5,FINAL_MODEL,18
2591.0,FINAL_MODEL,18
2591.5,FINAL_MODEL,18
2592.0,FINAL_MODEL,18
2592.5,FINAL_MODEL,18
2593.0,FINAL_MODEL,18
2593.5,FINAL_MODEL,18
2594.0,FINAL_MODEL,18
2594.5,FINAL_MODEL,18
2595.0,FINAL_MODEL,18
2595.5,FINAL_MODEL,18
2596.0,FINAL_MODEL,18
2596.5,FINAL_MODEL,18
2597.0,FINAL_MODEL,18
2597.5,FINAL_MODEL,18
2598.0,FINAL_MODEL,18
2598.5,FINAL_MODEL,18
2599.0,FINAL_MODEL,18
2599.5,FINAL_MODEL,18
2600.0,FINAL_MODEL,18
2600.5,FINAL_MODEL,18
2601.0,FINAL_MODEL,18
2601.5,FINAL_MODEL,18
2602.0,FINAL_MODEL,18
2602.5,FINAL_MODEL,18
2603.0,FINAL_MODEL,18
2603.5,FINAL_MODEL,18
2604.0,FINAL_MODEL,18
2604.5,FINAL_MODEL,18
2605.0,FINAL_MODEL,18
2605.5,FINAL_MODEL,18
2606.0,FINAL_MODEL,13
2606.5,FINAL_MODEL,13
2607.0,FINAL_MODEL,13
2607.5,FINAL_MODEL,13
2608.0,FINAL_MODEL,13
2608.5,FINAL_MODEL,13
2609.0,FINAL_MODEL,13
2609.5,FINAL_MODEL,13
2610.0,FINAL_MODEL,13
2610.5,FINAL_MODEL,13
2611.0,FINAL_MODEL,13
2611.5,FINAL_MODEL,13
2612.0,FINAL_MODEL,13
2612.5,FINAL_MODEL,13
2613.0,FINAL_MODEL,13
2613.5,FINAL_MODEL,13
2614.0,FINAL_MODEL,13
2614.5,FINAL_MODEL,13
2615.0,FINAL_MODEL,13
2615.5,FINAL_MODEL,13
2616.0,FINAL_MODEL,13
2616.5,FINAL_MODEL,13
2617.0,FINAL_MODEL,13
2617.5,FINAL_MODEL,13
2618.0,FINAL_MODEL,13
2618.5,FINAL_MODEL,13
2619.0,FINAL_MODEL,13
2619.5,FINAL_MODEL,13
2620.0,FINAL_MODEL,13
2620.5,FINAL_MODEL,13
2621.0,FINAL_MODEL,13
2621.5,FINAL_MODEL,13
2622.0,FINAL_MODEL,13
2622.5,FINAL_MODEL,13
2623.0,FINAL_MODEL,13
2623.5,FINAL_MODEL,13
2624.0,FINAL_MODEL,13
2624.5,FINAL_MODEL,13
2625.0,FINAL_MODEL,13
2625.5,FINAL_MODEL,13
2626.0,FINAL_MODEL,13
2626.5,FINAL_MODEL,13
2627.0,FINAL_MODEL,13
2627.5,FINAL_MODEL,13
2628.0,FINAL_MODEL,13
2628.5,FINAL_MODEL,13
2629.0,FINAL_MODEL,13
2629.5,FINAL_MODEL,13
2630.0,FINAL_MODEL,13
2630.5,FINAL_MODEL,13
2631.0,FINAL_MODEL,13
2631.5,FINAL_MODEL,13
2632.0,FINAL_MODEL,13
2632.5,FINAL_MODEL,13
2633.0,FINAL_MODEL,13
2633.5,FINAL_MODEL,13
2634.0,FINAL_MODEL,13
2634.5,FINAL_MODEL,13
2635.0,FINAL_MODEL,13
2635.5,FINAL_MODEL,13
2636.0,FINAL_MODEL,13
2636.5,FINAL_MODEL,13
2637.0,FINAL_MODEL,13
2637.5,FINAL_MODEL,13
2638.0,FINAL_MODEL,13
2638.5,FINAL_MODEL,13
2639.0,FINAL_MODEL,13
2639.5,FINAL_MODEL,13
2640.0,FINAL_MODEL,13
2640.5,FINAL_MODEL,13
2641.0,FINAL_MODEL,13
2641.5,FINAL_MODEL,13
2642.0,FINAL_MODEL,13
2642.5,FINAL_MODEL,13
2643.0,FINAL_MODEL,13
2643.5,FINAL_MODEL,13
2644.0,FINAL_MODEL,13
2644.5,FINAL_MODEL,13
2645.0,FINAL_MODEL,13
2645.5,FINAL_MODEL,13
2646.0,FINAL_MODEL,13
2646.5,FINAL_MODEL,13
2647.0,FINAL_MODEL,13
2647.5,FINAL_MODEL,13
2648.0,FINAL_MODEL,13
2648.5,FINAL_MODEL,13
2649.0,FINAL_MODEL,13
2649.5,FINAL_MODEL,13
2650.0,FINAL_MODEL,13
2650.5,FINAL_MODEL,13
2651.0,FINAL_MODEL,13
2651.5,FINAL_MODEL,13
2652.0,FINAL_MODEL,13
2652.5,FINAL_MODEL,13
2653.0,FINAL_MODEL,13
2653.5,FINAL_MODEL,13
2654.0,FINAL_MODEL,13
2654.5,FINAL_MODEL,13
2655.0,FINAL_MODEL,13
2655.5,FINAL_MODEL,13
2656.0,FINAL_MODEL,13
2656.5,FINAL_MODEL,13
2657.0,FINAL_MODEL,13
2657.5,FINAL_MODEL,13
2658.0,FINAL_MODEL,13
2658.5,FINAL_MODEL,13
2659.0,FINAL_MODEL,13
2659.5,FINAL_MODEL,13
2660.0,FINAL_MODEL,13
2660.5,FINAL_MODEL,13
2661.0,FINAL_MODEL,13
2661.5,FINAL_MODEL,13
2662.0,FINAL_MODEL,13
2662.5,FINAL_MODEL,13
2663.0,FINAL_MODEL,13
2663.5,FINAL_MODEL,13
2664.0,FINAL_MODEL,13
2664.5,FINAL_MODEL,13
2665.0,FINAL_MODEL,13
2665.5,FINAL_MODEL,13
2666.0,FINAL_MODEL,13
2666.5,FINAL_MODEL,13
2667.0,FINAL_MODEL,13
2667.5,FINAL_MODEL,13
2668.0,FINAL_MODEL,13
2668.5,FINAL_MODEL,13
2669.0,FINAL_MODEL,13
2669.5,FINAL_MODEL,13
2670.0,FINAL_MODEL,13
2670.5,FINAL_MODEL,13
2671.0,FINAL_MODEL,13
2671.5,FINAL_MODEL,13
2672.0,FINAL_MODEL,13
2672.5,FINAL_MODEL,13
2673.0,FINAL_MODEL,13
2673.5,FINAL_MODEL,13
2674.0,FINAL_MODEL,13
2674.5,FINAL_MODEL,13
2675.0,FINAL_MODEL,13
2675.5,FINAL_MODEL,13
2676.0,FINAL_MODEL,13
2676.5,FINAL_MODEL,13
2677.0,FINAL_MODEL,13
2677.5,FINAL_MODEL,13
2678.0,FINAL_MODEL,13
2678.5,FINAL_MODEL,13
2679.0,FINAL_MODEL,13
2679.5,FINAL_MODEL,13
2680.0,FINAL_MODEL,13
2680.5,FINAL_MODEL,13
2681.0,FINAL_MODEL,13
2681.5,FINAL_MODEL,13
2682.0,FINAL_MODEL,13
2682.5,FINAL_MODEL,13
2683.0,FINAL_MODEL,13
2683.5,FINAL_MODEL,13
2684.0,FINAL_MODEL,13
2684.5,FINAL_MODEL,13
2685.0,FINAL_MODEL,13
2685.5,FINAL_MODEL,13
2686.0,FINAL_MODEL,13
2686.5,FINAL_MODEL,13
2687.0,FINAL_MODEL,13
2687.5,FINAL_MODEL,13
2688.0,FINAL_MODEL,13
2688.5,FINAL_MODEL,13
2689.0,FINAL_MODEL,13
2689.5,FINAL_MODEL,13
2690.0,FINAL_MODEL,13
2690.5,FINAL_MODEL,13
2691.0,FINAL_MODEL,13
2691.5,FINAL_MODEL,13
2692.0,FINAL_MODEL,13
2692.5,FINAL_MODEL,13
2693.0,FINAL_MODEL,13
2693.5,FINAL_MODEL,13
2694.0,FINAL_MODEL,13
2694.5,FINAL_MODEL,13
2695.0,FINAL_MODEL,13
2695.5,FINAL_MODEL,13
2696.0,FINAL_MODEL,13
2696.5,FINAL_MODEL,13
2697.0,FINAL_MODEL,13
2697.5,FINAL_MODEL,13
2698.0,FINAL_MODEL,13
2698.5,FINAL_MODEL,13
2699.0,FINAL_MODEL,13
2699.5,FINAL_MODEL,13
2700.0,FINAL_MODEL,13
2700.5,FINAL_MODEL,13
2701.0,FINAL_MODEL,13
2701.5,FINAL_MODEL,13
2702.0,FINAL_MODEL,13
2702.5,FINAL_MODEL,13
2703.0,FINAL_MODEL,13
2703.5,FINAL_MODEL,13
2704.0,FINAL_MODEL,13
2704.5,FINAL_MODEL,13
2705.0,FINAL_MODEL,13
2705.5,FINAL_MODEL,13
2706.0,FINAL_MODEL,13
2706.5,FINAL_MODEL,13
2707.0,FINAL_MODEL,13
2707.5,FINAL_MODEL,13
2708.0,FINAL_MODEL,13
2708.5,FINAL_MODEL,13
2709.0,FINAL_MODEL,13
2709.5,FINAL_MODEL,13
2710.0,FINAL_MODEL,13
2710.5,FINAL_MODEL,13
2711.0,FINAL_MODEL,13
2711.5,FINAL_MODEL,13
2712.0,FINAL_MODEL,18
2712.5,FINAL_MODEL,18
2713.0,FINAL_MODEL,18
2713.5,FINAL_MODEL,18
2714.0,FINAL_MODEL,18
2714.5,FINAL_MODEL,18
2715.0,FINAL_MODEL,18
2715.5,FINAL_MODEL,18
2716.0,FINAL_MODEL,18
2716.5,FINAL_MODEL,18
2717.0,FINAL_MODEL,18
2717.5,FINAL_MODEL,18
2718.0,FINAL_MODEL,18
2718.5,FINAL_MODEL,18
2719.0,FINAL_MODEL,18
2719.5,FINAL_MODEL,18
2720.0,FINAL_MODEL,18
2720.5,FINAL_MODEL,18
2721.0,FINAL_MODEL,18
2721.5,FINAL_MODEL,18
2722.0,FINAL_MODEL,18
2722.5,FINAL_MODEL,18
2723.0,FINAL_MODEL,18
2723.5,FINAL_MODEL,18
2724.0,FINAL_MODEL,18
2724.5,FINAL_MODEL,18
2725.0,FINAL_MODEL,18
2725.5,FINAL_MODEL,18
2726.0,FINAL_MODEL,18
2726.5,FINAL_MODEL,18
2727.0,FINAL_MODEL,18
2727.5,FINAL_MODEL,18
2728.0,FINAL_MODEL,18
2728.5,FINAL_MODEL,18
2729.0,FINAL_MODEL,18
2729.5,FINAL_MODEL,18
2730.0,FINAL_MODEL,13
2730.5,FINAL_MODEL,13
2731.0,FINAL_MODEL,13
2731.5,FINAL_MODEL,13
2732.0,FINAL_MODEL,13
2732.5,FINAL_MODEL,13
2733.0,FINAL_MODEL,13
2733.5,FINAL_MODEL,13
2734.0,FINAL_MODEL,13
2734.5,FINAL_MODEL,13
2735.0,FINAL_MODEL,13
2735.5,FINAL_MODEL,13
2736.0,FINAL_MODEL,13
2736.5,FINAL_MODEL,13
2737.0,FINAL_MODEL,13
2737.5,FINAL_MODEL,13
2738.0,FINAL_MODEL,13
2738.5,FINAL_MODEL,13
2739.0,FINAL_MODEL,13
2739.5,FINAL_MODEL,13
2740.0,FINAL_MODEL,13
2740.5,FINAL_MODEL,13
2741.0,FINAL_MODEL,13
2741.5,FINAL_MODEL,13
2742.0,FINAL_MODEL,13
2742.5,FINAL_MODEL,13
2743.0,FINAL_MODEL,13
2743.5,FINAL_MODEL,13
2744.0,FINAL_MODEL,13
2744.5,FINAL_MODEL,13
2745.0,FINAL_MODEL,13
2745.5,FINAL_MODEL,13
2746.0,FINAL_MODEL,13
2746.5,FINAL_MODEL,13
2747.0,FINAL_MODEL,13
2747.5,FINAL_MODEL,13
2748.0,FINAL_MODEL,13
2748.5,FINAL_MODEL,13
2749.0,FINAL_MODEL,13
2749.5,FINAL_MODEL,13
2750.0,FINAL_MODEL,13
2750.5,FINAL_MODEL,13
2751.0,FINAL_MODEL,13
2751.5,FINAL_MODEL,13
2752.0,FINAL_MODEL,13
2752.5,FINAL_MODEL,13
2753.0,FINAL_MODEL,13
2753.5,FINAL_MODEL,13
2754.0,FINAL_MODEL,13
2754.5,FINAL_MODEL,13
2755.0,FINAL_MODEL,13
2755.5,FINAL_MODEL,13
2756.0,FINAL_MODEL,13
2756.5,FINAL_MODEL,13
2757.0,FINAL_MODEL,13
2757.5,FINAL_MODEL,13
2758.0,FINAL_MODEL,13
2758.5,FINAL_MODEL,13
2759.0,FINAL_MODEL,13
2759.5,FINAL_MODEL,13
2760.0,FINAL_MODEL,13
2760.5,FINAL_MODEL,13
2761.0,FINAL_MODEL,13
2761.5,FINAL_MODEL,13
2762.0,FINAL_MODEL,13
2762.5,FINAL_MODEL,13
2763.0,FINAL_MODEL,13
2763.5,FINAL_MODEL,13
2764.0,FINAL_MODEL,13
2764.5,FINAL_MODEL,13
2765.0,FINAL_MODEL,13
2765.5,FINAL_MODEL,13
2766.0,FINAL_MODEL,13
2766.5,FINAL_MODEL,13
2767.0,FINAL_MODEL,13
2767.5,FINAL_MODEL,13
2768.0,FINAL_MODEL,13
2768.5,FINAL_MODEL,13
2769.0,FINAL_MODEL,13
2769.5,FINAL_MODEL,13
2770.0,FINAL_MODEL,13
2770.5,FINAL_MODEL,13
2771.0,FINAL_MODEL,13
2771.5,FINAL_MODEL,13
2772.0,FINAL_MODEL,18
2772.5,FINAL_MODEL,18
2773.0,FINAL_MODEL,18
2773.5,FINAL_MODEL,18
2774.0,FINAL_MODEL,18
2774.5,FINAL_MODEL,18
2775.0,FINAL_MODEL,18
2775.5,FINAL_MODEL,18
2776.0,FINAL_MODEL,18
2776.5,FINAL_MODEL,18
2777.0,FINAL_MODEL,18
0.5,SIGNAL_ADAPTIVE_DWA,18
1.0,SIGNAL_ADAPTIVE_DWA,18
1.5,SIGNAL_ADAPTIVE_DWA,18
2.0,SIGNAL_ADAPTIVE_DWA,3
2.5,SIGNAL_ADAPTIVE_DWA,3
3.0,SIGNAL_ADAPTIVE_DWA,3
3.5,SIGNAL_ADAPTIVE_DWA,3
4.0,SIGNAL_ADAPTIVE_DWA,3
4.5,SIGNAL_ADAPTIVE_DWA,3
5.0,SIGNAL_ADAPTIVE_DWA,3
5.5,SIGNAL_ADAPTIVE_DWA,3
6.0,SIGNAL_ADAPTIVE_DWA,3
6.5,SIGNAL_ADAPTIVE_DWA,3
7.0,SIGNAL_ADAPTIVE_DWA,3
7.5,SIGNAL_ADAPTIVE_DWA,3
8.0,SIGNAL_ADAPTIVE_DWA,3
8.5,SIGNAL_ADAPTIVE_DWA,3
9.0,SIGNAL_ADAPTIVE_DWA,3
9.5,SIGNAL_ADAPTIVE_DWA,3
10.0,SIGNAL_ADAPTIVE_DWA,3
10.5,SIGNAL_ADAPTIVE_DWA,3
11.0,SIGNAL_ADAPTIVE_DWA,3
11.5,SIGNAL_ADAPTIVE_DWA,3
12.0,SIGNAL_ADAPTIVE_DWA,3
12.5,SIGNAL_ADAPTIVE_DWA,3
13.0,SIGNAL_ADAPTIVE_DWA,3
13.5,SIGNAL_ADAPTIVE_DWA,3
14.0,SIGNAL_ADAPTIVE_DWA,3
14.5,SIGNAL_ADAPTIVE_DWA,3
15.0,SIGNAL_ADAPTIVE_DWA,3
15.5,SIGNAL_ADAPTIVE_DWA,3
16.0,SIGNAL_ADAPTIVE_DWA,3
16.5,SIGNAL_ADAPTIVE_DWA,3
17.0,SIGNAL_ADAPTIVE_DWA,3
17.5,SIGNAL_ADAPTIVE_DWA,3
18.0,SIGNAL_ADAPTIVE_DWA,3
18.5,SIGNAL_ADAPTIVE_DWA,3
19.0,SIGNAL_ADAPTIVE_DWA,3
19.5,SIGNAL_ADAPTIVE_DWA,3
20.0,SIGNAL_ADAPTIVE_DWA,3
20.5,SIGNAL_ADAPTIVE_DWA,3
21.0,SIGNAL_ADAPTIVE_DWA,3
21.5,SIGNAL_ADAPTIVE_DWA,3
22.0,SIGNAL_ADAPTIVE_DWA,18
22.5,SIGNAL_ADAPTIVE_DWA,18
23.0,SIGNAL_ADAPTIVE_DWA,18
23.5,SIGNAL_ADAPTIVE_DWA,18
24.0,SIGNAL_ADAPTIVE_DWA,18
24.5,SIGNAL_ADAPTIVE_DWA,18
25.0,SIGNAL_ADAPTIVE_DWA,18
25.5,SIGNAL_ADAPTIVE_DWA,18
26.0,SIGNAL_ADAPTIVE_DWA,18
26.5,SIGNAL_ADAPTIVE_DWA,18
27.0,SIGNAL_ADAPTIVE_DWA,18
27.5,SIGNAL_ADAPTIVE_DWA,18
28.0,SIGNAL_ADAPTIVE_DWA,3
28.5,SIGNAL_ADAPTIVE_DWA,3
29.0,SIGNAL_ADAPTIVE_DWA,3
29.5,SIGNAL_ADAPTIVE_DWA,3
30.0,SIGNAL_ADAPTIVE_DWA,3
30.5,SIGNAL_ADAPTIVE_DWA,3
31.0,SIGNAL_ADAPTIVE_DWA,3
31.5,SIGNAL_ADAPTIVE_DWA,3
32.0,SIGNAL_ADAPTIVE_DWA,3
32.5,SIGNAL_ADAPTIVE_DWA,3
33.0,SIGNAL_ADAPTIVE_DWA,3
33.5,SIGNAL_ADAPTIVE_DWA,3
34.0,SIGNAL_ADAPTIVE_DWA,3
34.5,SIGNAL_ADAPTIVE_DWA,3
35.0,SIGNAL_ADAPTIVE_DWA,3
35.5,SIGNAL_ADAPTIVE_DWA,3
36.0,SIGNAL_ADAPTIVE_DWA,3
36.5,SIGNAL_ADAPTIVE_DWA,3
37.0,SIGNAL_ADAPTIVE_DWA,3
37.5,SIGNAL_ADAPTIVE_DWA,3
38.0,SIGNAL_ADAPTIVE_DWA,3
38.5,SIGNAL_ADAPTIVE_DWA,3
39.0,SIGNAL_ADAPTIVE_DWA,3
39.5,SIGNAL_ADAPTIVE_DWA,3
40.0,SIGNAL_ADAPTIVE_DWA,3
40.5,SIGNAL_ADAPTIVE_DWA,3
41.0,SIGNAL_ADAPTIVE_DWA,3
41.5,SIGNAL_ADAPTIVE_DWA,3
42.0,SIGNAL_ADAPTIVE_DWA,3
42.5,SIGNAL_ADAPTIVE_DWA,3
43.0,SIGNAL_ADAPTIVE_DWA,3
43.5,SIGNAL_ADAPTIVE_DWA,3
44.0,SIGNAL_ADAPTIVE_DWA,3
44.5,SIGNAL_ADAPTIVE_DWA,3
45.0,SIGNAL_ADAPTIVE_DWA,3
45.5,SIGNAL_ADAPTIVE_DWA,3
46.0,SIGNAL_ADAPTIVE_DWA,3
46.5,SIGNAL_ADAPTIVE_DWA,3
47.0,SIGNAL_ADAPTIVE_DWA,3
47.5,SIGNAL_ADAPTIVE_DWA,3
48.0,SIGNAL_ADAPTIVE_DWA,3
48.5,SIGNAL_ADAPTIVE_DWA,3
49.0,SIGNAL_ADAPTIVE_DWA,3
49.5,SIGNAL_ADAPTIVE_DWA,3
50.0,SIGNAL_ADAPTIVE_DWA,3
50.5,SIGNAL_ADAPTIVE_DWA,3
51.0,SIGNAL_ADAPTIVE_DWA,3
51.5,SIGNAL_ADAPTIVE_DWA,3
52.0,SIGNAL_ADAPTIVE_DWA,3
52.5,SIGNAL_ADAPTIVE_DWA,3
53.0,SIGNAL_ADAPTIVE_DWA,3
53.5,SIGNAL_ADAPTIVE_DWA,3
54.0,SIGNAL_ADAPTIVE_DWA,3
54.5,SIGNAL_ADAPTIVE_DWA,3
55.0,SIGNAL_ADAPTIVE_DWA,3
55.5,SIGNAL_ADAPTIVE_DWA,3
56.0,SIGNAL_ADAPTIVE_DWA,3
56.5,SIGNAL_ADAPTIVE_DWA,3
57.0,SIGNAL_ADAPTIVE_DWA,3
57.5,SIGNAL_ADAPTIVE_DWA,3
58.0,SIGNAL_ADAPTIVE_DWA,3
58.5,SIGNAL_ADAPTIVE_DWA,3
59.0,SIGNAL_ADAPTIVE_DWA,3
59.5,SIGNAL_ADAPTIVE_DWA,3
60.0,SIGNAL_ADAPTIVE_DWA,3
60.5,SIGNAL_ADAPTIVE_DWA,3
61.0,SIGNAL_ADAPTIVE_DWA,3
61.5,SIGNAL_ADAPTIVE_DWA,3
62.0,SIGNAL_ADAPTIVE_DWA,3
62.5,SIGNAL_ADAPTIVE_DWA,3
63.0,SIGNAL_ADAPTIVE_DWA,3
63.5,SIGNAL_ADAPTIVE_DWA,3
64.0,SIGNAL_ADAPTIVE_DWA,3
64.5,SIGNAL_ADAPTIVE_DWA,3
65.0,SIGNAL_ADAPTIVE_DWA,3
65.5,SIGNAL_ADAPTIVE_DWA,3
66.0,SIGNAL_ADAPTIVE_DWA,3
66.5,SIGNAL_ADAPTIVE_DWA,3
67.0,SIGNAL_ADAPTIVE_DWA,3
67.5,SIGNAL_ADAPTIVE_DWA,3
68.0,SIGNAL_ADAPTIVE_DWA,3
68.5,SIGNAL_ADAPTIVE_DWA,3
69.0,SIGNAL_ADAPTIVE_DWA,3
69.5,SIGNAL_ADAPTIVE_DWA,3
70.0,SIGNAL_ADAPTIVE_DWA,3
70.5,SIGNAL_ADAPTIVE_DWA,3
71.0,SIGNAL_ADAPTIVE_DWA,3
71.5,SIGNAL_ADAPTIVE_DWA,3
72.0,SIGNAL_ADAPTIVE_DWA,3
72.5,SIGNAL_ADAPTIVE_DWA,3
73.0,SIGNAL_ADAPTIVE_DWA,3
73.5,SIGNAL_ADAPTIVE_DWA,3
74.0,SIGNAL_ADAPTIVE_DWA,3
74.5,SIGNAL_ADAPTIVE_DWA,3
75.0,SIGNAL_ADAPTIVE_DWA,3
75.5,SIGNAL_ADAPTIVE_DWA,3
76.0,SIGNAL_ADAPTIVE_DWA,3
76.5,SIGNAL_ADAPTIVE_DWA,3
77.0,SIGNAL_ADAPTIVE_DWA,18
77.5,SIGNAL_ADAPTIVE_DWA,18
78.0,SIGNAL_ADAPTIVE_DWA,18
78.5,SIGNAL_ADAPTIVE_DWA,18
79.0,SIGNAL_ADAPTIVE_DWA,18
79.5,SIGNAL_ADAPTIVE_DWA,18
80.0,SIGNAL_ADAPTIVE_DWA,18
80.5,SIGNAL_ADAPTIVE_DWA,18
81.0,SIGNAL_ADAPTIVE_DWA,18
81.5,SIGNAL_ADAPTIVE_DWA,18
82.0,SIGNAL_ADAPTIVE_DWA,18
82.5,SIGNAL_ADAPTIVE_DWA,18
83.0,SIGNAL_ADAPTIVE_DWA,18
83.5,SIGNAL_ADAPTIVE_DWA,18
84.0,SIGNAL_ADAPTIVE_DWA,18
84.5,SIGNAL_ADAPTIVE_DWA,18
85.0,SIGNAL_ADAPTIVE_DWA,18
85.5,SIGNAL_ADAPTIVE_DWA,18
86.0,SIGNAL_ADAPTIVE_DWA,18
86.5,SIGNAL_ADAPTIVE_DWA,18
87.0,SIGNAL_ADAPTIVE_DWA,18
87.5,SIGNAL_ADAPTIVE_DWA,18
88.0,SIGNAL_ADAPTIVE_DWA,18
88.5,SIGNAL_ADAPTIVE_DWA,18
89.0,SIGNAL_ADAPTIVE_DWA,18
89.5,SIGNAL_ADAPTIVE_DWA,18
90.0,SIGNAL_ADAPTIVE_DWA,18
90.5,SIGNAL_ADAPTIVE_DWA,18
91.0,SIGNAL_ADAPTIVE_DWA,18
91.5,SIGNAL_ADAPTIVE_DWA,18
92.0,SIGNAL_ADAPTIVE_DWA,18
92.5,SIGNAL_ADAPTIVE_DWA,18
93.0,SIGNAL_ADAPTIVE_DWA,18
93.5,SIGNAL_ADAPTIVE_DWA,18
94.0,SIGNAL_ADAPTIVE_DWA,18
94.5,SIGNAL_ADAPTIVE_DWA,18
95.0,SIGNAL_ADAPTIVE_DWA,18
95.5,SIGNAL_ADAPTIVE_DWA,18
96.0,SIGNAL_ADAPTIVE_DWA,18
96.5,SIGNAL_ADAPTIVE_DWA,18
97.0,SIGNAL_ADAPTIVE_DWA,18
97.5,SIGNAL_ADAPTIVE_DWA,18
98.0,SIGNAL_ADAPTIVE_DWA,3
98.5,SIGNAL_ADAPTIVE_DWA,3
99.0,SIGNAL_ADAPTIVE_DWA,3
99.5,SIGNAL_ADAPTIVE_DWA,3
100.0,SIGNAL_ADAPTIVE_DWA,3
100.5,SIGNAL_ADAPTIVE_DWA,3
101.0,SIGNAL_ADAPTIVE_DWA,3
101.5,SIGNAL_ADAPTIVE_DWA,18
102.0,SIGNAL_ADAPTIVE_DWA,18
102.5,SIGNAL_ADAPTIVE_DWA,18
103.0,SIGNAL_ADAPTIVE_DWA,18
103.5,SIGNAL_ADAPTIVE_DWA,18
104.0,SIGNAL_ADAPTIVE_DWA,18
104.5,SIGNAL_ADAPTIVE_DWA,18
105.0,SIGNAL_ADAPTIVE_DWA,18
105.5,SIGNAL_ADAPTIVE_DWA,3
106.0,SIGNAL_ADAPTIVE_DWA,18
106.5,SIGNAL_ADAPTIVE_DWA,18
107.0,SIGNAL_ADAPTIVE_DWA,18
107.5,SIGNAL_ADAPTIVE_DWA,18
108.0,SIGNAL_ADAPTIVE_DWA,18
108.5,SIGNAL_ADAPTIVE_DWA,18
109.0,SIGNAL_ADAPTIVE_DWA,18
109.5,SIGNAL_ADAPTIVE_DWA,18
110.0,SIGNAL_ADAPTIVE_DWA,18
110.5,SIGNAL_ADAPTIVE_DWA,18
111.0,SIGNAL_ADAPTIVE_DWA,18
111.5,SIGNAL_ADAPTIVE_DWA,18
112.0,SIGNAL_ADAPTIVE_DWA,18
112.5,SIGNAL_ADAPTIVE_DWA,18
113.0,SIGNAL_ADAPTIVE_DWA,18
113.5,SIGNAL_ADAPTIVE_DWA,18
114.0,SIGNAL_ADAPTIVE_DWA,18
114.5,SIGNAL_ADAPTIVE_DWA,18
115.0,SIGNAL_ADAPTIVE_DWA,18
115.5,SIGNAL_ADAPTIVE_DWA,18
116.0,SIGNAL_ADAPTIVE_DWA,18
116.5,SIGNAL_ADAPTIVE_DWA,18
117.0,SIGNAL_ADAPTIVE_DWA,18
117.5,SIGNAL_ADAPTIVE_DWA,18
118.0,SIGNAL_ADAPTIVE_DWA,18
118.5,SIGNAL_ADAPTIVE_DWA,18
119.0,SIGNAL_ADAPTIVE_DWA,18
119.5,SIGNAL_ADAPTIVE_DWA,18
120.0,SIGNAL_ADAPTIVE_DWA,18
120.5,SIGNAL_ADAPTIVE_DWA,18
121.0,SIGNAL_ADAPTIVE_DWA,18
121.5,SIGNAL_ADAPTIVE_DWA,18
122.0,SIGNAL_ADAPTIVE_DWA,18
122.5,SIGNAL_ADAPTIVE_DWA,18
123.0,SIGNAL_ADAPTIVE_DWA,18
123.5,SIGNAL_ADAPTIVE_DWA,18
124.0,SIGNAL_ADAPTIVE_DWA,18
124.5,SIGNAL_ADAPTIVE_DWA,18
125.0,SIGNAL_ADAPTIVE_DWA,18
125.5,SIGNAL_ADAPTIVE_DWA,18
126.0,SIGNAL_ADAPTIVE_DWA,18
126.5,SIGNAL_ADAPTIVE_DWA,18
127.0,SIGNAL_ADAPTIVE_DWA,18
127.5,SIGNAL_ADAPTIVE_DWA,18
128.0,SIGNAL_ADAPTIVE_DWA,18
128.5,SIGNAL_ADAPTIVE_DWA,18
129.0,SIGNAL_ADAPTIVE_DWA,18
129.5,SIGNAL_ADAPTIVE_DWA,18
130.0,SIGNAL_ADAPTIVE_DWA,18
130.5,SIGNAL_ADAPTIVE_DWA,18
131.0,SIGNAL_ADAPTIVE_DWA,18
131.5,SIGNAL_ADAPTIVE_DWA,18
132.0,SIGNAL_ADAPTIVE_DWA,18
132.5,SIGNAL_ADAPTIVE_DWA,18
133.0,SIGNAL_ADAPTIVE_DWA,18
133.5,SIGNAL_ADAPTIVE_DWA,18
134.0,SIGNAL_ADAPTIVE_DWA,18
134.5,SIGNAL_ADAPTIVE_DWA,18
135.0,SIGNAL_ADAPTIVE_DWA,18
135.5,SIGNAL_ADAPTIVE_DWA,18
136.0,SIGNAL_ADAPTIVE_DWA,18
136.5,SIGNAL_ADAPTIVE_DWA,18
137.0,SIGNAL_ADAPTIVE_DWA,18
137.5,SIGNAL_ADAPTIVE_DWA,18
138.0,SIGNAL_ADAPTIVE_DWA,18
138.5,SIGNAL_ADAPTIVE_DWA,18
139.0,SIGNAL_ADAPTIVE_DWA,18
139.5,SIGNAL_ADAPTIVE_DWA,18
140.0,SIGNAL_ADAPTIVE_DWA,18
140.5,SIGNAL_ADAPTIVE_DWA,18
141.0,SIGNAL_ADAPTIVE_DWA,18
141.5,SIGNAL_ADAPTIVE_DWA,18
142.0,SIGNAL_ADAPTIVE_DWA,18
142.5,SIGNAL_ADAPTIVE_DWA,18
143.0,SIGNAL_ADAPTIVE_DWA,18
143.5,SIGNAL_ADAPTIVE_DWA,18
144.0,SIGNAL_ADAPTIVE_DWA,18
144.5,SIGNAL_ADAPTIVE_DWA,18
145.0,SIGNAL_ADAPTIVE_DWA,18
145.5,SIGNAL_ADAPTIVE_DWA,18
146.0,SIGNAL_ADAPTIVE_DWA,18
146.5,SIGNAL_ADAPTIVE_DWA,18
147.0,SIGNAL_ADAPTIVE_DWA,18
147.5,SIGNAL_ADAPTIVE_DWA,18
148.0,SIGNAL_ADAPTIVE_DWA,18
148.5,SIGNAL_ADAPTIVE_DWA,18
149.0,SIGNAL_ADAPTIVE_DWA,18
149.5,SIGNAL_ADAPTIVE_DWA,18
150.0,SIGNAL_ADAPTIVE_DWA,18
150.5,SIGNAL_ADAPTIVE_DWA,18
151.0,SIGNAL_ADAPTIVE_DWA,18
151.5,SIGNAL_ADAPTIVE_DWA,18
152.0,SIGNAL_ADAPTIVE_DWA,18
152.5,SIGNAL_ADAPTIVE_DWA,18
153.0,SIGNAL_ADAPTIVE_DWA,18
153.5,SIGNAL_ADAPTIVE_DWA,18
154.0,SIGNAL_ADAPTIVE_DWA,18
154.5,SIGNAL_ADAPTIVE_DWA,18
155.0,SIGNAL_ADAPTIVE_DWA,18
155.5,SIGNAL_ADAPTIVE_DWA,18
156.0,SIGNAL_ADAPTIVE_DWA,18
156.5,SIGNAL_ADAPTIVE_DWA,18
157.0,SIGNAL_ADAPTIVE_DWA,18
157.5,SIGNAL_ADAPTIVE_DWA,18
158.0,SIGNAL_ADAPTIVE_DWA,18
158.5,SIGNAL_ADAPTIVE_DWA,18
159.0,SIGNAL_ADAPTIVE_DWA,18
159.5,SIGNAL_ADAPTIVE_DWA,18
160.0,SIGNAL_ADAPTIVE_DWA,18
160.5,SIGNAL_ADAPTIVE_DWA,18
161.0,SIGNAL_ADAPTIVE_DWA,18
161.5,SIGNAL_ADAPTIVE_DWA,18
162.0,SIGNAL_ADAPTIVE_DWA,18
162.5,SIGNAL_ADAPTIVE_DWA,18
163.0,SIGNAL_ADAPTIVE_DWA,18
163.5,SIGNAL_ADAPTIVE_DWA,18
164.0,SIGNAL_ADAPTIVE_DWA,18
164.5,SIGNAL_ADAPTIVE_DWA,18
165.0,SIGNAL_ADAPTIVE_DWA,18
165.5,SIGNAL_ADAPTIVE_DWA,18
166.0,SIGNAL_ADAPTIVE_DWA,18
166.5,SIGNAL_ADAPTIVE_DWA,18
167.0,SIGNAL_ADAPTIVE_DWA,18
167.5,SIGNAL_ADAPTIVE_DWA,18
168.0,SIGNAL_ADAPTIVE_DWA,18
168.5,SIGNAL_ADAPTIVE_DWA,18
169.0,SIGNAL_ADAPTIVE_DWA,18
169.5,SIGNAL_ADAPTIVE_DWA,18
170.0,SIGNAL_ADAPTIVE_DWA,18
170.5,SIGNAL_ADAPTIVE_DWA,18
171.0,SIGNAL_ADAPTIVE_DWA,18
171.5,SIGNAL_ADAPTIVE_DWA,18
172.0,SIGNAL_ADAPTIVE_DWA,18
172.5,SIGNAL_ADAPTIVE_DWA,18
173.0,SIGNAL_ADAPTIVE_DWA,18
173.5,SIGNAL_ADAPTIVE_DWA,18
174.0,SIGNAL_ADAPTIVE_DWA,18
174.5,SIGNAL_ADAPTIVE_DWA,18
175.0,SIGNAL_ADAPTIVE_DWA,18
175.5,SIGNAL_ADAPTIVE_DWA,18
176.0,SIGNAL_ADAPTIVE_DWA,18
176.5,SIGNAL_ADAPTIVE_DWA,18
177.0,SIGNAL_ADAPTIVE_DWA,18
177.5,SIGNAL_ADAPTIVE_DWA,18
178.0,SIGNAL_ADAPTIVE_DWA,18
178.5,SIGNAL_ADAPTIVE_DWA,18
179.0,SIGNAL_ADAPTIVE_DWA,18
179.5,SIGNAL_ADAPTIVE_DWA,18
180.0,SIGNAL_ADAPTIVE_DWA,18
180.5,SIGNAL_ADAPTIVE_DWA,18
181.0,SIGNAL_ADAPTIVE_DWA,18
181.5,SIGNAL_ADAPTIVE_DWA,18
182.0,SIGNAL_ADAPTIVE_DWA,18
182.5,SIGNAL_ADAPTIVE_DWA,18
183.0,SIGNAL_ADAPTIVE_DWA,18
183.5,SIGNAL_ADAPTIVE_DWA,18
184.0,SIGNAL_ADAPTIVE_DWA,18
184.5,SIGNAL_ADAPTIVE_DWA,18
185.0,SIGNAL_ADAPTIVE_DWA,18
185.5,SIGNAL_ADAPTIVE_DWA,18
186.0,SIGNAL_ADAPTIVE_DWA,18
186.5,SIGNAL_ADAPTIVE_DWA,18
187.0,SIGNAL_ADAPTIVE_DWA,18
187.5,SIGNAL_ADAPTIVE_DWA,18
188.0,SIGNAL_ADAPTIVE_DWA,18
188.5,SIGNAL_ADAPTIVE_DWA,18
189.0,SIGNAL_ADAPTIVE_DWA,18
189.5,SIGNAL_ADAPTIVE_DWA,18
190.0,SIGNAL_ADAPTIVE_DWA,18
190.5,SIGNAL_ADAPTIVE_DWA,18
191.0,SIGNAL_ADAPTIVE_DWA,18
191.5,SIGNAL_ADAPTIVE_DWA,18
192.0,SIGNAL_ADAPTIVE_DWA,18
192.5,SIGNAL_ADAPTIVE_DWA,18
193.0,SIGNAL_ADAPTIVE_DWA,18
193.5,SIGNAL_ADAPTIVE_DWA,18
194.0,SIGNAL_ADAPTIVE_DWA,18
194.5,SIGNAL_ADAPTIVE_DWA,18
195.0,SIGNAL_ADAPTIVE_DWA,18
195.5,SIGNAL_ADAPTIVE_DWA,18
196.0,SIGNAL_ADAPTIVE_DWA,18
196.5,SIGNAL_ADAPTIVE_DWA,18
197.0,SIGNAL_ADAPTIVE_DWA,18
197.5,SIGNAL_ADAPTIVE_DWA,18
198.0,SIGNAL_ADAPTIVE_DWA,18
198.5,SIGNAL_ADAPTIVE_DWA,18
199.0,SIGNAL_ADAPTIVE_DWA,18
199.5,SIGNAL_ADAPTIVE_DWA,18
200.0,SIGNAL_ADAPTIVE_DWA,18
200.5,SIGNAL_ADAPTIVE_DWA,18
201.0,SIGNAL_ADAPTIVE_DWA,18
201.5,SIGNAL_ADAPTIVE_DWA,18
202.0,SIGNAL_ADAPTIVE_DWA,18
202.5,SIGNAL_ADAPTIVE_DWA,18
203.0,SIGNAL_ADAPTIVE_DWA,18
203.5,SIGNAL_ADAPTIVE_DWA,18
204.0,SIGNAL_ADAPTIVE_DWA,18
204.5,SIGNAL_ADAPTIVE_DWA,18
205.0,SIGNAL_ADAPTIVE_DWA,18
205.5,SIGNAL_ADAPTIVE_DWA,18
206.0,SIGNAL_ADAPTIVE_DWA,18
206.5,SIGNAL_ADAPTIVE_DWA,18
207.0,SIGNAL_ADAPTIVE_DWA,18
207.5,SIGNAL_ADAPTIVE_DWA,18
208.0,SIGNAL_ADAPTIVE_DWA,18
208.5,SIGNAL_ADAPTIVE_DWA,18
209.0,SIGNAL_ADAPTIVE_DWA,18
209.5,SIGNAL_ADAPTIVE_DWA,18
210.0,SIGNAL_ADAPTIVE_DWA,18
210.5,SIGNAL_ADAPTIVE_DWA,18
211.0,SIGNAL_ADAPTIVE_DWA,18
211.5,SIGNAL_ADAPTIVE_DWA,18
212.0,SIGNAL_ADAPTIVE_DWA,18
212.5,SIGNAL_ADAPTIVE_DWA,18
213.0,SIGNAL_ADAPTIVE_DWA,18
213.5,SIGNAL_ADAPTIVE_DWA,18
214.0,SIGNAL_ADAPTIVE_DWA,18
214.5,SIGNAL_ADAPTIVE_DWA,18
215.0,SIGNAL_ADAPTIVE_DWA,18
215.5,SIGNAL_ADAPTIVE_DWA,18
216.0,SIGNAL_ADAPTIVE_DWA,18
216.5,SIGNAL_ADAPTIVE_DWA,18
217.0,SIGNAL_ADAPTIVE_DWA,18
217.5,SIGNAL_ADAPTIVE_DWA,18
218.0,SIGNAL_ADAPTIVE_DWA,18
218.5,SIGNAL_ADAPTIVE_DWA,18
219.0,SIGNAL_ADAPTIVE_DWA,18
219.5,SIGNAL_ADAPTIVE_DWA,18
220.0,SIGNAL_ADAPTIVE_DWA,18
220.5,SIGNAL_ADAPTIVE_DWA,18
221.0,SIGNAL_ADAPTIVE_DWA,18
221.5,SIGNAL_ADAPTIVE_DWA,18
222.0,SIGNAL_ADAPTIVE_DWA,18
222.5,SIGNAL_ADAPTIVE_DWA,18
223.0,SIGNAL_ADAPTIVE_DWA,18
223.5,SIGNAL_ADAPTIVE_DWA,18
224.0,SIGNAL_ADAPTIVE_DWA,18
224.5,SIGNAL_ADAPTIVE_DWA,18
225.0,SIGNAL_ADAPTIVE_DWA,18
225.5,SIGNAL_ADAPTIVE_DWA,18
226.0,SIGNAL_ADAPTIVE_DWA,18
226.5,SIGNAL_ADAPTIVE_DWA,18
227.0,SIGNAL_ADAPTIVE_DWA,18
227.5,SIGNAL_ADAPTIVE_DWA,18
228.0,SIGNAL_ADAPTIVE_DWA,18
228.5,SIGNAL_ADAPTIVE_DWA,18
229.0,SIGNAL_ADAPTIVE_DWA,18
229.5,SIGNAL_ADAPTIVE_DWA,18
230.0,SIGNAL_ADAPTIVE_DWA,18
230.5,SIGNAL_ADAPTIVE_DWA,18
231.0,SIGNAL_ADAPTIVE_DWA,18
231.5,SIGNAL_ADAPTIVE_DWA,18
232.0,SIGNAL_ADAPTIVE_DWA,18
232.5,SIGNAL_ADAPTIVE_DWA,18
233.0,SIGNAL_ADAPTIVE_DWA,18
233.5,SIGNAL_ADAPTIVE_DWA,18
234.0,SIGNAL_ADAPTIVE_DWA,18
234.5,SIGNAL_ADAPTIVE_DWA,18
235.0,SIGNAL_ADAPTIVE_DWA,18
235.5,SIGNAL_ADAPTIVE_DWA,18
236.0,SIGNAL_ADAPTIVE_DWA,18
236.5,SIGNAL_ADAPTIVE_DWA,18
237.0,SIGNAL_ADAPTIVE_DWA,18
237.5,SIGNAL_ADAPTIVE_DWA,18
238.0,SIGNAL_ADAPTIVE_DWA,18
238.5,SIGNAL_ADAPTIVE_DWA,18
239.0,SIGNAL_ADAPTIVE_DWA,18
239.5,SIGNAL_ADAPTIVE_DWA,18
240.0,SIGNAL_ADAPTIVE_DWA,18
240.5,SIGNAL_ADAPTIVE_DWA,18
241.0,SIGNAL_ADAPTIVE_DWA,18
241.5,SIGNAL_ADAPTIVE_DWA,18
242.0,SIGNAL_ADAPTIVE_DWA,18
242.5,SIGNAL_ADAPTIVE_DWA,18
243.0,SIGNAL_ADAPTIVE_DWA,18
243.5,SIGNAL_ADAPTIVE_DWA,18
244.0,SIGNAL_ADAPTIVE_DWA,18
244.5,SIGNAL_ADAPTIVE_DWA,18
245.0,SIGNAL_ADAPTIVE_DWA,18
245.5,SIGNAL_ADAPTIVE_DWA,4
246.0,SIGNAL_ADAPTIVE_DWA,4
246.5,SIGNAL_ADAPTIVE_DWA,4
247.0,SIGNAL_ADAPTIVE_DWA,4
247.5,SIGNAL_ADAPTIVE_DWA,4
248.0,SIGNAL_ADAPTIVE_DWA,4
248.5,SIGNAL_ADAPTIVE_DWA,4
249.0,SIGNAL_ADAPTIVE_DWA,4
249.5,SIGNAL_ADAPTIVE_DWA,4
250.0,SIGNAL_ADAPTIVE_DWA,4
250.5,SIGNAL_ADAPTIVE_DWA,4
251.0,SIGNAL_ADAPTIVE_DWA,4
251.5,SIGNAL_ADAPTIVE_DWA,4
252.0,SIGNAL_ADAPTIVE_DWA,4
252.5,SIGNAL_ADAPTIVE_DWA,4
253.0,SIGNAL_ADAPTIVE_DWA,4
253.5,SIGNAL_ADAPTIVE_DWA,4
254.0,SIGNAL_ADAPTIVE_DWA,4
254.5,SIGNAL_ADAPTIVE_DWA,4
255.0,SIGNAL_ADAPTIVE_DWA,4
255.5,SIGNAL_ADAPTIVE_DWA,4
256.0,SIGNAL_ADAPTIVE_DWA,4
256.5,SIGNAL_ADAPTIVE_DWA,4
257.0,SIGNAL_ADAPTIVE_DWA,4
257.5,SIGNAL_ADAPTIVE_DWA,4
258.0,SIGNAL_ADAPTIVE_DWA,4
258.5,SIGNAL_ADAPTIVE_DWA,4
259.0,SIGNAL_ADAPTIVE_DWA,4
259.5,SIGNAL_ADAPTIVE_DWA,4
260.0,SIGNAL_ADAPTIVE_DWA,4
260.5,SIGNAL_ADAPTIVE_DWA,4
261.0,SIGNAL_ADAPTIVE_DWA,4
261.5,SIGNAL_ADAPTIVE_DWA,4
262.0,SIGNAL_ADAPTIVE_DWA,4
262.5,SIGNAL_ADAPTIVE_DWA,4
263.0,SIGNAL_ADAPTIVE_DWA,4
263.5,SIGNAL_ADAPTIVE_DWA,4
264.0,SIGNAL_ADAPTIVE_DWA,4
264.5,SIGNAL_ADAPTIVE_DWA,4
265.0,SIGNAL_ADAPTIVE_DWA,4
265.5,SIGNAL_ADAPTIVE_DWA,4
266.0,SIGNAL_ADAPTIVE_DWA,4
266.5,SIGNAL_ADAPTIVE_DWA,4
267.0,SIGNAL_ADAPTIVE_DWA,4
267.5,SIGNAL_ADAPTIVE_DWA,4
268.0,SIGNAL_ADAPTIVE_DWA,4
268.5,SIGNAL_ADAPTIVE_DWA,4
269.0,SIGNAL_ADAPTIVE_DWA,4
269.5,SIGNAL_ADAPTIVE_DWA,4
270.0,SIGNAL_ADAPTIVE_DWA,4
270.5,SIGNAL_ADAPTIVE_DWA,4
271.0,SIGNAL_ADAPTIVE_DWA,4
271.5,SIGNAL_ADAPTIVE_DWA,4
272.0,SIGNAL_ADAPTIVE_DWA,4
272.5,SIGNAL_ADAPTIVE_DWA,4
273.0,SIGNAL_ADAPTIVE_DWA,4
273.5,SIGNAL_ADAPTIVE_DWA,4
274.0,SIGNAL_ADAPTIVE_DWA,4
274.5,SIGNAL_ADAPTIVE_DWA,4
275.0,SIGNAL_ADAPTIVE_DWA,4
275.5,SIGNAL_ADAPTIVE_DWA,4
276.0,SIGNAL_ADAPTIVE_DWA,4
276.5,SIGNAL_ADAPTIVE_DWA,4
277.0,SIGNAL_ADAPTIVE_DWA,4
277.5,SIGNAL_ADAPTIVE_DWA,4
278.0,SIGNAL_ADAPTIVE_DWA,4
278.5,SIGNAL_ADAPTIVE_DWA,4
279.0,SIGNAL_ADAPTIVE_DWA,4
279.5,SIGNAL_ADAPTIVE_DWA,4
280.0,SIGNAL_ADAPTIVE_DWA,4
280.5,SIGNAL_ADAPTIVE_DWA,4
281.0,SIGNAL_ADAPTIVE_DWA,4
281.5,SIGNAL_ADAPTIVE_DWA,4
282.0,SIGNAL_ADAPTIVE_DWA,4
282.5,SIGNAL_ADAPTIVE_DWA,4
283.0,SIGNAL_ADAPTIVE_DWA,4
283.5,SIGNAL_ADAPTIVE_DWA,4
284.0,SIGNAL_ADAPTIVE_DWA,4
284.5,SIGNAL_ADAPTIVE_DWA,4
285.0,SIGNAL_ADAPTIVE_DWA,4
285.5,SIGNAL_ADAPTIVE_DWA,4
286.0,SIGNAL_ADAPTIVE_DWA,4
286.5,SIGNAL_ADAPTIVE_DWA,4
287.0,SIGNAL_ADAPTIVE_DWA,4
287.5,SIGNAL_ADAPTIVE_DWA,4
288.0,SIGNAL_ADAPTIVE_DWA,4
288.5,SIGNAL_ADAPTIVE_DWA,18
289.0,SIGNAL_ADAPTIVE_DWA,18
289.5,SIGNAL_ADAPTIVE_DWA,18
290.0,SIGNAL_ADAPTIVE_DWA,18
290.5,SIGNAL_ADAPTIVE_DWA,18
291.0,SIGNAL_ADAPTIVE_DWA,18
291.5,SIGNAL_ADAPTIVE_DWA,18
292.0,SIGNAL_ADAPTIVE_DWA,18
292.5,SIGNAL_ADAPTIVE_DWA,18
293.0,SIGNAL_ADAPTIVE_DWA,18
293.5,SIGNAL_ADAPTIVE_DWA,18
294.0,SIGNAL_ADAPTIVE_DWA,18
294.5,SIGNAL_ADAPTIVE_DWA,18
295.0,SIGNAL_ADAPTIVE_DWA,18
295.5,SIGNAL_ADAPTIVE_DWA,18
296.0,SIGNAL_ADAPTIVE_DWA,18
296.5,SIGNAL_ADAPTIVE_DWA,18
297.0,SIGNAL_ADAPTIVE_DWA,18
297.5,SIGNAL_ADAPTIVE_DWA,18
298.0,SIGNAL_ADAPTIVE_DWA,18
298.5,SIGNAL_ADAPTIVE_DWA,18
299.0,SIGNAL_ADAPTIVE_DWA,18
299.5,SIGNAL_ADAPTIVE_DWA,18
300.0,SIGNAL_ADAPTIVE_DWA,18
300.5,SIGNAL_ADAPTIVE_DWA,18
301.0,SIGNAL_ADAPTIVE_DWA,18
301.5,SIGNAL_ADAPTIVE_DWA,18
302.0,SIGNAL_ADAPTIVE_DWA,18
302.5,SIGNAL_ADAPTIVE_DWA,18
303.0,SIGNAL_ADAPTIVE_DWA,18
303.5,SIGNAL_ADAPTIVE_DWA,18
304.0,SIGNAL_ADAPTIVE_DWA,18
304.5,SIGNAL_ADAPTIVE_DWA,18
305.0,SIGNAL_ADAPTIVE_DWA,18
305.5,SIGNAL_ADAPTIVE_DWA,18
306.0,SIGNAL_ADAPTIVE_DWA,18
306.5,SIGNAL_ADAPTIVE_DWA,18
307.0,SIGNAL_ADAPTIVE_DWA,18
307.5,SIGNAL_ADAPTIVE_DWA,18
308.0,SIGNAL_ADAPTIVE_DWA,18
308.5,SIGNAL_ADAPTIVE_DWA,18
309.0,SIGNAL_ADAPTIVE_DWA,18
309.5,SIGNAL_ADAPTIVE_DWA,18
310.0,SIGNAL_ADAPTIVE_DWA,18
310.5,SIGNAL_ADAPTIVE_DWA,18
311.0,SIGNAL_ADAPTIVE_DWA,18
311.5,SIGNAL_ADAPTIVE_DWA,18
312.0,SIGNAL_ADAPTIVE_DWA,18
312.5,SIGNAL_ADAPTIVE_DWA,18
313.0,SIGNAL_ADAPTIVE_DWA,18
313.5,SIGNAL_ADAPTIVE_DWA,18
314.0,SIGNAL_ADAPTIVE_DWA,4
314.5,SIGNAL_ADAPTIVE_DWA,4
315.0,SIGNAL_ADAPTIVE_DWA,4
315.5,SIGNAL_ADAPTIVE_DWA,4
316.0,SIGNAL_ADAPTIVE_DWA,4
316.5,SIGNAL_ADAPTIVE_DWA,4
317.0,SIGNAL_ADAPTIVE_DWA,4
317.5,SIGNAL_ADAPTIVE_DWA,4
318.0,SIGNAL_ADAPTIVE_DWA,4
318.5,SIGNAL_ADAPTIVE_DWA,4
319.0,SIGNAL_ADAPTIVE_DWA,4
319.5,SIGNAL_ADAPTIVE_DWA,4
320.0,SIGNAL_ADAPTIVE_DWA,4
320.5,SIGNAL_ADAPTIVE_DWA,4
321.0,SIGNAL_ADAPTIVE_DWA,4
321.5,SIGNAL_ADAPTIVE_DWA,4
322.0,SIGNAL_ADAPTIVE_DWA,4
322.5,SIGNAL_ADAPTIVE_DWA,4
323.0,SIGNAL_ADAPTIVE_DWA,4
323.5,SIGNAL_ADAPTIVE_DWA,4
324.0,SIGNAL_ADAPTIVE_DWA,4
324.5,SIGNAL_ADAPTIVE_DWA,4
325.0,SIGNAL_ADAPTIVE_DWA,4
325.5,SIGNAL_ADAPTIVE_DWA,4
326.0,SIGNAL_ADAPTIVE_DWA,4
326.5,SIGNAL_ADAPTIVE_DWA,4
327.0,SIGNAL_ADAPTIVE_DWA,4
327.5,SIGNAL_ADAPTIVE_DWA,4
328.0,SIGNAL_ADAPTIVE_DWA,4
328.5,SIGNAL_ADAPTIVE_DWA,4
329.0,SIGNAL_ADAPTIVE_DWA,4
329.5,SIGNAL_ADAPTIVE_DWA,4
330.0,SIGNAL_ADAPTIVE_DWA,4
330.5,SIGNAL_ADAPTIVE_DWA,4
331.0,SIGNAL_ADAPTIVE_DWA,4
331.5,SIGNAL_ADAPTIVE_DWA,4
332.0,SIGNAL_ADAPTIVE_DWA,4
332.5,SIGNAL_ADAPTIVE_DWA,4
333.0,SIGNAL_ADAPTIVE_DWA,4
333.5,SIGNAL_ADAPTIVE_DWA,4
334.0,SIGNAL_ADAPTIVE_DWA,4
334.5,SIGNAL_ADAPTIVE_DWA,4
335.0,SIGNAL_ADAPTIVE_DWA,4
335.5,SIGNAL_ADAPTIVE_DWA,4
336.0,SIGNAL_ADAPTIVE_DWA,4
336.5,SIGNAL_ADAPTIVE_DWA,4
337.0,SIGNAL_ADAPTIVE_DWA,4
337.5,SIGNAL_ADAPTIVE_DWA,4
338.0,SIGNAL_ADAPTIVE_DWA,4
338.5,SIGNAL_ADAPTIVE_DWA,4
339.0,SIGNAL_ADAPTIVE_DWA,4
339.5,SIGNAL_ADAPTIVE_DWA,4
340.0,SIGNAL_ADAPTIVE_DWA,4
340.5,SIGNAL_ADAPTIVE_DWA,4
341.0,SIGNAL_ADAPTIVE_DWA,4
341.5,SIGNAL_ADAPTIVE_DWA,18
342.0,SIGNAL_ADAPTIVE_DWA,18
342.5,SIGNAL_ADAPTIVE_DWA,18
343.0,SIGNAL_ADAPTIVE_DWA,18
343.5,SIGNAL_ADAPTIVE_DWA,18
344.0,SIGNAL_ADAPTIVE_DWA,18
344.5,SIGNAL_ADAPTIVE_DWA,18
345.0,SIGNAL_ADAPTIVE_DWA,18
345.5,SIGNAL_ADAPTIVE_DWA,18
346.0,SIGNAL_ADAPTIVE_DWA,18
346.5,SIGNAL_ADAPTIVE_DWA,18
347.0,SIGNAL_ADAPTIVE_DWA,18
347.5,SIGNAL_ADAPTIVE_DWA,18
348.0,SIGNAL_ADAPTIVE_DWA,18
348.5,SIGNAL_ADAPTIVE_DWA,18
349.0,SIGNAL_ADAPTIVE_DWA,18
349.5,SIGNAL_ADAPTIVE_DWA,18
350.0,SIGNAL_ADAPTIVE_DWA,18
350.5,SIGNAL_ADAPTIVE_DWA,18
351.0,SIGNAL_ADAPTIVE_DWA,18
351.5,SIGNAL_ADAPTIVE_DWA,18
352.0,SIGNAL_ADAPTIVE_DWA,18
352.5,SIGNAL_ADAPTIVE_DWA,18
353.0,SIGNAL_ADAPTIVE_DWA,18
353.5,SIGNAL_ADAPTIVE_DWA,18
354.0,SIGNAL_ADAPTIVE_DWA,18
354.5,SIGNAL_ADAPTIVE_DWA,18
355.0,SIGNAL_ADAPTIVE_DWA,18
355.5,SIGNAL_ADAPTIVE_DWA,18
356.0,SIGNAL_ADAPTIVE_DWA,18
356.5,SIGNAL_ADAPTIVE_DWA,18
357.0,SIGNAL_ADAPTIVE_DWA,18
357.5,SIGNAL_ADAPTIVE_DWA,18
358.0,SIGNAL_ADAPTIVE_DWA,18
358.5,SIGNAL_ADAPTIVE_DWA,18
359.0,SIGNAL_ADAPTIVE_DWA,18
359.5,SIGNAL_ADAPTIVE_DWA,18
360.0,SIGNAL_ADAPTIVE_DWA,18
360.5,SIGNAL_ADAPTIVE_DWA,18
361.0,SIGNAL_ADAPTIVE_DWA,18
361.5,SIGNAL_ADAPTIVE_DWA,18
362.0,SIGNAL_ADAPTIVE_DWA,18
362.5,SIGNAL_ADAPTIVE_DWA,18
363.0,SIGNAL_ADAPTIVE_DWA,4
363.5,SIGNAL_ADAPTIVE_DWA,4
364.0,SIGNAL_ADAPTIVE_DWA,4
364.5,SIGNAL_ADAPTIVE_DWA,4
365.0,SIGNAL_ADAPTIVE_DWA,4
365.5,SIGNAL_ADAPTIVE_DWA,4
366.0,SIGNAL_ADAPTIVE_DWA,4
366.5,SIGNAL_ADAPTIVE_DWA,4
367.0,SIGNAL_ADAPTIVE_DWA,4
367.5,SIGNAL_ADAPTIVE_DWA,4
368.0,SIGNAL_ADAPTIVE_DWA,4
368.5,SIGNAL_ADAPTIVE_DWA,4
369.0,SIGNAL_ADAPTIVE_DWA,4
369.5,SIGNAL_ADAPTIVE_DWA,4
370.0,SIGNAL_ADAPTIVE_DWA,4
370.5,SIGNAL_ADAPTIVE_DWA,4
371.0,SIGNAL_ADAPTIVE_DWA,4
371.5,SIGNAL_ADAPTIVE_DWA,4
372.0,SIGNAL_ADAPTIVE_DWA,4
372.5,SIGNAL_ADAPTIVE_DWA,4
373.0,SIGNAL_ADAPTIVE_DWA,4
373.5,SIGNAL_ADAPTIVE_DWA,4
374.0,SIGNAL_ADAPTIVE_DWA,4
374.5,SIGNAL_ADAPTIVE_DWA,4
375.0,SIGNAL_ADAPTIVE_DWA,4
375.5,SIGNAL_ADAPTIVE_DWA,4
376.0,SIGNAL_ADAPTIVE_DWA,4
376.5,SIGNAL_ADAPTIVE_DWA,4
377.0,SIGNAL_ADAPTIVE_DWA,4
377.5,SIGNAL_ADAPTIVE_DWA,4
378.0,SIGNAL_ADAPTIVE_DWA,4
378.5,SIGNAL_ADAPTIVE_DWA,4
379.0,SIGNAL_ADAPTIVE_DWA,4
379.5,SIGNAL_ADAPTIVE_DWA,4
380.0,SIGNAL_ADAPTIVE_DWA,4
380.5,SIGNAL_ADAPTIVE_DWA,4
381.0,SIGNAL_ADAPTIVE_DWA,4
381.5,SIGNAL_ADAPTIVE_DWA,4
382.0,SIGNAL_ADAPTIVE_DWA,4
382.5,SIGNAL_ADAPTIVE_DWA,4
383.0,SIGNAL_ADAPTIVE_DWA,4
383.5,SIGNAL_ADAPTIVE_DWA,4
384.0,SIGNAL_ADAPTIVE_DWA,4
384.5,SIGNAL_ADAPTIVE_DWA,4
385.0,SIGNAL_ADAPTIVE_DWA,4
385.5,SIGNAL_ADAPTIVE_DWA,4
386.0,SIGNAL_ADAPTIVE_DWA,4
386.5,SIGNAL_ADAPTIVE_DWA,4
387.0,SIGNAL_ADAPTIVE_DWA,4
387.5,SIGNAL_ADAPTIVE_DWA,4
388.0,SIGNAL_ADAPTIVE_DWA,4
388.5,SIGNAL_ADAPTIVE_DWA,4
389.0,SIGNAL_ADAPTIVE_DWA,4
389.5,SIGNAL_ADAPTIVE_DWA,4
390.0,SIGNAL_ADAPTIVE_DWA,18
390.5,SIGNAL_ADAPTIVE_DWA,18
391.0,SIGNAL_ADAPTIVE_DWA,18
391.5,SIGNAL_ADAPTIVE_DWA,18
392.0,SIGNAL_ADAPTIVE_DWA,18
392.5,SIGNAL_ADAPTIVE_DWA,18
393.0,SIGNAL_ADAPTIVE_DWA,18
393.5,SIGNAL_ADAPTIVE_DWA,18
394.0,SIGNAL_ADAPTIVE_DWA,18
394.5,SIGNAL_ADAPTIVE_DWA,18
395.0,SIGNAL_ADAPTIVE_DWA,18
395.5,SIGNAL_ADAPTIVE_DWA,18
396.0,SIGNAL_ADAPTIVE_DWA,18
396.5,SIGNAL_ADAPTIVE_DWA,18
397.0,SIGNAL_ADAPTIVE_DWA,18
397.5,SIGNAL_ADAPTIVE_DWA,18
398.0,SIGNAL_ADAPTIVE_DWA,18
398.5,SIGNAL_ADAPTIVE_DWA,18
399.0,SIGNAL_ADAPTIVE_DWA,18
399.5,SIGNAL_ADAPTIVE_DWA,18
400.0,SIGNAL_ADAPTIVE_DWA,18
400.5,SIGNAL_ADAPTIVE_DWA,18
401.0,SIGNAL_ADAPTIVE_DWA,18
401.5,SIGNAL_ADAPTIVE_DWA,18
402.0,SIGNAL_ADAPTIVE_DWA,18
402.5,SIGNAL_ADAPTIVE_DWA,18
403.0,SIGNAL_ADAPTIVE_DWA,18
403.5,SIGNAL_ADAPTIVE_DWA,18
404.0,SIGNAL_ADAPTIVE_DWA,18
404.5,SIGNAL_ADAPTIVE_DWA,18
405.0,SIGNAL_ADAPTIVE_DWA,18
405.5,SIGNAL_ADAPTIVE_DWA,18
406.0,SIGNAL_ADAPTIVE_DWA,18
406.5,SIGNAL_ADAPTIVE_DWA,18
407.0,SIGNAL_ADAPTIVE_DWA,18
407.5,SIGNAL_ADAPTIVE_DWA,18
408.0,SIGNAL_ADAPTIVE_DWA,18
408.5,SIGNAL_ADAPTIVE_DWA,18
409.0,SIGNAL_ADAPTIVE_DWA,18
409.5,SIGNAL_ADAPTIVE_DWA,18
410.0,SIGNAL_ADAPTIVE_DWA,18
410.5,SIGNAL_ADAPTIVE_DWA,18
411.0,SIGNAL_ADAPTIVE_DWA,18
411.5,SIGNAL_ADAPTIVE_DWA,18
412.0,SIGNAL_ADAPTIVE_DWA,18
412.5,SIGNAL_ADAPTIVE_DWA,18
413.0,SIGNAL_ADAPTIVE_DWA,18
413.5,SIGNAL_ADAPTIVE_DWA,18
414.0,SIGNAL_ADAPTIVE_DWA,18
414.5,SIGNAL_ADAPTIVE_DWA,18
415.0,SIGNAL_ADAPTIVE_DWA,18
415.5,SIGNAL_ADAPTIVE_DWA,18
416.0,SIGNAL_ADAPTIVE_DWA,18
416.5,SIGNAL_ADAPTIVE_DWA,18
417.0,SIGNAL_ADAPTIVE_DWA,18
417.5,SIGNAL_ADAPTIVE_DWA,18
418.0,SIGNAL_ADAPTIVE_DWA,18
418.5,SIGNAL_ADAPTIVE_DWA,18
419.0,SIGNAL_ADAPTIVE_DWA,18
419.5,SIGNAL_ADAPTIVE_DWA,18
420.0,SIGNAL_ADAPTIVE_DWA,18
420.5,SIGNAL_ADAPTIVE_DWA,18
421.0,SIGNAL_ADAPTIVE_DWA,18
421.5,SIGNAL_ADAPTIVE_DWA,18
422.0,SIGNAL_ADAPTIVE_DWA,18
422.5,SIGNAL_ADAPTIVE_DWA,18
423.0,SIGNAL_ADAPTIVE_DWA,18
423.5,SIGNAL_ADAPTIVE_DWA,18
424.0,SIGNAL_ADAPTIVE_DWA,18
424.5,SIGNAL_ADAPTIVE_DWA,18
425.0,SIGNAL_ADAPTIVE_DWA,18
425.5,SIGNAL_ADAPTIVE_DWA,18
426.0,SIGNAL_ADAPTIVE_DWA,18
426.5,SIGNAL_ADAPTIVE_DWA,18
427.0,SIGNAL_ADAPTIVE_DWA,18
427.5,SIGNAL_ADAPTIVE_DWA,18
428.0,SIGNAL_ADAPTIVE_DWA,18
428.5,SIGNAL_ADAPTIVE_DWA,18
429.0,SIGNAL_ADAPTIVE_DWA,18
429.5,SIGNAL_ADAPTIVE_DWA,18
430.0,SIGNAL_ADAPTIVE_DWA,18
430.5,SIGNAL_ADAPTIVE_DWA,18
431.0,SIGNAL_ADAPTIVE_DWA,18
431.5,SIGNAL_ADAPTIVE_DWA,8
432.0,SIGNAL_ADAPTIVE_DWA,8
432.5,SIGNAL_ADAPTIVE_DWA,8
433.0,SIGNAL_ADAPTIVE_DWA,8
433.5,SIGNAL_ADAPTIVE_DWA,8
434.0,SIGNAL_ADAPTIVE_DWA,8
434.5,SIGNAL_ADAPTIVE_DWA,8
435.0,SIGNAL_ADAPTIVE_DWA,8
435.5,SIGNAL_ADAPTIVE_DWA,8
436.0,SIGNAL_ADAPTIVE_DWA,8
436.5,SIGNAL_ADAPTIVE_DWA,8
437.0,SIGNAL_ADAPTIVE_DWA,8
437.5,SIGNAL_ADAPTIVE_DWA,8
438.0,SIGNAL_ADAPTIVE_DWA,8
438.5,SIGNAL_ADAPTIVE_DWA,8
439.0,SIGNAL_ADAPTIVE_DWA,8
439.5,SIGNAL_ADAPTIVE_DWA,8
440.0,SIGNAL_ADAPTIVE_DWA,8
440.5,SIGNAL_ADAPTIVE_DWA,8
441.0,SIGNAL_ADAPTIVE_DWA,8
441.5,SIGNAL_ADAPTIVE_DWA,8
442.0,SIGNAL_ADAPTIVE_DWA,8
442.5,SIGNAL_ADAPTIVE_DWA,8
443.0,SIGNAL_ADAPTIVE_DWA,8
443.5,SIGNAL_ADAPTIVE_DWA,8
444.0,SIGNAL_ADAPTIVE_DWA,8
444.5,SIGNAL_ADAPTIVE_DWA,8
445.0,SIGNAL_ADAPTIVE_DWA,8
445.5,SIGNAL_ADAPTIVE_DWA,8
446.0,SIGNAL_ADAPTIVE_DWA,8
446.5,SIGNAL_ADAPTIVE_DWA,8
447.0,SIGNAL_ADAPTIVE_DWA,8
447.5,SIGNAL_ADAPTIVE_DWA,8
448.0,SIGNAL_ADAPTIVE_DWA,8
448.5,SIGNAL_ADAPTIVE_DWA,8
449.0,SIGNAL_ADAPTIVE_DWA,8
449.5,SIGNAL_ADAPTIVE_DWA,8
450.0,SIGNAL_ADAPTIVE_DWA,8
450.5,SIGNAL_ADAPTIVE_DWA,8
451.0,SIGNAL_ADAPTIVE_DWA,8
451.5,SIGNAL_ADAPTIVE_DWA,8
452.0,SIGNAL_ADAPTIVE_DWA,8
452.5,SIGNAL_ADAPTIVE_DWA,8
453.0,SIGNAL_ADAPTIVE_DWA,8
453.5,SIGNAL_ADAPTIVE_DWA,8
454.0,SIGNAL_ADAPTIVE_DWA,8
454.5,SIGNAL_ADAPTIVE_DWA,8
455.0,SIGNAL_ADAPTIVE_DWA,8
455.5,SIGNAL_ADAPTIVE_DWA,8
456.0,SIGNAL_ADAPTIVE_DWA,8
456.5,SIGNAL_ADAPTIVE_DWA,8
457.0,SIGNAL_ADAPTIVE_DWA,8
457.5,SIGNAL_ADAPTIVE_DWA,8
458.0,SIGNAL_ADAPTIVE_DWA,8
458.5,SIGNAL_ADAPTIVE_DWA,8
459.0,SIGNAL_ADAPTIVE_DWA,8
459.5,SIGNAL_ADAPTIVE_DWA,8
460.0,SIGNAL_ADAPTIVE_DWA,8
460.5,SIGNAL_ADAPTIVE_DWA,8
461.0,SIGNAL_ADAPTIVE_DWA,8
461.5,SIGNAL_ADAPTIVE_DWA,8
462.0,SIGNAL_ADAPTIVE_DWA,8
462.5,SIGNAL_ADAPTIVE_DWA,8
463.0,SIGNAL_ADAPTIVE_DWA,8
463.5,SIGNAL_ADAPTIVE_DWA,8
464.0,SIGNAL_ADAPTIVE_DWA,8
464.5,SIGNAL_ADAPTIVE_DWA,8
465.0,SIGNAL_ADAPTIVE_DWA,8
465.5,SIGNAL_ADAPTIVE_DWA,8
466.0,SIGNAL_ADAPTIVE_DWA,8
466.5,SIGNAL_ADAPTIVE_DWA,8
467.0,SIGNAL_ADAPTIVE_DWA,8
467.5,SIGNAL_ADAPTIVE_DWA,8
468.0,SIGNAL_ADAPTIVE_DWA,8
468.5,SIGNAL_ADAPTIVE_DWA,8
469.0,SIGNAL_ADAPTIVE_DWA,8
469.5,SIGNAL_ADAPTIVE_DWA,8
470.0,SIGNAL_ADAPTIVE_DWA,8
470.5,SIGNAL_ADAPTIVE_DWA,8
471.0,SIGNAL_ADAPTIVE_DWA,8
471.5,SIGNAL_ADAPTIVE_DWA,8
472.0,SIGNAL_ADAPTIVE_DWA,8
472.5,SIGNAL_ADAPTIVE_DWA,8
473.0,SIGNAL_ADAPTIVE_DWA,8
473.5,SIGNAL_ADAPTIVE_DWA,8
474.0,SIGNAL_ADAPTIVE_DWA,8
474.5,SIGNAL_ADAPTIVE_DWA,8
475.0,SIGNAL_ADAPTIVE_DWA,8
475.5,SIGNAL_ADAPTIVE_DWA,8
476.0,SIGNAL_ADAPTIVE_DWA,8
476.5,SIGNAL_ADAPTIVE_DWA,8
477.0,SIGNAL_ADAPTIVE_DWA,8
477.5,SIGNAL_ADAPTIVE_DWA,8
478.0,SIGNAL_ADAPTIVE_DWA,8
478.5,SIGNAL_ADAPTIVE_DWA,8
479.0,SIGNAL_ADAPTIVE_DWA,8
479.5,SIGNAL_ADAPTIVE_DWA,8
480.0,SIGNAL_ADAPTIVE_DWA,8
480.5,SIGNAL_ADAPTIVE_DWA,8
481.0,SIGNAL_ADAPTIVE_DWA,8
481.5,SIGNAL_ADAPTIVE_DWA,8
482.0,SIGNAL_ADAPTIVE_DWA,8
482.5,SIGNAL_ADAPTIVE_DWA,8
483.0,SIGNAL_ADAPTIVE_DWA,8
483.5,SIGNAL_ADAPTIVE_DWA,8
484.0,SIGNAL_ADAPTIVE_DWA,8
484.5,SIGNAL_ADAPTIVE_DWA,8
485.0,SIGNAL_ADAPTIVE_DWA,8
485.5,SIGNAL_ADAPTIVE_DWA,8
486.0,SIGNAL_ADAPTIVE_DWA,8
486.5,SIGNAL_ADAPTIVE_DWA,8
487.0,SIGNAL_ADAPTIVE_DWA,8
487.5,SIGNAL_ADAPTIVE_DWA,8
488.0,SIGNAL_ADAPTIVE_DWA,8
488.5,SIGNAL_ADAPTIVE_DWA,8
489.0,SIGNAL_ADAPTIVE_DWA,8
489.5,SIGNAL_ADAPTIVE_DWA,8
490.0,SIGNAL_ADAPTIVE_DWA,8
490.5,SIGNAL_ADAPTIVE_DWA,8
491.0,SIGNAL_ADAPTIVE_DWA,8
491.5,SIGNAL_ADAPTIVE_DWA,8
492.0,SIGNAL_ADAPTIVE_DWA,8
492.5,SIGNAL_ADAPTIVE_DWA,8
493.0,SIGNAL_ADAPTIVE_DWA,8
493.5,SIGNAL_ADAPTIVE_DWA,8
494.0,SIGNAL_ADAPTIVE_DWA,8
494.5,SIGNAL_ADAPTIVE_DWA,8
495.0,SIGNAL_ADAPTIVE_DWA,8
495.5,SIGNAL_ADAPTIVE_DWA,8
496.0,SIGNAL_ADAPTIVE_DWA,8
496.5,SIGNAL_ADAPTIVE_DWA,8
497.0,SIGNAL_ADAPTIVE_DWA,8
497.5,SIGNAL_ADAPTIVE_DWA,8
498.0,SIGNAL_ADAPTIVE_DWA,8
498.5,SIGNAL_ADAPTIVE_DWA,8
499.0,SIGNAL_ADAPTIVE_DWA,8
499.5,SIGNAL_ADAPTIVE_DWA,8
500.0,SIGNAL_ADAPTIVE_DWA,8
500.5,SIGNAL_ADAPTIVE_DWA,8
501.0,SIGNAL_ADAPTIVE_DWA,8
501.5,SIGNAL_ADAPTIVE_DWA,8
502.0,SIGNAL_ADAPTIVE_DWA,8
502.5,SIGNAL_ADAPTIVE_DWA,8
503.0,SIGNAL_ADAPTIVE_DWA,8
503.5,SIGNAL_ADAPTIVE_DWA,8
504.0,SIGNAL_ADAPTIVE_DWA,8
504.5,SIGNAL_ADAPTIVE_DWA,8
505.0,SIGNAL_ADAPTIVE_DWA,8
505.5,SIGNAL_ADAPTIVE_DWA,8
506.0,SIGNAL_ADAPTIVE_DWA,8
506.5,SIGNAL_ADAPTIVE_DWA,8
507.0,SIGNAL_ADAPTIVE_DWA,8
507.5,SIGNAL_ADAPTIVE_DWA,8
508.0,SIGNAL_ADAPTIVE_DWA,8
508.5,SIGNAL_ADAPTIVE_DWA,8
509.0,SIGNAL_ADAPTIVE_DWA,8
509.5,SIGNAL_ADAPTIVE_DWA,8
510.0,SIGNAL_ADAPTIVE_DWA,8
510.5,SIGNAL_ADAPTIVE_DWA,8
511.0,SIGNAL_ADAPTIVE_DWA,8
511.5,SIGNAL_ADAPTIVE_DWA,8
512.0,SIGNAL_ADAPTIVE_DWA,8
512.5,SIGNAL_ADAPTIVE_DWA,8
513.0,SIGNAL_ADAPTIVE_DWA,8
513.5,SIGNAL_ADAPTIVE_DWA,8
514.0,SIGNAL_ADAPTIVE_DWA,8
514.5,SIGNAL_ADAPTIVE_DWA,8
515.0,SIGNAL_ADAPTIVE_DWA,8
515.5,SIGNAL_ADAPTIVE_DWA,8
516.0,SIGNAL_ADAPTIVE_DWA,8
516.5,SIGNAL_ADAPTIVE_DWA,8
517.0,SIGNAL_ADAPTIVE_DWA,8
517.5,SIGNAL_ADAPTIVE_DWA,8
518.0,SIGNAL_ADAPTIVE_DWA,8
518.5,SIGNAL_ADAPTIVE_DWA,8
519.0,SIGNAL_ADAPTIVE_DWA,18
519.5,SIGNAL_ADAPTIVE_DWA,18
520.0,SIGNAL_ADAPTIVE_DWA,18
520.5,SIGNAL_ADAPTIVE_DWA,18
521.0,SIGNAL_ADAPTIVE_DWA,18
521.5,SIGNAL_ADAPTIVE_DWA,18
522.0,SIGNAL_ADAPTIVE_DWA,18
522.5,SIGNAL_ADAPTIVE_DWA,18
523.0,SIGNAL_ADAPTIVE_DWA,18
523.5,SIGNAL_ADAPTIVE_DWA,18
524.0,SIGNAL_ADAPTIVE_DWA,18
524.5,SIGNAL_ADAPTIVE_DWA,18
525.0,SIGNAL_ADAPTIVE_DWA,18
525.5,SIGNAL_ADAPTIVE_DWA,18
526.0,SIGNAL_ADAPTIVE_DWA,18
526.5,SIGNAL_ADAPTIVE_DWA,18
527.0,SIGNAL_ADAPTIVE_DWA,18
527.5,SIGNAL_ADAPTIVE_DWA,18
528.0,SIGNAL_ADAPTIVE_DWA,18
528.5,SIGNAL_ADAPTIVE_DWA,18
529.0,SIGNAL_ADAPTIVE_DWA,18
529.5,SIGNAL_ADAPTIVE_DWA,18
530.0,SIGNAL_ADAPTIVE_DWA,18
530.5,SIGNAL_ADAPTIVE_DWA,18
531.0,SIGNAL_ADAPTIVE_DWA,18
531.5,SIGNAL_ADAPTIVE_DWA,18
532.0,SIGNAL_ADAPTIVE_DWA,18
532.5,SIGNAL_ADAPTIVE_DWA,18
533.0,SIGNAL_ADAPTIVE_DWA,18
533.5,SIGNAL_ADAPTIVE_DWA,18
534.0,SIGNAL_ADAPTIVE_DWA,18
534.5,SIGNAL_ADAPTIVE_DWA,18
535.0,SIGNAL_ADAPTIVE_DWA,18
535.5,SIGNAL_ADAPTIVE_DWA,18
536.0,SIGNAL_ADAPTIVE_DWA,18
536.5,SIGNAL_ADAPTIVE_DWA,18
537.0,SIGNAL_ADAPTIVE_DWA,18
537.5,SIGNAL_ADAPTIVE_DWA,18
538.0,SIGNAL_ADAPTIVE_DWA,18
538.5,SIGNAL_ADAPTIVE_DWA,18
539.0,SIGNAL_ADAPTIVE_DWA,18
539.5,SIGNAL_ADAPTIVE_DWA,18
540.0,SIGNAL_ADAPTIVE_DWA,18
540.5,SIGNAL_ADAPTIVE_DWA,18
541.0,SIGNAL_ADAPTIVE_DWA,18
541.5,SIGNAL_ADAPTIVE_DWA,18
542.0,SIGNAL_ADAPTIVE_DWA,18
542.5,SIGNAL_ADAPTIVE_DWA,18
543.0,SIGNAL_ADAPTIVE_DWA,18
543.5,SIGNAL_ADAPTIVE_DWA,18
544.0,SIGNAL_ADAPTIVE_DWA,18
544.5,SIGNAL_ADAPTIVE_DWA,18
545.0,SIGNAL_ADAPTIVE_DWA,18
545.5,SIGNAL_ADAPTIVE_DWA,14
546.0,SIGNAL_ADAPTIVE_DWA,14
546.5,SIGNAL_ADAPTIVE_DWA,14
547.0,SIGNAL_ADAPTIVE_DWA,14
547.5,SIGNAL_ADAPTIVE_DWA,14
548.0,SIGNAL_ADAPTIVE_DWA,14
548.5,SIGNAL_ADAPTIVE_DWA,14
549.0,SIGNAL_ADAPTIVE_DWA,14
549.5,SIGNAL_ADAPTIVE_DWA,14
550.0,SIGNAL_ADAPTIVE_DWA,14
550.5,SIGNAL_ADAPTIVE_DWA,14
551.0,SIGNAL_ADAPTIVE_DWA,14
551.5,SIGNAL_ADAPTIVE_DWA,14
552.0,SIGNAL_ADAPTIVE_DWA,14
552.5,SIGNAL_ADAPTIVE_DWA,14
553.0,SIGNAL_ADAPTIVE_DWA,14
553.5,SIGNAL_ADAPTIVE_DWA,14
554.0,SIGNAL_ADAPTIVE_DWA,14
554.5,SIGNAL_ADAPTIVE_DWA,14
555.0,SIGNAL_ADAPTIVE_DWA,14
555.5,SIGNAL_ADAPTIVE_DWA,14
556.0,SIGNAL_ADAPTIVE_DWA,14
556.5,SIGNAL_ADAPTIVE_DWA,14
557.0,SIGNAL_ADAPTIVE_DWA,14
557.5,SIGNAL_ADAPTIVE_DWA,14
558.0,SIGNAL_ADAPTIVE_DWA,14
558.5,SIGNAL_ADAPTIVE_DWA,14
559.0,SIGNAL_ADAPTIVE_DWA,14
559.5,SIGNAL_ADAPTIVE_DWA,14
560.0,SIGNAL_ADAPTIVE_DWA,14
560.5,SIGNAL_ADAPTIVE_DWA,14
561.0,SIGNAL_ADAPTIVE_DWA,14
561.5,SIGNAL_ADAPTIVE_DWA,14
562.0,SIGNAL_ADAPTIVE_DWA,14
562.5,SIGNAL_ADAPTIVE_DWA,14
563.0,SIGNAL_ADAPTIVE_DWA,14
563.5,SIGNAL_ADAPTIVE_DWA,14
564.0,SIGNAL_ADAPTIVE_DWA,14
564.5,SIGNAL_ADAPTIVE_DWA,14
565.0,SIGNAL_ADAPTIVE_DWA,14
565.5,SIGNAL_ADAPTIVE_DWA,14
566.0,SIGNAL_ADAPTIVE_DWA,14
566.5,SIGNAL_ADAPTIVE_DWA,14
567.0,SIGNAL_ADAPTIVE_DWA,14
567.5,SIGNAL_ADAPTIVE_DWA,14
568.0,SIGNAL_ADAPTIVE_DWA,14
568.5,SIGNAL_ADAPTIVE_DWA,18
569.0,SIGNAL_ADAPTIVE_DWA,18
569.5,SIGNAL_ADAPTIVE_DWA,18
570.0,SIGNAL_ADAPTIVE_DWA,18
570.5,SIGNAL_ADAPTIVE_DWA,18
571.0,SIGNAL_ADAPTIVE_DWA,18
571.5,SIGNAL_ADAPTIVE_DWA,18
572.0,SIGNAL_ADAPTIVE_DWA,18
572.5,SIGNAL_ADAPTIVE_DWA,18
573.0,SIGNAL_ADAPTIVE_DWA,18
573.5,SIGNAL_ADAPTIVE_DWA,18
574.0,SIGNAL_ADAPTIVE_DWA,18
574.5,SIGNAL_ADAPTIVE_DWA,18
575.0,SIGNAL_ADAPTIVE_DWA,18
575.5,SIGNAL_ADAPTIVE_DWA,18
576.0,SIGNAL_ADAPTIVE_DWA,18
576.5,SIGNAL_ADAPTIVE_DWA,18
577.0,SIGNAL_ADAPTIVE_DWA,18
577.5,SIGNAL_ADAPTIVE_DWA,18
578.0,SIGNAL_ADAPTIVE_DWA,18
578.5,SIGNAL_ADAPTIVE_DWA,18
579.0,SIGNAL_ADAPTIVE_DWA,18
579.5,SIGNAL_ADAPTIVE_DWA,18
580.0,SIGNAL_ADAPTIVE_DWA,18
580.5,SIGNAL_ADAPTIVE_DWA,18
581.0,SIGNAL_ADAPTIVE_DWA,18
581.5,SIGNAL_ADAPTIVE_DWA,18
582.0,SIGNAL_ADAPTIVE_DWA,18
582.5,SIGNAL_ADAPTIVE_DWA,18
583.0,SIGNAL_ADAPTIVE_DWA,18
583.5,SIGNAL_ADAPTIVE_DWA,18
584.0,SIGNAL_ADAPTIVE_DWA,18
584.5,SIGNAL_ADAPTIVE_DWA,18
585.0,SIGNAL_ADAPTIVE_DWA,18
585.5,SIGNAL_ADAPTIVE_DWA,18
586.0,SIGNAL_ADAPTIVE_DWA,18
586.5,SIGNAL_ADAPTIVE_DWA,18
587.0,SIGNAL_ADAPTIVE_DWA,18
587.5,SIGNAL_ADAPTIVE_DWA,18
588.0,SIGNAL_ADAPTIVE_DWA,18
588.5,SIGNAL_ADAPTIVE_DWA,18
589.0,SIGNAL_ADAPTIVE_DWA,18
589.5,SIGNAL_ADAPTIVE_DWA,18
590.0,SIGNAL_ADAPTIVE_DWA,18
590.5,SIGNAL_ADAPTIVE_DWA,18
591.0,SIGNAL_ADAPTIVE_DWA,18
591.5,SIGNAL_ADAPTIVE_DWA,18
592.0,SIGNAL_ADAPTIVE_DWA,18
592.5,SIGNAL_ADAPTIVE_DWA,18
593.0,SIGNAL_ADAPTIVE_DWA,18
593.5,SIGNAL_ADAPTIVE_DWA,18
594.0,SIGNAL_ADAPTIVE_DWA,14
594.5,SIGNAL_ADAPTIVE_DWA,14
595.0,SIGNAL_ADAPTIVE_DWA,14
595.5,SIGNAL_ADAPTIVE_DWA,14
596.0,SIGNAL_ADAPTIVE_DWA,14
596.5,SIGNAL_ADAPTIVE_DWA,14
597.0,SIGNAL_ADAPTIVE_DWA,14
597.5,SIGNAL_ADAPTIVE_DWA,14
598.0,SIGNAL_ADAPTIVE_DWA,14
598.5,SIGNAL_ADAPTIVE_DWA,14
599.0,SIGNAL_ADAPTIVE_DWA,14
599.5,SIGNAL_ADAPTIVE_DWA,14
600.0,SIGNAL_ADAPTIVE_DWA,14
600.5,SIGNAL_ADAPTIVE_DWA,14
601.0,SIGNAL_ADAPTIVE_DWA,14
601.5,SIGNAL_ADAPTIVE_DWA,14
602.0,SIGNAL_ADAPTIVE_DWA,14
602.5,SIGNAL_ADAPTIVE_DWA,14
603.0,SIGNAL_ADAPTIVE_DWA,14
603.5,SIGNAL_ADAPTIVE_DWA,14
604.0,SIGNAL_ADAPTIVE_DWA,14
604.5,SIGNAL_ADAPTIVE_DWA,14
605.0,SIGNAL_ADAPTIVE_DWA,14
605.5,SIGNAL_ADAPTIVE_DWA,14
606.0,SIGNAL_ADAPTIVE_DWA,14
606.5,SIGNAL_ADAPTIVE_DWA,14
607.0,SIGNAL_ADAPTIVE_DWA,14
607.5,SIGNAL_ADAPTIVE_DWA,14
608.0,SIGNAL_ADAPTIVE_DWA,14
608.5,SIGNAL_ADAPTIVE_DWA,14
609.0,SIGNAL_ADAPTIVE_DWA,14
609.5,SIGNAL_ADAPTIVE_DWA,14
610.0,SIGNAL_ADAPTIVE_DWA,14
610.5,SIGNAL_ADAPTIVE_DWA,14
611.0,SIGNAL_ADAPTIVE_DWA,14
611.5,SIGNAL_ADAPTIVE_DWA,14
612.0,SIGNAL_ADAPTIVE_DWA,14
612.5,SIGNAL_ADAPTIVE_DWA,14
613.0,SIGNAL_ADAPTIVE_DWA,14
613.5,SIGNAL_ADAPTIVE_DWA,14
614.0,SIGNAL_ADAPTIVE_DWA,14
614.5,SIGNAL_ADAPTIVE_DWA,14
615.0,SIGNAL_ADAPTIVE_DWA,14
615.5,SIGNAL_ADAPTIVE_DWA,14
616.0,SIGNAL_ADAPTIVE_DWA,14
616.5,SIGNAL_ADAPTIVE_DWA,14
617.0,SIGNAL_ADAPTIVE_DWA,14
617.5,SIGNAL_ADAPTIVE_DWA,14
618.0,SIGNAL_ADAPTIVE_DWA,14
618.5,SIGNAL_ADAPTIVE_DWA,18
619.0,SIGNAL_ADAPTIVE_DWA,18
619.5,SIGNAL_ADAPTIVE_DWA,18
620.0,SIGNAL_ADAPTIVE_DWA,18
620.5,SIGNAL_ADAPTIVE_DWA,18
621.0,SIGNAL_ADAPTIVE_DWA,18
621.5,SIGNAL_ADAPTIVE_DWA,18
622.0,SIGNAL_ADAPTIVE_DWA,18
622.5,SIGNAL_ADAPTIVE_DWA,18
623.0,SIGNAL_ADAPTIVE_DWA,18
623.5,SIGNAL_ADAPTIVE_DWA,18
624.0,SIGNAL_ADAPTIVE_DWA,18
624.5,SIGNAL_ADAPTIVE_DWA,18
625.0,SIGNAL_ADAPTIVE_DWA,18
625.5,SIGNAL_ADAPTIVE_DWA,18
626.0,SIGNAL_ADAPTIVE_DWA,18
626.5,SIGNAL_ADAPTIVE_DWA,18
627.0,SIGNAL_ADAPTIVE_DWA,18
627.5,SIGNAL_ADAPTIVE_DWA,18
628.0,SIGNAL_ADAPTIVE_DWA,18
628.5,SIGNAL_ADAPTIVE_DWA,18
629.0,SIGNAL_ADAPTIVE_DWA,18
629.5,SIGNAL_ADAPTIVE_DWA,18
630.0,SIGNAL_ADAPTIVE_DWA,18
630.5,SIGNAL_ADAPTIVE_DWA,18
631.0,SIGNAL_ADAPTIVE_DWA,18
631.5,SIGNAL_ADAPTIVE_DWA,18
632.0,SIGNAL_ADAPTIVE_DWA,18
632.5,SIGNAL_ADAPTIVE_DWA,18
633.0,SIGNAL_ADAPTIVE_DWA,18
633.5,SIGNAL_ADAPTIVE_DWA,18
634.0,SIGNAL_ADAPTIVE_DWA,18
634.5,SIGNAL_ADAPTIVE_DWA,18
635.0,SIGNAL_ADAPTIVE_DWA,18
635.5,SIGNAL_ADAPTIVE_DWA,18
636.0,SIGNAL_ADAPTIVE_DWA,18
636.5,SIGNAL_ADAPTIVE_DWA,18
637.0,SIGNAL_ADAPTIVE_DWA,18
637.5,SIGNAL_ADAPTIVE_DWA,18
638.0,SIGNAL_ADAPTIVE_DWA,18
638.5,SIGNAL_ADAPTIVE_DWA,18
639.0,SIGNAL_ADAPTIVE_DWA,18
639.5,SIGNAL_ADAPTIVE_DWA,18
640.0,SIGNAL_ADAPTIVE_DWA,18
640.5,SIGNAL_ADAPTIVE_DWA,18
641.0,SIGNAL_ADAPTIVE_DWA,18
641.5,SIGNAL_ADAPTIVE_DWA,18
642.0,SIGNAL_ADAPTIVE_DWA,18
642.5,SIGNAL_ADAPTIVE_DWA,18
643.0,SIGNAL_ADAPTIVE_DWA,18
643.5,SIGNAL_ADAPTIVE_DWA,18
644.0,SIGNAL_ADAPTIVE_DWA,18
644.5,SIGNAL_ADAPTIVE_DWA,18
645.0,SIGNAL_ADAPTIVE_DWA,18
645.5,SIGNAL_ADAPTIVE_DWA,18
646.0,SIGNAL_ADAPTIVE_DWA,18
646.5,SIGNAL_ADAPTIVE_DWA,18
647.0,SIGNAL_ADAPTIVE_DWA,18
647.5,SIGNAL_ADAPTIVE_DWA,18
648.0,SIGNAL_ADAPTIVE_DWA,18
648.5,SIGNAL_ADAPTIVE_DWA,18
649.0,SIGNAL_ADAPTIVE_DWA,18
649.5,SIGNAL_ADAPTIVE_DWA,18
650.0,SIGNAL_ADAPTIVE_DWA,18
650.5,SIGNAL_ADAPTIVE_DWA,18
651.0,SIGNAL_ADAPTIVE_DWA,18
651.5,SIGNAL_ADAPTIVE_DWA,18
652.0,SIGNAL_ADAPTIVE_DWA,18
652.5,SIGNAL_ADAPTIVE_DWA,18
653.0,SIGNAL_ADAPTIVE_DWA,18
653.5,SIGNAL_ADAPTIVE_DWA,18
654.0,SIGNAL_ADAPTIVE_DWA,18
654.5,SIGNAL_ADAPTIVE_DWA,18
655.0,SIGNAL_ADAPTIVE_DWA,18
655.5,SIGNAL_ADAPTIVE_DWA,18
656.0,SIGNAL_ADAPTIVE_DWA,18
656.5,SIGNAL_ADAPTIVE_DWA,18
657.0,SIGNAL_ADAPTIVE_DWA,18
657.5,SIGNAL_ADAPTIVE_DWA,18
658.0,SIGNAL_ADAPTIVE_DWA,14
658.5,SIGNAL_ADAPTIVE_DWA,14
659.0,SIGNAL_ADAPTIVE_DWA,14
659.5,SIGNAL_ADAPTIVE_DWA,14
660.0,SIGNAL_ADAPTIVE_DWA,14
660.5,SIGNAL_ADAPTIVE_DWA,14
661.0,SIGNAL_ADAPTIVE_DWA,14
661.5,SIGNAL_ADAPTIVE_DWA,14
662.0,SIGNAL_ADAPTIVE_DWA,14
662.5,SIGNAL_ADAPTIVE_DWA,14
663.0,SIGNAL_ADAPTIVE_DWA,14
663.5,SIGNAL_ADAPTIVE_DWA,14
664.0,SIGNAL_ADAPTIVE_DWA,14
664.5,SIGNAL_ADAPTIVE_DWA,14
665.0,SIGNAL_ADAPTIVE_DWA,14
665.5,SIGNAL_ADAPTIVE_DWA,14
666.0,SIGNAL_ADAPTIVE_DWA,14
666.5,SIGNAL_ADAPTIVE_DWA,14
667.0,SIGNAL_ADAPTIVE_DWA,14
667.5,SIGNAL_ADAPTIVE_DWA,14
668.0,SIGNAL_ADAPTIVE_DWA,14
668.5,SIGNAL_ADAPTIVE_DWA,14
669.0,SIGNAL_ADAPTIVE_DWA,14
669.5,SIGNAL_ADAPTIVE_DWA,14
670.0,SIGNAL_ADAPTIVE_DWA,14
670.5,SIGNAL_ADAPTIVE_DWA,14
671.0,SIGNAL_ADAPTIVE_DWA,14
671.5,SIGNAL_ADAPTIVE_DWA,14
672.0,SIGNAL_ADAPTIVE_DWA,14
672.5,SIGNAL_ADAPTIVE_DWA,14
673.0,SIGNAL_ADAPTIVE_DWA,14
673.5,SIGNAL_ADAPTIVE_DWA,14
674.0,SIGNAL_ADAPTIVE_DWA,14
674.5,SIGNAL_ADAPTIVE_DWA,14
675.0,SIGNAL_ADAPTIVE_DWA,14
675.5,SIGNAL_ADAPTIVE_DWA,14
676.0,SIGNAL_ADAPTIVE_DWA,14
676.5,SIGNAL_ADAPTIVE_DWA,14
677.0,SIGNAL_ADAPTIVE_DWA,14
677.5,SIGNAL_ADAPTIVE_DWA,14
678.0,SIGNAL_ADAPTIVE_DWA,14
678.5,SIGNAL_ADAPTIVE_DWA,14
679.0,SIGNAL_ADAPTIVE_DWA,14
679.5,SIGNAL_ADAPTIVE_DWA,14
680.0,SIGNAL_ADAPTIVE_DWA,18
680.5,SIGNAL_ADAPTIVE_DWA,18
681.0,SIGNAL_ADAPTIVE_DWA,18
681.5,SIGNAL_ADAPTIVE_DWA,18
682.0,SIGNAL_ADAPTIVE_DWA,18
682.5,SIGNAL_ADAPTIVE_DWA,18
683.0,SIGNAL_ADAPTIVE_DWA,18
683.5,SIGNAL_ADAPTIVE_DWA,18
684.0,SIGNAL_ADAPTIVE_DWA,18
684.5,SIGNAL_ADAPTIVE_DWA,18
685.0,SIGNAL_ADAPTIVE_DWA,18
685.5,SIGNAL_ADAPTIVE_DWA,18
686.0,SIGNAL_ADAPTIVE_DWA,18
686.5,SIGNAL_ADAPTIVE_DWA,18
687.0,SIGNAL_ADAPTIVE_DWA,18
687.5,SIGNAL_ADAPTIVE_DWA,18
688.0,SIGNAL_ADAPTIVE_DWA,18
688.5,SIGNAL_ADAPTIVE_DWA,18
689.0,SIGNAL_ADAPTIVE_DWA,18
689.5,SIGNAL_ADAPTIVE_DWA,18
690.0,SIGNAL_ADAPTIVE_DWA,18
690.5,SIGNAL_ADAPTIVE_DWA,18
691.0,SIGNAL_ADAPTIVE_DWA,18
691.5,SIGNAL_ADAPTIVE_DWA,18
692.0,SIGNAL_ADAPTIVE_DWA,18
692.5,SIGNAL_ADAPTIVE_DWA,18
693.0,SIGNAL_ADAPTIVE_DWA,18
693.5,SIGNAL_ADAPTIVE_DWA,18
694.0,SIGNAL_ADAPTIVE_DWA,18
694.5,SIGNAL_ADAPTIVE_DWA,18
695.0,SIGNAL_ADAPTIVE_DWA,18
695.5,SIGNAL_ADAPTIVE_DWA,18
696.0,SIGNAL_ADAPTIVE_DWA,18
696.5,SIGNAL_ADAPTIVE_DWA,18
697.0,SIGNAL_ADAPTIVE_DWA,18
697.5,SIGNAL_ADAPTIVE_DWA,18
698.0,SIGNAL_ADAPTIVE_DWA,18
698.5,SIGNAL_ADAPTIVE_DWA,18
699.0,SIGNAL_ADAPTIVE_DWA,18
699.5,SIGNAL_ADAPTIVE_DWA,18
700.0,SIGNAL_ADAPTIVE_DWA,18
700.5,SIGNAL_ADAPTIVE_DWA,18
701.0,SIGNAL_ADAPTIVE_DWA,18
701.5,SIGNAL_ADAPTIVE_DWA,18
702.0,SIGNAL_ADAPTIVE_DWA,18
702.5,SIGNAL_ADAPTIVE_DWA,18
703.0,SIGNAL_ADAPTIVE_DWA,18
703.5,SIGNAL_ADAPTIVE_DWA,18
704.0,SIGNAL_ADAPTIVE_DWA,18
704.5,SIGNAL_ADAPTIVE_DWA,18
705.0,SIGNAL_ADAPTIVE_DWA,18
705.5,SIGNAL_ADAPTIVE_DWA,18
706.0,SIGNAL_ADAPTIVE_DWA,18
706.5,SIGNAL_ADAPTIVE_DWA,18
707.0,SIGNAL_ADAPTIVE_DWA,18
707.5,SIGNAL_ADAPTIVE_DWA,18
708.0,SIGNAL_ADAPTIVE_DWA,18
708.5,SIGNAL_ADAPTIVE_DWA,18
709.0,SIGNAL_ADAPTIVE_DWA,18
709.5,SIGNAL_ADAPTIVE_DWA,18
710.0,SIGNAL_ADAPTIVE_DWA,18
710.5,SIGNAL_ADAPTIVE_DWA,18
711.0,SIGNAL_ADAPTIVE_DWA,18
711.5,SIGNAL_ADAPTIVE_DWA,18
712.0,SIGNAL_ADAPTIVE_DWA,18
712.5,SIGNAL_ADAPTIVE_DWA,18
713.0,SIGNAL_ADAPTIVE_DWA,18
713.5,SIGNAL_ADAPTIVE_DWA,18
714.0,SIGNAL_ADAPTIVE_DWA,18
714.5,SIGNAL_ADAPTIVE_DWA,18
715.0,SIGNAL_ADAPTIVE_DWA,18
715.5,SIGNAL_ADAPTIVE_DWA,18
716.0,SIGNAL_ADAPTIVE_DWA,18
716.5,SIGNAL_ADAPTIVE_DWA,18
717.0,SIGNAL_ADAPTIVE_DWA,18
717.5,SIGNAL_ADAPTIVE_DWA,18
718.0,SIGNAL_ADAPTIVE_DWA,18
718.5,SIGNAL_ADAPTIVE_DWA,18
719.0,SIGNAL_ADAPTIVE_DWA,18
719.5,SIGNAL_ADAPTIVE_DWA,18
720.0,SIGNAL_ADAPTIVE_DWA,18
720.5,SIGNAL_ADAPTIVE_DWA,18
721.0,SIGNAL_ADAPTIVE_DWA,18
721.5,SIGNAL_ADAPTIVE_DWA,18
722.0,SIGNAL_ADAPTIVE_DWA,18
722.5,SIGNAL_ADAPTIVE_DWA,18
723.0,SIGNAL_ADAPTIVE_DWA,18
723.5,SIGNAL_ADAPTIVE_DWA,18
724.0,SIGNAL_ADAPTIVE_DWA,18
724.5,SIGNAL_ADAPTIVE_DWA,18
725.0,SIGNAL_ADAPTIVE_DWA,18
725.5,SIGNAL_ADAPTIVE_DWA,18
726.0,SIGNAL_ADAPTIVE_DWA,18
726.5,SIGNAL_ADAPTIVE_DWA,18
727.0,SIGNAL_ADAPTIVE_DWA,18
727.5,SIGNAL_ADAPTIVE_DWA,18
728.0,SIGNAL_ADAPTIVE_DWA,18
728.5,SIGNAL_ADAPTIVE_DWA,18
729.0,SIGNAL_ADAPTIVE_DWA,18
729.5,SIGNAL_ADAPTIVE_DWA,18
730.0,SIGNAL_ADAPTIVE_DWA,18
730.5,SIGNAL_ADAPTIVE_DWA,18
731.0,SIGNAL_ADAPTIVE_DWA,18
731.5,SIGNAL_ADAPTIVE_DWA,18
732.0,SIGNAL_ADAPTIVE_DWA,18
732.5,SIGNAL_ADAPTIVE_DWA,18
733.0,SIGNAL_ADAPTIVE_DWA,18
733.5,SIGNAL_ADAPTIVE_DWA,18
734.0,SIGNAL_ADAPTIVE_DWA,18
734.5,SIGNAL_ADAPTIVE_DWA,18
735.0,SIGNAL_ADAPTIVE_DWA,18
735.5,SIGNAL_ADAPTIVE_DWA,18
736.0,SIGNAL_ADAPTIVE_DWA,18
736.5,SIGNAL_ADAPTIVE_DWA,9
737.0,SIGNAL_ADAPTIVE_DWA,9
737.5,SIGNAL_ADAPTIVE_DWA,18
738.0,SIGNAL_ADAPTIVE_DWA,18
738.5,SIGNAL_ADAPTIVE_DWA,9
739.0,SIGNAL_ADAPTIVE_DWA,9
739.5,SIGNAL_ADAPTIVE_DWA,9
740.0,SIGNAL_ADAPTIVE_DWA,9
740.5,SIGNAL_ADAPTIVE_DWA,9
741.0,SIGNAL_ADAPTIVE_DWA,9
741.5,SIGNAL_ADAPTIVE_DWA,9
742.0,SIGNAL_ADAPTIVE_DWA,9
742.5,SIGNAL_ADAPTIVE_DWA,9
743.0,SIGNAL_ADAPTIVE_DWA,9
743.5,SIGNAL_ADAPTIVE_DWA,9
744.0,SIGNAL_ADAPTIVE_DWA,9
744.5,SIGNAL_ADAPTIVE_DWA,9
745.0,SIGNAL_ADAPTIVE_DWA,9
745.5,SIGNAL_ADAPTIVE_DWA,9
746.0,SIGNAL_ADAPTIVE_DWA,9
746.5,SIGNAL_ADAPTIVE_DWA,9
747.0,SIGNAL_ADAPTIVE_DWA,9
747.5,SIGNAL_ADAPTIVE_DWA,9
748.0,SIGNAL_ADAPTIVE_DWA,9
748.5,SIGNAL_ADAPTIVE_DWA,9
749.0,SIGNAL_ADAPTIVE_DWA,9
749.5,SIGNAL_ADAPTIVE_DWA,9
750.0,SIGNAL_ADAPTIVE_DWA,9
750.5,SIGNAL_ADAPTIVE_DWA,9
751.0,SIGNAL_ADAPTIVE_DWA,9
751.5,SIGNAL_ADAPTIVE_DWA,9
752.0,SIGNAL_ADAPTIVE_DWA,9
752.5,SIGNAL_ADAPTIVE_DWA,9
753.0,SIGNAL_ADAPTIVE_DWA,9
753.5,SIGNAL_ADAPTIVE_DWA,9
754.0,SIGNAL_ADAPTIVE_DWA,9
754.5,SIGNAL_ADAPTIVE_DWA,9
755.0,SIGNAL_ADAPTIVE_DWA,9
755.5,SIGNAL_ADAPTIVE_DWA,9
756.0,SIGNAL_ADAPTIVE_DWA,9
756.5,SIGNAL_ADAPTIVE_DWA,9
757.0,SIGNAL_ADAPTIVE_DWA,9
757.5,SIGNAL_ADAPTIVE_DWA,9
758.0,SIGNAL_ADAPTIVE_DWA,9
758.5,SIGNAL_ADAPTIVE_DWA,9
759.0,SIGNAL_ADAPTIVE_DWA,9
759.5,SIGNAL_ADAPTIVE_DWA,9
760.0,SIGNAL_ADAPTIVE_DWA,9
760.5,SIGNAL_ADAPTIVE_DWA,9
761.0,SIGNAL_ADAPTIVE_DWA,9
761.5,SIGNAL_ADAPTIVE_DWA,9
762.0,SIGNAL_ADAPTIVE_DWA,9
762.5,SIGNAL_ADAPTIVE_DWA,9
763.0,SIGNAL_ADAPTIVE_DWA,9
763.5,SIGNAL_ADAPTIVE_DWA,9
764.0,SIGNAL_ADAPTIVE_DWA,9
764.5,SIGNAL_ADAPTIVE_DWA,9
765.0,SIGNAL_ADAPTIVE_DWA,9
765.5,SIGNAL_ADAPTIVE_DWA,9
766.0,SIGNAL_ADAPTIVE_DWA,9
766.5,SIGNAL_ADAPTIVE_DWA,9
767.0,SIGNAL_ADAPTIVE_DWA,9
767.5,SIGNAL_ADAPTIVE_DWA,9
768.0,SIGNAL_ADAPTIVE_DWA,9
768.5,SIGNAL_ADAPTIVE_DWA,9
769.0,SIGNAL_ADAPTIVE_DWA,9
769.5,SIGNAL_ADAPTIVE_DWA,9
770.0,SIGNAL_ADAPTIVE_DWA,9
770.5,SIGNAL_ADAPTIVE_DWA,9
771.0,SIGNAL_ADAPTIVE_DWA,9
771.5,SIGNAL_ADAPTIVE_DWA,9
772.0,SIGNAL_ADAPTIVE_DWA,9
772.5,SIGNAL_ADAPTIVE_DWA,9
773.0,SIGNAL_ADAPTIVE_DWA,9
773.5,SIGNAL_ADAPTIVE_DWA,9
774.0,SIGNAL_ADAPTIVE_DWA,9
774.5,SIGNAL_ADAPTIVE_DWA,9
775.0,SIGNAL_ADAPTIVE_DWA,9
775.5,SIGNAL_ADAPTIVE_DWA,9
776.0,SIGNAL_ADAPTIVE_DWA,9
776.5,SIGNAL_ADAPTIVE_DWA,9
777.0,SIGNAL_ADAPTIVE_DWA,9
777.5,SIGNAL_ADAPTIVE_DWA,9
778.0,SIGNAL_ADAPTIVE_DWA,9
778.5,SIGNAL_ADAPTIVE_DWA,9
779.0,SIGNAL_ADAPTIVE_DWA,9
779.5,SIGNAL_ADAPTIVE_DWA,9
780.0,SIGNAL_ADAPTIVE_DWA,9
780.5,SIGNAL_ADAPTIVE_DWA,9
781.0,SIGNAL_ADAPTIVE_DWA,9
781.5,SIGNAL_ADAPTIVE_DWA,9
782.0,SIGNAL_ADAPTIVE_DWA,9
782.5,SIGNAL_ADAPTIVE_DWA,9
783.0,SIGNAL_ADAPTIVE_DWA,9
783.5,SIGNAL_ADAPTIVE_DWA,9
784.0,SIGNAL_ADAPTIVE_DWA,9
784.5,SIGNAL_ADAPTIVE_DWA,9
785.0,SIGNAL_ADAPTIVE_DWA,9
785.5,SIGNAL_ADAPTIVE_DWA,9
786.0,SIGNAL_ADAPTIVE_DWA,9
786.5,SIGNAL_ADAPTIVE_DWA,9
787.0,SIGNAL_ADAPTIVE_DWA,9
787.5,SIGNAL_ADAPTIVE_DWA,9
788.0,SIGNAL_ADAPTIVE_DWA,9
788.5,SIGNAL_ADAPTIVE_DWA,9
789.0,SIGNAL_ADAPTIVE_DWA,9
789.5,SIGNAL_ADAPTIVE_DWA,9
790.0,SIGNAL_ADAPTIVE_DWA,9
790.5,SIGNAL_ADAPTIVE_DWA,9
791.0,SIGNAL_ADAPTIVE_DWA,9
791.5,SIGNAL_ADAPTIVE_DWA,9
792.0,SIGNAL_ADAPTIVE_DWA,9
792.5,SIGNAL_ADAPTIVE_DWA,9
793.0,SIGNAL_ADAPTIVE_DWA,9
793.5,SIGNAL_ADAPTIVE_DWA,9
794.0,SIGNAL_ADAPTIVE_DWA,9
794.5,SIGNAL_ADAPTIVE_DWA,9
795.0,SIGNAL_ADAPTIVE_DWA,9
795.5,SIGNAL_ADAPTIVE_DWA,9
796.0,SIGNAL_ADAPTIVE_DWA,9
796.5,SIGNAL_ADAPTIVE_DWA,9
797.0,SIGNAL_ADAPTIVE_DWA,9
797.5,SIGNAL_ADAPTIVE_DWA,9
798.0,SIGNAL_ADAPTIVE_DWA,9
798.5,SIGNAL_ADAPTIVE_DWA,9
799.0,SIGNAL_ADAPTIVE_DWA,9
799.5,SIGNAL_ADAPTIVE_DWA,9
800.0,SIGNAL_ADAPTIVE_DWA,9
800.5,SIGNAL_ADAPTIVE_DWA,9
801.0,SIGNAL_ADAPTIVE_DWA,9
801.5,SIGNAL_ADAPTIVE_DWA,9
802.0,SIGNAL_ADAPTIVE_DWA,9
802.5,SIGNAL_ADAPTIVE_DWA,9
803.0,SIGNAL_ADAPTIVE_DWA,18
803.5,SIGNAL_ADAPTIVE_DWA,18
804.0,SIGNAL_ADAPTIVE_DWA,18
804.5,SIGNAL_ADAPTIVE_DWA,18
805.0,SIGNAL_ADAPTIVE_DWA,18
805.5,SIGNAL_ADAPTIVE_DWA,18
806.0,SIGNAL_ADAPTIVE_DWA,18
806.5,SIGNAL_ADAPTIVE_DWA,18
807.0,SIGNAL_ADAPTIVE_DWA,18
807.5,SIGNAL_ADAPTIVE_DWA,18
808.0,SIGNAL_ADAPTIVE_DWA,18
808.5,SIGNAL_ADAPTIVE_DWA,18
809.0,SIGNAL_ADAPTIVE_DWA,18
809.5,SIGNAL_ADAPTIVE_DWA,18
810.0,SIGNAL_ADAPTIVE_DWA,18
810.5,SIGNAL_ADAPTIVE_DWA,18
811.0,SIGNAL_ADAPTIVE_DWA,18
811.5,SIGNAL_ADAPTIVE_DWA,18
812.0,SIGNAL_ADAPTIVE_DWA,18
812.5,SIGNAL_ADAPTIVE_DWA,18
813.0,SIGNAL_ADAPTIVE_DWA,18
813.5,SIGNAL_ADAPTIVE_DWA,18
814.0,SIGNAL_ADAPTIVE_DWA,18
814.5,SIGNAL_ADAPTIVE_DWA,18
815.0,SIGNAL_ADAPTIVE_DWA,18
815.5,SIGNAL_ADAPTIVE_DWA,18
816.0,SIGNAL_ADAPTIVE_DWA,18
816.5,SIGNAL_ADAPTIVE_DWA,18
817.0,SIGNAL_ADAPTIVE_DWA,18
817.5,SIGNAL_ADAPTIVE_DWA,18
818.0,SIGNAL_ADAPTIVE_DWA,18
818.5,SIGNAL_ADAPTIVE_DWA,18
819.0,SIGNAL_ADAPTIVE_DWA,18
819.5,SIGNAL_ADAPTIVE_DWA,18
820.0,SIGNAL_ADAPTIVE_DWA,18
820.5,SIGNAL_ADAPTIVE_DWA,18
821.0,SIGNAL_ADAPTIVE_DWA,18
821.5,SIGNAL_ADAPTIVE_DWA,18
822.0,SIGNAL_ADAPTIVE_DWA,18
822.5,SIGNAL_ADAPTIVE_DWA,18
823.0,SIGNAL_ADAPTIVE_DWA,18
823.5,SIGNAL_ADAPTIVE_DWA,18
824.0,SIGNAL_ADAPTIVE_DWA,18
824.5,SIGNAL_ADAPTIVE_DWA,18
825.0,SIGNAL_ADAPTIVE_DWA,18
825.5,SIGNAL_ADAPTIVE_DWA,15
826.0,SIGNAL_ADAPTIVE_DWA,15
826.5,SIGNAL_ADAPTIVE_DWA,15
827.0,SIGNAL_ADAPTIVE_DWA,15
827.5,SIGNAL_ADAPTIVE_DWA,15
828.0,SIGNAL_ADAPTIVE_DWA,15
828.5,SIGNAL_ADAPTIVE_DWA,15
829.0,SIGNAL_ADAPTIVE_DWA,15
829.5,SIGNAL_ADAPTIVE_DWA,15
830.0,SIGNAL_ADAPTIVE_DWA,15
830.5,SIGNAL_ADAPTIVE_DWA,15
831.0,SIGNAL_ADAPTIVE_DWA,15
831.5,SIGNAL_ADAPTIVE_DWA,15
832.0,SIGNAL_ADAPTIVE_DWA,15
832.5,SIGNAL_ADAPTIVE_DWA,15
833.0,SIGNAL_ADAPTIVE_DWA,15
833.5,SIGNAL_ADAPTIVE_DWA,15
834.0,SIGNAL_ADAPTIVE_DWA,15
834.5,SIGNAL_ADAPTIVE_DWA,15
835.0,SIGNAL_ADAPTIVE_DWA,15
835.5,SIGNAL_ADAPTIVE_DWA,15
836.0,SIGNAL_ADAPTIVE_DWA,15
836.5,SIGNAL_ADAPTIVE_DWA,15
837.0,SIGNAL_ADAPTIVE_DWA,15
837.5,SIGNAL_ADAPTIVE_DWA,15
838.0,SIGNAL_ADAPTIVE_DWA,15
838.5,SIGNAL_ADAPTIVE_DWA,15
839.0,SIGNAL_ADAPTIVE_DWA,15
839.5,SIGNAL_ADAPTIVE_DWA,15
840.0,SIGNAL_ADAPTIVE_DWA,15
840.5,SIGNAL_ADAPTIVE_DWA,15
841.0,SIGNAL_ADAPTIVE_DWA,15
841.5,SIGNAL_ADAPTIVE_DWA,15
842.0,SIGNAL_ADAPTIVE_DWA,15
842.5,SIGNAL_ADAPTIVE_DWA,15
843.0,SIGNAL_ADAPTIVE_DWA,15
843.5,SIGNAL_ADAPTIVE_DWA,15
844.0,SIGNAL_ADAPTIVE_DWA,15
844.5,SIGNAL_ADAPTIVE_DWA,15
845.0,SIGNAL_ADAPTIVE_DWA,15
845.5,SIGNAL_ADAPTIVE_DWA,15
846.0,SIGNAL_ADAPTIVE_DWA,15
846.5,SIGNAL_ADAPTIVE_DWA,15
847.0,SIGNAL_ADAPTIVE_DWA,15
847.5,SIGNAL_ADAPTIVE_DWA,15
848.0,SIGNAL_ADAPTIVE_DWA,15
848.5,SIGNAL_ADAPTIVE_DWA,15
849.0,SIGNAL_ADAPTIVE_DWA,15
849.5,SIGNAL_ADAPTIVE_DWA,15
850.0,SIGNAL_ADAPTIVE_DWA,15
850.5,SIGNAL_ADAPTIVE_DWA,15
851.0,SIGNAL_ADAPTIVE_DWA,15
851.5,SIGNAL_ADAPTIVE_DWA,15
852.0,SIGNAL_ADAPTIVE_DWA,15
852.5,SIGNAL_ADAPTIVE_DWA,15
853.0,SIGNAL_ADAPTIVE_DWA,15
853.5,SIGNAL_ADAPTIVE_DWA,15
854.0,SIGNAL_ADAPTIVE_DWA,15
854.5,SIGNAL_ADAPTIVE_DWA,15
855.0,SIGNAL_ADAPTIVE_DWA,15
855.5,SIGNAL_ADAPTIVE_DWA,15
856.0,SIGNAL_ADAPTIVE_DWA,15
856.5,SIGNAL_ADAPTIVE_DWA,15
857.0,SIGNAL_ADAPTIVE_DWA,15
857.5,SIGNAL_ADAPTIVE_DWA,15
858.0,SIGNAL_ADAPTIVE_DWA,15
858.5,SIGNAL_ADAPTIVE_DWA,15
859.0,SIGNAL_ADAPTIVE_DWA,15
859.5,SIGNAL_ADAPTIVE_DWA,15
860.0,SIGNAL_ADAPTIVE_DWA,15
860.5,SIGNAL_ADAPTIVE_DWA,15
861.0,SIGNAL_ADAPTIVE_DWA,15
861.5,SIGNAL_ADAPTIVE_DWA,15
862.0,SIGNAL_ADAPTIVE_DWA,15
862.5,SIGNAL_ADAPTIVE_DWA,15
863.0,SIGNAL_ADAPTIVE_DWA,15
863.5,SIGNAL_ADAPTIVE_DWA,15
864.0,SIGNAL_ADAPTIVE_DWA,15
864.5,SIGNAL_ADAPTIVE_DWA,15
865.0,SIGNAL_ADAPTIVE_DWA,15
865.5,SIGNAL_ADAPTIVE_DWA,15
866.0,SIGNAL_ADAPTIVE_DWA,15
866.5,SIGNAL_ADAPTIVE_DWA,15
867.0,SIGNAL_ADAPTIVE_DWA,15
867.5,SIGNAL_ADAPTIVE_DWA,15
868.0,SIGNAL_ADAPTIVE_DWA,15
868.5,SIGNAL_ADAPTIVE_DWA,15
869.0,SIGNAL_ADAPTIVE_DWA,15
869.5,SIGNAL_ADAPTIVE_DWA,15
870.0,SIGNAL_ADAPTIVE_DWA,15
870.5,SIGNAL_ADAPTIVE_DWA,15
871.0,SIGNAL_ADAPTIVE_DWA,15
871.5,SIGNAL_ADAPTIVE_DWA,15
872.0,SIGNAL_ADAPTIVE_DWA,15
872.5,SIGNAL_ADAPTIVE_DWA,15
873.0,SIGNAL_ADAPTIVE_DWA,15
873.5,SIGNAL_ADAPTIVE_DWA,15
874.0,SIGNAL_ADAPTIVE_DWA,15
874.5,SIGNAL_ADAPTIVE_DWA,15
875.0,SIGNAL_ADAPTIVE_DWA,15
875.5,SIGNAL_ADAPTIVE_DWA,15
876.0,SIGNAL_ADAPTIVE_DWA,15
876.5,SIGNAL_ADAPTIVE_DWA,15
877.0,SIGNAL_ADAPTIVE_DWA,15
877.5,SIGNAL_ADAPTIVE_DWA,15
878.0,SIGNAL_ADAPTIVE_DWA,15
878.5,SIGNAL_ADAPTIVE_DWA,15
879.0,SIGNAL_ADAPTIVE_DWA,15
879.5,SIGNAL_ADAPTIVE_DWA,15
880.0,SIGNAL_ADAPTIVE_DWA,15
880.5,SIGNAL_ADAPTIVE_DWA,15
881.0,SIGNAL_ADAPTIVE_DWA,15
881.5,SIGNAL_ADAPTIVE_DWA,15
882.0,SIGNAL_ADAPTIVE_DWA,15
882.5,SIGNAL_ADAPTIVE_DWA,15
883.0,SIGNAL_ADAPTIVE_DWA,15
883.5,SIGNAL_ADAPTIVE_DWA,15
884.0,SIGNAL_ADAPTIVE_DWA,15
884.5,SIGNAL_ADAPTIVE_DWA,15
885.0,SIGNAL_ADAPTIVE_DWA,15
885.5,SIGNAL_ADAPTIVE_DWA,15
886.0,SIGNAL_ADAPTIVE_DWA,15
886.5,SIGNAL_ADAPTIVE_DWA,15
887.0,SIGNAL_ADAPTIVE_DWA,15
887.5,SIGNAL_ADAPTIVE_DWA,15
888.0,SIGNAL_ADAPTIVE_DWA,15
888.5,SIGNAL_ADAPTIVE_DWA,15
889.0,SIGNAL_ADAPTIVE_DWA,15
889.5,SIGNAL_ADAPTIVE_DWA,15
890.0,SIGNAL_ADAPTIVE_DWA,15
890.5,SIGNAL_ADAPTIVE_DWA,15
891.0,SIGNAL_ADAPTIVE_DWA,15
891.5,SIGNAL_ADAPTIVE_DWA,15
892.0,SIGNAL_ADAPTIVE_DWA,15
892.5,SIGNAL_ADAPTIVE_DWA,15
893.0,SIGNAL_ADAPTIVE_DWA,15
893.5,SIGNAL_ADAPTIVE_DWA,15
894.0,SIGNAL_ADAPTIVE_DWA,15
894.5,SIGNAL_ADAPTIVE_DWA,15
895.0,SIGNAL_ADAPTIVE_DWA,15
895.5,SIGNAL_ADAPTIVE_DWA,15
896.0,SIGNAL_ADAPTIVE_DWA,15
896.5,SIGNAL_ADAPTIVE_DWA,15
897.0,SIGNAL_ADAPTIVE_DWA,15
897.5,SIGNAL_ADAPTIVE_DWA,15
898.0,SIGNAL_ADAPTIVE_DWA,15
898.5,SIGNAL_ADAPTIVE_DWA,15
899.0,SIGNAL_ADAPTIVE_DWA,15
899.5,SIGNAL_ADAPTIVE_DWA,15
900.0,SIGNAL_ADAPTIVE_DWA,15
900.5,SIGNAL_ADAPTIVE_DWA,15
901.0,SIGNAL_ADAPTIVE_DWA,15
901.5,SIGNAL_ADAPTIVE_DWA,15
902.0,SIGNAL_ADAPTIVE_DWA,15
902.5,SIGNAL_ADAPTIVE_DWA,15
903.0,SIGNAL_ADAPTIVE_DWA,15
903.5,SIGNAL_ADAPTIVE_DWA,15
904.0,SIGNAL_ADAPTIVE_DWA,15
904.5,SIGNAL_ADAPTIVE_DWA,15
905.0,SIGNAL_ADAPTIVE_DWA,15
905.5,SIGNAL_ADAPTIVE_DWA,15
906.0,SIGNAL_ADAPTIVE_DWA,15
906.5,SIGNAL_ADAPTIVE_DWA,15
907.0,SIGNAL_ADAPTIVE_DWA,15
907.5,SIGNAL_ADAPTIVE_DWA,15
908.0,SIGNAL_ADAPTIVE_DWA,15
908.5,SIGNAL_ADAPTIVE_DWA,15
909.0,SIGNAL_ADAPTIVE_DWA,15
909.5,SIGNAL_ADAPTIVE_DWA,15
910.0,SIGNAL_ADAPTIVE_DWA,15
910.5,SIGNAL_ADAPTIVE_DWA,15
911.0,SIGNAL_ADAPTIVE_DWA,15
911.5,SIGNAL_ADAPTIVE_DWA,15
912.0,SIGNAL_ADAPTIVE_DWA,15
912.5,SIGNAL_ADAPTIVE_DWA,15
913.0,SIGNAL_ADAPTIVE_DWA,15
913.5,SIGNAL_ADAPTIVE_DWA,15
914.0,SIGNAL_ADAPTIVE_DWA,15
914.5,SIGNAL_ADAPTIVE_DWA,15
915.0,SIGNAL_ADAPTIVE_DWA,15
915.5,SIGNAL_ADAPTIVE_DWA,15
916.0,SIGNAL_ADAPTIVE_DWA,15
916.5,SIGNAL_ADAPTIVE_DWA,15
917.0,SIGNAL_ADAPTIVE_DWA,15
917.5,SIGNAL_ADAPTIVE_DWA,15
918.0,SIGNAL_ADAPTIVE_DWA,15
918.5,SIGNAL_ADAPTIVE_DWA,15
919.0,SIGNAL_ADAPTIVE_DWA,15
919.5,SIGNAL_ADAPTIVE_DWA,15
920.0,SIGNAL_ADAPTIVE_DWA,15
920.5,SIGNAL_ADAPTIVE_DWA,15
921.0,SIGNAL_ADAPTIVE_DWA,15
921.5,SIGNAL_ADAPTIVE_DWA,15
922.0,SIGNAL_ADAPTIVE_DWA,15
922.5,SIGNAL_ADAPTIVE_DWA,15
923.0,SIGNAL_ADAPTIVE_DWA,15
923.5,SIGNAL_ADAPTIVE_DWA,15
924.0,SIGNAL_ADAPTIVE_DWA,15
924.5,SIGNAL_ADAPTIVE_DWA,15
925.0,SIGNAL_ADAPTIVE_DWA,15
925.5,SIGNAL_ADAPTIVE_DWA,15
926.0,SIGNAL_ADAPTIVE_DWA,15
926.5,SIGNAL_ADAPTIVE_DWA,15
927.0,SIGNAL_ADAPTIVE_DWA,15
927.5,SIGNAL_ADAPTIVE_DWA,15
928.0,SIGNAL_ADAPTIVE_DWA,15
928.5,SIGNAL_ADAPTIVE_DWA,15
929.0,SIGNAL_ADAPTIVE_DWA,15
929.5,SIGNAL_ADAPTIVE_DWA,15
930.0,SIGNAL_ADAPTIVE_DWA,15
930.5,SIGNAL_ADAPTIVE_DWA,15
931.0,SIGNAL_ADAPTIVE_DWA,15
931.5,SIGNAL_ADAPTIVE_DWA,15
932.0,SIGNAL_ADAPTIVE_DWA,15
932.5,SIGNAL_ADAPTIVE_DWA,15
933.0,SIGNAL_ADAPTIVE_DWA,15
933.5,SIGNAL_ADAPTIVE_DWA,15
934.0,SIGNAL_ADAPTIVE_DWA,15
934.5,SIGNAL_ADAPTIVE_DWA,18
935.0,SIGNAL_ADAPTIVE_DWA,18
935.5,SIGNAL_ADAPTIVE_DWA,18
936.0,SIGNAL_ADAPTIVE_DWA,18
936.5,SIGNAL_ADAPTIVE_DWA,18
937.0,SIGNAL_ADAPTIVE_DWA,18
937.5,SIGNAL_ADAPTIVE_DWA,18
938.0,SIGNAL_ADAPTIVE_DWA,18
938.5,SIGNAL_ADAPTIVE_DWA,18
939.0,SIGNAL_ADAPTIVE_DWA,18
939.5,SIGNAL_ADAPTIVE_DWA,18
940.0,SIGNAL_ADAPTIVE_DWA,18
940.5,SIGNAL_ADAPTIVE_DWA,18
941.0,SIGNAL_ADAPTIVE_DWA,18
941.5,SIGNAL_ADAPTIVE_DWA,18
942.0,SIGNAL_ADAPTIVE_DWA,18
942.5,SIGNAL_ADAPTIVE_DWA,18
943.0,SIGNAL_ADAPTIVE_DWA,18
943.5,SIGNAL_ADAPTIVE_DWA,18
944.0,SIGNAL_ADAPTIVE_DWA,18
944.5,SIGNAL_ADAPTIVE_DWA,18
945.0,SIGNAL_ADAPTIVE_DWA,18
945.5,SIGNAL_ADAPTIVE_DWA,18
946.0,SIGNAL_ADAPTIVE_DWA,18
946.5,SIGNAL_ADAPTIVE_DWA,18
947.0,SIGNAL_ADAPTIVE_DWA,18
947.5,SIGNAL_ADAPTIVE_DWA,18
948.0,SIGNAL_ADAPTIVE_DWA,18
948.5,SIGNAL_ADAPTIVE_DWA,18
949.0,SIGNAL_ADAPTIVE_DWA,18
949.5,SIGNAL_ADAPTIVE_DWA,18
950.0,SIGNAL_ADAPTIVE_DWA,18
950.5,SIGNAL_ADAPTIVE_DWA,18
951.0,SIGNAL_ADAPTIVE_DWA,18
951.5,SIGNAL_ADAPTIVE_DWA,18
952.0,SIGNAL_ADAPTIVE_DWA,18
952.5,SIGNAL_ADAPTIVE_DWA,18
953.0,SIGNAL_ADAPTIVE_DWA,18
953.5,SIGNAL_ADAPTIVE_DWA,18
954.0,SIGNAL_ADAPTIVE_DWA,18
954.5,SIGNAL_ADAPTIVE_DWA,18
955.0,SIGNAL_ADAPTIVE_DWA,18
955.5,SIGNAL_ADAPTIVE_DWA,18
956.0,SIGNAL_ADAPTIVE_DWA,18
956.5,SIGNAL_ADAPTIVE_DWA,18
957.0,SIGNAL_ADAPTIVE_DWA,18
957.5,SIGNAL_ADAPTIVE_DWA,18
958.0,SIGNAL_ADAPTIVE_DWA,18
958.5,SIGNAL_ADAPTIVE_DWA,18
959.0,SIGNAL_ADAPTIVE_DWA,18
959.5,SIGNAL_ADAPTIVE_DWA,18
960.0,SIGNAL_ADAPTIVE_DWA,18
960.5,SIGNAL_ADAPTIVE_DWA,18
961.0,SIGNAL_ADAPTIVE_DWA,18
961.5,SIGNAL_ADAPTIVE_DWA,18
962.0,SIGNAL_ADAPTIVE_DWA,18
962.5,SIGNAL_ADAPTIVE_DWA,18
963.0,SIGNAL_ADAPTIVE_DWA,18
963.5,SIGNAL_ADAPTIVE_DWA,18
964.0,SIGNAL_ADAPTIVE_DWA,18
964.5,SIGNAL_ADAPTIVE_DWA,18
965.0,SIGNAL_ADAPTIVE_DWA,18
965.5,SIGNAL_ADAPTIVE_DWA,18
966.0,SIGNAL_ADAPTIVE_DWA,18
966.5,SIGNAL_ADAPTIVE_DWA,18
967.0,SIGNAL_ADAPTIVE_DWA,18
967.5,SIGNAL_ADAPTIVE_DWA,18
968.0,SIGNAL_ADAPTIVE_DWA,18
968.5,SIGNAL_ADAPTIVE_DWA,18
969.0,SIGNAL_ADAPTIVE_DWA,18
969.5,SIGNAL_ADAPTIVE_DWA,18
970.0,SIGNAL_ADAPTIVE_DWA,18
970.5,SIGNAL_ADAPTIVE_DWA,18
971.0,SIGNAL_ADAPTIVE_DWA,18
971.5,SIGNAL_ADAPTIVE_DWA,18
972.0,SIGNAL_ADAPTIVE_DWA,18
972.5,SIGNAL_ADAPTIVE_DWA,18
973.0,SIGNAL_ADAPTIVE_DWA,18
973.5,SIGNAL_ADAPTIVE_DWA,18
974.0,SIGNAL_ADAPTIVE_DWA,18
974.5,SIGNAL_ADAPTIVE_DWA,18
975.0,SIGNAL_ADAPTIVE_DWA,18
975.5,SIGNAL_ADAPTIVE_DWA,18
976.0,SIGNAL_ADAPTIVE_DWA,18
976.5,SIGNAL_ADAPTIVE_DWA,18
977.0,SIGNAL_ADAPTIVE_DWA,18
977.5,SIGNAL_ADAPTIVE_DWA,18
978.0,SIGNAL_ADAPTIVE_DWA,18
978.5,SIGNAL_ADAPTIVE_DWA,18
979.0,SIGNAL_ADAPTIVE_DWA,18
979.5,SIGNAL_ADAPTIVE_DWA,18
980.0,SIGNAL_ADAPTIVE_DWA,18
980.5,SIGNAL_ADAPTIVE_DWA,18
981.0,SIGNAL_ADAPTIVE_DWA,18
981.5,SIGNAL_ADAPTIVE_DWA,18
982.0,SIGNAL_ADAPTIVE_DWA,18
982.5,SIGNAL_ADAPTIVE_DWA,18
983.0,SIGNAL_ADAPTIVE_DWA,18
983.5,SIGNAL_ADAPTIVE_DWA,18
984.0,SIGNAL_ADAPTIVE_DWA,18
984.5,SIGNAL_ADAPTIVE_DWA,18
985.0,SIGNAL_ADAPTIVE_DWA,18
985.5,SIGNAL_ADAPTIVE_DWA,18
986.0,SIGNAL_ADAPTIVE_DWA,18
986.5,SIGNAL_ADAPTIVE_DWA,18
987.0,SIGNAL_ADAPTIVE_DWA,18
987.5,SIGNAL_ADAPTIVE_DWA,18
988.0,SIGNAL_ADAPTIVE_DWA,18
988.5,SIGNAL_ADAPTIVE_DWA,18
989.0,SIGNAL_ADAPTIVE_DWA,18
989.5,SIGNAL_ADAPTIVE_DWA,18
990.0,SIGNAL_ADAPTIVE_DWA,18
990.5,SIGNAL_ADAPTIVE_DWA,18
991.0,SIGNAL_ADAPTIVE_DWA,18
991.5,SIGNAL_ADAPTIVE_DWA,18
992.0,SIGNAL_ADAPTIVE_DWA,18
992.5,SIGNAL_ADAPTIVE_DWA,18
993.0,SIGNAL_ADAPTIVE_DWA,18
993.5,SIGNAL_ADAPTIVE_DWA,18
994.0,SIGNAL_ADAPTIVE_DWA,18
994.5,SIGNAL_ADAPTIVE_DWA,18
995.0,SIGNAL_ADAPTIVE_DWA,18
995.5,SIGNAL_ADAPTIVE_DWA,18
996.0,SIGNAL_ADAPTIVE_DWA,18
996.5,SIGNAL_ADAPTIVE_DWA,18
997.0,SIGNAL_ADAPTIVE_DWA,18
997.5,SIGNAL_ADAPTIVE_DWA,18
998.0,SIGNAL_ADAPTIVE_DWA,18
998.5,SIGNAL_ADAPTIVE_DWA,18
999.0,SIGNAL_ADAPTIVE_DWA,18
999.5,SIGNAL_ADAPTIVE_DWA,18
1000.0,SIGNAL_ADAPTIVE_DWA,18
1000.5,SIGNAL_ADAPTIVE_DWA,18
1001.0,SIGNAL_ADAPTIVE_DWA,18
1001.5,SIGNAL_ADAPTIVE_DWA,18
1002.0,SIGNAL_ADAPTIVE_DWA,18
1002.5,SIGNAL_ADAPTIVE_DWA,18
1003.0,SIGNAL_ADAPTIVE_DWA,18
1003.5,SIGNAL_ADAPTIVE_DWA,18
1004.0,SIGNAL_ADAPTIVE_DWA,18
1004.5,SIGNAL_ADAPTIVE_DWA,18
1005.0,SIGNAL_ADAPTIVE_DWA,18
1005.5,SIGNAL_ADAPTIVE_DWA,18
1006.0,SIGNAL_ADAPTIVE_DWA,18
1006.5,SIGNAL_ADAPTIVE_DWA,18
1007.0,SIGNAL_ADAPTIVE_DWA,17
1007.5,SIGNAL_ADAPTIVE_DWA,17
1008.0,SIGNAL_ADAPTIVE_DWA,17
1008.5,SIGNAL_ADAPTIVE_DWA,17
1009.0,SIGNAL_ADAPTIVE_DWA,17
1009.5,SIGNAL_ADAPTIVE_DWA,17
1010.0,SIGNAL_ADAPTIVE_DWA,17
1010.5,SIGNAL_ADAPTIVE_DWA,17
1011.0,SIGNAL_ADAPTIVE_DWA,17
1011.5,SIGNAL_ADAPTIVE_DWA,17
1012.0,SIGNAL_ADAPTIVE_DWA,17
1012.5,SIGNAL_ADAPTIVE_DWA,17
1013.0,SIGNAL_ADAPTIVE_DWA,17
1013.5,SIGNAL_ADAPTIVE_DWA,17
1014.0,SIGNAL_ADAPTIVE_DWA,17
1014.5,SIGNAL_ADAPTIVE_DWA,17
1015.0,SIGNAL_ADAPTIVE_DWA,17
1015.5,SIGNAL_ADAPTIVE_DWA,17
1016.0,SIGNAL_ADAPTIVE_DWA,17
1016.5,SIGNAL_ADAPTIVE_DWA,17
1017.0,SIGNAL_ADAPTIVE_DWA,17
1017.5,SIGNAL_ADAPTIVE_DWA,17
1018.0,SIGNAL_ADAPTIVE_DWA,17
1018.5,SIGNAL_ADAPTIVE_DWA,17
1019.0,SIGNAL_ADAPTIVE_DWA,17
1019.5,SIGNAL_ADAPTIVE_DWA,17
1020.0,SIGNAL_ADAPTIVE_DWA,17
1020.5,SIGNAL_ADAPTIVE_DWA,17
1021.0,SIGNAL_ADAPTIVE_DWA,17
1021.5,SIGNAL_ADAPTIVE_DWA,17
1022.0,SIGNAL_ADAPTIVE_DWA,17
1022.5,SIGNAL_ADAPTIVE_DWA,17
1023.0,SIGNAL_ADAPTIVE_DWA,17
1023.5,SIGNAL_ADAPTIVE_DWA,17
1024.0,SIGNAL_ADAPTIVE_DWA,17
1024.5,SIGNAL_ADAPTIVE_DWA,17
1025.0,SIGNAL_ADAPTIVE_DWA,17
1025.5,SIGNAL_ADAPTIVE_DWA,17
1026.0,SIGNAL_ADAPTIVE_DWA,17
1026.5,SIGNAL_ADAPTIVE_DWA,17
1027.0,SIGNAL_ADAPTIVE_DWA,17
1027.5,SIGNAL_ADAPTIVE_DWA,17
1028.0,SIGNAL_ADAPTIVE_DWA,17
1028.5,SIGNAL_ADAPTIVE_DWA,17
1029.0,SIGNAL_ADAPTIVE_DWA,17
1029.5,SIGNAL_ADAPTIVE_DWA,17
1030.0,SIGNAL_ADAPTIVE_DWA,17
1030.5,SIGNAL_ADAPTIVE_DWA,18
1031.0,SIGNAL_ADAPTIVE_DWA,18
1031.5,SIGNAL_ADAPTIVE_DWA,18
1032.0,SIGNAL_ADAPTIVE_DWA,18
1032.5,SIGNAL_ADAPTIVE_DWA,18
1033.0,SIGNAL_ADAPTIVE_DWA,18
1033.5,SIGNAL_ADAPTIVE_DWA,18
1034.0,SIGNAL_ADAPTIVE_DWA,18
1034.5,SIGNAL_ADAPTIVE_DWA,18
1035.0,SIGNAL_ADAPTIVE_DWA,18
1035.5,SIGNAL_ADAPTIVE_DWA,18
1036.0,SIGNAL_ADAPTIVE_DWA,18
1036.5,SIGNAL_ADAPTIVE_DWA,18
1037.0,SIGNAL_ADAPTIVE_DWA,18
1037.5,SIGNAL_ADAPTIVE_DWA,18
1038.0,SIGNAL_ADAPTIVE_DWA,18
1038.5,SIGNAL_ADAPTIVE_DWA,18
1039.0,SIGNAL_ADAPTIVE_DWA,18
1039.5,SIGNAL_ADAPTIVE_DWA,18
1040.0,SIGNAL_ADAPTIVE_DWA,18
1040.5,SIGNAL_ADAPTIVE_DWA,18
1041.0,SIGNAL_ADAPTIVE_DWA,18
1041.5,SIGNAL_ADAPTIVE_DWA,18
1042.0,SIGNAL_ADAPTIVE_DWA,18
1042.5,SIGNAL_ADAPTIVE_DWA,18
1043.0,SIGNAL_ADAPTIVE_DWA,18
1043.5,SIGNAL_ADAPTIVE_DWA,18
1044.0,SIGNAL_ADAPTIVE_DWA,18
1044.5,SIGNAL_ADAPTIVE_DWA,18
1045.0,SIGNAL_ADAPTIVE_DWA,18
1045.5,SIGNAL_ADAPTIVE_DWA,18
1046.0,SIGNAL_ADAPTIVE_DWA,18
1046.5,SIGNAL_ADAPTIVE_DWA,18
1047.0,SIGNAL_ADAPTIVE_DWA,18
1047.5,SIGNAL_ADAPTIVE_DWA,18
1048.0,SIGNAL_ADAPTIVE_DWA,18
1048.5,SIGNAL_ADAPTIVE_DWA,18
1049.0,SIGNAL_ADAPTIVE_DWA,18
1049.5,SIGNAL_ADAPTIVE_DWA,18
1050.0,SIGNAL_ADAPTIVE_DWA,18
1050.5,SIGNAL_ADAPTIVE_DWA,18
1051.0,SIGNAL_ADAPTIVE_DWA,18
1051.5,SIGNAL_ADAPTIVE_DWA,18
1052.0,SIGNAL_ADAPTIVE_DWA,18
1052.5,SIGNAL_ADAPTIVE_DWA,18
1053.0,SIGNAL_ADAPTIVE_DWA,18
1053.5,SIGNAL_ADAPTIVE_DWA,18
1054.0,SIGNAL_ADAPTIVE_DWA,18
1054.5,SIGNAL_ADAPTIVE_DWA,18
1055.0,SIGNAL_ADAPTIVE_DWA,18
1055.5,SIGNAL_ADAPTIVE_DWA,18
1056.0,SIGNAL_ADAPTIVE_DWA,18
1056.5,SIGNAL_ADAPTIVE_DWA,18
1057.0,SIGNAL_ADAPTIVE_DWA,18
1057.5,SIGNAL_ADAPTIVE_DWA,18
1058.0,SIGNAL_ADAPTIVE_DWA,18
1058.5,SIGNAL_ADAPTIVE_DWA,18
1059.0,SIGNAL_ADAPTIVE_DWA,18
1059.5,SIGNAL_ADAPTIVE_DWA,18
1060.0,SIGNAL_ADAPTIVE_DWA,18
1060.5,SIGNAL_ADAPTIVE_DWA,18
1061.0,SIGNAL_ADAPTIVE_DWA,18
1061.5,SIGNAL_ADAPTIVE_DWA,18
1062.0,SIGNAL_ADAPTIVE_DWA,18
1062.5,SIGNAL_ADAPTIVE_DWA,18
1063.0,SIGNAL_ADAPTIVE_DWA,18
1063.5,SIGNAL_ADAPTIVE_DWA,18
1064.0,SIGNAL_ADAPTIVE_DWA,18
1064.5,SIGNAL_ADAPTIVE_DWA,18
1065.0,SIGNAL_ADAPTIVE_DWA,18
1065.5,SIGNAL_ADAPTIVE_DWA,18
1066.0,SIGNAL_ADAPTIVE_DWA,18
1066.5,SIGNAL_ADAPTIVE_DWA,18
1067.0,SIGNAL_ADAPTIVE_DWA,18
1067.5,SIGNAL_ADAPTIVE_DWA,18
1068.0,SIGNAL_ADAPTIVE_DWA,18
1068.5,SIGNAL_ADAPTIVE_DWA,18
1069.0,SIGNAL_ADAPTIVE_DWA,18
1069.5,SIGNAL_ADAPTIVE_DWA,18
1070.0,SIGNAL_ADAPTIVE_DWA,18
1070.5,SIGNAL_ADAPTIVE_DWA,18
1071.0,SIGNAL_ADAPTIVE_DWA,18
1071.5,SIGNAL_ADAPTIVE_DWA,18
1072.0,SIGNAL_ADAPTIVE_DWA,18
1072.5,SIGNAL_ADAPTIVE_DWA,18
1073.0,SIGNAL_ADAPTIVE_DWA,18
1073.5,SIGNAL_ADAPTIVE_DWA,18
1074.0,SIGNAL_ADAPTIVE_DWA,18
1074.5,SIGNAL_ADAPTIVE_DWA,18
1075.0,SIGNAL_ADAPTIVE_DWA,18
1075.5,SIGNAL_ADAPTIVE_DWA,18
1076.0,SIGNAL_ADAPTIVE_DWA,18
1076.5,SIGNAL_ADAPTIVE_DWA,18
1077.0,SIGNAL_ADAPTIVE_DWA,18
1077.5,SIGNAL_ADAPTIVE_DWA,18
1078.0,SIGNAL_ADAPTIVE_DWA,18
1078.5,SIGNAL_ADAPTIVE_DWA,18
1079.0,SIGNAL_ADAPTIVE_DWA,18
1079.5,SIGNAL_ADAPTIVE_DWA,18
1080.0,SIGNAL_ADAPTIVE_DWA,18
1080.5,SIGNAL_ADAPTIVE_DWA,18
1081.0,SIGNAL_ADAPTIVE_DWA,18
1081.5,SIGNAL_ADAPTIVE_DWA,18
1082.0,SIGNAL_ADAPTIVE_DWA,18
1082.5,SIGNAL_ADAPTIVE_DWA,18
1083.0,SIGNAL_ADAPTIVE_DWA,18
1083.5,SIGNAL_ADAPTIVE_DWA,18
1084.0,SIGNAL_ADAPTIVE_DWA,18
1084.5,SIGNAL_ADAPTIVE_DWA,18
1085.0,SIGNAL_ADAPTIVE_DWA,18
1085.5,SIGNAL_ADAPTIVE_DWA,18
1086.0,SIGNAL_ADAPTIVE_DWA,18
1086.5,SIGNAL_ADAPTIVE_DWA,18
1087.0,SIGNAL_ADAPTIVE_DWA,18
1087.5,SIGNAL_ADAPTIVE_DWA,18
1088.0,SIGNAL_ADAPTIVE_DWA,18
1088.5,SIGNAL_ADAPTIVE_DWA,18
1089.0,SIGNAL_ADAPTIVE_DWA,18
1089.5,SIGNAL_ADAPTIVE_DWA,18
1090.0,SIGNAL_ADAPTIVE_DWA,18
1090.5,SIGNAL_ADAPTIVE_DWA,18
1091.0,SIGNAL_ADAPTIVE_DWA,18
1091.5,SIGNAL_ADAPTIVE_DWA,18
1092.0,SIGNAL_ADAPTIVE_DWA,18
1092.5,SIGNAL_ADAPTIVE_DWA,18
1093.0,SIGNAL_ADAPTIVE_DWA,18
1093.5,SIGNAL_ADAPTIVE_DWA,18
1094.0,SIGNAL_ADAPTIVE_DWA,18
1094.5,SIGNAL_ADAPTIVE_DWA,18
1095.0,SIGNAL_ADAPTIVE_DWA,18
1095.5,SIGNAL_ADAPTIVE_DWA,18
1096.0,SIGNAL_ADAPTIVE_DWA,18
1096.5,SIGNAL_ADAPTIVE_DWA,18
1097.0,SIGNAL_ADAPTIVE_DWA,18
1097.5,SIGNAL_ADAPTIVE_DWA,18
1098.0,SIGNAL_ADAPTIVE_DWA,18
1098.5,SIGNAL_ADAPTIVE_DWA,18
1099.0,SIGNAL_ADAPTIVE_DWA,18
1099.5,SIGNAL_ADAPTIVE_DWA,18
1100.0,SIGNAL_ADAPTIVE_DWA,18
1100.5,SIGNAL_ADAPTIVE_DWA,18
1101.0,SIGNAL_ADAPTIVE_DWA,18
1101.5,SIGNAL_ADAPTIVE_DWA,18
1102.0,SIGNAL_ADAPTIVE_DWA,18
1102.5,SIGNAL_ADAPTIVE_DWA,18
1103.0,SIGNAL_ADAPTIVE_DWA,16
1103.5,SIGNAL_ADAPTIVE_DWA,16
1104.0,SIGNAL_ADAPTIVE_DWA,16
1104.5,SIGNAL_ADAPTIVE_DWA,16
1105.0,SIGNAL_ADAPTIVE_DWA,16
1105.5,SIGNAL_ADAPTIVE_DWA,16
1106.0,SIGNAL_ADAPTIVE_DWA,16
1106.5,SIGNAL_ADAPTIVE_DWA,16
1107.0,SIGNAL_ADAPTIVE_DWA,16
1107.5,SIGNAL_ADAPTIVE_DWA,16
1108.0,SIGNAL_ADAPTIVE_DWA,16
1108.5,SIGNAL_ADAPTIVE_DWA,16
1109.0,SIGNAL_ADAPTIVE_DWA,16
1109.5,SIGNAL_ADAPTIVE_DWA,16
1110.0,SIGNAL_ADAPTIVE_DWA,16
1110.5,SIGNAL_ADAPTIVE_DWA,16
1111.0,SIGNAL_ADAPTIVE_DWA,16
1111.5,SIGNAL_ADAPTIVE_DWA,16
1112.0,SIGNAL_ADAPTIVE_DWA,16
1112.5,SIGNAL_ADAPTIVE_DWA,16
1113.0,SIGNAL_ADAPTIVE_DWA,16
1113.5,SIGNAL_ADAPTIVE_DWA,16
1114.0,SIGNAL_ADAPTIVE_DWA,16
1114.5,SIGNAL_ADAPTIVE_DWA,16
1115.0,SIGNAL_ADAPTIVE_DWA,16
1115.5,SIGNAL_ADAPTIVE_DWA,16
1116.0,SIGNAL_ADAPTIVE_DWA,16
1116.5,SIGNAL_ADAPTIVE_DWA,16
1117.0,SIGNAL_ADAPTIVE_DWA,16
1117.5,SIGNAL_ADAPTIVE_DWA,16
1118.0,SIGNAL_ADAPTIVE_DWA,16
1118.5,SIGNAL_ADAPTIVE_DWA,16
1119.0,SIGNAL_ADAPTIVE_DWA,16
1119.5,SIGNAL_ADAPTIVE_DWA,16
1120.0,SIGNAL_ADAPTIVE_DWA,16
1120.5,SIGNAL_ADAPTIVE_DWA,16
1121.0,SIGNAL_ADAPTIVE_DWA,16
1121.5,SIGNAL_ADAPTIVE_DWA,16
1122.0,SIGNAL_ADAPTIVE_DWA,16
1122.5,SIGNAL_ADAPTIVE_DWA,16
1123.0,SIGNAL_ADAPTIVE_DWA,16
1123.5,SIGNAL_ADAPTIVE_DWA,16
1124.0,SIGNAL_ADAPTIVE_DWA,16
1124.5,SIGNAL_ADAPTIVE_DWA,16
1125.0,SIGNAL_ADAPTIVE_DWA,16
1125.5,SIGNAL_ADAPTIVE_DWA,16
1126.0,SIGNAL_ADAPTIVE_DWA,16
1126.5,SIGNAL_ADAPTIVE_DWA,16
1127.0,SIGNAL_ADAPTIVE_DWA,16
1127.5,SIGNAL_ADAPTIVE_DWA,16
1128.0,SIGNAL_ADAPTIVE_DWA,16
1128.5,SIGNAL_ADAPTIVE_DWA,16
1129.0,SIGNAL_ADAPTIVE_DWA,16
1129.5,SIGNAL_ADAPTIVE_DWA,16
1130.0,SIGNAL_ADAPTIVE_DWA,16
1130.5,SIGNAL_ADAPTIVE_DWA,16
1131.0,SIGNAL_ADAPTIVE_DWA,16
1131.5,SIGNAL_ADAPTIVE_DWA,16
1132.0,SIGNAL_ADAPTIVE_DWA,16
1132.5,SIGNAL_ADAPTIVE_DWA,16
1133.0,SIGNAL_ADAPTIVE_DWA,16
1133.5,SIGNAL_ADAPTIVE_DWA,16
1134.0,SIGNAL_ADAPTIVE_DWA,16
1134.5,SIGNAL_ADAPTIVE_DWA,16
1135.0,SIGNAL_ADAPTIVE_DWA,16
1135.5,SIGNAL_ADAPTIVE_DWA,16
1136.0,SIGNAL_ADAPTIVE_DWA,16
1136.5,SIGNAL_ADAPTIVE_DWA,16
1137.0,SIGNAL_ADAPTIVE_DWA,16
1137.5,SIGNAL_ADAPTIVE_DWA,16
1138.0,SIGNAL_ADAPTIVE_DWA,16
1138.5,SIGNAL_ADAPTIVE_DWA,16
1139.0,SIGNAL_ADAPTIVE_DWA,16
1139.5,SIGNAL_ADAPTIVE_DWA,16
1140.0,SIGNAL_ADAPTIVE_DWA,16
1140.5,SIGNAL_ADAPTIVE_DWA,16
1141.0,SIGNAL_ADAPTIVE_DWA,16
1141.5,SIGNAL_ADAPTIVE_DWA,16
1142.0,SIGNAL_ADAPTIVE_DWA,16
1142.5,SIGNAL_ADAPTIVE_DWA,16
1143.0,SIGNAL_ADAPTIVE_DWA,16
1143.5,SIGNAL_ADAPTIVE_DWA,16
1144.0,SIGNAL_ADAPTIVE_DWA,16
1144.5,SIGNAL_ADAPTIVE_DWA,16
1145.0,SIGNAL_ADAPTIVE_DWA,16
1145.5,SIGNAL_ADAPTIVE_DWA,16
1146.0,SIGNAL_ADAPTIVE_DWA,16
1146.5,SIGNAL_ADAPTIVE_DWA,16
1147.0,SIGNAL_ADAPTIVE_DWA,16
1147.5,SIGNAL_ADAPTIVE_DWA,16
1148.0,SIGNAL_ADAPTIVE_DWA,16
1148.5,SIGNAL_ADAPTIVE_DWA,16
1149.0,SIGNAL_ADAPTIVE_DWA,16
1149.5,SIGNAL_ADAPTIVE_DWA,16
1150.0,SIGNAL_ADAPTIVE_DWA,16
1150.5,SIGNAL_ADAPTIVE_DWA,16
1151.0,SIGNAL_ADAPTIVE_DWA,16
1151.5,SIGNAL_ADAPTIVE_DWA,16
1152.0,SIGNAL_ADAPTIVE_DWA,16
1152.5,SIGNAL_ADAPTIVE_DWA,16
1153.0,SIGNAL_ADAPTIVE_DWA,16
1153.5,SIGNAL_ADAPTIVE_DWA,16
1154.0,SIGNAL_ADAPTIVE_DWA,16
1154.5,SIGNAL_ADAPTIVE_DWA,16
1155.0,SIGNAL_ADAPTIVE_DWA,16
1155.5,SIGNAL_ADAPTIVE_DWA,16
1156.0,SIGNAL_ADAPTIVE_DWA,16
1156.5,SIGNAL_ADAPTIVE_DWA,16
1157.0,SIGNAL_ADAPTIVE_DWA,16
1157.5,SIGNAL_ADAPTIVE_DWA,16
1158.0,SIGNAL_ADAPTIVE_DWA,16
1158.5,SIGNAL_ADAPTIVE_DWA,16
1159.0,SIGNAL_ADAPTIVE_DWA,16
1159.5,SIGNAL_ADAPTIVE_DWA,16
1160.0,SIGNAL_ADAPTIVE_DWA,16
1160.5,SIGNAL_ADAPTIVE_DWA,16
1161.0,SIGNAL_ADAPTIVE_DWA,16
1161.5,SIGNAL_ADAPTIVE_DWA,16
1162.0,SIGNAL_ADAPTIVE_DWA,16
1162.5,SIGNAL_ADAPTIVE_DWA,16
1163.0,SIGNAL_ADAPTIVE_DWA,16
1163.5,SIGNAL_ADAPTIVE_DWA,16
1164.0,SIGNAL_ADAPTIVE_DWA,16
1164.5,SIGNAL_ADAPTIVE_DWA,16
1165.0,SIGNAL_ADAPTIVE_DWA,16
1165.5,SIGNAL_ADAPTIVE_DWA,16
1166.0,SIGNAL_ADAPTIVE_DWA,16
1166.5,SIGNAL_ADAPTIVE_DWA,16
1167.0,SIGNAL_ADAPTIVE_DWA,16
1167.5,SIGNAL_ADAPTIVE_DWA,16
1168.0,SIGNAL_ADAPTIVE_DWA,16
1168.5,SIGNAL_ADAPTIVE_DWA,16
1169.0,SIGNAL_ADAPTIVE_DWA,16
1169.5,SIGNAL_ADAPTIVE_DWA,16
1170.0,SIGNAL_ADAPTIVE_DWA,16
1170.5,SIGNAL_ADAPTIVE_DWA,16
1171.0,SIGNAL_ADAPTIVE_DWA,16
1171.5,SIGNAL_ADAPTIVE_DWA,16
1172.0,SIGNAL_ADAPTIVE_DWA,16
1172.5,SIGNAL_ADAPTIVE_DWA,16
1173.0,SIGNAL_ADAPTIVE_DWA,16
1173.5,SIGNAL_ADAPTIVE_DWA,16
1174.0,SIGNAL_ADAPTIVE_DWA,16
1174.5,SIGNAL_ADAPTIVE_DWA,16
1175.0,SIGNAL_ADAPTIVE_DWA,16
1175.5,SIGNAL_ADAPTIVE_DWA,16
1176.0,SIGNAL_ADAPTIVE_DWA,16
1176.5,SIGNAL_ADAPTIVE_DWA,16
1177.0,SIGNAL_ADAPTIVE_DWA,16
1177.5,SIGNAL_ADAPTIVE_DWA,16
1178.0,SIGNAL_ADAPTIVE_DWA,16
1178.5,SIGNAL_ADAPTIVE_DWA,16
1179.0,SIGNAL_ADAPTIVE_DWA,16
1179.5,SIGNAL_ADAPTIVE_DWA,16
1180.0,SIGNAL_ADAPTIVE_DWA,16
1180.5,SIGNAL_ADAPTIVE_DWA,16
1181.0,SIGNAL_ADAPTIVE_DWA,16
1181.5,SIGNAL_ADAPTIVE_DWA,16
1182.0,SIGNAL_ADAPTIVE_DWA,16
1182.5,SIGNAL_ADAPTIVE_DWA,16
1183.0,SIGNAL_ADAPTIVE_DWA,16
1183.5,SIGNAL_ADAPTIVE_DWA,16
1184.0,SIGNAL_ADAPTIVE_DWA,16
1184.5,SIGNAL_ADAPTIVE_DWA,16
1185.0,SIGNAL_ADAPTIVE_DWA,16
1185.5,SIGNAL_ADAPTIVE_DWA,16
1186.0,SIGNAL_ADAPTIVE_DWA,16
1186.5,SIGNAL_ADAPTIVE_DWA,16
1187.0,SIGNAL_ADAPTIVE_DWA,16
1187.5,SIGNAL_ADAPTIVE_DWA,16
1188.0,SIGNAL_ADAPTIVE_DWA,16
1188.5,SIGNAL_ADAPTIVE_DWA,16
1189.0,SIGNAL_ADAPTIVE_DWA,16
1189.5,SIGNAL_ADAPTIVE_DWA,16
1190.0,SIGNAL_ADAPTIVE_DWA,16
1190.5,SIGNAL_ADAPTIVE_DWA,16
1191.0,SIGNAL_ADAPTIVE_DWA,16
1191.5,SIGNAL_ADAPTIVE_DWA,16
1192.0,SIGNAL_ADAPTIVE_DWA,16
1192.5,SIGNAL_ADAPTIVE_DWA,16
1193.0,SIGNAL_ADAPTIVE_DWA,16
1193.5,SIGNAL_ADAPTIVE_DWA,16
1194.0,SIGNAL_ADAPTIVE_DWA,16
1194.5,SIGNAL_ADAPTIVE_DWA,16
1195.0,SIGNAL_ADAPTIVE_DWA,16
1195.5,SIGNAL_ADAPTIVE_DWA,16
1196.0,SIGNAL_ADAPTIVE_DWA,16
1196.5,SIGNAL_ADAPTIVE_DWA,16
1197.0,SIGNAL_ADAPTIVE_DWA,16
1197.5,SIGNAL_ADAPTIVE_DWA,16
1198.0,SIGNAL_ADAPTIVE_DWA,16
1198.5,SIGNAL_ADAPTIVE_DWA,16
1199.0,SIGNAL_ADAPTIVE_DWA,16
1199.5,SIGNAL_ADAPTIVE_DWA,16
1200.0,SIGNAL_ADAPTIVE_DWA,16
1200.5,SIGNAL_ADAPTIVE_DWA,16
1201.0,SIGNAL_ADAPTIVE_DWA,16
1201.5,SIGNAL_ADAPTIVE_DWA,16
1202.0,SIGNAL_ADAPTIVE_DWA,16
1202.5,SIGNAL_ADAPTIVE_DWA,16
1203.0,SIGNAL_ADAPTIVE_DWA,16
1203.5,SIGNAL_ADAPTIVE_DWA,16
1204.0,SIGNAL_ADAPTIVE_DWA,16
1204.5,SIGNAL_ADAPTIVE_DWA,16
1205.0,SIGNAL_ADAPTIVE_DWA,16
1205.5,SIGNAL_ADAPTIVE_DWA,16
1206.0,SIGNAL_ADAPTIVE_DWA,16
1206.5,SIGNAL_ADAPTIVE_DWA,16
1207.0,SIGNAL_ADAPTIVE_DWA,16
1207.5,SIGNAL_ADAPTIVE_DWA,16
1208.0,SIGNAL_ADAPTIVE_DWA,16
1208.5,SIGNAL_ADAPTIVE_DWA,16
1209.0,SIGNAL_ADAPTIVE_DWA,16
1209.5,SIGNAL_ADAPTIVE_DWA,16
1210.0,SIGNAL_ADAPTIVE_DWA,16
1210.5,SIGNAL_ADAPTIVE_DWA,16
1211.0,SIGNAL_ADAPTIVE_DWA,16
1211.5,SIGNAL_ADAPTIVE_DWA,16
1212.0,SIGNAL_ADAPTIVE_DWA,18
1212.5,SIGNAL_ADAPTIVE_DWA,18
1213.0,SIGNAL_ADAPTIVE_DWA,18
1213.5,SIGNAL_ADAPTIVE_DWA,18
1214.0,SIGNAL_ADAPTIVE_DWA,18
1214.5,SIGNAL_ADAPTIVE_DWA,18
1215.0,SIGNAL_ADAPTIVE_DWA,18
1215.5,SIGNAL_ADAPTIVE_DWA,18
1216.0,SIGNAL_ADAPTIVE_DWA,18
1216.5,SIGNAL_ADAPTIVE_DWA,18
1217.0,SIGNAL_ADAPTIVE_DWA,18
1217.5,SIGNAL_ADAPTIVE_DWA,18
1218.0,SIGNAL_ADAPTIVE_DWA,18
1218.5,SIGNAL_ADAPTIVE_DWA,18
1219.0,SIGNAL_ADAPTIVE_DWA,18
1219.5,SIGNAL_ADAPTIVE_DWA,18
1220.0,SIGNAL_ADAPTIVE_DWA,18
1220.5,SIGNAL_ADAPTIVE_DWA,18
1221.0,SIGNAL_ADAPTIVE_DWA,18
1221.5,SIGNAL_ADAPTIVE_DWA,18
1222.0,SIGNAL_ADAPTIVE_DWA,18
1222.5,SIGNAL_ADAPTIVE_DWA,18
1223.0,SIGNAL_ADAPTIVE_DWA,18
1223.5,SIGNAL_ADAPTIVE_DWA,18
1224.0,SIGNAL_ADAPTIVE_DWA,18
1224.5,SIGNAL_ADAPTIVE_DWA,18
1225.0,SIGNAL_ADAPTIVE_DWA,18
1225.5,SIGNAL_ADAPTIVE_DWA,18
1226.0,SIGNAL_ADAPTIVE_DWA,18
1226.5,SIGNAL_ADAPTIVE_DWA,18
1227.0,SIGNAL_ADAPTIVE_DWA,18
1227.5,SIGNAL_ADAPTIVE_DWA,18
1228.0,SIGNAL_ADAPTIVE_DWA,10
1228.5,SIGNAL_ADAPTIVE_DWA,10
1229.0,SIGNAL_ADAPTIVE_DWA,10
1229.5,SIGNAL_ADAPTIVE_DWA,10
1230.0,SIGNAL_ADAPTIVE_DWA,10
1230.5,SIGNAL_ADAPTIVE_DWA,10
1231.0,SIGNAL_ADAPTIVE_DWA,10
1231.5,SIGNAL_ADAPTIVE_DWA,10
1232.0,SIGNAL_ADAPTIVE_DWA,10
1232.5,SIGNAL_ADAPTIVE_DWA,10
1233.0,SIGNAL_ADAPTIVE_DWA,10
1233.5,SIGNAL_ADAPTIVE_DWA,10
1234.0,SIGNAL_ADAPTIVE_DWA,10
1234.5,SIGNAL_ADAPTIVE_DWA,10
1235.0,SIGNAL_ADAPTIVE_DWA,10
1235.5,SIGNAL_ADAPTIVE_DWA,10
1236.0,SIGNAL_ADAPTIVE_DWA,10
1236.5,SIGNAL_ADAPTIVE_DWA,10
1237.0,SIGNAL_ADAPTIVE_DWA,10
1237.5,SIGNAL_ADAPTIVE_DWA,10
1238.0,SIGNAL_ADAPTIVE_DWA,10
1238.5,SIGNAL_ADAPTIVE_DWA,10
1239.0,SIGNAL_ADAPTIVE_DWA,10
1239.5,SIGNAL_ADAPTIVE_DWA,10
1240.0,SIGNAL_ADAPTIVE_DWA,10
1240.5,SIGNAL_ADAPTIVE_DWA,10
1241.0,SIGNAL_ADAPTIVE_DWA,10
1241.5,SIGNAL_ADAPTIVE_DWA,10
1242.0,SIGNAL_ADAPTIVE_DWA,10
1242.5,SIGNAL_ADAPTIVE_DWA,10
1243.0,SIGNAL_ADAPTIVE_DWA,10
1243.5,SIGNAL_ADAPTIVE_DWA,10
1244.0,SIGNAL_ADAPTIVE_DWA,10
1244.5,SIGNAL_ADAPTIVE_DWA,10
1245.0,SIGNAL_ADAPTIVE_DWA,10
1245.5,SIGNAL_ADAPTIVE_DWA,10
1246.0,SIGNAL_ADAPTIVE_DWA,10
1246.5,SIGNAL_ADAPTIVE_DWA,10
1247.0,SIGNAL_ADAPTIVE_DWA,10
1247.5,SIGNAL_ADAPTIVE_DWA,10
1248.0,SIGNAL_ADAPTIVE_DWA,10
1248.5,SIGNAL_ADAPTIVE_DWA,10
1249.0,SIGNAL_ADAPTIVE_DWA,10
1249.5,SIGNAL_ADAPTIVE_DWA,10
1250.0,SIGNAL_ADAPTIVE_DWA,10
1250.5,SIGNAL_ADAPTIVE_DWA,10
1251.0,SIGNAL_ADAPTIVE_DWA,10
1251.5,SIGNAL_ADAPTIVE_DWA,10
1252.0,SIGNAL_ADAPTIVE_DWA,10
1252.5,SIGNAL_ADAPTIVE_DWA,10
1253.0,SIGNAL_ADAPTIVE_DWA,10
1253.5,SIGNAL_ADAPTIVE_DWA,10
1254.0,SIGNAL_ADAPTIVE_DWA,10
1254.5,SIGNAL_ADAPTIVE_DWA,10
1255.0,SIGNAL_ADAPTIVE_DWA,10
1255.5,SIGNAL_ADAPTIVE_DWA,10
1256.0,SIGNAL_ADAPTIVE_DWA,10
1256.5,SIGNAL_ADAPTIVE_DWA,10
1257.0,SIGNAL_ADAPTIVE_DWA,10
1257.5,SIGNAL_ADAPTIVE_DWA,18
1258.0,SIGNAL_ADAPTIVE_DWA,18
1258.5,SIGNAL_ADAPTIVE_DWA,18
1259.0,SIGNAL_ADAPTIVE_DWA,18
1259.5,SIGNAL_ADAPTIVE_DWA,18
1260.0,SIGNAL_ADAPTIVE_DWA,18
1260.5,SIGNAL_ADAPTIVE_DWA,18
1261.0,SIGNAL_ADAPTIVE_DWA,18
1261.5,SIGNAL_ADAPTIVE_DWA,18
1262.0,SIGNAL_ADAPTIVE_DWA,18
1262.5,SIGNAL_ADAPTIVE_DWA,18
1263.0,SIGNAL_ADAPTIVE_DWA,18
1263.5,SIGNAL_ADAPTIVE_DWA,18
1264.0,SIGNAL_ADAPTIVE_DWA,18
1264.5,SIGNAL_ADAPTIVE_DWA,18
1265.0,SIGNAL_ADAPTIVE_DWA,18
1265.5,SIGNAL_ADAPTIVE_DWA,18
1266.0,SIGNAL_ADAPTIVE_DWA,18
1266.5,SIGNAL_ADAPTIVE_DWA,18
1267.0,SIGNAL_ADAPTIVE_DWA,18
1267.5,SIGNAL_ADAPTIVE_DWA,18
1268.0,SIGNAL_ADAPTIVE_DWA,18
1268.5,SIGNAL_ADAPTIVE_DWA,18
1269.0,SIGNAL_ADAPTIVE_DWA,18
1269.5,SIGNAL_ADAPTIVE_DWA,18
1270.0,SIGNAL_ADAPTIVE_DWA,18
1270.5,SIGNAL_ADAPTIVE_DWA,18
1271.0,SIGNAL_ADAPTIVE_DWA,18
1271.5,SIGNAL_ADAPTIVE_DWA,18
1272.0,SIGNAL_ADAPTIVE_DWA,18
1272.5,SIGNAL_ADAPTIVE_DWA,18
1273.0,SIGNAL_ADAPTIVE_DWA,18
1273.5,SIGNAL_ADAPTIVE_DWA,18
1274.0,SIGNAL_ADAPTIVE_DWA,18
1274.5,SIGNAL_ADAPTIVE_DWA,18
1275.0,SIGNAL_ADAPTIVE_DWA,18
1275.5,SIGNAL_ADAPTIVE_DWA,18
1276.0,SIGNAL_ADAPTIVE_DWA,18
1276.5,SIGNAL_ADAPTIVE_DWA,18
1277.0,SIGNAL_ADAPTIVE_DWA,18
1277.5,SIGNAL_ADAPTIVE_DWA,18
1278.0,SIGNAL_ADAPTIVE_DWA,18
1278.5,SIGNAL_ADAPTIVE_DWA,18
1279.0,SIGNAL_ADAPTIVE_DWA,18
1279.5,SIGNAL_ADAPTIVE_DWA,18
1280.0,SIGNAL_ADAPTIVE_DWA,18
1280.5,SIGNAL_ADAPTIVE_DWA,18
1281.0,SIGNAL_ADAPTIVE_DWA,18
1281.5,SIGNAL_ADAPTIVE_DWA,18
1282.0,SIGNAL_ADAPTIVE_DWA,18
1282.5,SIGNAL_ADAPTIVE_DWA,18
1283.0,SIGNAL_ADAPTIVE_DWA,18
1283.5,SIGNAL_ADAPTIVE_DWA,18
1284.0,SIGNAL_ADAPTIVE_DWA,18
1284.5,SIGNAL_ADAPTIVE_DWA,18
1285.0,SIGNAL_ADAPTIVE_DWA,18
1285.5,SIGNAL_ADAPTIVE_DWA,18
1286.0,SIGNAL_ADAPTIVE_DWA,18
1286.5,SIGNAL_ADAPTIVE_DWA,18
1287.0,SIGNAL_ADAPTIVE_DWA,18
1287.5,SIGNAL_ADAPTIVE_DWA,18
1288.0,SIGNAL_ADAPTIVE_DWA,18
1288.5,SIGNAL_ADAPTIVE_DWA,18
1289.0,SIGNAL_ADAPTIVE_DWA,18
1289.5,SIGNAL_ADAPTIVE_DWA,18
1290.0,SIGNAL_ADAPTIVE_DWA,18
1290.5,SIGNAL_ADAPTIVE_DWA,18
1291.0,SIGNAL_ADAPTIVE_DWA,18
1291.5,SIGNAL_ADAPTIVE_DWA,18
1292.0,SIGNAL_ADAPTIVE_DWA,18
1292.5,SIGNAL_ADAPTIVE_DWA,18
1293.0,SIGNAL_ADAPTIVE_DWA,18
1293.5,SIGNAL_ADAPTIVE_DWA,18
1294.0,SIGNAL_ADAPTIVE_DWA,10
1294.5,SIGNAL_ADAPTIVE_DWA,10
1295.0,SIGNAL_ADAPTIVE_DWA,10
1295.5,SIGNAL_ADAPTIVE_DWA,10
1296.0,SIGNAL_ADAPTIVE_DWA,10
1296.5,SIGNAL_ADAPTIVE_DWA,10
1297.0,SIGNAL_ADAPTIVE_DWA,10
1297.5,SIGNAL_ADAPTIVE_DWA,10
1298.0,SIGNAL_ADAPTIVE_DWA,10
1298.5,SIGNAL_ADAPTIVE_DWA,10
1299.0,SIGNAL_ADAPTIVE_DWA,10
1299.5,SIGNAL_ADAPTIVE_DWA,10
1300.0,SIGNAL_ADAPTIVE_DWA,10
1300.5,SIGNAL_ADAPTIVE_DWA,10
1301.0,SIGNAL_ADAPTIVE_DWA,10
1301.5,SIGNAL_ADAPTIVE_DWA,10
1302.0,SIGNAL_ADAPTIVE_DWA,10
1302.5,SIGNAL_ADAPTIVE_DWA,10
1303.0,SIGNAL_ADAPTIVE_DWA,10
1303.5,SIGNAL_ADAPTIVE_DWA,10
1304.0,SIGNAL_ADAPTIVE_DWA,10
1304.5,SIGNAL_ADAPTIVE_DWA,10
1305.0,SIGNAL_ADAPTIVE_DWA,10
1305.5,SIGNAL_ADAPTIVE_DWA,10
1306.0,SIGNAL_ADAPTIVE_DWA,10
1306.5,SIGNAL_ADAPTIVE_DWA,10
1307.0,SIGNAL_ADAPTIVE_DWA,10
1307.5,SIGNAL_ADAPTIVE_DWA,10
1308.0,SIGNAL_ADAPTIVE_DWA,10
1308.5,SIGNAL_ADAPTIVE_DWA,10
1309.0,SIGNAL_ADAPTIVE_DWA,10
1309.5,SIGNAL_ADAPTIVE_DWA,10
1310.0,SIGNAL_ADAPTIVE_DWA,10
1310.5,SIGNAL_ADAPTIVE_DWA,10
1311.0,SIGNAL_ADAPTIVE_DWA,10
1311.5,SIGNAL_ADAPTIVE_DWA,10
1312.0,SIGNAL_ADAPTIVE_DWA,10
1312.5,SIGNAL_ADAPTIVE_DWA,10
1313.0,SIGNAL_ADAPTIVE_DWA,10
1313.5,SIGNAL_ADAPTIVE_DWA,10
1314.0,SIGNAL_ADAPTIVE_DWA,10
1314.5,SIGNAL_ADAPTIVE_DWA,10
1315.0,SIGNAL_ADAPTIVE_DWA,10
1315.5,SIGNAL_ADAPTIVE_DWA,10
1316.0,SIGNAL_ADAPTIVE_DWA,10
1316.5,SIGNAL_ADAPTIVE_DWA,10
1317.0,SIGNAL_ADAPTIVE_DWA,10
1317.5,SIGNAL_ADAPTIVE_DWA,10
1318.0,SIGNAL_ADAPTIVE_DWA,10
1318.5,SIGNAL_ADAPTIVE_DWA,10
1319.0,SIGNAL_ADAPTIVE_DWA,10
1319.5,SIGNAL_ADAPTIVE_DWA,10
1320.0,SIGNAL_ADAPTIVE_DWA,10
1320.5,SIGNAL_ADAPTIVE_DWA,10
1321.0,SIGNAL_ADAPTIVE_DWA,10
1321.5,SIGNAL_ADAPTIVE_DWA,10
1322.0,SIGNAL_ADAPTIVE_DWA,10
1322.5,SIGNAL_ADAPTIVE_DWA,10
1323.0,SIGNAL_ADAPTIVE_DWA,10
1323.5,SIGNAL_ADAPTIVE_DWA,10
1324.0,SIGNAL_ADAPTIVE_DWA,10
1324.5,SIGNAL_ADAPTIVE_DWA,10
1325.0,SIGNAL_ADAPTIVE_DWA,10
1325.5,SIGNAL_ADAPTIVE_DWA,18
1326.0,SIGNAL_ADAPTIVE_DWA,18
1326.5,SIGNAL_ADAPTIVE_DWA,18
1327.0,SIGNAL_ADAPTIVE_DWA,18
1327.5,SIGNAL_ADAPTIVE_DWA,18
1328.0,SIGNAL_ADAPTIVE_DWA,18
1328.5,SIGNAL_ADAPTIVE_DWA,18
1329.0,SIGNAL_ADAPTIVE_DWA,18
1329.5,SIGNAL_ADAPTIVE_DWA,18
1330.0,SIGNAL_ADAPTIVE_DWA,18
1330.5,SIGNAL_ADAPTIVE_DWA,18
1331.0,SIGNAL_ADAPTIVE_DWA,18
1331.5,SIGNAL_ADAPTIVE_DWA,18
1332.0,SIGNAL_ADAPTIVE_DWA,18
1332.5,SIGNAL_ADAPTIVE_DWA,18
1333.0,SIGNAL_ADAPTIVE_DWA,18
1333.5,SIGNAL_ADAPTIVE_DWA,18
1334.0,SIGNAL_ADAPTIVE_DWA,18
1334.5,SIGNAL_ADAPTIVE_DWA,18
1335.0,SIGNAL_ADAPTIVE_DWA,18
1335.5,SIGNAL_ADAPTIVE_DWA,18
1336.0,SIGNAL_ADAPTIVE_DWA,18
1336.5,SIGNAL_ADAPTIVE_DWA,18
1337.0,SIGNAL_ADAPTIVE_DWA,18
1337.5,SIGNAL_ADAPTIVE_DWA,18
1338.0,SIGNAL_ADAPTIVE_DWA,18
1338.5,SIGNAL_ADAPTIVE_DWA,18
1339.0,SIGNAL_ADAPTIVE_DWA,18
1339.5,SIGNAL_ADAPTIVE_DWA,18
1340.0,SIGNAL_ADAPTIVE_DWA,18
1340.5,SIGNAL_ADAPTIVE_DWA,18
1341.0,SIGNAL_ADAPTIVE_DWA,18
1341.5,SIGNAL_ADAPTIVE_DWA,18
1342.0,SIGNAL_ADAPTIVE_DWA,18
1342.5,SIGNAL_ADAPTIVE_DWA,18
1343.0,SIGNAL_ADAPTIVE_DWA,18
1343.5,SIGNAL_ADAPTIVE_DWA,18
1344.0,SIGNAL_ADAPTIVE_DWA,18
1344.5,SIGNAL_ADAPTIVE_DWA,18
1345.0,SIGNAL_ADAPTIVE_DWA,18
1345.5,SIGNAL_ADAPTIVE_DWA,18
1346.0,SIGNAL_ADAPTIVE_DWA,18
1346.5,SIGNAL_ADAPTIVE_DWA,18
1347.0,SIGNAL_ADAPTIVE_DWA,18
1347.5,SIGNAL_ADAPTIVE_DWA,18
1348.0,SIGNAL_ADAPTIVE_DWA,18
1348.5,SIGNAL_ADAPTIVE_DWA,18
1349.0,SIGNAL_ADAPTIVE_DWA,18
1349.5,SIGNAL_ADAPTIVE_DWA,18
1350.0,SIGNAL_ADAPTIVE_DWA,18
1350.5,SIGNAL_ADAPTIVE_DWA,18
1351.0,SIGNAL_ADAPTIVE_DWA,18
1351.5,SIGNAL_ADAPTIVE_DWA,18
1352.0,SIGNAL_ADAPTIVE_DWA,18
1352.5,SIGNAL_ADAPTIVE_DWA,18
1353.0,SIGNAL_ADAPTIVE_DWA,18
1353.5,SIGNAL_ADAPTIVE_DWA,18
1354.0,SIGNAL_ADAPTIVE_DWA,18
1354.5,SIGNAL_ADAPTIVE_DWA,18
1355.0,SIGNAL_ADAPTIVE_DWA,18
1355.5,SIGNAL_ADAPTIVE_DWA,18
1356.0,SIGNAL_ADAPTIVE_DWA,18
1356.5,SIGNAL_ADAPTIVE_DWA,18
1357.0,SIGNAL_ADAPTIVE_DWA,18
1357.5,SIGNAL_ADAPTIVE_DWA,18
1358.0,SIGNAL_ADAPTIVE_DWA,18
1358.5,SIGNAL_ADAPTIVE_DWA,18
1359.0,SIGNAL_ADAPTIVE_DWA,18
1359.5,SIGNAL_ADAPTIVE_DWA,18
1360.0,SIGNAL_ADAPTIVE_DWA,18
1360.5,SIGNAL_ADAPTIVE_DWA,18
1361.0,SIGNAL_ADAPTIVE_DWA,18
1361.5,SIGNAL_ADAPTIVE_DWA,18
1362.0,SIGNAL_ADAPTIVE_DWA,18
1362.5,SIGNAL_ADAPTIVE_DWA,18
1363.0,SIGNAL_ADAPTIVE_DWA,18
1363.5,SIGNAL_ADAPTIVE_DWA,18
1364.0,SIGNAL_ADAPTIVE_DWA,18
1364.5,SIGNAL_ADAPTIVE_DWA,18
1365.0,SIGNAL_ADAPTIVE_DWA,18
1365.5,SIGNAL_ADAPTIVE_DWA,18
1366.0,SIGNAL_ADAPTIVE_DWA,10
1366.5,SIGNAL_ADAPTIVE_DWA,10
1367.0,SIGNAL_ADAPTIVE_DWA,10
1367.5,SIGNAL_ADAPTIVE_DWA,10
1368.0,SIGNAL_ADAPTIVE_DWA,10
1368.5,SIGNAL_ADAPTIVE_DWA,10
1369.0,SIGNAL_ADAPTIVE_DWA,10
1369.5,SIGNAL_ADAPTIVE_DWA,10
1370.0,SIGNAL_ADAPTIVE_DWA,10
1370.5,SIGNAL_ADAPTIVE_DWA,10
1371.0,SIGNAL_ADAPTIVE_DWA,10
1371.5,SIGNAL_ADAPTIVE_DWA,10
1372.0,SIGNAL_ADAPTIVE_DWA,10
1372.5,SIGNAL_ADAPTIVE_DWA,10
1373.0,SIGNAL_ADAPTIVE_DWA,10
1373.5,SIGNAL_ADAPTIVE_DWA,10
1374.0,SIGNAL_ADAPTIVE_DWA,10
1374.5,SIGNAL_ADAPTIVE_DWA,10
1375.0,SIGNAL_ADAPTIVE_DWA,10
1375.5,SIGNAL_ADAPTIVE_DWA,10
1376.0,SIGNAL_ADAPTIVE_DWA,10
1376.5,SIGNAL_ADAPTIVE_DWA,10
1377.0,SIGNAL_ADAPTIVE_DWA,10
1377.5,SIGNAL_ADAPTIVE_DWA,10
1378.0,SIGNAL_ADAPTIVE_DWA,10
1378.5,SIGNAL_ADAPTIVE_DWA,10
1379.0,SIGNAL_ADAPTIVE_DWA,10
1379.5,SIGNAL_ADAPTIVE_DWA,10
1380.0,SIGNAL_ADAPTIVE_DWA,10
1380.5,SIGNAL_ADAPTIVE_DWA,10
1381.0,SIGNAL_ADAPTIVE_DWA,10
1381.5,SIGNAL_ADAPTIVE_DWA,10
1382.0,SIGNAL_ADAPTIVE_DWA,10
1382.5,SIGNAL_ADAPTIVE_DWA,10
1383.0,SIGNAL_ADAPTIVE_DWA,10
1383.5,SIGNAL_ADAPTIVE_DWA,10
1384.0,SIGNAL_ADAPTIVE_DWA,10
1384.5,SIGNAL_ADAPTIVE_DWA,10
1385.0,SIGNAL_ADAPTIVE_DWA,10
1385.5,SIGNAL_ADAPTIVE_DWA,10
1386.0,SIGNAL_ADAPTIVE_DWA,10
1386.5,SIGNAL_ADAPTIVE_DWA,10
1387.0,SIGNAL_ADAPTIVE_DWA,10
1387.5,SIGNAL_ADAPTIVE_DWA,10
1388.0,SIGNAL_ADAPTIVE_DWA,10
1388.5,SIGNAL_ADAPTIVE_DWA,10
1389.0,SIGNAL_ADAPTIVE_DWA,10
1389.5,SIGNAL_ADAPTIVE_DWA,10
1390.0,SIGNAL_ADAPTIVE_DWA,10
1390.5,SIGNAL_ADAPTIVE_DWA,10
1391.0,SIGNAL_ADAPTIVE_DWA,10
1391.5,SIGNAL_ADAPTIVE_DWA,10
1392.0,SIGNAL_ADAPTIVE_DWA,10
1392.5,SIGNAL_ADAPTIVE_DWA,10
1393.0,SIGNAL_ADAPTIVE_DWA,10
1393.5,SIGNAL_ADAPTIVE_DWA,10
1394.0,SIGNAL_ADAPTIVE_DWA,10
1394.5,SIGNAL_ADAPTIVE_DWA,10
1395.0,SIGNAL_ADAPTIVE_DWA,10
1395.5,SIGNAL_ADAPTIVE_DWA,10
1396.0,SIGNAL_ADAPTIVE_DWA,10
1396.5,SIGNAL_ADAPTIVE_DWA,10
1397.0,SIGNAL_ADAPTIVE_DWA,10
1397.5,SIGNAL_ADAPTIVE_DWA,10
1398.0,SIGNAL_ADAPTIVE_DWA,10
1398.5,SIGNAL_ADAPTIVE_DWA,10
1399.0,SIGNAL_ADAPTIVE_DWA,10
1399.5,SIGNAL_ADAPTIVE_DWA,10
1400.0,SIGNAL_ADAPTIVE_DWA,10
1400.5,SIGNAL_ADAPTIVE_DWA,10
1401.0,SIGNAL_ADAPTIVE_DWA,10
1401.5,SIGNAL_ADAPTIVE_DWA,10
1402.0,SIGNAL_ADAPTIVE_DWA,10
1402.5,SIGNAL_ADAPTIVE_DWA,10
1403.0,SIGNAL_ADAPTIVE_DWA,10
1403.5,SIGNAL_ADAPTIVE_DWA,10
1404.0,SIGNAL_ADAPTIVE_DWA,18
1404.5,SIGNAL_ADAPTIVE_DWA,18
1405.0,SIGNAL_ADAPTIVE_DWA,18
1405.5,SIGNAL_ADAPTIVE_DWA,18
1406.0,SIGNAL_ADAPTIVE_DWA,18
1406.5,SIGNAL_ADAPTIVE_DWA,18
1407.0,SIGNAL_ADAPTIVE_DWA,18
1407.5,SIGNAL_ADAPTIVE_DWA,18
1408.0,SIGNAL_ADAPTIVE_DWA,18
1408.5,SIGNAL_ADAPTIVE_DWA,18
1409.0,SIGNAL_ADAPTIVE_DWA,18
1409.5,SIGNAL_ADAPTIVE_DWA,18
1410.0,SIGNAL_ADAPTIVE_DWA,18
1410.5,SIGNAL_ADAPTIVE_DWA,18
1411.0,SIGNAL_ADAPTIVE_DWA,18
1411.5,SIGNAL_ADAPTIVE_DWA,18
1412.0,SIGNAL_ADAPTIVE_DWA,18
1412.5,SIGNAL_ADAPTIVE_DWA,18
1413.0,SIGNAL_ADAPTIVE_DWA,18
1413.5,SIGNAL_ADAPTIVE_DWA,18
1414.0,SIGNAL_ADAPTIVE_DWA,18
1414.5,SIGNAL_ADAPTIVE_DWA,18
1415.0,SIGNAL_ADAPTIVE_DWA,18
1415.5,SIGNAL_ADAPTIVE_DWA,18
1416.0,SIGNAL_ADAPTIVE_DWA,18
1416.5,SIGNAL_ADAPTIVE_DWA,18
1417.0,SIGNAL_ADAPTIVE_DWA,18
1417.5,SIGNAL_ADAPTIVE_DWA,18
1418.0,SIGNAL_ADAPTIVE_DWA,18
1418.5,SIGNAL_ADAPTIVE_DWA,18
1419.0,SIGNAL_ADAPTIVE_DWA,18
1419.5,SIGNAL_ADAPTIVE_DWA,18
1420.0,SIGNAL_ADAPTIVE_DWA,18
1420.5,SIGNAL_ADAPTIVE_DWA,18
1421.0,SIGNAL_ADAPTIVE_DWA,18
1421.5,SIGNAL_ADAPTIVE_DWA,18
1422.0,SIGNAL_ADAPTIVE_DWA,18
1422.5,SIGNAL_ADAPTIVE_DWA,18
1423.0,SIGNAL_ADAPTIVE_DWA,18
1423.5,SIGNAL_ADAPTIVE_DWA,18
1424.0,SIGNAL_ADAPTIVE_DWA,18
1424.5,SIGNAL_ADAPTIVE_DWA,18
1425.0,SIGNAL_ADAPTIVE_DWA,18
1425.5,SIGNAL_ADAPTIVE_DWA,18
1426.0,SIGNAL_ADAPTIVE_DWA,18
1426.5,SIGNAL_ADAPTIVE_DWA,18
1427.0,SIGNAL_ADAPTIVE_DWA,18
1427.5,SIGNAL_ADAPTIVE_DWA,18
1428.0,SIGNAL_ADAPTIVE_DWA,18
1428.5,SIGNAL_ADAPTIVE_DWA,18
1429.0,SIGNAL_ADAPTIVE_DWA,18
1429.5,SIGNAL_ADAPTIVE_DWA,18
1430.0,SIGNAL_ADAPTIVE_DWA,18
1430.5,SIGNAL_ADAPTIVE_DWA,18
1431.0,SIGNAL_ADAPTIVE_DWA,18
1431.5,SIGNAL_ADAPTIVE_DWA,18
1432.0,SIGNAL_ADAPTIVE_DWA,18
1432.5,SIGNAL_ADAPTIVE_DWA,18
1433.0,SIGNAL_ADAPTIVE_DWA,18
1433.5,SIGNAL_ADAPTIVE_DWA,18
1434.0,SIGNAL_ADAPTIVE_DWA,18
1434.5,SIGNAL_ADAPTIVE_DWA,18
1435.0,SIGNAL_ADAPTIVE_DWA,18
1435.5,SIGNAL_ADAPTIVE_DWA,18
1436.0,SIGNAL_ADAPTIVE_DWA,18
1436.5,SIGNAL_ADAPTIVE_DWA,18
1437.0,SIGNAL_ADAPTIVE_DWA,18
1437.5,SIGNAL_ADAPTIVE_DWA,18
1438.0,SIGNAL_ADAPTIVE_DWA,18
1438.5,SIGNAL_ADAPTIVE_DWA,18
1439.0,SIGNAL_ADAPTIVE_DWA,0
1439.5,SIGNAL_ADAPTIVE_DWA,0
1440.0,SIGNAL_ADAPTIVE_DWA,0
1440.5,SIGNAL_ADAPTIVE_DWA,0
1441.0,SIGNAL_ADAPTIVE_DWA,0
1441.5,SIGNAL_ADAPTIVE_DWA,0
1442.0,SIGNAL_ADAPTIVE_DWA,0
1442.5,SIGNAL_ADAPTIVE_DWA,0
1443.0,SIGNAL_ADAPTIVE_DWA,0
1443.5,SIGNAL_ADAPTIVE_DWA,0
1444.0,SIGNAL_ADAPTIVE_DWA,0
1444.5,SIGNAL_ADAPTIVE_DWA,0
1445.0,SIGNAL_ADAPTIVE_DWA,0
1445.5,SIGNAL_ADAPTIVE_DWA,0
1446.0,SIGNAL_ADAPTIVE_DWA,0
1446.5,SIGNAL_ADAPTIVE_DWA,0
1447.0,SIGNAL_ADAPTIVE_DWA,0
1447.5,SIGNAL_ADAPTIVE_DWA,0
1448.0,SIGNAL_ADAPTIVE_DWA,0
1448.5,SIGNAL_ADAPTIVE_DWA,0
1449.0,SIGNAL_ADAPTIVE_DWA,0
1449.5,SIGNAL_ADAPTIVE_DWA,0
1450.0,SIGNAL_ADAPTIVE_DWA,0
1450.5,SIGNAL_ADAPTIVE_DWA,0
1451.0,SIGNAL_ADAPTIVE_DWA,0
1451.5,SIGNAL_ADAPTIVE_DWA,0
1452.0,SIGNAL_ADAPTIVE_DWA,0
1452.5,SIGNAL_ADAPTIVE_DWA,0
1453.0,SIGNAL_ADAPTIVE_DWA,0
1453.5,SIGNAL_ADAPTIVE_DWA,0
1454.0,SIGNAL_ADAPTIVE_DWA,0
1454.5,SIGNAL_ADAPTIVE_DWA,0
1455.0,SIGNAL_ADAPTIVE_DWA,0
1455.5,SIGNAL_ADAPTIVE_DWA,0
1456.0,SIGNAL_ADAPTIVE_DWA,0
1456.5,SIGNAL_ADAPTIVE_DWA,0
1457.0,SIGNAL_ADAPTIVE_DWA,0
1457.5,SIGNAL_ADAPTIVE_DWA,0
1458.0,SIGNAL_ADAPTIVE_DWA,0
1458.5,SIGNAL_ADAPTIVE_DWA,0
1459.0,SIGNAL_ADAPTIVE_DWA,0
1459.5,SIGNAL_ADAPTIVE_DWA,0
1460.0,SIGNAL_ADAPTIVE_DWA,0
1460.5,SIGNAL_ADAPTIVE_DWA,0
1461.0,SIGNAL_ADAPTIVE_DWA,0
1461.5,SIGNAL_ADAPTIVE_DWA,0
1462.0,SIGNAL_ADAPTIVE_DWA,0
1462.5,SIGNAL_ADAPTIVE_DWA,0
1463.0,SIGNAL_ADAPTIVE_DWA,0
1463.5,SIGNAL_ADAPTIVE_DWA,0
1464.0,SIGNAL_ADAPTIVE_DWA,0
1464.5,SIGNAL_ADAPTIVE_DWA,0
1465.0,SIGNAL_ADAPTIVE_DWA,0
1465.5,SIGNAL_ADAPTIVE_DWA,0
1466.0,SIGNAL_ADAPTIVE_DWA,0
1466.5,SIGNAL_ADAPTIVE_DWA,0
1467.0,SIGNAL_ADAPTIVE_DWA,0
1467.5,SIGNAL_ADAPTIVE_DWA,0
1468.0,SIGNAL_ADAPTIVE_DWA,0
1468.5,SIGNAL_ADAPTIVE_DWA,0
1469.0,SIGNAL_ADAPTIVE_DWA,0
1469.5,SIGNAL_ADAPTIVE_DWA,0
1470.0,SIGNAL_ADAPTIVE_DWA,0
1470.5,SIGNAL_ADAPTIVE_DWA,0
1471.0,SIGNAL_ADAPTIVE_DWA,0
1471.5,SIGNAL_ADAPTIVE_DWA,0
1472.0,SIGNAL_ADAPTIVE_DWA,0
1472.5,SIGNAL_ADAPTIVE_DWA,0
1473.0,SIGNAL_ADAPTIVE_DWA,0
1473.5,SIGNAL_ADAPTIVE_DWA,0
1474.0,SIGNAL_ADAPTIVE_DWA,0
1474.5,SIGNAL_ADAPTIVE_DWA,0
1475.0,SIGNAL_ADAPTIVE_DWA,0
1475.5,SIGNAL_ADAPTIVE_DWA,0
1476.0,SIGNAL_ADAPTIVE_DWA,0
1476.5,SIGNAL_ADAPTIVE_DWA,0
1477.0,SIGNAL_ADAPTIVE_DWA,0
1477.5,SIGNAL_ADAPTIVE_DWA,0
1478.0,SIGNAL_ADAPTIVE_DWA,0
1478.5,SIGNAL_ADAPTIVE_DWA,0
1479.0,SIGNAL_ADAPTIVE_DWA,0
1479.5,SIGNAL_ADAPTIVE_DWA,0
1480.0,SIGNAL_ADAPTIVE_DWA,0
1480.5,SIGNAL_ADAPTIVE_DWA,0
1481.0,SIGNAL_ADAPTIVE_DWA,0
1481.5,SIGNAL_ADAPTIVE_DWA,0
1482.0,SIGNAL_ADAPTIVE_DWA,0
1482.5,SIGNAL_ADAPTIVE_DWA,0
1483.0,SIGNAL_ADAPTIVE_DWA,0
1483.5,SIGNAL_ADAPTIVE_DWA,0
1484.0,SIGNAL_ADAPTIVE_DWA,0
1484.5,SIGNAL_ADAPTIVE_DWA,0
1485.0,SIGNAL_ADAPTIVE_DWA,0
1485.5,SIGNAL_ADAPTIVE_DWA,0
1486.0,SIGNAL_ADAPTIVE_DWA,0
1486.5,SIGNAL_ADAPTIVE_DWA,0
1487.0,SIGNAL_ADAPTIVE_DWA,0
1487.5,SIGNAL_ADAPTIVE_DWA,0
1488.0,SIGNAL_ADAPTIVE_DWA,0
1488.5,SIGNAL_ADAPTIVE_DWA,0
1489.0,SIGNAL_ADAPTIVE_DWA,0
1489.5,SIGNAL_ADAPTIVE_DWA,0
1490.0,SIGNAL_ADAPTIVE_DWA,0
1490.5,SIGNAL_ADAPTIVE_DWA,0
1491.0,SIGNAL_ADAPTIVE_DWA,0
1491.5,SIGNAL_ADAPTIVE_DWA,0
1492.0,SIGNAL_ADAPTIVE_DWA,0
1492.5,SIGNAL_ADAPTIVE_DWA,0
1493.0,SIGNAL_ADAPTIVE_DWA,0
1493.5,SIGNAL_ADAPTIVE_DWA,0
1494.0,SIGNAL_ADAPTIVE_DWA,0
1494.5,SIGNAL_ADAPTIVE_DWA,0
1495.0,SIGNAL_ADAPTIVE_DWA,0
1495.5,SIGNAL_ADAPTIVE_DWA,0
1496.0,SIGNAL_ADAPTIVE_DWA,0
1496.5,SIGNAL_ADAPTIVE_DWA,0
1497.0,SIGNAL_ADAPTIVE_DWA,0
1497.5,SIGNAL_ADAPTIVE_DWA,0
1498.0,SIGNAL_ADAPTIVE_DWA,0
1498.5,SIGNAL_ADAPTIVE_DWA,0
1499.0,SIGNAL_ADAPTIVE_DWA,0
1499.5,SIGNAL_ADAPTIVE_DWA,0
1500.0,SIGNAL_ADAPTIVE_DWA,0
1500.5,SIGNAL_ADAPTIVE_DWA,0
1501.0,SIGNAL_ADAPTIVE_DWA,0
1501.5,SIGNAL_ADAPTIVE_DWA,0
1502.0,SIGNAL_ADAPTIVE_DWA,0
1502.5,SIGNAL_ADAPTIVE_DWA,0
1503.0,SIGNAL_ADAPTIVE_DWA,0
1503.5,SIGNAL_ADAPTIVE_DWA,0
1504.0,SIGNAL_ADAPTIVE_DWA,0
1504.5,SIGNAL_ADAPTIVE_DWA,0
1505.0,SIGNAL_ADAPTIVE_DWA,0
1505.5,SIGNAL_ADAPTIVE_DWA,0
1506.0,SIGNAL_ADAPTIVE_DWA,0
1506.5,SIGNAL_ADAPTIVE_DWA,0
1507.0,SIGNAL_ADAPTIVE_DWA,0
1507.5,SIGNAL_ADAPTIVE_DWA,0
1508.0,SIGNAL_ADAPTIVE_DWA,0
1508.5,SIGNAL_ADAPTIVE_DWA,0
1509.0,SIGNAL_ADAPTIVE_DWA,0
1509.5,SIGNAL_ADAPTIVE_DWA,0
1510.0,SIGNAL_ADAPTIVE_DWA,0
1510.5,SIGNAL_ADAPTIVE_DWA,0
1511.0,SIGNAL_ADAPTIVE_DWA,0
1511.5,SIGNAL_ADAPTIVE_DWA,0
1512.0,SIGNAL_ADAPTIVE_DWA,0
1512.5,SIGNAL_ADAPTIVE_DWA,0
1513.0,SIGNAL_ADAPTIVE_DWA,0
1513.5,SIGNAL_ADAPTIVE_DWA,0
1514.0,SIGNAL_ADAPTIVE_DWA,0
1514.5,SIGNAL_ADAPTIVE_DWA,0
1515.0,SIGNAL_ADAPTIVE_DWA,0
1515.5,SIGNAL_ADAPTIVE_DWA,0
1516.0,SIGNAL_ADAPTIVE_DWA,0
1516.5,SIGNAL_ADAPTIVE_DWA,0
1517.0,SIGNAL_ADAPTIVE_DWA,0
1517.5,SIGNAL_ADAPTIVE_DWA,0
1518.0,SIGNAL_ADAPTIVE_DWA,0
1518.5,SIGNAL_ADAPTIVE_DWA,0
1519.0,SIGNAL_ADAPTIVE_DWA,0
1519.5,SIGNAL_ADAPTIVE_DWA,0
1520.0,SIGNAL_ADAPTIVE_DWA,0
1520.5,SIGNAL_ADAPTIVE_DWA,0
1521.0,SIGNAL_ADAPTIVE_DWA,0
1521.5,SIGNAL_ADAPTIVE_DWA,0
1522.0,SIGNAL_ADAPTIVE_DWA,18
1522.5,SIGNAL_ADAPTIVE_DWA,18
1523.0,SIGNAL_ADAPTIVE_DWA,18
1523.5,SIGNAL_ADAPTIVE_DWA,18
1524.0,SIGNAL_ADAPTIVE_DWA,18
1524.5,SIGNAL_ADAPTIVE_DWA,18
1525.0,SIGNAL_ADAPTIVE_DWA,18
1525.5,SIGNAL_ADAPTIVE_DWA,18
1526.0,SIGNAL_ADAPTIVE_DWA,18
1526.5,SIGNAL_ADAPTIVE_DWA,18
1527.0,SIGNAL_ADAPTIVE_DWA,18
1527.5,SIGNAL_ADAPTIVE_DWA,18
1528.0,SIGNAL_ADAPTIVE_DWA,18
1528.5,SIGNAL_ADAPTIVE_DWA,18
1529.0,SIGNAL_ADAPTIVE_DWA,18
1529.5,SIGNAL_ADAPTIVE_DWA,18
1530.0,SIGNAL_ADAPTIVE_DWA,18
1530.5,SIGNAL_ADAPTIVE_DWA,18
1531.0,SIGNAL_ADAPTIVE_DWA,18
1531.5,SIGNAL_ADAPTIVE_DWA,18
1532.0,SIGNAL_ADAPTIVE_DWA,18
1532.5,SIGNAL_ADAPTIVE_DWA,18
1533.0,SIGNAL_ADAPTIVE_DWA,18
1533.5,SIGNAL_ADAPTIVE_DWA,18
1534.0,SIGNAL_ADAPTIVE_DWA,18
1534.5,SIGNAL_ADAPTIVE_DWA,18
1535.0,SIGNAL_ADAPTIVE_DWA,18
1535.5,SIGNAL_ADAPTIVE_DWA,18
1536.0,SIGNAL_ADAPTIVE_DWA,6
1536.5,SIGNAL_ADAPTIVE_DWA,6
1537.0,SIGNAL_ADAPTIVE_DWA,6
1537.5,SIGNAL_ADAPTIVE_DWA,6
1538.0,SIGNAL_ADAPTIVE_DWA,6
1538.5,SIGNAL_ADAPTIVE_DWA,6
1539.0,SIGNAL_ADAPTIVE_DWA,6
1539.5,SIGNAL_ADAPTIVE_DWA,6
1540.0,SIGNAL_ADAPTIVE_DWA,6
1540.5,SIGNAL_ADAPTIVE_DWA,6
1541.0,SIGNAL_ADAPTIVE_DWA,6
1541.5,SIGNAL_ADAPTIVE_DWA,6
1542.0,SIGNAL_ADAPTIVE_DWA,6
1542.5,SIGNAL_ADAPTIVE_DWA,6
1543.0,SIGNAL_ADAPTIVE_DWA,6
1543.5,SIGNAL_ADAPTIVE_DWA,6
1544.0,SIGNAL_ADAPTIVE_DWA,6
1544.5,SIGNAL_ADAPTIVE_DWA,6
1545.0,SIGNAL_ADAPTIVE_DWA,6
1545.5,SIGNAL_ADAPTIVE_DWA,6
1546.0,SIGNAL_ADAPTIVE_DWA,6
1546.5,SIGNAL_ADAPTIVE_DWA,6
1547.0,SIGNAL_ADAPTIVE_DWA,6
1547.5,SIGNAL_ADAPTIVE_DWA,6
1548.0,SIGNAL_ADAPTIVE_DWA,6
1548.5,SIGNAL_ADAPTIVE_DWA,6
1549.0,SIGNAL_ADAPTIVE_DWA,6
1549.5,SIGNAL_ADAPTIVE_DWA,6
1550.0,SIGNAL_ADAPTIVE_DWA,6
1550.5,SIGNAL_ADAPTIVE_DWA,6
1551.0,SIGNAL_ADAPTIVE_DWA,6
1551.5,SIGNAL_ADAPTIVE_DWA,6
1552.0,SIGNAL_ADAPTIVE_DWA,6
1552.5,SIGNAL_ADAPTIVE_DWA,6
1553.0,SIGNAL_ADAPTIVE_DWA,6
1553.5,SIGNAL_ADAPTIVE_DWA,6
1554.0,SIGNAL_ADAPTIVE_DWA,6
1554.5,SIGNAL_ADAPTIVE_DWA,6
1555.0,SIGNAL_ADAPTIVE_DWA,6
1555.5,SIGNAL_ADAPTIVE_DWA,6
1556.0,SIGNAL_ADAPTIVE_DWA,6
1556.5,SIGNAL_ADAPTIVE_DWA,6
1557.0,SIGNAL_ADAPTIVE_DWA,6
1557.5,SIGNAL_ADAPTIVE_DWA,6
1558.0,SIGNAL_ADAPTIVE_DWA,6
1558.5,SIGNAL_ADAPTIVE_DWA,6
1559.0,SIGNAL_ADAPTIVE_DWA,6
1559.5,SIGNAL_ADAPTIVE_DWA,6
1560.0,SIGNAL_ADAPTIVE_DWA,6
1560.5,SIGNAL_ADAPTIVE_DWA,6
1561.0,SIGNAL_ADAPTIVE_DWA,6
1561.5,SIGNAL_ADAPTIVE_DWA,6
1562.0,SIGNAL_ADAPTIVE_DWA,6
1562.5,SIGNAL_ADAPTIVE_DWA,6
1563.0,SIGNAL_ADAPTIVE_DWA,6
1563.5,SIGNAL_ADAPTIVE_DWA,6
1564.0,SIGNAL_ADAPTIVE_DWA,6
1564.5,SIGNAL_ADAPTIVE_DWA,6
1565.0,SIGNAL_ADAPTIVE_DWA,6
1565.5,SIGNAL_ADAPTIVE_DWA,6
1566.0,SIGNAL_ADAPTIVE_DWA,6
1566.5,SIGNAL_ADAPTIVE_DWA,6
1567.0,SIGNAL_ADAPTIVE_DWA,6
1567.5,SIGNAL_ADAPTIVE_DWA,6
1568.0,SIGNAL_ADAPTIVE_DWA,6
1568.5,SIGNAL_ADAPTIVE_DWA,6
1569.0,SIGNAL_ADAPTIVE_DWA,6
1569.5,SIGNAL_ADAPTIVE_DWA,6
1570.0,SIGNAL_ADAPTIVE_DWA,6
1570.5,SIGNAL_ADAPTIVE_DWA,6
1571.0,SIGNAL_ADAPTIVE_DWA,6
1571.5,SIGNAL_ADAPTIVE_DWA,6
1572.0,SIGNAL_ADAPTIVE_DWA,6
1572.5,SIGNAL_ADAPTIVE_DWA,6
1573.0,SIGNAL_ADAPTIVE_DWA,6
1573.5,SIGNAL_ADAPTIVE_DWA,6
1574.0,SIGNAL_ADAPTIVE_DWA,6
1574.5,SIGNAL_ADAPTIVE_DWA,6
1575.0,SIGNAL_ADAPTIVE_DWA,6
1575.5,SIGNAL_ADAPTIVE_DWA,6
1576.0,SIGNAL_ADAPTIVE_DWA,6
1576.5,SIGNAL_ADAPTIVE_DWA,6
1577.0,SIGNAL_ADAPTIVE_DWA,6
1577.5,SIGNAL_ADAPTIVE_DWA,6
1578.0,SIGNAL_ADAPTIVE_DWA,6
1578.5,SIGNAL_ADAPTIVE_DWA,6
1579.0,SIGNAL_ADAPTIVE_DWA,6
1579.5,SIGNAL_ADAPTIVE_DWA,6
1580.0,SIGNAL_ADAPTIVE_DWA,6
1580.5,SIGNAL_ADAPTIVE_DWA,6
1581.0,SIGNAL_ADAPTIVE_DWA,6
1581.5,SIGNAL_ADAPTIVE_DWA,6
1582.0,SIGNAL_ADAPTIVE_DWA,6
1582.5,SIGNAL_ADAPTIVE_DWA,6
1583.0,SIGNAL_ADAPTIVE_DWA,6
1583.5,SIGNAL_ADAPTIVE_DWA,6
1584.0,SIGNAL_ADAPTIVE_DWA,6
1584.5,SIGNAL_ADAPTIVE_DWA,6
1585.0,SIGNAL_ADAPTIVE_DWA,6
1585.5,SIGNAL_ADAPTIVE_DWA,6
1586.0,SIGNAL_ADAPTIVE_DWA,6
1586.5,SIGNAL_ADAPTIVE_DWA,6
1587.0,SIGNAL_ADAPTIVE_DWA,6
1587.5,SIGNAL_ADAPTIVE_DWA,6
1588.0,SIGNAL_ADAPTIVE_DWA,6
1588.5,SIGNAL_ADAPTIVE_DWA,6
1589.0,SIGNAL_ADAPTIVE_DWA,6
1589.5,SIGNAL_ADAPTIVE_DWA,6
1590.0,SIGNAL_ADAPTIVE_DWA,6
1590.5,SIGNAL_ADAPTIVE_DWA,6
1591.0,SIGNAL_ADAPTIVE_DWA,6
1591.5,SIGNAL_ADAPTIVE_DWA,6
1592.0,SIGNAL_ADAPTIVE_DWA,6
1592.5,SIGNAL_ADAPTIVE_DWA,6
1593.0,SIGNAL_ADAPTIVE_DWA,6
1593.5,SIGNAL_ADAPTIVE_DWA,6
1594.0,SIGNAL_ADAPTIVE_DWA,6
1594.5,SIGNAL_ADAPTIVE_DWA,6
1595.0,SIGNAL_ADAPTIVE_DWA,6
1595.5,SIGNAL_ADAPTIVE_DWA,6
1596.0,SIGNAL_ADAPTIVE_DWA,6
1596.5,SIGNAL_ADAPTIVE_DWA,6
1597.0,SIGNAL_ADAPTIVE_DWA,6
1597.5,SIGNAL_ADAPTIVE_DWA,6
1598.0,SIGNAL_ADAPTIVE_DWA,6
1598.5,SIGNAL_ADAPTIVE_DWA,6
1599.0,SIGNAL_ADAPTIVE_DWA,6
1599.5,SIGNAL_ADAPTIVE_DWA,6
1600.0,SIGNAL_ADAPTIVE_DWA,6
1600.5,SIGNAL_ADAPTIVE_DWA,6
1601.0,SIGNAL_ADAPTIVE_DWA,6
1601.5,SIGNAL_ADAPTIVE_DWA,6
1602.0,SIGNAL_ADAPTIVE_DWA,6
1602.5,SIGNAL_ADAPTIVE_DWA,6
1603.0,SIGNAL_ADAPTIVE_DWA,6
1603.5,SIGNAL_ADAPTIVE_DWA,6
1604.0,SIGNAL_ADAPTIVE_DWA,6
1604.5,SIGNAL_ADAPTIVE_DWA,6
1605.0,SIGNAL_ADAPTIVE_DWA,6
1605.5,SIGNAL_ADAPTIVE_DWA,6
1606.0,SIGNAL_ADAPTIVE_DWA,6
1606.5,SIGNAL_ADAPTIVE_DWA,6
1607.0,SIGNAL_ADAPTIVE_DWA,6
1607.5,SIGNAL_ADAPTIVE_DWA,6
1608.0,SIGNAL_ADAPTIVE_DWA,6
1608.5,SIGNAL_ADAPTIVE_DWA,6
1609.0,SIGNAL_ADAPTIVE_DWA,6
1609.5,SIGNAL_ADAPTIVE_DWA,6
1610.0,SIGNAL_ADAPTIVE_DWA,6
1610.5,SIGNAL_ADAPTIVE_DWA,6
1611.0,SIGNAL_ADAPTIVE_DWA,6
1611.5,SIGNAL_ADAPTIVE_DWA,6
1612.0,SIGNAL_ADAPTIVE_DWA,6
1612.5,SIGNAL_ADAPTIVE_DWA,6
1613.0,SIGNAL_ADAPTIVE_DWA,6
1613.5,SIGNAL_ADAPTIVE_DWA,6
1614.0,SIGNAL_ADAPTIVE_DWA,6
1614.5,SIGNAL_ADAPTIVE_DWA,6
1615.0,SIGNAL_ADAPTIVE_DWA,6
1615.5,SIGNAL_ADAPTIVE_DWA,6
1616.0,SIGNAL_ADAPTIVE_DWA,6
1616.5,SIGNAL_ADAPTIVE_DWA,6
1617.0,SIGNAL_ADAPTIVE_DWA,6
1617.5,SIGNAL_ADAPTIVE_DWA,6
1618.0,SIGNAL_ADAPTIVE_DWA,6
1618.5,SIGNAL_ADAPTIVE_DWA,6
1619.0,SIGNAL_ADAPTIVE_DWA,6
1619.5,SIGNAL_ADAPTIVE_DWA,6
1620.0,SIGNAL_ADAPTIVE_DWA,6
1620.5,SIGNAL_ADAPTIVE_DWA,6
1621.0,SIGNAL_ADAPTIVE_DWA,6
1621.5,SIGNAL_ADAPTIVE_DWA,6
1622.0,SIGNAL_ADAPTIVE_DWA,6
1622.5,SIGNAL_ADAPTIVE_DWA,6
1623.0,SIGNAL_ADAPTIVE_DWA,6
1623.5,SIGNAL_ADAPTIVE_DWA,6
1624.0,SIGNAL_ADAPTIVE_DWA,6
1624.5,SIGNAL_ADAPTIVE_DWA,6
1625.0,SIGNAL_ADAPTIVE_DWA,6
1625.5,SIGNAL_ADAPTIVE_DWA,6
1626.0,SIGNAL_ADAPTIVE_DWA,6
1626.5,SIGNAL_ADAPTIVE_DWA,6
1627.0,SIGNAL_ADAPTIVE_DWA,6
1627.5,SIGNAL_ADAPTIVE_DWA,6
1628.0,SIGNAL_ADAPTIVE_DWA,6
1628.5,SIGNAL_ADAPTIVE_DWA,6
1629.0,SIGNAL_ADAPTIVE_DWA,6
1629.5,SIGNAL_ADAPTIVE_DWA,6
1630.0,SIGNAL_ADAPTIVE_DWA,6
1630.5,SIGNAL_ADAPTIVE_DWA,6
1631.0,SIGNAL_ADAPTIVE_DWA,6
1631.5,SIGNAL_ADAPTIVE_DWA,6
1632.0,SIGNAL_ADAPTIVE_DWA,6
1632.5,SIGNAL_ADAPTIVE_DWA,6
1633.0,SIGNAL_ADAPTIVE_DWA,6
1633.5,SIGNAL_ADAPTIVE_DWA,6
1634.0,SIGNAL_ADAPTIVE_DWA,6
1634.5,SIGNAL_ADAPTIVE_DWA,6
1635.0,SIGNAL_ADAPTIVE_DWA,6
1635.5,SIGNAL_ADAPTIVE_DWA,6
1636.0,SIGNAL_ADAPTIVE_DWA,6
1636.5,SIGNAL_ADAPTIVE_DWA,6
1637.0,SIGNAL_ADAPTIVE_DWA,6
1637.5,SIGNAL_ADAPTIVE_DWA,6
1638.0,SIGNAL_ADAPTIVE_DWA,6
1638.5,SIGNAL_ADAPTIVE_DWA,6
1639.0,SIGNAL_ADAPTIVE_DWA,6
1639.5,SIGNAL_ADAPTIVE_DWA,6
1640.0,SIGNAL_ADAPTIVE_DWA,18
1640.5,SIGNAL_ADAPTIVE_DWA,18
1641.0,SIGNAL_ADAPTIVE_DWA,18
1641.5,SIGNAL_ADAPTIVE_DWA,18
1642.0,SIGNAL_ADAPTIVE_DWA,18
1642.5,SIGNAL_ADAPTIVE_DWA,18
1643.0,SIGNAL_ADAPTIVE_DWA,18
1643.5,SIGNAL_ADAPTIVE_DWA,18
1644.0,SIGNAL_ADAPTIVE_DWA,18
1644.5,SIGNAL_ADAPTIVE_DWA,18
1645.0,SIGNAL_ADAPTIVE_DWA,18
1645.5,SIGNAL_ADAPTIVE_DWA,18
1646.0,SIGNAL_ADAPTIVE_DWA,18
1646.5,SIGNAL_ADAPTIVE_DWA,18
1647.0,SIGNAL_ADAPTIVE_DWA,18
1647.5,SIGNAL_ADAPTIVE_DWA,18
1648.0,SIGNAL_ADAPTIVE_DWA,18
1648.5,SIGNAL_ADAPTIVE_DWA,18
1649.0,SIGNAL_ADAPTIVE_DWA,18
1649.5,SIGNAL_ADAPTIVE_DWA,18
1650.0,SIGNAL_ADAPTIVE_DWA,18
1650.5,SIGNAL_ADAPTIVE_DWA,18
1651.0,SIGNAL_ADAPTIVE_DWA,18
1651.5,SIGNAL_ADAPTIVE_DWA,18
1652.0,SIGNAL_ADAPTIVE_DWA,18
1652.5,SIGNAL_ADAPTIVE_DWA,18
1653.0,SIGNAL_ADAPTIVE_DWA,18
1653.5,SIGNAL_ADAPTIVE_DWA,18
1654.0,SIGNAL_ADAPTIVE_DWA,18
1654.5,SIGNAL_ADAPTIVE_DWA,18
1655.0,SIGNAL_ADAPTIVE_DWA,18
1655.5,SIGNAL_ADAPTIVE_DWA,18
1656.0,SIGNAL_ADAPTIVE_DWA,18
1656.5,SIGNAL_ADAPTIVE_DWA,18
1657.0,SIGNAL_ADAPTIVE_DWA,18
1657.5,SIGNAL_ADAPTIVE_DWA,18
1658.0,SIGNAL_ADAPTIVE_DWA,18
1658.5,SIGNAL_ADAPTIVE_DWA,18
1659.0,SIGNAL_ADAPTIVE_DWA,18
1659.5,SIGNAL_ADAPTIVE_DWA,18
1660.0,SIGNAL_ADAPTIVE_DWA,18
1660.5,SIGNAL_ADAPTIVE_DWA,18
1661.0,SIGNAL_ADAPTIVE_DWA,18
1661.5,SIGNAL_ADAPTIVE_DWA,18
1662.0,SIGNAL_ADAPTIVE_DWA,18
1662.5,SIGNAL_ADAPTIVE_DWA,18
1663.0,SIGNAL_ADAPTIVE_DWA,18
1663.5,SIGNAL_ADAPTIVE_DWA,18
1664.0,SIGNAL_ADAPTIVE_DWA,18
1664.5,SIGNAL_ADAPTIVE_DWA,18
1665.0,SIGNAL_ADAPTIVE_DWA,18
1665.5,SIGNAL_ADAPTIVE_DWA,18
1666.0,SIGNAL_ADAPTIVE_DWA,18
1666.5,SIGNAL_ADAPTIVE_DWA,18
1667.0,SIGNAL_ADAPTIVE_DWA,18
1667.5,SIGNAL_ADAPTIVE_DWA,18
1668.0,SIGNAL_ADAPTIVE_DWA,18
1668.5,SIGNAL_ADAPTIVE_DWA,18
1669.0,SIGNAL_ADAPTIVE_DWA,18
1669.5,SIGNAL_ADAPTIVE_DWA,12
1670.0,SIGNAL_ADAPTIVE_DWA,12
1670.5,SIGNAL_ADAPTIVE_DWA,12
1671.0,SIGNAL_ADAPTIVE_DWA,12
1671.5,SIGNAL_ADAPTIVE_DWA,12
1672.0,SIGNAL_ADAPTIVE_DWA,12
1672.5,SIGNAL_ADAPTIVE_DWA,12
1673.0,SIGNAL_ADAPTIVE_DWA,12
1673.5,SIGNAL_ADAPTIVE_DWA,12
1674.0,SIGNAL_ADAPTIVE_DWA,12
1674.5,SIGNAL_ADAPTIVE_DWA,12
1675.0,SIGNAL_ADAPTIVE_DWA,12
1675.5,SIGNAL_ADAPTIVE_DWA,12
1676.0,SIGNAL_ADAPTIVE_DWA,12
1676.5,SIGNAL_ADAPTIVE_DWA,12
1677.0,SIGNAL_ADAPTIVE_DWA,12
1677.5,SIGNAL_ADAPTIVE_DWA,12
1678.0,SIGNAL_ADAPTIVE_DWA,12
1678.5,SIGNAL_ADAPTIVE_DWA,12
1679.0,SIGNAL_ADAPTIVE_DWA,12
1679.5,SIGNAL_ADAPTIVE_DWA,12
1680.0,SIGNAL_ADAPTIVE_DWA,12
1680.5,SIGNAL_ADAPTIVE_DWA,12
1681.0,SIGNAL_ADAPTIVE_DWA,12
1681.5,SIGNAL_ADAPTIVE_DWA,12
1682.0,SIGNAL_ADAPTIVE_DWA,12
1682.5,SIGNAL_ADAPTIVE_DWA,12
1683.0,SIGNAL_ADAPTIVE_DWA,12
1683.5,SIGNAL_ADAPTIVE_DWA,12
1684.0,SIGNAL_ADAPTIVE_DWA,12
1684.5,SIGNAL_ADAPTIVE_DWA,12
1685.0,SIGNAL_ADAPTIVE_DWA,12
1685.5,SIGNAL_ADAPTIVE_DWA,12
1686.0,SIGNAL_ADAPTIVE_DWA,12
1686.5,SIGNAL_ADAPTIVE_DWA,12
1687.0,SIGNAL_ADAPTIVE_DWA,12
1687.5,SIGNAL_ADAPTIVE_DWA,12
1688.0,SIGNAL_ADAPTIVE_DWA,12
1688.5,SIGNAL_ADAPTIVE_DWA,12
1689.0,SIGNAL_ADAPTIVE_DWA,12
1689.5,SIGNAL_ADAPTIVE_DWA,12
1690.0,SIGNAL_ADAPTIVE_DWA,12
1690.5,SIGNAL_ADAPTIVE_DWA,12
1691.0,SIGNAL_ADAPTIVE_DWA,12
1691.5,SIGNAL_ADAPTIVE_DWA,12
1692.0,SIGNAL_ADAPTIVE_DWA,12
1692.5,SIGNAL_ADAPTIVE_DWA,12
1693.0,SIGNAL_ADAPTIVE_DWA,12
1693.5,SIGNAL_ADAPTIVE_DWA,12
1694.0,SIGNAL_ADAPTIVE_DWA,12
1694.5,SIGNAL_ADAPTIVE_DWA,12
1695.0,SIGNAL_ADAPTIVE_DWA,12
1695.5,SIGNAL_ADAPTIVE_DWA,12
1696.0,SIGNAL_ADAPTIVE_DWA,12
1696.5,SIGNAL_ADAPTIVE_DWA,12
1697.0,SIGNAL_ADAPTIVE_DWA,12
1697.5,SIGNAL_ADAPTIVE_DWA,12
1698.0,SIGNAL_ADAPTIVE_DWA,12
1698.5,SIGNAL_ADAPTIVE_DWA,12
1699.0,SIGNAL_ADAPTIVE_DWA,12
1699.5,SIGNAL_ADAPTIVE_DWA,12
1700.0,SIGNAL_ADAPTIVE_DWA,12
1700.5,SIGNAL_ADAPTIVE_DWA,12
1701.0,SIGNAL_ADAPTIVE_DWA,12
1701.5,SIGNAL_ADAPTIVE_DWA,12
1702.0,SIGNAL_ADAPTIVE_DWA,12
1702.5,SIGNAL_ADAPTIVE_DWA,12
1703.0,SIGNAL_ADAPTIVE_DWA,12
1703.5,SIGNAL_ADAPTIVE_DWA,12
1704.0,SIGNAL_ADAPTIVE_DWA,12
1704.5,SIGNAL_ADAPTIVE_DWA,12
1705.0,SIGNAL_ADAPTIVE_DWA,12
1705.5,SIGNAL_ADAPTIVE_DWA,12
1706.0,SIGNAL_ADAPTIVE_DWA,18
1706.5,SIGNAL_ADAPTIVE_DWA,18
1707.0,SIGNAL_ADAPTIVE_DWA,18
1707.5,SIGNAL_ADAPTIVE_DWA,18
1708.0,SIGNAL_ADAPTIVE_DWA,18
1708.5,SIGNAL_ADAPTIVE_DWA,18
1709.0,SIGNAL_ADAPTIVE_DWA,18
1709.5,SIGNAL_ADAPTIVE_DWA,18
1710.0,SIGNAL_ADAPTIVE_DWA,18
1710.5,SIGNAL_ADAPTIVE_DWA,18
1711.0,SIGNAL_ADAPTIVE_DWA,18
1711.5,SIGNAL_ADAPTIVE_DWA,18
1712.0,SIGNAL_ADAPTIVE_DWA,18
1712.5,SIGNAL_ADAPTIVE_DWA,18
1713.0,SIGNAL_ADAPTIVE_DWA,18
1713.5,SIGNAL_ADAPTIVE_DWA,18
1714.0,SIGNAL_ADAPTIVE_DWA,18
1714.5,SIGNAL_ADAPTIVE_DWA,18
1715.0,SIGNAL_ADAPTIVE_DWA,18
1715.5,SIGNAL_ADAPTIVE_DWA,18
1716.0,SIGNAL_ADAPTIVE_DWA,18
1716.5,SIGNAL_ADAPTIVE_DWA,18
1717.0,SIGNAL_ADAPTIVE_DWA,18
1717.5,SIGNAL_ADAPTIVE_DWA,18
1718.0,SIGNAL_ADAPTIVE_DWA,18
1718.5,SIGNAL_ADAPTIVE_DWA,18
1719.0,SIGNAL_ADAPTIVE_DWA,18
1719.5,SIGNAL_ADAPTIVE_DWA,18
1720.0,SIGNAL_ADAPTIVE_DWA,18
1720.5,SIGNAL_ADAPTIVE_DWA,18
1721.0,SIGNAL_ADAPTIVE_DWA,18
1721.5,SIGNAL_ADAPTIVE_DWA,18
1722.0,SIGNAL_ADAPTIVE_DWA,18
1722.5,SIGNAL_ADAPTIVE_DWA,18
1723.0,SIGNAL_ADAPTIVE_DWA,18
1723.5,SIGNAL_ADAPTIVE_DWA,18
1724.0,SIGNAL_ADAPTIVE_DWA,18
1724.5,SIGNAL_ADAPTIVE_DWA,18
1725.0,SIGNAL_ADAPTIVE_DWA,18
1725.5,SIGNAL_ADAPTIVE_DWA,18
1726.0,SIGNAL_ADAPTIVE_DWA,18
1726.5,SIGNAL_ADAPTIVE_DWA,18
1727.0,SIGNAL_ADAPTIVE_DWA,18
1727.5,SIGNAL_ADAPTIVE_DWA,18
1728.0,SIGNAL_ADAPTIVE_DWA,18
1728.5,SIGNAL_ADAPTIVE_DWA,18
1729.0,SIGNAL_ADAPTIVE_DWA,18
1729.5,SIGNAL_ADAPTIVE_DWA,18
1730.0,SIGNAL_ADAPTIVE_DWA,18
1730.5,SIGNAL_ADAPTIVE_DWA,18
1731.0,SIGNAL_ADAPTIVE_DWA,18
1731.5,SIGNAL_ADAPTIVE_DWA,18
1732.0,SIGNAL_ADAPTIVE_DWA,18
1732.5,SIGNAL_ADAPTIVE_DWA,18
1733.0,SIGNAL_ADAPTIVE_DWA,18
1733.5,SIGNAL_ADAPTIVE_DWA,18
1734.0,SIGNAL_ADAPTIVE_DWA,18
1734.5,SIGNAL_ADAPTIVE_DWA,18
1735.0,SIGNAL_ADAPTIVE_DWA,18
1735.5,SIGNAL_ADAPTIVE_DWA,18
1736.0,SIGNAL_ADAPTIVE_DWA,18
1736.5,SIGNAL_ADAPTIVE_DWA,18
1737.0,SIGNAL_ADAPTIVE_DWA,18
1737.5,SIGNAL_ADAPTIVE_DWA,18
1738.0,SIGNAL_ADAPTIVE_DWA,18
1738.5,SIGNAL_ADAPTIVE_DWA,18
1739.0,SIGNAL_ADAPTIVE_DWA,18
1739.5,SIGNAL_ADAPTIVE_DWA,18
1740.0,SIGNAL_ADAPTIVE_DWA,18
1740.5,SIGNAL_ADAPTIVE_DWA,18
1741.0,SIGNAL_ADAPTIVE_DWA,18
1741.5,SIGNAL_ADAPTIVE_DWA,18
1742.0,SIGNAL_ADAPTIVE_DWA,18
1742.5,SIGNAL_ADAPTIVE_DWA,18
1743.0,SIGNAL_ADAPTIVE_DWA,18
1743.5,SIGNAL_ADAPTIVE_DWA,18
1744.0,SIGNAL_ADAPTIVE_DWA,13
1744.5,SIGNAL_ADAPTIVE_DWA,13
1745.0,SIGNAL_ADAPTIVE_DWA,13
1745.5,SIGNAL_ADAPTIVE_DWA,13
1746.0,SIGNAL_ADAPTIVE_DWA,13
1746.5,SIGNAL_ADAPTIVE_DWA,13
1747.0,SIGNAL_ADAPTIVE_DWA,13
1747.5,SIGNAL_ADAPTIVE_DWA,13
1748.0,SIGNAL_ADAPTIVE_DWA,13
1748.5,SIGNAL_ADAPTIVE_DWA,13
1749.0,SIGNAL_ADAPTIVE_DWA,13
1749.5,SIGNAL_ADAPTIVE_DWA,13
1750.0,SIGNAL_ADAPTIVE_DWA,13
1750.5,SIGNAL_ADAPTIVE_DWA,13
1751.0,SIGNAL_ADAPTIVE_DWA,13
1751.5,SIGNAL_ADAPTIVE_DWA,13
1752.0,SIGNAL_ADAPTIVE_DWA,13
1752.5,SIGNAL_ADAPTIVE_DWA,13
1753.0,SIGNAL_ADAPTIVE_DWA,13
1753.5,SIGNAL_ADAPTIVE_DWA,13
1754.0,SIGNAL_ADAPTIVE_DWA,13
1754.5,SIGNAL_ADAPTIVE_DWA,13
1755.0,SIGNAL_ADAPTIVE_DWA,13
1755.5,SIGNAL_ADAPTIVE_DWA,13
1756.0,SIGNAL_ADAPTIVE_DWA,13
1756.5,SIGNAL_ADAPTIVE_DWA,13
1757.0,SIGNAL_ADAPTIVE_DWA,13
1757.5,SIGNAL_ADAPTIVE_DWA,13
1758.0,SIGNAL_ADAPTIVE_DWA,13
1758.5,SIGNAL_ADAPTIVE_DWA,13
1759.0,SIGNAL_ADAPTIVE_DWA,13
1759.5,SIGNAL_ADAPTIVE_DWA,13
1760.0,SIGNAL_ADAPTIVE_DWA,13
1760.5,SIGNAL_ADAPTIVE_DWA,13
1761.0,SIGNAL_ADAPTIVE_DWA,13
1761.5,SIGNAL_ADAPTIVE_DWA,13
1762.0,SIGNAL_ADAPTIVE_DWA,13
1762.5,SIGNAL_ADAPTIVE_DWA,13
1763.0,SIGNAL_ADAPTIVE_DWA,13
1763.5,SIGNAL_ADAPTIVE_DWA,13
1764.0,SIGNAL_ADAPTIVE_DWA,13
1764.5,SIGNAL_ADAPTIVE_DWA,13
1765.0,SIGNAL_ADAPTIVE_DWA,13
1765.5,SIGNAL_ADAPTIVE_DWA,13
1766.0,SIGNAL_ADAPTIVE_DWA,13
1766.5,SIGNAL_ADAPTIVE_DWA,13
1767.0,SIGNAL_ADAPTIVE_DWA,13
1767.5,SIGNAL_ADAPTIVE_DWA,13
1768.0,SIGNAL_ADAPTIVE_DWA,13
1768.5,SIGNAL_ADAPTIVE_DWA,13
1769.0,SIGNAL_ADAPTIVE_DWA,13
1769.5,SIGNAL_ADAPTIVE_DWA,13
1770.0,SIGNAL_ADAPTIVE_DWA,13
1770.5,SIGNAL_ADAPTIVE_DWA,13
1771.0,SIGNAL_ADAPTIVE_DWA,13
1771.5,SIGNAL_ADAPTIVE_DWA,13
1772.0,SIGNAL_ADAPTIVE_DWA,13
1772.5,SIGNAL_ADAPTIVE_DWA,13
1773.0,SIGNAL_ADAPTIVE_DWA,13
1773.5,SIGNAL_ADAPTIVE_DWA,13
1774.0,SIGNAL_ADAPTIVE_DWA,13
1774.5,SIGNAL_ADAPTIVE_DWA,13
1775.0,SIGNAL_ADAPTIVE_DWA,13
1775.5,SIGNAL_ADAPTIVE_DWA,13
1776.0,SIGNAL_ADAPTIVE_DWA,13
1776.5,SIGNAL_ADAPTIVE_DWA,13
1777.0,SIGNAL_ADAPTIVE_DWA,13
1777.5,SIGNAL_ADAPTIVE_DWA,13
1778.0,SIGNAL_ADAPTIVE_DWA,13
1778.5,SIGNAL_ADAPTIVE_DWA,13
1779.0,SIGNAL_ADAPTIVE_DWA,13
1779.5,SIGNAL_ADAPTIVE_DWA,13
1780.0,SIGNAL_ADAPTIVE_DWA,13
1780.5,SIGNAL_ADAPTIVE_DWA,13
1781.0,SIGNAL_ADAPTIVE_DWA,13
1781.5,SIGNAL_ADAPTIVE_DWA,13
1782.0,SIGNAL_ADAPTIVE_DWA,13
1782.5,SIGNAL_ADAPTIVE_DWA,13
1783.0,SIGNAL_ADAPTIVE_DWA,13
1783.5,SIGNAL_ADAPTIVE_DWA,18
1784.0,SIGNAL_ADAPTIVE_DWA,18
1784.5,SIGNAL_ADAPTIVE_DWA,18
1785.0,SIGNAL_ADAPTIVE_DWA,18
1785.5,SIGNAL_ADAPTIVE_DWA,18
1786.0,SIGNAL_ADAPTIVE_DWA,18
1786.5,SIGNAL_ADAPTIVE_DWA,18
1787.0,SIGNAL_ADAPTIVE_DWA,18
1787.5,SIGNAL_ADAPTIVE_DWA,18
1788.0,SIGNAL_ADAPTIVE_DWA,18
1788.5,SIGNAL_ADAPTIVE_DWA,18
1789.0,SIGNAL_ADAPTIVE_DWA,18
1789.5,SIGNAL_ADAPTIVE_DWA,18
1790.0,SIGNAL_ADAPTIVE_DWA,18
1790.5,SIGNAL_ADAPTIVE_DWA,18
1791.0,SIGNAL_ADAPTIVE_DWA,18
1791.5,SIGNAL_ADAPTIVE_DWA,18
1792.0,SIGNAL_ADAPTIVE_DWA,18
1792.5,SIGNAL_ADAPTIVE_DWA,18
1793.0,SIGNAL_ADAPTIVE_DWA,18
1793.5,SIGNAL_ADAPTIVE_DWA,18
1794.0,SIGNAL_ADAPTIVE_DWA,18
1794.5,SIGNAL_ADAPTIVE_DWA,18
1795.0,SIGNAL_ADAPTIVE_DWA,18
1795.5,SIGNAL_ADAPTIVE_DWA,18
1796.0,SIGNAL_ADAPTIVE_DWA,18
1796.5,SIGNAL_ADAPTIVE_DWA,18
1797.0,SIGNAL_ADAPTIVE_DWA,18
1797.5,SIGNAL_ADAPTIVE_DWA,18
1798.0,SIGNAL_ADAPTIVE_DWA,18
1798.5,SIGNAL_ADAPTIVE_DWA,18
1799.0,SIGNAL_ADAPTIVE_DWA,18
1799.5,SIGNAL_ADAPTIVE_DWA,18
1800.0,SIGNAL_ADAPTIVE_DWA,18
1800.5,SIGNAL_ADAPTIVE_DWA,18
1801.0,SIGNAL_ADAPTIVE_DWA,18
1801.5,SIGNAL_ADAPTIVE_DWA,18
1802.0,SIGNAL_ADAPTIVE_DWA,18
1802.5,SIGNAL_ADAPTIVE_DWA,18
1803.0,SIGNAL_ADAPTIVE_DWA,18
1803.5,SIGNAL_ADAPTIVE_DWA,18
1804.0,SIGNAL_ADAPTIVE_DWA,18
1804.5,SIGNAL_ADAPTIVE_DWA,18
1805.0,SIGNAL_ADAPTIVE_DWA,18
1805.5,SIGNAL_ADAPTIVE_DWA,18
1806.0,SIGNAL_ADAPTIVE_DWA,18
1806.5,SIGNAL_ADAPTIVE_DWA,18
1807.0,SIGNAL_ADAPTIVE_DWA,18
1807.5,SIGNAL_ADAPTIVE_DWA,18
1808.0,SIGNAL_ADAPTIVE_DWA,18
1808.5,SIGNAL_ADAPTIVE_DWA,18
1809.0,SIGNAL_ADAPTIVE_DWA,18
1809.5,SIGNAL_ADAPTIVE_DWA,18
1810.0,SIGNAL_ADAPTIVE_DWA,18
1810.5,SIGNAL_ADAPTIVE_DWA,18
1811.0,SIGNAL_ADAPTIVE_DWA,18
1811.5,SIGNAL_ADAPTIVE_DWA,18
1812.0,SIGNAL_ADAPTIVE_DWA,18
1812.5,SIGNAL_ADAPTIVE_DWA,18
1813.0,SIGNAL_ADAPTIVE_DWA,18
1813.5,SIGNAL_ADAPTIVE_DWA,18
1814.0,SIGNAL_ADAPTIVE_DWA,18
1814.5,SIGNAL_ADAPTIVE_DWA,18
1815.0,SIGNAL_ADAPTIVE_DWA,18
1815.5,SIGNAL_ADAPTIVE_DWA,18
1816.0,SIGNAL_ADAPTIVE_DWA,13
1816.5,SIGNAL_ADAPTIVE_DWA,13
1817.0,SIGNAL_ADAPTIVE_DWA,13
1817.5,SIGNAL_ADAPTIVE_DWA,13
1818.0,SIGNAL_ADAPTIVE_DWA,13
1818.5,SIGNAL_ADAPTIVE_DWA,13
1819.0,SIGNAL_ADAPTIVE_DWA,13
1819.5,SIGNAL_ADAPTIVE_DWA,13
1820.0,SIGNAL_ADAPTIVE_DWA,13
1820.5,SIGNAL_ADAPTIVE_DWA,13
1821.0,SIGNAL_ADAPTIVE_DWA,13
1821.5,SIGNAL_ADAPTIVE_DWA,13
1822.0,SIGNAL_ADAPTIVE_DWA,13
1822.5,SIGNAL_ADAPTIVE_DWA,13
1823.0,SIGNAL_ADAPTIVE_DWA,13
1823.5,SIGNAL_ADAPTIVE_DWA,13
1824.0,SIGNAL_ADAPTIVE_DWA,13
1824.5,SIGNAL_ADAPTIVE_DWA,13
1825.0,SIGNAL_ADAPTIVE_DWA,13
1825.5,SIGNAL_ADAPTIVE_DWA,13
1826.0,SIGNAL_ADAPTIVE_DWA,13
1826.5,SIGNAL_ADAPTIVE_DWA,13
1827.0,SIGNAL_ADAPTIVE_DWA,13
1827.5,SIGNAL_ADAPTIVE_DWA,13
1828.0,SIGNAL_ADAPTIVE_DWA,13
1828.5,SIGNAL_ADAPTIVE_DWA,13
1829.0,SIGNAL_ADAPTIVE_DWA,13
1829.5,SIGNAL_ADAPTIVE_DWA,13
1830.0,SIGNAL_ADAPTIVE_DWA,13
1830.5,SIGNAL_ADAPTIVE_DWA,13
1831.0,SIGNAL_ADAPTIVE_DWA,13
1831.5,SIGNAL_ADAPTIVE_DWA,13
1832.0,SIGNAL_ADAPTIVE_DWA,13
1832.5,SIGNAL_ADAPTIVE_DWA,13
1833.0,SIGNAL_ADAPTIVE_DWA,13
1833.5,SIGNAL_ADAPTIVE_DWA,13
1834.0,SIGNAL_ADAPTIVE_DWA,13
1834.5,SIGNAL_ADAPTIVE_DWA,13
1835.0,SIGNAL_ADAPTIVE_DWA,13
1835.5,SIGNAL_ADAPTIVE_DWA,13
1836.0,SIGNAL_ADAPTIVE_DWA,13
1836.5,SIGNAL_ADAPTIVE_DWA,13
1837.0,SIGNAL_ADAPTIVE_DWA,13
1837.5,SIGNAL_ADAPTIVE_DWA,13
1838.0,SIGNAL_ADAPTIVE_DWA,13
1838.5,SIGNAL_ADAPTIVE_DWA,13
1839.0,SIGNAL_ADAPTIVE_DWA,13
1839.5,SIGNAL_ADAPTIVE_DWA,13
1840.0,SIGNAL_ADAPTIVE_DWA,13
1840.5,SIGNAL_ADAPTIVE_DWA,13
1841.0,SIGNAL_ADAPTIVE_DWA,13
1841.5,SIGNAL_ADAPTIVE_DWA,13
1842.0,SIGNAL_ADAPTIVE_DWA,13
1842.5,SIGNAL_ADAPTIVE_DWA,13
1843.0,SIGNAL_ADAPTIVE_DWA,13
1843.5,SIGNAL_ADAPTIVE_DWA,13
1844.0,SIGNAL_ADAPTIVE_DWA,13
1844.5,SIGNAL_ADAPTIVE_DWA,13
1845.0,SIGNAL_ADAPTIVE_DWA,13
1845.5,SIGNAL_ADAPTIVE_DWA,13
1846.0,SIGNAL_ADAPTIVE_DWA,13
1846.5,SIGNAL_ADAPTIVE_DWA,13
1847.0,SIGNAL_ADAPTIVE_DWA,13
1847.5,SIGNAL_ADAPTIVE_DWA,13
1848.0,SIGNAL_ADAPTIVE_DWA,13
1848.5,SIGNAL_ADAPTIVE_DWA,13
1849.0,SIGNAL_ADAPTIVE_DWA,13
1849.5,SIGNAL_ADAPTIVE_DWA,13
1850.0,SIGNAL_ADAPTIVE_DWA,13
1850.5,SIGNAL_ADAPTIVE_DWA,13
1851.0,SIGNAL_ADAPTIVE_DWA,13
1851.5,SIGNAL_ADAPTIVE_DWA,13
1852.0,SIGNAL_ADAPTIVE_DWA,13
1852.5,SIGNAL_ADAPTIVE_DWA,13
1853.0,SIGNAL_ADAPTIVE_DWA,13
1853.5,SIGNAL_ADAPTIVE_DWA,13
1854.0,SIGNAL_ADAPTIVE_DWA,13
1854.5,SIGNAL_ADAPTIVE_DWA,13
1855.0,SIGNAL_ADAPTIVE_DWA,13
1855.5,SIGNAL_ADAPTIVE_DWA,13
1856.0,SIGNAL_ADAPTIVE_DWA,13
1856.5,SIGNAL_ADAPTIVE_DWA,13
1857.0,SIGNAL_ADAPTIVE_DWA,13
1857.5,SIGNAL_ADAPTIVE_DWA,13
1858.0,SIGNAL_ADAPTIVE_DWA,13
1858.5,SIGNAL_ADAPTIVE_DWA,18
1859.0,SIGNAL_ADAPTIVE_DWA,18
1859.5,SIGNAL_ADAPTIVE_DWA,18
1860.0,SIGNAL_ADAPTIVE_DWA,18
1860.5,SIGNAL_ADAPTIVE_DWA,18
1861.0,SIGNAL_ADAPTIVE_DWA,18
1861.5,SIGNAL_ADAPTIVE_DWA,18
1862.0,SIGNAL_ADAPTIVE_DWA,18
1862.5,SIGNAL_ADAPTIVE_DWA,18
1863.0,SIGNAL_ADAPTIVE_DWA,18
1863.5,SIGNAL_ADAPTIVE_DWA,18
1864.0,SIGNAL_ADAPTIVE_DWA,18
1864.5,SIGNAL_ADAPTIVE_DWA,18
1865.0,SIGNAL_ADAPTIVE_DWA,18
1865.5,SIGNAL_ADAPTIVE_DWA,18
1866.0,SIGNAL_ADAPTIVE_DWA,18
1866.5,SIGNAL_ADAPTIVE_DWA,18
1867.0,SIGNAL_ADAPTIVE_DWA,18
1867.5,SIGNAL_ADAPTIVE_DWA,18
1868.0,SIGNAL_ADAPTIVE_DWA,18
1868.5,SIGNAL_ADAPTIVE_DWA,18
1869.0,SIGNAL_ADAPTIVE_DWA,18
1869.5,SIGNAL_ADAPTIVE_DWA,18
1870.0,SIGNAL_ADAPTIVE_DWA,18
1870.5,SIGNAL_ADAPTIVE_DWA,18
1871.0,SIGNAL_ADAPTIVE_DWA,18
1871.5,SIGNAL_ADAPTIVE_DWA,18
1872.0,SIGNAL_ADAPTIVE_DWA,18
1872.5,SIGNAL_ADAPTIVE_DWA,18
1873.0,SIGNAL_ADAPTIVE_DWA,18
1873.5,SIGNAL_ADAPTIVE_DWA,18
1874.0,SIGNAL_ADAPTIVE_DWA,18
1874.5,SIGNAL_ADAPTIVE_DWA,18
1875.0,SIGNAL_ADAPTIVE_DWA,18
1875.5,SIGNAL_ADAPTIVE_DWA,18
1876.0,SIGNAL_ADAPTIVE_DWA,18
1876.5,SIGNAL_ADAPTIVE_DWA,18
1877.0,SIGNAL_ADAPTIVE_DWA,18
1877.5,SIGNAL_ADAPTIVE_DWA,18
1878.0,SIGNAL_ADAPTIVE_DWA,18
1878.5,SIGNAL_ADAPTIVE_DWA,18
1879.0,SIGNAL_ADAPTIVE_DWA,18
1879.5,SIGNAL_ADAPTIVE_DWA,18
1880.0,SIGNAL_ADAPTIVE_DWA,18
1880.5,SIGNAL_ADAPTIVE_DWA,18
1881.0,SIGNAL_ADAPTIVE_DWA,18
1881.5,SIGNAL_ADAPTIVE_DWA,18
1882.0,SIGNAL_ADAPTIVE_DWA,1
1882.5,SIGNAL_ADAPTIVE_DWA,1
1883.0,SIGNAL_ADAPTIVE_DWA,1
1883.5,SIGNAL_ADAPTIVE_DWA,1
1884.0,SIGNAL_ADAPTIVE_DWA,1
1884.5,SIGNAL_ADAPTIVE_DWA,1
1885.0,SIGNAL_ADAPTIVE_DWA,1
1885.5,SIGNAL_ADAPTIVE_DWA,1
1886.0,SIGNAL_ADAPTIVE_DWA,1
1886.5,SIGNAL_ADAPTIVE_DWA,1
1887.0,SIGNAL_ADAPTIVE_DWA,1
1887.5,SIGNAL_ADAPTIVE_DWA,1
1888.0,SIGNAL_ADAPTIVE_DWA,1
1888.5,SIGNAL_ADAPTIVE_DWA,1
1889.0,SIGNAL_ADAPTIVE_DWA,1
1889.5,SIGNAL_ADAPTIVE_DWA,1
1890.0,SIGNAL_ADAPTIVE_DWA,1
1890.5,SIGNAL_ADAPTIVE_DWA,1
1891.0,SIGNAL_ADAPTIVE_DWA,1
1891.5,SIGNAL_ADAPTIVE_DWA,1
1892.0,SIGNAL_ADAPTIVE_DWA,1
1892.5,SIGNAL_ADAPTIVE_DWA,1
1893.0,SIGNAL_ADAPTIVE_DWA,1
1893.5,SIGNAL_ADAPTIVE_DWA,1
1894.0,SIGNAL_ADAPTIVE_DWA,1
1894.5,SIGNAL_ADAPTIVE_DWA,1
1895.0,SIGNAL_ADAPTIVE_DWA,1
1895.5,SIGNAL_ADAPTIVE_DWA,1
1896.0,SIGNAL_ADAPTIVE_DWA,1
1896.5,SIGNAL_ADAPTIVE_DWA,1
1897.0,SIGNAL_ADAPTIVE_DWA,1
1897.5,SIGNAL_ADAPTIVE_DWA,1
1898.0,SIGNAL_ADAPTIVE_DWA,1
1898.5,SIGNAL_ADAPTIVE_DWA,1
1899.0,SIGNAL_ADAPTIVE_DWA,1
1899.5,SIGNAL_ADAPTIVE_DWA,1
1900.0,SIGNAL_ADAPTIVE_DWA,1
1900.5,SIGNAL_ADAPTIVE_DWA,1
1901.0,SIGNAL_ADAPTIVE_DWA,1
1901.5,SIGNAL_ADAPTIVE_DWA,1
1902.0,SIGNAL_ADAPTIVE_DWA,1
1902.5,SIGNAL_ADAPTIVE_DWA,1
1903.0,SIGNAL_ADAPTIVE_DWA,1
1903.5,SIGNAL_ADAPTIVE_DWA,1
1904.0,SIGNAL_ADAPTIVE_DWA,1
1904.5,SIGNAL_ADAPTIVE_DWA,1
1905.0,SIGNAL_ADAPTIVE_DWA,1
1905.5,SIGNAL_ADAPTIVE_DWA,1
1906.0,SIGNAL_ADAPTIVE_DWA,1
1906.5,SIGNAL_ADAPTIVE_DWA,1
1907.0,SIGNAL_ADAPTIVE_DWA,1
1907.5,SIGNAL_ADAPTIVE_DWA,1
1908.0,SIGNAL_ADAPTIVE_DWA,1
1908.5,SIGNAL_ADAPTIVE_DWA,1
1909.0,SIGNAL_ADAPTIVE_DWA,1
1909.5,SIGNAL_ADAPTIVE_DWA,1
1910.0,SIGNAL_ADAPTIVE_DWA,1
1910.5,SIGNAL_ADAPTIVE_DWA,1
1911.0,SIGNAL_ADAPTIVE_DWA,1
1911.5,SIGNAL_ADAPTIVE_DWA,1
1912.0,SIGNAL_ADAPTIVE_DWA,1
1912.5,SIGNAL_ADAPTIVE_DWA,1
1913.0,SIGNAL_ADAPTIVE_DWA,1
1913.5,SIGNAL_ADAPTIVE_DWA,1
1914.0,SIGNAL_ADAPTIVE_DWA,1
1914.5,SIGNAL_ADAPTIVE_DWA,1
1915.0,SIGNAL_ADAPTIVE_DWA,1
1915.5,SIGNAL_ADAPTIVE_DWA,1
1916.0,SIGNAL_ADAPTIVE_DWA,1
1916.5,SIGNAL_ADAPTIVE_DWA,1
1917.0,SIGNAL_ADAPTIVE_DWA,1
1917.5,SIGNAL_ADAPTIVE_DWA,1
1918.0,SIGNAL_ADAPTIVE_DWA,1
1918.5,SIGNAL_ADAPTIVE_DWA,1
1919.0,SIGNAL_ADAPTIVE_DWA,1
1919.5,SIGNAL_ADAPTIVE_DWA,1
1920.0,SIGNAL_ADAPTIVE_DWA,1
1920.5,SIGNAL_ADAPTIVE_DWA,1
1921.0,SIGNAL_ADAPTIVE_DWA,1
1921.5,SIGNAL_ADAPTIVE_DWA,1
1922.0,SIGNAL_ADAPTIVE_DWA,1
1922.5,SIGNAL_ADAPTIVE_DWA,1
1923.0,SIGNAL_ADAPTIVE_DWA,1
1923.5,SIGNAL_ADAPTIVE_DWA,1
1924.0,SIGNAL_ADAPTIVE_DWA,1
1924.5,SIGNAL_ADAPTIVE_DWA,1
1925.0,SIGNAL_ADAPTIVE_DWA,1
1925.5,SIGNAL_ADAPTIVE_DWA,1
1926.0,SIGNAL_ADAPTIVE_DWA,1
1926.5,SIGNAL_ADAPTIVE_DWA,1
1927.0,SIGNAL_ADAPTIVE_DWA,1
1927.5,SIGNAL_ADAPTIVE_DWA,1
1928.0,SIGNAL_ADAPTIVE_DWA,1
1928.5,SIGNAL_ADAPTIVE_DWA,1
1929.0,SIGNAL_ADAPTIVE_DWA,1
1929.5,SIGNAL_ADAPTIVE_DWA,1
1930.0,SIGNAL_ADAPTIVE_DWA,1
1930.5,SIGNAL_ADAPTIVE_DWA,1
1931.0,SIGNAL_ADAPTIVE_DWA,1
1931.5,SIGNAL_ADAPTIVE_DWA,1
1932.0,SIGNAL_ADAPTIVE_DWA,1
1932.5,SIGNAL_ADAPTIVE_DWA,1
1933.0,SIGNAL_ADAPTIVE_DWA,1
1933.5,SIGNAL_ADAPTIVE_DWA,1
1934.0,SIGNAL_ADAPTIVE_DWA,1
1934.5,SIGNAL_ADAPTIVE_DWA,1
1935.0,SIGNAL_ADAPTIVE_DWA,1
1935.5,SIGNAL_ADAPTIVE_DWA,1
1936.0,SIGNAL_ADAPTIVE_DWA,1
1936.5,SIGNAL_ADAPTIVE_DWA,1
1937.0,SIGNAL_ADAPTIVE_DWA,1
1937.5,SIGNAL_ADAPTIVE_DWA,1
1938.0,SIGNAL_ADAPTIVE_DWA,1
1938.5,SIGNAL_ADAPTIVE_DWA,1
1939.0,SIGNAL_ADAPTIVE_DWA,1
1939.5,SIGNAL_ADAPTIVE_DWA,1
1940.0,SIGNAL_ADAPTIVE_DWA,1
1940.5,SIGNAL_ADAPTIVE_DWA,1
1941.0,SIGNAL_ADAPTIVE_DWA,1
1941.5,SIGNAL_ADAPTIVE_DWA,1
1942.0,SIGNAL_ADAPTIVE_DWA,1
1942.5,SIGNAL_ADAPTIVE_DWA,1
1943.0,SIGNAL_ADAPTIVE_DWA,1
1943.5,SIGNAL_ADAPTIVE_DWA,1
1944.0,SIGNAL_ADAPTIVE_DWA,1
1944.5,SIGNAL_ADAPTIVE_DWA,1
1945.0,SIGNAL_ADAPTIVE_DWA,1
1945.5,SIGNAL_ADAPTIVE_DWA,1
1946.0,SIGNAL_ADAPTIVE_DWA,1
1946.5,SIGNAL_ADAPTIVE_DWA,1
1947.0,SIGNAL_ADAPTIVE_DWA,1
1947.5,SIGNAL_ADAPTIVE_DWA,1
1948.0,SIGNAL_ADAPTIVE_DWA,1
1948.5,SIGNAL_ADAPTIVE_DWA,1
1949.0,SIGNAL_ADAPTIVE_DWA,1
1949.5,SIGNAL_ADAPTIVE_DWA,1
1950.0,SIGNAL_ADAPTIVE_DWA,1
1950.5,SIGNAL_ADAPTIVE_DWA,1
1951.0,SIGNAL_ADAPTIVE_DWA,1
1951.5,SIGNAL_ADAPTIVE_DWA,1
1952.0,SIGNAL_ADAPTIVE_DWA,1
1952.5,SIGNAL_ADAPTIVE_DWA,1
1953.0,SIGNAL_ADAPTIVE_DWA,1
1953.5,SIGNAL_ADAPTIVE_DWA,1
1954.0,SIGNAL_ADAPTIVE_DWA,1
1954.5,SIGNAL_ADAPTIVE_DWA,1
1955.0,SIGNAL_ADAPTIVE_DWA,1
1955.5,SIGNAL_ADAPTIVE_DWA,1
1956.0,SIGNAL_ADAPTIVE_DWA,1
1956.5,SIGNAL_ADAPTIVE_DWA,1
1957.0,SIGNAL_ADAPTIVE_DWA,1
1957.5,SIGNAL_ADAPTIVE_DWA,1
1958.0,SIGNAL_ADAPTIVE_DWA,1
1958.5,SIGNAL_ADAPTIVE_DWA,1
1959.0,SIGNAL_ADAPTIVE_DWA,1
1959.5,SIGNAL_ADAPTIVE_DWA,1
1960.0,SIGNAL_ADAPTIVE_DWA,1
1960.5,SIGNAL_ADAPTIVE_DWA,1
1961.0,SIGNAL_ADAPTIVE_DWA,1
1961.5,SIGNAL_ADAPTIVE_DWA,1
1962.0,SIGNAL_ADAPTIVE_DWA,1
1962.5,SIGNAL_ADAPTIVE_DWA,1
1963.0,SIGNAL_ADAPTIVE_DWA,1
1963.5,SIGNAL_ADAPTIVE_DWA,1
1964.0,SIGNAL_ADAPTIVE_DWA,1
1964.5,SIGNAL_ADAPTIVE_DWA,1
1965.0,SIGNAL_ADAPTIVE_DWA,1
1965.5,SIGNAL_ADAPTIVE_DWA,1
1966.0,SIGNAL_ADAPTIVE_DWA,1
1966.5,SIGNAL_ADAPTIVE_DWA,1
1967.0,SIGNAL_ADAPTIVE_DWA,1
1967.5,SIGNAL_ADAPTIVE_DWA,1
1968.0,SIGNAL_ADAPTIVE_DWA,1
1968.5,SIGNAL_ADAPTIVE_DWA,1
1969.0,SIGNAL_ADAPTIVE_DWA,1
1969.5,SIGNAL_ADAPTIVE_DWA,1
1970.0,SIGNAL_ADAPTIVE_DWA,1
1970.5,SIGNAL_ADAPTIVE_DWA,1
1971.0,SIGNAL_ADAPTIVE_DWA,1
1971.5,SIGNAL_ADAPTIVE_DWA,1
1972.0,SIGNAL_ADAPTIVE_DWA,1
1972.5,SIGNAL_ADAPTIVE_DWA,1
1973.0,SIGNAL_ADAPTIVE_DWA,1
1973.5,SIGNAL_ADAPTIVE_DWA,18
1974.0,SIGNAL_ADAPTIVE_DWA,18
1974.5,SIGNAL_ADAPTIVE_DWA,18
1975.0,SIGNAL_ADAPTIVE_DWA,18
1975.5,SIGNAL_ADAPTIVE_DWA,18
1976.0,SIGNAL_ADAPTIVE_DWA,18
1976.5,SIGNAL_ADAPTIVE_DWA,18
1977.0,SIGNAL_ADAPTIVE_DWA,18
1977.5,SIGNAL_ADAPTIVE_DWA,18
1978.0,SIGNAL_ADAPTIVE_DWA,18
1978.5,SIGNAL_ADAPTIVE_DWA,18
1979.0,SIGNAL_ADAPTIVE_DWA,18
1979.5,SIGNAL_ADAPTIVE_DWA,18
1980.0,SIGNAL_ADAPTIVE_DWA,18
1980.5,SIGNAL_ADAPTIVE_DWA,18
1981.0,SIGNAL_ADAPTIVE_DWA,18
1981.5,SIGNAL_ADAPTIVE_DWA,18
1982.0,SIGNAL_ADAPTIVE_DWA,18
1982.5,SIGNAL_ADAPTIVE_DWA,18
1983.0,SIGNAL_ADAPTIVE_DWA,18
1983.5,SIGNAL_ADAPTIVE_DWA,18
1984.0,SIGNAL_ADAPTIVE_DWA,18
1984.5,SIGNAL_ADAPTIVE_DWA,18
1985.0,SIGNAL_ADAPTIVE_DWA,18
1985.5,SIGNAL_ADAPTIVE_DWA,18
1986.0,SIGNAL_ADAPTIVE_DWA,18
1986.5,SIGNAL_ADAPTIVE_DWA,18
1987.0,SIGNAL_ADAPTIVE_DWA,18
1987.5,SIGNAL_ADAPTIVE_DWA,18
1988.0,SIGNAL_ADAPTIVE_DWA,18
1988.5,SIGNAL_ADAPTIVE_DWA,18
1989.0,SIGNAL_ADAPTIVE_DWA,18
1989.5,SIGNAL_ADAPTIVE_DWA,18
1990.0,SIGNAL_ADAPTIVE_DWA,18
1990.5,SIGNAL_ADAPTIVE_DWA,18
1991.0,SIGNAL_ADAPTIVE_DWA,18
1991.5,SIGNAL_ADAPTIVE_DWA,18
1992.0,SIGNAL_ADAPTIVE_DWA,18
1992.5,SIGNAL_ADAPTIVE_DWA,18
1993.0,SIGNAL_ADAPTIVE_DWA,18
1993.5,SIGNAL_ADAPTIVE_DWA,18
1994.0,SIGNAL_ADAPTIVE_DWA,18
1994.5,SIGNAL_ADAPTIVE_DWA,18
1995.0,SIGNAL_ADAPTIVE_DWA,18
1995.5,SIGNAL_ADAPTIVE_DWA,18
1996.0,SIGNAL_ADAPTIVE_DWA,18
1996.5,SIGNAL_ADAPTIVE_DWA,18
1997.0,SIGNAL_ADAPTIVE_DWA,18
1997.5,SIGNAL_ADAPTIVE_DWA,18
1998.0,SIGNAL_ADAPTIVE_DWA,18
1998.5,SIGNAL_ADAPTIVE_DWA,18
1999.0,SIGNAL_ADAPTIVE_DWA,18
1999.5,SIGNAL_ADAPTIVE_DWA,18
2000.0,SIGNAL_ADAPTIVE_DWA,18
2000.5,SIGNAL_ADAPTIVE_DWA,18
2001.0,SIGNAL_ADAPTIVE_DWA,18
2001.5,SIGNAL_ADAPTIVE_DWA,18
2002.0,SIGNAL_ADAPTIVE_DWA,5
2002.5,SIGNAL_ADAPTIVE_DWA,5
2003.0,SIGNAL_ADAPTIVE_DWA,5
2003.5,SIGNAL_ADAPTIVE_DWA,5
2004.0,SIGNAL_ADAPTIVE_DWA,5
2004.5,SIGNAL_ADAPTIVE_DWA,5
2005.0,SIGNAL_ADAPTIVE_DWA,5
2005.5,SIGNAL_ADAPTIVE_DWA,5
2006.0,SIGNAL_ADAPTIVE_DWA,5
2006.5,SIGNAL_ADAPTIVE_DWA,5
2007.0,SIGNAL_ADAPTIVE_DWA,5
2007.5,SIGNAL_ADAPTIVE_DWA,5
2008.0,SIGNAL_ADAPTIVE_DWA,5
2008.5,SIGNAL_ADAPTIVE_DWA,5
2009.0,SIGNAL_ADAPTIVE_DWA,5
2009.5,SIGNAL_ADAPTIVE_DWA,5
2010.0,SIGNAL_ADAPTIVE_DWA,5
2010.5,SIGNAL_ADAPTIVE_DWA,5
2011.0,SIGNAL_ADAPTIVE_DWA,5
2011.5,SIGNAL_ADAPTIVE_DWA,5
2012.0,SIGNAL_ADAPTIVE_DWA,5
2012.5,SIGNAL_ADAPTIVE_DWA,5
2013.0,SIGNAL_ADAPTIVE_DWA,5
2013.5,SIGNAL_ADAPTIVE_DWA,5
2014.0,SIGNAL_ADAPTIVE_DWA,5
2014.5,SIGNAL_ADAPTIVE_DWA,5
2015.0,SIGNAL_ADAPTIVE_DWA,5
2015.5,SIGNAL_ADAPTIVE_DWA,5
2016.0,SIGNAL_ADAPTIVE_DWA,5
2016.5,SIGNAL_ADAPTIVE_DWA,5
2017.0,SIGNAL_ADAPTIVE_DWA,5
2017.5,SIGNAL_ADAPTIVE_DWA,5
2018.0,SIGNAL_ADAPTIVE_DWA,5
2018.5,SIGNAL_ADAPTIVE_DWA,5
2019.0,SIGNAL_ADAPTIVE_DWA,5
2019.5,SIGNAL_ADAPTIVE_DWA,5
2020.0,SIGNAL_ADAPTIVE_DWA,5
2020.5,SIGNAL_ADAPTIVE_DWA,5
2021.0,SIGNAL_ADAPTIVE_DWA,5
2021.5,SIGNAL_ADAPTIVE_DWA,5
2022.0,SIGNAL_ADAPTIVE_DWA,5
2022.5,SIGNAL_ADAPTIVE_DWA,5
2023.0,SIGNAL_ADAPTIVE_DWA,5
2023.5,SIGNAL_ADAPTIVE_DWA,5
2024.0,SIGNAL_ADAPTIVE_DWA,5
2024.5,SIGNAL_ADAPTIVE_DWA,5
2025.0,SIGNAL_ADAPTIVE_DWA,5
2025.5,SIGNAL_ADAPTIVE_DWA,5
2026.0,SIGNAL_ADAPTIVE_DWA,5
2026.5,SIGNAL_ADAPTIVE_DWA,5
2027.0,SIGNAL_ADAPTIVE_DWA,5
2027.5,SIGNAL_ADAPTIVE_DWA,5
2028.0,SIGNAL_ADAPTIVE_DWA,5
2028.5,SIGNAL_ADAPTIVE_DWA,5
2029.0,SIGNAL_ADAPTIVE_DWA,5
2029.5,SIGNAL_ADAPTIVE_DWA,5
2030.0,SIGNAL_ADAPTIVE_DWA,5
2030.5,SIGNAL_ADAPTIVE_DWA,5
2031.0,SIGNAL_ADAPTIVE_DWA,5
2031.5,SIGNAL_ADAPTIVE_DWA,5
2032.0,SIGNAL_ADAPTIVE_DWA,5
2032.5,SIGNAL_ADAPTIVE_DWA,5
2033.0,SIGNAL_ADAPTIVE_DWA,5
2033.5,SIGNAL_ADAPTIVE_DWA,5
2034.0,SIGNAL_ADAPTIVE_DWA,5
2034.5,SIGNAL_ADAPTIVE_DWA,5
2035.0,SIGNAL_ADAPTIVE_DWA,5
2035.5,SIGNAL_ADAPTIVE_DWA,5
2036.0,SIGNAL_ADAPTIVE_DWA,5
2036.5,SIGNAL_ADAPTIVE_DWA,5
2037.0,SIGNAL_ADAPTIVE_DWA,5
2037.5,SIGNAL_ADAPTIVE_DWA,5
2038.0,SIGNAL_ADAPTIVE_DWA,5
2038.5,SIGNAL_ADAPTIVE_DWA,5
2039.0,SIGNAL_ADAPTIVE_DWA,5
2039.5,SIGNAL_ADAPTIVE_DWA,5
2040.0,SIGNAL_ADAPTIVE_DWA,5
2040.5,SIGNAL_ADAPTIVE_DWA,5
2041.0,SIGNAL_ADAPTIVE_DWA,5
2041.5,SIGNAL_ADAPTIVE_DWA,5
2042.0,SIGNAL_ADAPTIVE_DWA,5
2042.5,SIGNAL_ADAPTIVE_DWA,5
2043.0,SIGNAL_ADAPTIVE_DWA,5
2043.5,SIGNAL_ADAPTIVE_DWA,5
2044.0,SIGNAL_ADAPTIVE_DWA,5
2044.5,SIGNAL_ADAPTIVE_DWA,5
2045.0,SIGNAL_ADAPTIVE_DWA,5
2045.5,SIGNAL_ADAPTIVE_DWA,5
2046.0,SIGNAL_ADAPTIVE_DWA,5
2046.5,SIGNAL_ADAPTIVE_DWA,5
2047.0,SIGNAL_ADAPTIVE_DWA,5
2047.5,SIGNAL_ADAPTIVE_DWA,5
2048.0,SIGNAL_ADAPTIVE_DWA,5
2048.5,SIGNAL_ADAPTIVE_DWA,5
2049.0,SIGNAL_ADAPTIVE_DWA,5
2049.5,SIGNAL_ADAPTIVE_DWA,5
2050.0,SIGNAL_ADAPTIVE_DWA,5
2050.5,SIGNAL_ADAPTIVE_DWA,5
2051.0,SIGNAL_ADAPTIVE_DWA,5
2051.5,SIGNAL_ADAPTIVE_DWA,5
2052.0,SIGNAL_ADAPTIVE_DWA,5
2052.5,SIGNAL_ADAPTIVE_DWA,5
2053.0,SIGNAL_ADAPTIVE_DWA,5
2053.5,SIGNAL_ADAPTIVE_DWA,5
2054.0,SIGNAL_ADAPTIVE_DWA,5
2054.5,SIGNAL_ADAPTIVE_DWA,5
2055.0,SIGNAL_ADAPTIVE_DWA,5
2055.5,SIGNAL_ADAPTIVE_DWA,5
2056.0,SIGNAL_ADAPTIVE_DWA,5
2056.5,SIGNAL_ADAPTIVE_DWA,5
2057.0,SIGNAL_ADAPTIVE_DWA,5
2057.5,SIGNAL_ADAPTIVE_DWA,5
2058.0,SIGNAL_ADAPTIVE_DWA,5
2058.5,SIGNAL_ADAPTIVE_DWA,5
2059.0,SIGNAL_ADAPTIVE_DWA,5
2059.5,SIGNAL_ADAPTIVE_DWA,5
2060.0,SIGNAL_ADAPTIVE_DWA,5
2060.5,SIGNAL_ADAPTIVE_DWA,5
2061.0,SIGNAL_ADAPTIVE_DWA,5
2061.5,SIGNAL_ADAPTIVE_DWA,5
2062.0,SIGNAL_ADAPTIVE_DWA,5
2062.5,SIGNAL_ADAPTIVE_DWA,5
2063.0,SIGNAL_ADAPTIVE_DWA,5
2063.5,SIGNAL_ADAPTIVE_DWA,5
2064.0,SIGNAL_ADAPTIVE_DWA,5
2064.5,SIGNAL_ADAPTIVE_DWA,5
2065.0,SIGNAL_ADAPTIVE_DWA,5
2065.5,SIGNAL_ADAPTIVE_DWA,5
2066.0,SIGNAL_ADAPTIVE_DWA,5
2066.5,SIGNAL_ADAPTIVE_DWA,5
2067.0,SIGNAL_ADAPTIVE_DWA,5
2067.5,SIGNAL_ADAPTIVE_DWA,5
2068.0,SIGNAL_ADAPTIVE_DWA,5
2068.5,SIGNAL_ADAPTIVE_DWA,5
2069.0,SIGNAL_ADAPTIVE_DWA,5
2069.5,SIGNAL_ADAPTIVE_DWA,5
2070.0,SIGNAL_ADAPTIVE_DWA,5
2070.5,SIGNAL_ADAPTIVE_DWA,5
2071.0,SIGNAL_ADAPTIVE_DWA,5
2071.5,SIGNAL_ADAPTIVE_DWA,5
2072.0,SIGNAL_ADAPTIVE_DWA,5
2072.5,SIGNAL_ADAPTIVE_DWA,5
2073.0,SIGNAL_ADAPTIVE_DWA,5
2073.5,SIGNAL_ADAPTIVE_DWA,5
2074.0,SIGNAL_ADAPTIVE_DWA,5
2074.5,SIGNAL_ADAPTIVE_DWA,5
2075.0,SIGNAL_ADAPTIVE_DWA,5
2075.5,SIGNAL_ADAPTIVE_DWA,5
2076.0,SIGNAL_ADAPTIVE_DWA,5
2076.5,SIGNAL_ADAPTIVE_DWA,5
2077.0,SIGNAL_ADAPTIVE_DWA,5
2077.5,SIGNAL_ADAPTIVE_DWA,5
2078.0,SIGNAL_ADAPTIVE_DWA,5
2078.5,SIGNAL_ADAPTIVE_DWA,5
2079.0,SIGNAL_ADAPTIVE_DWA,5
2079.5,SIGNAL_ADAPTIVE_DWA,5
2080.0,SIGNAL_ADAPTIVE_DWA,5
2080.5,SIGNAL_ADAPTIVE_DWA,5
2081.0,SIGNAL_ADAPTIVE_DWA,5
2081.5,SIGNAL_ADAPTIVE_DWA,5
2082.0,SIGNAL_ADAPTIVE_DWA,5
2082.5,SIGNAL_ADAPTIVE_DWA,5
2083.0,SIGNAL_ADAPTIVE_DWA,5
2083.5,SIGNAL_ADAPTIVE_DWA,5
2084.0,SIGNAL_ADAPTIVE_DWA,5
2084.5,SIGNAL_ADAPTIVE_DWA,5
2085.0,SIGNAL_ADAPTIVE_DWA,5
2085.5,SIGNAL_ADAPTIVE_DWA,5
2086.0,SIGNAL_ADAPTIVE_DWA,5
2086.5,SIGNAL_ADAPTIVE_DWA,5
2087.0,SIGNAL_ADAPTIVE_DWA,5
2087.5,SIGNAL_ADAPTIVE_DWA,5
2088.0,SIGNAL_ADAPTIVE_DWA,5
2088.5,SIGNAL_ADAPTIVE_DWA,5
2089.0,SIGNAL_ADAPTIVE_DWA,5
2089.5,SIGNAL_ADAPTIVE_DWA,5
2090.0,SIGNAL_ADAPTIVE_DWA,5
2090.5,SIGNAL_ADAPTIVE_DWA,5
2091.0,SIGNAL_ADAPTIVE_DWA,5
2091.5,SIGNAL_ADAPTIVE_DWA,5
2092.0,SIGNAL_ADAPTIVE_DWA,5
2092.5,SIGNAL_ADAPTIVE_DWA,5
2093.0,SIGNAL_ADAPTIVE_DWA,5
2093.5,SIGNAL_ADAPTIVE_DWA,5
2094.0,SIGNAL_ADAPTIVE_DWA,5
2094.5,SIGNAL_ADAPTIVE_DWA,5
2095.0,SIGNAL_ADAPTIVE_DWA,5
2095.5,SIGNAL_ADAPTIVE_DWA,5
2096.0,SIGNAL_ADAPTIVE_DWA,5
2096.5,SIGNAL_ADAPTIVE_DWA,5
2097.0,SIGNAL_ADAPTIVE_DWA,5
2097.5,SIGNAL_ADAPTIVE_DWA,5
2098.0,SIGNAL_ADAPTIVE_DWA,5
2098.5,SIGNAL_ADAPTIVE_DWA,5
2099.0,SIGNAL_ADAPTIVE_DWA,5
2099.5,SIGNAL_ADAPTIVE_DWA,5
2100.0,SIGNAL_ADAPTIVE_DWA,5
2100.5,SIGNAL_ADAPTIVE_DWA,5
2101.0,SIGNAL_ADAPTIVE_DWA,5
2101.5,SIGNAL_ADAPTIVE_DWA,5
2102.0,SIGNAL_ADAPTIVE_DWA,5
2102.5,SIGNAL_ADAPTIVE_DWA,5
2103.0,SIGNAL_ADAPTIVE_DWA,5
2103.5,SIGNAL_ADAPTIVE_DWA,5
2104.0,SIGNAL_ADAPTIVE_DWA,5
2104.5,SIGNAL_ADAPTIVE_DWA,5
2105.0,SIGNAL_ADAPTIVE_DWA,5
2105.5,SIGNAL_ADAPTIVE_DWA,5
2106.0,SIGNAL_ADAPTIVE_DWA,18
2106.5,SIGNAL_ADAPTIVE_DWA,18
2107.0,SIGNAL_ADAPTIVE_DWA,18
2107.5,SIGNAL_ADAPTIVE_DWA,18
2108.0,SIGNAL_ADAPTIVE_DWA,18
2108.5,SIGNAL_ADAPTIVE_DWA,18
2109.0,SIGNAL_ADAPTIVE_DWA,18
2109.5,SIGNAL_ADAPTIVE_DWA,18
2110.0,SIGNAL_ADAPTIVE_DWA,18
2110.5,SIGNAL_ADAPTIVE_DWA,18
2111.0,SIGNAL_ADAPTIVE_DWA,18
2111.5,SIGNAL_ADAPTIVE_DWA,18
2112.0,SIGNAL_ADAPTIVE_DWA,18
2112.5,SIGNAL_ADAPTIVE_DWA,18
2113.0,SIGNAL_ADAPTIVE_DWA,18
2113.5,SIGNAL_ADAPTIVE_DWA,18
2114.0,SIGNAL_ADAPTIVE_DWA,18
2114.5,SIGNAL_ADAPTIVE_DWA,18
2115.0,SIGNAL_ADAPTIVE_DWA,18
2115.5,SIGNAL_ADAPTIVE_DWA,18
2116.0,SIGNAL_ADAPTIVE_DWA,18
2116.5,SIGNAL_ADAPTIVE_DWA,18
2117.0,SIGNAL_ADAPTIVE_DWA,18
2117.5,SIGNAL_ADAPTIVE_DWA,18
2118.0,SIGNAL_ADAPTIVE_DWA,18
2118.5,SIGNAL_ADAPTIVE_DWA,18
2119.0,SIGNAL_ADAPTIVE_DWA,18
2119.5,SIGNAL_ADAPTIVE_DWA,18
2120.0,SIGNAL_ADAPTIVE_DWA,18
2120.5,SIGNAL_ADAPTIVE_DWA,18
2121.0,SIGNAL_ADAPTIVE_DWA,18
2121.5,SIGNAL_ADAPTIVE_DWA,18
2122.0,SIGNAL_ADAPTIVE_DWA,18
2122.5,SIGNAL_ADAPTIVE_DWA,18
2123.0,SIGNAL_ADAPTIVE_DWA,18
2123.5,SIGNAL_ADAPTIVE_DWA,18
2124.0,SIGNAL_ADAPTIVE_DWA,18
2124.5,SIGNAL_ADAPTIVE_DWA,18
2125.0,SIGNAL_ADAPTIVE_DWA,18
2125.5,SIGNAL_ADAPTIVE_DWA,18
2126.0,SIGNAL_ADAPTIVE_DWA,18
2126.5,SIGNAL_ADAPTIVE_DWA,18
2127.0,SIGNAL_ADAPTIVE_DWA,18
2127.5,SIGNAL_ADAPTIVE_DWA,18
2128.0,SIGNAL_ADAPTIVE_DWA,18
2128.5,SIGNAL_ADAPTIVE_DWA,18
2129.0,SIGNAL_ADAPTIVE_DWA,18
2129.5,SIGNAL_ADAPTIVE_DWA,18
2130.0,SIGNAL_ADAPTIVE_DWA,18
2130.5,SIGNAL_ADAPTIVE_DWA,18
2131.0,SIGNAL_ADAPTIVE_DWA,18
2131.5,SIGNAL_ADAPTIVE_DWA,18
2132.0,SIGNAL_ADAPTIVE_DWA,18
2132.5,SIGNAL_ADAPTIVE_DWA,18
2133.0,SIGNAL_ADAPTIVE_DWA,18
2133.5,SIGNAL_ADAPTIVE_DWA,18
2134.0,SIGNAL_ADAPTIVE_DWA,18
2134.5,SIGNAL_ADAPTIVE_DWA,18
2135.0,SIGNAL_ADAPTIVE_DWA,18
2135.5,SIGNAL_ADAPTIVE_DWA,18
2136.0,SIGNAL_ADAPTIVE_DWA,18
2136.5,SIGNAL_ADAPTIVE_DWA,18
2137.0,SIGNAL_ADAPTIVE_DWA,18
2137.5,SIGNAL_ADAPTIVE_DWA,18
2138.0,SIGNAL_ADAPTIVE_DWA,18
2138.5,SIGNAL_ADAPTIVE_DWA,18
2139.0,SIGNAL_ADAPTIVE_DWA,18
2139.5,SIGNAL_ADAPTIVE_DWA,18
2140.0,SIGNAL_ADAPTIVE_DWA,18
2140.5,SIGNAL_ADAPTIVE_DWA,18
2141.0,SIGNAL_ADAPTIVE_DWA,18
2141.5,SIGNAL_ADAPTIVE_DWA,18
2142.0,SIGNAL_ADAPTIVE_DWA,18
2142.5,SIGNAL_ADAPTIVE_DWA,18
2143.0,SIGNAL_ADAPTIVE_DWA,18
2143.5,SIGNAL_ADAPTIVE_DWA,18
2144.0,SIGNAL_ADAPTIVE_DWA,18
2144.5,SIGNAL_ADAPTIVE_DWA,18
2145.0,SIGNAL_ADAPTIVE_DWA,18
2145.5,SIGNAL_ADAPTIVE_DWA,18
2146.0,SIGNAL_ADAPTIVE_DWA,18
2146.5,SIGNAL_ADAPTIVE_DWA,18
2147.0,SIGNAL_ADAPTIVE_DWA,18
2147.5,SIGNAL_ADAPTIVE_DWA,18
2148.0,SIGNAL_ADAPTIVE_DWA,18
2148.5,SIGNAL_ADAPTIVE_DWA,18
2149.0,SIGNAL_ADAPTIVE_DWA,18
2149.5,SIGNAL_ADAPTIVE_DWA,18
2150.0,SIGNAL_ADAPTIVE_DWA,18
2150.5,SIGNAL_ADAPTIVE_DWA,18
2151.0,SIGNAL_ADAPTIVE_DWA,18
2151.5,SIGNAL_ADAPTIVE_DWA,18
2152.0,SIGNAL_ADAPTIVE_DWA,18
2152.5,SIGNAL_ADAPTIVE_DWA,18
2153.0,SIGNAL_ADAPTIVE_DWA,18
2153.5,SIGNAL_ADAPTIVE_DWA,18
2154.0,SIGNAL_ADAPTIVE_DWA,18
2154.5,SIGNAL_ADAPTIVE_DWA,10
2155.0,SIGNAL_ADAPTIVE_DWA,10
2155.5,SIGNAL_ADAPTIVE_DWA,10
2156.0,SIGNAL_ADAPTIVE_DWA,10
2156.5,SIGNAL_ADAPTIVE_DWA,10
2157.0,SIGNAL_ADAPTIVE_DWA,10
2157.5,SIGNAL_ADAPTIVE_DWA,10
2158.0,SIGNAL_ADAPTIVE_DWA,10
2158.5,SIGNAL_ADAPTIVE_DWA,10
2159.0,SIGNAL_ADAPTIVE_DWA,10
2159.5,SIGNAL_ADAPTIVE_DWA,10
2160.0,SIGNAL_ADAPTIVE_DWA,10
2160.5,SIGNAL_ADAPTIVE_DWA,10
2161.0,SIGNAL_ADAPTIVE_DWA,10
2161.5,SIGNAL_ADAPTIVE_DWA,10
2162.0,SIGNAL_ADAPTIVE_DWA,10
2162.5,SIGNAL_ADAPTIVE_DWA,10
2163.0,SIGNAL_ADAPTIVE_DWA,10
2163.5,SIGNAL_ADAPTIVE_DWA,10
2164.0,SIGNAL_ADAPTIVE_DWA,10
2164.5,SIGNAL_ADAPTIVE_DWA,10
2165.0,SIGNAL_ADAPTIVE_DWA,10
2165.5,SIGNAL_ADAPTIVE_DWA,10
2166.0,SIGNAL_ADAPTIVE_DWA,10
2166.5,SIGNAL_ADAPTIVE_DWA,10
2167.0,SIGNAL_ADAPTIVE_DWA,10
2167.5,SIGNAL_ADAPTIVE_DWA,10
2168.0,SIGNAL_ADAPTIVE_DWA,10
2168.5,SIGNAL_ADAPTIVE_DWA,10
2169.0,SIGNAL_ADAPTIVE_DWA,10
2169.5,SIGNAL_ADAPTIVE_DWA,10
2170.0,SIGNAL_ADAPTIVE_DWA,10
2170.5,SIGNAL_ADAPTIVE_DWA,10
2171.0,SIGNAL_ADAPTIVE_DWA,10
2171.5,SIGNAL_ADAPTIVE_DWA,10
2172.0,SIGNAL_ADAPTIVE_DWA,10
2172.5,SIGNAL_ADAPTIVE_DWA,10
2173.0,SIGNAL_ADAPTIVE_DWA,10
2173.5,SIGNAL_ADAPTIVE_DWA,10
2174.0,SIGNAL_ADAPTIVE_DWA,10
2174.5,SIGNAL_ADAPTIVE_DWA,10
2175.0,SIGNAL_ADAPTIVE_DWA,10
2175.5,SIGNAL_ADAPTIVE_DWA,10
2176.0,SIGNAL_ADAPTIVE_DWA,10
2176.5,SIGNAL_ADAPTIVE_DWA,10
2177.0,SIGNAL_ADAPTIVE_DWA,10
2177.5,SIGNAL_ADAPTIVE_DWA,10
2178.0,SIGNAL_ADAPTIVE_DWA,10
2178.5,SIGNAL_ADAPTIVE_DWA,10
2179.0,SIGNAL_ADAPTIVE_DWA,10
2179.5,SIGNAL_ADAPTIVE_DWA,10
2180.0,SIGNAL_ADAPTIVE_DWA,10
2180.5,SIGNAL_ADAPTIVE_DWA,10
2181.0,SIGNAL_ADAPTIVE_DWA,10
2181.5,SIGNAL_ADAPTIVE_DWA,10
2182.0,SIGNAL_ADAPTIVE_DWA,10
2182.5,SIGNAL_ADAPTIVE_DWA,10
2183.0,SIGNAL_ADAPTIVE_DWA,10
2183.5,SIGNAL_ADAPTIVE_DWA,10
2184.0,SIGNAL_ADAPTIVE_DWA,10
2184.5,SIGNAL_ADAPTIVE_DWA,10
2185.0,SIGNAL_ADAPTIVE_DWA,10
2185.5,SIGNAL_ADAPTIVE_DWA,10
2186.0,SIGNAL_ADAPTIVE_DWA,10
2186.5,SIGNAL_ADAPTIVE_DWA,10
2187.0,SIGNAL_ADAPTIVE_DWA,10
2187.5,SIGNAL_ADAPTIVE_DWA,10
2188.0,SIGNAL_ADAPTIVE_DWA,10
2188.5,SIGNAL_ADAPTIVE_DWA,10
2189.0,SIGNAL_ADAPTIVE_DWA,10
2189.5,SIGNAL_ADAPTIVE_DWA,10
2190.0,SIGNAL_ADAPTIVE_DWA,10
2190.5,SIGNAL_ADAPTIVE_DWA,10
2191.0,SIGNAL_ADAPTIVE_DWA,10
2191.5,SIGNAL_ADAPTIVE_DWA,10
2192.0,SIGNAL_ADAPTIVE_DWA,18
2192.5,SIGNAL_ADAPTIVE_DWA,18
2193.0,SIGNAL_ADAPTIVE_DWA,18
2193.5,SIGNAL_ADAPTIVE_DWA,18
2194.0,SIGNAL_ADAPTIVE_DWA,18
2194.5,SIGNAL_ADAPTIVE_DWA,18
2195.0,SIGNAL_ADAPTIVE_DWA,18
2195.5,SIGNAL_ADAPTIVE_DWA,18
2196.0,SIGNAL_ADAPTIVE_DWA,18
2196.5,SIGNAL_ADAPTIVE_DWA,18
2197.0,SIGNAL_ADAPTIVE_DWA,18
2197.5,SIGNAL_ADAPTIVE_DWA,18
2198.0,SIGNAL_ADAPTIVE_DWA,18
2198.5,SIGNAL_ADAPTIVE_DWA,18
2199.0,SIGNAL_ADAPTIVE_DWA,18
2199.5,SIGNAL_ADAPTIVE_DWA,18
2200.0,SIGNAL_ADAPTIVE_DWA,18
2200.5,SIGNAL_ADAPTIVE_DWA,18
2201.0,SIGNAL_ADAPTIVE_DWA,18
2201.5,SIGNAL_ADAPTIVE_DWA,18
2202.0,SIGNAL_ADAPTIVE_DWA,18
2202.5,SIGNAL_ADAPTIVE_DWA,18
2203.0,SIGNAL_ADAPTIVE_DWA,18
2203.5,SIGNAL_ADAPTIVE_DWA,18
2204.0,SIGNAL_ADAPTIVE_DWA,18
2204.5,SIGNAL_ADAPTIVE_DWA,18
2205.0,SIGNAL_ADAPTIVE_DWA,18
2205.5,SIGNAL_ADAPTIVE_DWA,18
2206.0,SIGNAL_ADAPTIVE_DWA,18
2206.5,SIGNAL_ADAPTIVE_DWA,18
2207.0,SIGNAL_ADAPTIVE_DWA,18
2207.5,SIGNAL_ADAPTIVE_DWA,18
2208.0,SIGNAL_ADAPTIVE_DWA,18
2208.5,SIGNAL_ADAPTIVE_DWA,18
2209.0,SIGNAL_ADAPTIVE_DWA,18
2209.5,SIGNAL_ADAPTIVE_DWA,18
2210.0,SIGNAL_ADAPTIVE_DWA,18
2210.5,SIGNAL_ADAPTIVE_DWA,18
2211.0,SIGNAL_ADAPTIVE_DWA,18
2211.5,SIGNAL_ADAPTIVE_DWA,18
2212.0,SIGNAL_ADAPTIVE_DWA,18
2212.5,SIGNAL_ADAPTIVE_DWA,18
2213.0,SIGNAL_ADAPTIVE_DWA,18
2213.5,SIGNAL_ADAPTIVE_DWA,18
2214.0,SIGNAL_ADAPTIVE_DWA,18
2214.5,SIGNAL_ADAPTIVE_DWA,18
2215.0,SIGNAL_ADAPTIVE_DWA,18
2215.5,SIGNAL_ADAPTIVE_DWA,18
2216.0,SIGNAL_ADAPTIVE_DWA,18
2216.5,SIGNAL_ADAPTIVE_DWA,18
2217.0,SIGNAL_ADAPTIVE_DWA,18
2217.5,SIGNAL_ADAPTIVE_DWA,18
2218.0,SIGNAL_ADAPTIVE_DWA,18
2218.5,SIGNAL_ADAPTIVE_DWA,18
2219.0,SIGNAL_ADAPTIVE_DWA,18
2219.5,SIGNAL_ADAPTIVE_DWA,18
2220.0,SIGNAL_ADAPTIVE_DWA,18
2220.5,SIGNAL_ADAPTIVE_DWA,18
2221.0,SIGNAL_ADAPTIVE_DWA,18
2221.5,SIGNAL_ADAPTIVE_DWA,10
2222.0,SIGNAL_ADAPTIVE_DWA,10
2222.5,SIGNAL_ADAPTIVE_DWA,10
2223.0,SIGNAL_ADAPTIVE_DWA,10
2223.5,SIGNAL_ADAPTIVE_DWA,10
2224.0,SIGNAL_ADAPTIVE_DWA,10
2224.5,SIGNAL_ADAPTIVE_DWA,10
2225.0,SIGNAL_ADAPTIVE_DWA,10
2225.5,SIGNAL_ADAPTIVE_DWA,10
2226.0,SIGNAL_ADAPTIVE_DWA,10
2226.5,SIGNAL_ADAPTIVE_DWA,10
2227.0,SIGNAL_ADAPTIVE_DWA,10
2227.5,SIGNAL_ADAPTIVE_DWA,10
2228.0,SIGNAL_ADAPTIVE_DWA,10
2228.5,SIGNAL_ADAPTIVE_DWA,10
2229.0,SIGNAL_ADAPTIVE_DWA,10
2229.5,SIGNAL_ADAPTIVE_DWA,10
2230.0,SIGNAL_ADAPTIVE_DWA,10
2230.5,SIGNAL_ADAPTIVE_DWA,10
2231.0,SIGNAL_ADAPTIVE_DWA,10
2231.5,SIGNAL_ADAPTIVE_DWA,10
2232.0,SIGNAL_ADAPTIVE_DWA,10
2232.5,SIGNAL_ADAPTIVE_DWA,10
2233.0,SIGNAL_ADAPTIVE_DWA,10
2233.5,SIGNAL_ADAPTIVE_DWA,10
2234.0,SIGNAL_ADAPTIVE_DWA,10
2234.5,SIGNAL_ADAPTIVE_DWA,10
2235.0,SIGNAL_ADAPTIVE_DWA,10
2235.5,SIGNAL_ADAPTIVE_DWA,10
2236.0,SIGNAL_ADAPTIVE_DWA,10
2236.5,SIGNAL_ADAPTIVE_DWA,10
2237.0,SIGNAL_ADAPTIVE_DWA,10
2237.5,SIGNAL_ADAPTIVE_DWA,10
2238.0,SIGNAL_ADAPTIVE_DWA,10
2238.5,SIGNAL_ADAPTIVE_DWA,10
2239.0,SIGNAL_ADAPTIVE_DWA,10
2239.5,SIGNAL_ADAPTIVE_DWA,10
2240.0,SIGNAL_ADAPTIVE_DWA,10
2240.5,SIGNAL_ADAPTIVE_DWA,10
2241.0,SIGNAL_ADAPTIVE_DWA,10
2241.5,SIGNAL_ADAPTIVE_DWA,10
2242.0,SIGNAL_ADAPTIVE_DWA,10
2242.5,SIGNAL_ADAPTIVE_DWA,10
2243.0,SIGNAL_ADAPTIVE_DWA,10
2243.5,SIGNAL_ADAPTIVE_DWA,10
2244.0,SIGNAL_ADAPTIVE_DWA,10
2244.5,SIGNAL_ADAPTIVE_DWA,10
2245.0,SIGNAL_ADAPTIVE_DWA,10
2245.5,SIGNAL_ADAPTIVE_DWA,10
2246.0,SIGNAL_ADAPTIVE_DWA,10
2246.5,SIGNAL_ADAPTIVE_DWA,10
2247.0,SIGNAL_ADAPTIVE_DWA,10
2247.5,SIGNAL_ADAPTIVE_DWA,10
2248.0,SIGNAL_ADAPTIVE_DWA,10
2248.5,SIGNAL_ADAPTIVE_DWA,10
2249.0,SIGNAL_ADAPTIVE_DWA,10
2249.5,SIGNAL_ADAPTIVE_DWA,10
2250.0,SIGNAL_ADAPTIVE_DWA,10
2250.5,SIGNAL_ADAPTIVE_DWA,10
2251.0,SIGNAL_ADAPTIVE_DWA,10
2251.5,SIGNAL_ADAPTIVE_DWA,10
2252.0,SIGNAL_ADAPTIVE_DWA,10
2252.5,SIGNAL_ADAPTIVE_DWA,10
2253.0,SIGNAL_ADAPTIVE_DWA,10
2253.5,SIGNAL_ADAPTIVE_DWA,10
2254.0,SIGNAL_ADAPTIVE_DWA,10
2254.5,SIGNAL_ADAPTIVE_DWA,10
2255.0,SIGNAL_ADAPTIVE_DWA,10
2255.5,SIGNAL_ADAPTIVE_DWA,10
2256.0,SIGNAL_ADAPTIVE_DWA,10
2256.5,SIGNAL_ADAPTIVE_DWA,10
2257.0,SIGNAL_ADAPTIVE_DWA,10
2257.5,SIGNAL_ADAPTIVE_DWA,10
2258.0,SIGNAL_ADAPTIVE_DWA,10
2258.5,SIGNAL_ADAPTIVE_DWA,10
2259.0,SIGNAL_ADAPTIVE_DWA,10
2259.5,SIGNAL_ADAPTIVE_DWA,10
2260.0,SIGNAL_ADAPTIVE_DWA,10
2260.5,SIGNAL_ADAPTIVE_DWA,10
2261.0,SIGNAL_ADAPTIVE_DWA,10
2261.5,SIGNAL_ADAPTIVE_DWA,10
2262.0,SIGNAL_ADAPTIVE_DWA,10
2262.5,SIGNAL_ADAPTIVE_DWA,10
2263.0,SIGNAL_ADAPTIVE_DWA,10
2263.5,SIGNAL_ADAPTIVE_DWA,10
2264.0,SIGNAL_ADAPTIVE_DWA,10
2264.5,SIGNAL_ADAPTIVE_DWA,10
2265.0,SIGNAL_ADAPTIVE_DWA,10
2265.5,SIGNAL_ADAPTIVE_DWA,10
2266.0,SIGNAL_ADAPTIVE_DWA,10
2266.5,SIGNAL_ADAPTIVE_DWA,10
2267.0,SIGNAL_ADAPTIVE_DWA,10
2267.5,SIGNAL_ADAPTIVE_DWA,10
2268.0,SIGNAL_ADAPTIVE_DWA,10
2268.5,SIGNAL_ADAPTIVE_DWA,10
2269.0,SIGNAL_ADAPTIVE_DWA,10
2269.5,SIGNAL_ADAPTIVE_DWA,10
2270.0,SIGNAL_ADAPTIVE_DWA,10
2270.5,SIGNAL_ADAPTIVE_DWA,10
2271.0,SIGNAL_ADAPTIVE_DWA,10
2271.5,SIGNAL_ADAPTIVE_DWA,10
2272.0,SIGNAL_ADAPTIVE_DWA,10
2272.5,SIGNAL_ADAPTIVE_DWA,10
2273.0,SIGNAL_ADAPTIVE_DWA,10
2273.5,SIGNAL_ADAPTIVE_DWA,10
2274.0,SIGNAL_ADAPTIVE_DWA,10
2274.5,SIGNAL_ADAPTIVE_DWA,10
2275.0,SIGNAL_ADAPTIVE_DWA,10
2275.5,SIGNAL_ADAPTIVE_DWA,10
2276.0,SIGNAL_ADAPTIVE_DWA,18
2276.5,SIGNAL_ADAPTIVE_DWA,18
2277.0,SIGNAL_ADAPTIVE_DWA,18
2277.5,SIGNAL_ADAPTIVE_DWA,18
2278.0,SIGNAL_ADAPTIVE_DWA,18
2278.5,SIGNAL_ADAPTIVE_DWA,18
2279.0,SIGNAL_ADAPTIVE_DWA,18
2279.5,SIGNAL_ADAPTIVE_DWA,18
2280.0,SIGNAL_ADAPTIVE_DWA,18
2280.5,SIGNAL_ADAPTIVE_DWA,18
2281.0,SIGNAL_ADAPTIVE_DWA,18
2281.5,SIGNAL_ADAPTIVE_DWA,18
2282.0,SIGNAL_ADAPTIVE_DWA,18
2282.5,SIGNAL_ADAPTIVE_DWA,18
2283.0,SIGNAL_ADAPTIVE_DWA,18
2283.5,SIGNAL_ADAPTIVE_DWA,18
2284.0,SIGNAL_ADAPTIVE_DWA,18
2284.5,SIGNAL_ADAPTIVE_DWA,18
2285.0,SIGNAL_ADAPTIVE_DWA,18
2285.5,SIGNAL_ADAPTIVE_DWA,18
2286.0,SIGNAL_ADAPTIVE_DWA,18
2286.5,SIGNAL_ADAPTIVE_DWA,18
2287.0,SIGNAL_ADAPTIVE_DWA,18
2287.5,SIGNAL_ADAPTIVE_DWA,18
2288.0,SIGNAL_ADAPTIVE_DWA,18
2288.5,SIGNAL_ADAPTIVE_DWA,18
2289.0,SIGNAL_ADAPTIVE_DWA,18
2289.5,SIGNAL_ADAPTIVE_DWA,18
2290.0,SIGNAL_ADAPTIVE_DWA,18
2290.5,SIGNAL_ADAPTIVE_DWA,18
2291.0,SIGNAL_ADAPTIVE_DWA,18
2291.5,SIGNAL_ADAPTIVE_DWA,18
2292.0,SIGNAL_ADAPTIVE_DWA,18
2292.5,SIGNAL_ADAPTIVE_DWA,18
2293.0,SIGNAL_ADAPTIVE_DWA,18
2293.5,SIGNAL_ADAPTIVE_DWA,18
2294.0,SIGNAL_ADAPTIVE_DWA,18
2294.5,SIGNAL_ADAPTIVE_DWA,18
2295.0,SIGNAL_ADAPTIVE_DWA,18
2295.5,SIGNAL_ADAPTIVE_DWA,18
2296.0,SIGNAL_ADAPTIVE_DWA,18
2296.5,SIGNAL_ADAPTIVE_DWA,18
2297.0,SIGNAL_ADAPTIVE_DWA,18
2297.5,SIGNAL_ADAPTIVE_DWA,18
2298.0,SIGNAL_ADAPTIVE_DWA,18
2298.5,SIGNAL_ADAPTIVE_DWA,18
2299.0,SIGNAL_ADAPTIVE_DWA,18
2299.5,SIGNAL_ADAPTIVE_DWA,18
2300.0,SIGNAL_ADAPTIVE_DWA,18
2300.5,SIGNAL_ADAPTIVE_DWA,18
2301.0,SIGNAL_ADAPTIVE_DWA,18
2301.5,SIGNAL_ADAPTIVE_DWA,18
2302.0,SIGNAL_ADAPTIVE_DWA,18
2302.5,SIGNAL_ADAPTIVE_DWA,18
2303.0,SIGNAL_ADAPTIVE_DWA,18
2303.5,SIGNAL_ADAPTIVE_DWA,18
2304.0,SIGNAL_ADAPTIVE_DWA,18
2304.5,SIGNAL_ADAPTIVE_DWA,18
2305.0,SIGNAL_ADAPTIVE_DWA,18
2305.5,SIGNAL_ADAPTIVE_DWA,18
2306.0,SIGNAL_ADAPTIVE_DWA,18
2306.5,SIGNAL_ADAPTIVE_DWA,18
2307.0,SIGNAL_ADAPTIVE_DWA,18
2307.5,SIGNAL_ADAPTIVE_DWA,18
2308.0,SIGNAL_ADAPTIVE_DWA,18
2308.5,SIGNAL_ADAPTIVE_DWA,18
2309.0,SIGNAL_ADAPTIVE_DWA,18
2309.5,SIGNAL_ADAPTIVE_DWA,18
2310.0,SIGNAL_ADAPTIVE_DWA,18
2310.5,SIGNAL_ADAPTIVE_DWA,18
2311.0,SIGNAL_ADAPTIVE_DWA,18
2311.5,SIGNAL_ADAPTIVE_DWA,18
2312.0,SIGNAL_ADAPTIVE_DWA,18
2312.5,SIGNAL_ADAPTIVE_DWA,18
2313.0,SIGNAL_ADAPTIVE_DWA,18
2313.5,SIGNAL_ADAPTIVE_DWA,18
2314.0,SIGNAL_ADAPTIVE_DWA,10
2314.5,SIGNAL_ADAPTIVE_DWA,10
2315.0,SIGNAL_ADAPTIVE_DWA,10
2315.5,SIGNAL_ADAPTIVE_DWA,10
2316.0,SIGNAL_ADAPTIVE_DWA,10
2316.5,SIGNAL_ADAPTIVE_DWA,10
2317.0,SIGNAL_ADAPTIVE_DWA,10
2317.5,SIGNAL_ADAPTIVE_DWA,10
2318.0,SIGNAL_ADAPTIVE_DWA,10
2318.5,SIGNAL_ADAPTIVE_DWA,10
2319.0,SIGNAL_ADAPTIVE_DWA,10
2319.5,SIGNAL_ADAPTIVE_DWA,10
2320.0,SIGNAL_ADAPTIVE_DWA,10
2320.5,SIGNAL_ADAPTIVE_DWA,10
2321.0,SIGNAL_ADAPTIVE_DWA,10
2321.5,SIGNAL_ADAPTIVE_DWA,10
2322.0,SIGNAL_ADAPTIVE_DWA,10
2322.5,SIGNAL_ADAPTIVE_DWA,10
2323.0,SIGNAL_ADAPTIVE_DWA,10
2323.5,SIGNAL_ADAPTIVE_DWA,10
2324.0,SIGNAL_ADAPTIVE_DWA,10
2324.5,SIGNAL_ADAPTIVE_DWA,10
2325.0,SIGNAL_ADAPTIVE_DWA,10
2325.5,SIGNAL_ADAPTIVE_DWA,10
2326.0,SIGNAL_ADAPTIVE_DWA,10
2326.5,SIGNAL_ADAPTIVE_DWA,10
2327.0,SIGNAL_ADAPTIVE_DWA,10
2327.5,SIGNAL_ADAPTIVE_DWA,10
2328.0,SIGNAL_ADAPTIVE_DWA,10
2328.5,SIGNAL_ADAPTIVE_DWA,10
2329.0,SIGNAL_ADAPTIVE_DWA,11
2329.5,SIGNAL_ADAPTIVE_DWA,11
2330.0,SIGNAL_ADAPTIVE_DWA,11
2330.5,SIGNAL_ADAPTIVE_DWA,11
2331.0,SIGNAL_ADAPTIVE_DWA,11
2331.5,SIGNAL_ADAPTIVE_DWA,11
2332.0,SIGNAL_ADAPTIVE_DWA,11
2332.5,SIGNAL_ADAPTIVE_DWA,11
2333.0,SIGNAL_ADAPTIVE_DWA,11
2333.5,SIGNAL_ADAPTIVE_DWA,11
2334.0,SIGNAL_ADAPTIVE_DWA,11
2334.5,SIGNAL_ADAPTIVE_DWA,11
2335.0,SIGNAL_ADAPTIVE_DWA,11
2335.5,SIGNAL_ADAPTIVE_DWA,11
2336.0,SIGNAL_ADAPTIVE_DWA,11
2336.5,SIGNAL_ADAPTIVE_DWA,11
2337.0,SIGNAL_ADAPTIVE_DWA,11
2337.5,SIGNAL_ADAPTIVE_DWA,11
2338.0,SIGNAL_ADAPTIVE_DWA,11
2338.5,SIGNAL_ADAPTIVE_DWA,11
2339.0,SIGNAL_ADAPTIVE_DWA,11
2339.5,SIGNAL_ADAPTIVE_DWA,11
2340.0,SIGNAL_ADAPTIVE_DWA,11
2340.5,SIGNAL_ADAPTIVE_DWA,11
2341.0,SIGNAL_ADAPTIVE_DWA,11
2341.5,SIGNAL_ADAPTIVE_DWA,11
2342.0,SIGNAL_ADAPTIVE_DWA,11
2342.5,SIGNAL_ADAPTIVE_DWA,11
2343.0,SIGNAL_ADAPTIVE_DWA,11
2343.5,SIGNAL_ADAPTIVE_DWA,11
2344.0,SIGNAL_ADAPTIVE_DWA,11
2344.5,SIGNAL_ADAPTIVE_DWA,11
2345.0,SIGNAL_ADAPTIVE_DWA,11
2345.5,SIGNAL_ADAPTIVE_DWA,11
2346.0,SIGNAL_ADAPTIVE_DWA,11
2346.5,SIGNAL_ADAPTIVE_DWA,11
2347.0,SIGNAL_ADAPTIVE_DWA,11
2347.5,SIGNAL_ADAPTIVE_DWA,11
2348.0,SIGNAL_ADAPTIVE_DWA,11
2348.5,SIGNAL_ADAPTIVE_DWA,11
2349.0,SIGNAL_ADAPTIVE_DWA,11
2349.5,SIGNAL_ADAPTIVE_DWA,11
2350.0,SIGNAL_ADAPTIVE_DWA,11
2350.5,SIGNAL_ADAPTIVE_DWA,11
2351.0,SIGNAL_ADAPTIVE_DWA,11
2351.5,SIGNAL_ADAPTIVE_DWA,11
2352.0,SIGNAL_ADAPTIVE_DWA,11
2352.5,SIGNAL_ADAPTIVE_DWA,11
2353.0,SIGNAL_ADAPTIVE_DWA,11
2353.5,SIGNAL_ADAPTIVE_DWA,11
2354.0,SIGNAL_ADAPTIVE_DWA,11
2354.5,SIGNAL_ADAPTIVE_DWA,11
2355.0,SIGNAL_ADAPTIVE_DWA,11
2355.5,SIGNAL_ADAPTIVE_DWA,11
2356.0,SIGNAL_ADAPTIVE_DWA,11
2356.5,SIGNAL_ADAPTIVE_DWA,11
2357.0,SIGNAL_ADAPTIVE_DWA,11
2357.5,SIGNAL_ADAPTIVE_DWA,11
2358.0,SIGNAL_ADAPTIVE_DWA,11
2358.5,SIGNAL_ADAPTIVE_DWA,11
2359.0,SIGNAL_ADAPTIVE_DWA,11
2359.5,SIGNAL_ADAPTIVE_DWA,11
2360.0,SIGNAL_ADAPTIVE_DWA,11
2360.5,SIGNAL_ADAPTIVE_DWA,11
2361.0,SIGNAL_ADAPTIVE_DWA,11
2361.5,SIGNAL_ADAPTIVE_DWA,11
2362.0,SIGNAL_ADAPTIVE_DWA,11
2362.5,SIGNAL_ADAPTIVE_DWA,11
2363.0,SIGNAL_ADAPTIVE_DWA,11
2363.5,SIGNAL_ADAPTIVE_DWA,11
2364.0,SIGNAL_ADAPTIVE_DWA,11
2364.5,SIGNAL_ADAPTIVE_DWA,11
2365.0,SIGNAL_ADAPTIVE_DWA,11
2365.5,SIGNAL_ADAPTIVE_DWA,18
2366.0,SIGNAL_ADAPTIVE_DWA,18
2366.5,SIGNAL_ADAPTIVE_DWA,18
2367.0,SIGNAL_ADAPTIVE_DWA,18
2367.5,SIGNAL_ADAPTIVE_DWA,18
2368.0,SIGNAL_ADAPTIVE_DWA,18
2368.5,SIGNAL_ADAPTIVE_DWA,18
2369.0,SIGNAL_ADAPTIVE_DWA,18
2369.5,SIGNAL_ADAPTIVE_DWA,18
2370.0,SIGNAL_ADAPTIVE_DWA,18
2370.5,SIGNAL_ADAPTIVE_DWA,18
2371.0,SIGNAL_ADAPTIVE_DWA,18
2371.5,SIGNAL_ADAPTIVE_DWA,18
2372.0,SIGNAL_ADAPTIVE_DWA,18
2372.5,SIGNAL_ADAPTIVE_DWA,18
2373.0,SIGNAL_ADAPTIVE_DWA,18
2373.5,SIGNAL_ADAPTIVE_DWA,18
2374.0,SIGNAL_ADAPTIVE_DWA,18
2374.5,SIGNAL_ADAPTIVE_DWA,18
2375.0,SIGNAL_ADAPTIVE_DWA,18
2375.5,SIGNAL_ADAPTIVE_DWA,18
2376.0,SIGNAL_ADAPTIVE_DWA,18
2376.5,SIGNAL_ADAPTIVE_DWA,18
2377.0,SIGNAL_ADAPTIVE_DWA,18
2377.5,SIGNAL_ADAPTIVE_DWA,18
2378.0,SIGNAL_ADAPTIVE_DWA,18
2378.5,SIGNAL_ADAPTIVE_DWA,18
2379.0,SIGNAL_ADAPTIVE_DWA,18
2379.5,SIGNAL_ADAPTIVE_DWA,18
2380.0,SIGNAL_ADAPTIVE_DWA,18
2380.5,SIGNAL_ADAPTIVE_DWA,18
2381.0,SIGNAL_ADAPTIVE_DWA,18
2381.5,SIGNAL_ADAPTIVE_DWA,18
2382.0,SIGNAL_ADAPTIVE_DWA,18
2382.5,SIGNAL_ADAPTIVE_DWA,18
2383.0,SIGNAL_ADAPTIVE_DWA,18
2383.5,SIGNAL_ADAPTIVE_DWA,18
2384.0,SIGNAL_ADAPTIVE_DWA,18
2384.5,SIGNAL_ADAPTIVE_DWA,18
2385.0,SIGNAL_ADAPTIVE_DWA,18
2385.5,SIGNAL_ADAPTIVE_DWA,18
2386.0,SIGNAL_ADAPTIVE_DWA,18
2386.5,SIGNAL_ADAPTIVE_DWA,18
2387.0,SIGNAL_ADAPTIVE_DWA,18
2387.5,SIGNAL_ADAPTIVE_DWA,18
2388.0,SIGNAL_ADAPTIVE_DWA,18
2388.5,SIGNAL_ADAPTIVE_DWA,18
2389.0,SIGNAL_ADAPTIVE_DWA,18
2389.5,SIGNAL_ADAPTIVE_DWA,18
2390.0,SIGNAL_ADAPTIVE_DWA,18
2390.5,SIGNAL_ADAPTIVE_DWA,18
2391.0,SIGNAL_ADAPTIVE_DWA,18
2391.5,SIGNAL_ADAPTIVE_DWA,18
2392.0,SIGNAL_ADAPTIVE_DWA,18
2392.5,SIGNAL_ADAPTIVE_DWA,18
2393.0,SIGNAL_ADAPTIVE_DWA,18
2393.5,SIGNAL_ADAPTIVE_DWA,18
2394.0,SIGNAL_ADAPTIVE_DWA,18
2394.5,SIGNAL_ADAPTIVE_DWA,18
2395.0,SIGNAL_ADAPTIVE_DWA,18
2395.5,SIGNAL_ADAPTIVE_DWA,18
2396.0,SIGNAL_ADAPTIVE_DWA,18
2396.5,SIGNAL_ADAPTIVE_DWA,18
2397.0,SIGNAL_ADAPTIVE_DWA,18
2397.5,SIGNAL_ADAPTIVE_DWA,18
2398.0,SIGNAL_ADAPTIVE_DWA,18
2398.5,SIGNAL_ADAPTIVE_DWA,18
2399.0,SIGNAL_ADAPTIVE_DWA,18
2399.5,SIGNAL_ADAPTIVE_DWA,18
2400.0,SIGNAL_ADAPTIVE_DWA,18
2400.5,SIGNAL_ADAPTIVE_DWA,18
2401.0,SIGNAL_ADAPTIVE_DWA,18
2401.5,SIGNAL_ADAPTIVE_DWA,18
2402.0,SIGNAL_ADAPTIVE_DWA,18
2402.5,SIGNAL_ADAPTIVE_DWA,18
2403.0,SIGNAL_ADAPTIVE_DWA,18
2403.5,SIGNAL_ADAPTIVE_DWA,18
2404.0,SIGNAL_ADAPTIVE_DWA,18
2404.5,SIGNAL_ADAPTIVE_DWA,18
2405.0,SIGNAL_ADAPTIVE_DWA,18
2405.5,SIGNAL_ADAPTIVE_DWA,18
2406.0,SIGNAL_ADAPTIVE_DWA,2
2406.5,SIGNAL_ADAPTIVE_DWA,2
2407.0,SIGNAL_ADAPTIVE_DWA,2
2407.5,SIGNAL_ADAPTIVE_DWA,2
2408.0,SIGNAL_ADAPTIVE_DWA,2
2408.5,SIGNAL_ADAPTIVE_DWA,2
2409.0,SIGNAL_ADAPTIVE_DWA,2
2409.5,SIGNAL_ADAPTIVE_DWA,2
2410.0,SIGNAL_ADAPTIVE_DWA,2
2410.5,SIGNAL_ADAPTIVE_DWA,2
2411.0,SIGNAL_ADAPTIVE_DWA,2
2411.5,SIGNAL_ADAPTIVE_DWA,2
2412.0,SIGNAL_ADAPTIVE_DWA,2
2412.5,SIGNAL_ADAPTIVE_DWA,2
2413.0,SIGNAL_ADAPTIVE_DWA,2
2413.5,SIGNAL_ADAPTIVE_DWA,2
2414.0,SIGNAL_ADAPTIVE_DWA,2
2414.5,SIGNAL_ADAPTIVE_DWA,2
2415.0,SIGNAL_ADAPTIVE_DWA,2
2415.5,SIGNAL_ADAPTIVE_DWA,2
2416.0,SIGNAL_ADAPTIVE_DWA,2
2416.5,SIGNAL_ADAPTIVE_DWA,2
2417.0,SIGNAL_ADAPTIVE_DWA,2
2417.5,SIGNAL_ADAPTIVE_DWA,2
2418.0,SIGNAL_ADAPTIVE_DWA,2
2418.5,SIGNAL_ADAPTIVE_DWA,2
2419.0,SIGNAL_ADAPTIVE_DWA,2
2419.5,SIGNAL_ADAPTIVE_DWA,2
2420.0,SIGNAL_ADAPTIVE_DWA,2
2420.5,SIGNAL_ADAPTIVE_DWA,2
2421.0,SIGNAL_ADAPTIVE_DWA,2
2421.5,SIGNAL_ADAPTIVE_DWA,2
2422.0,SIGNAL_ADAPTIVE_DWA,2
2422.5,SIGNAL_ADAPTIVE_DWA,2
2423.0,SIGNAL_ADAPTIVE_DWA,2
2423.5,SIGNAL_ADAPTIVE_DWA,2
2424.0,SIGNAL_ADAPTIVE_DWA,2
2424.5,SIGNAL_ADAPTIVE_DWA,2
2425.0,SIGNAL_ADAPTIVE_DWA,2
2425.5,SIGNAL_ADAPTIVE_DWA,2
2426.0,SIGNAL_ADAPTIVE_DWA,2
2426.5,SIGNAL_ADAPTIVE_DWA,2
2427.0,SIGNAL_ADAPTIVE_DWA,2
2427.5,SIGNAL_ADAPTIVE_DWA,2
2428.0,SIGNAL_ADAPTIVE_DWA,2
2428.5,SIGNAL_ADAPTIVE_DWA,2
2429.0,SIGNAL_ADAPTIVE_DWA,2
2429.5,SIGNAL_ADAPTIVE_DWA,2
2430.0,SIGNAL_ADAPTIVE_DWA,2
2430.5,SIGNAL_ADAPTIVE_DWA,2
2431.0,SIGNAL_ADAPTIVE_DWA,2
2431.5,SIGNAL_ADAPTIVE_DWA,2
2432.0,SIGNAL_ADAPTIVE_DWA,2
2432.5,SIGNAL_ADAPTIVE_DWA,2
2433.0,SIGNAL_ADAPTIVE_DWA,2
2433.5,SIGNAL_ADAPTIVE_DWA,2
2434.0,SIGNAL_ADAPTIVE_DWA,2
2434.5,SIGNAL_ADAPTIVE_DWA,18
2435.0,SIGNAL_ADAPTIVE_DWA,18
2435.5,SIGNAL_ADAPTIVE_DWA,18
2436.0,SIGNAL_ADAPTIVE_DWA,18
2436.5,SIGNAL_ADAPTIVE_DWA,18
2437.0,SIGNAL_ADAPTIVE_DWA,18
2437.5,SIGNAL_ADAPTIVE_DWA,18
2438.0,SIGNAL_ADAPTIVE_DWA,18
2438.5,SIGNAL_ADAPTIVE_DWA,18
2439.0,SIGNAL_ADAPTIVE_DWA,18
2439.5,SIGNAL_ADAPTIVE_DWA,18
2440.0,SIGNAL_ADAPTIVE_DWA,18
2440.5,SIGNAL_ADAPTIVE_DWA,18
2441.0,SIGNAL_ADAPTIVE_DWA,18
2441.5,SIGNAL_ADAPTIVE_DWA,18
2442.0,SIGNAL_ADAPTIVE_DWA,18
2442.5,SIGNAL_ADAPTIVE_DWA,18
2443.0,SIGNAL_ADAPTIVE_DWA,18
2443.5,SIGNAL_ADAPTIVE_DWA,18
2444.0,SIGNAL_ADAPTIVE_DWA,18
2444.5,SIGNAL_ADAPTIVE_DWA,18
2445.0,SIGNAL_ADAPTIVE_DWA,18
2445.5,SIGNAL_ADAPTIVE_DWA,18
2446.0,SIGNAL_ADAPTIVE_DWA,18
2446.5,SIGNAL_ADAPTIVE_DWA,18
2447.0,SIGNAL_ADAPTIVE_DWA,18
2447.5,SIGNAL_ADAPTIVE_DWA,18
2448.0,SIGNAL_ADAPTIVE_DWA,18
2448.5,SIGNAL_ADAPTIVE_DWA,18
2449.0,SIGNAL_ADAPTIVE_DWA,18
2449.5,SIGNAL_ADAPTIVE_DWA,2
2450.0,SIGNAL_ADAPTIVE_DWA,2
2450.5,SIGNAL_ADAPTIVE_DWA,2
2451.0,SIGNAL_ADAPTIVE_DWA,2
2451.5,SIGNAL_ADAPTIVE_DWA,2
2452.0,SIGNAL_ADAPTIVE_DWA,2
2452.5,SIGNAL_ADAPTIVE_DWA,2
2453.0,SIGNAL_ADAPTIVE_DWA,2
2453.5,SIGNAL_ADAPTIVE_DWA,2
2454.0,SIGNAL_ADAPTIVE_DWA,2
2454.5,SIGNAL_ADAPTIVE_DWA,2
2455.0,SIGNAL_ADAPTIVE_DWA,2
2455.5,SIGNAL_ADAPTIVE_DWA,2
2456.0,SIGNAL_ADAPTIVE_DWA,2
2456.5,SIGNAL_ADAPTIVE_DWA,2
2457.0,SIGNAL_ADAPTIVE_DWA,2
2457.5,SIGNAL_ADAPTIVE_DWA,2
2458.0,SIGNAL_ADAPTIVE_DWA,2
2458.5,SIGNAL_ADAPTIVE_DWA,2
2459.0,SIGNAL_ADAPTIVE_DWA,2
2459.5,SIGNAL_ADAPTIVE_DWA,2
2460.0,SIGNAL_ADAPTIVE_DWA,2
2460.5,SIGNAL_ADAPTIVE_DWA,2
2461.0,SIGNAL_ADAPTIVE_DWA,2
2461.5,SIGNAL_ADAPTIVE_DWA,2
2462.0,SIGNAL_ADAPTIVE_DWA,2
2462.5,SIGNAL_ADAPTIVE_DWA,2
2463.0,SIGNAL_ADAPTIVE_DWA,2
2463.5,SIGNAL_ADAPTIVE_DWA,2
2464.0,SIGNAL_ADAPTIVE_DWA,2
2464.5,SIGNAL_ADAPTIVE_DWA,2
2465.0,SIGNAL_ADAPTIVE_DWA,2
2465.5,SIGNAL_ADAPTIVE_DWA,2
2466.0,SIGNAL_ADAPTIVE_DWA,2
2466.5,SIGNAL_ADAPTIVE_DWA,2
2467.0,SIGNAL_ADAPTIVE_DWA,2
2467.5,SIGNAL_ADAPTIVE_DWA,2
2468.0,SIGNAL_ADAPTIVE_DWA,2
2468.5,SIGNAL_ADAPTIVE_DWA,2
2469.0,SIGNAL_ADAPTIVE_DWA,2
2469.5,SIGNAL_ADAPTIVE_DWA,2
2470.0,SIGNAL_ADAPTIVE_DWA,2
2470.5,SIGNAL_ADAPTIVE_DWA,2
2471.0,SIGNAL_ADAPTIVE_DWA,2
2471.5,SIGNAL_ADAPTIVE_DWA,2
2472.0,SIGNAL_ADAPTIVE_DWA,2
2472.5,SIGNAL_ADAPTIVE_DWA,2
2473.0,SIGNAL_ADAPTIVE_DWA,2
2473.5,SIGNAL_ADAPTIVE_DWA,2
2474.0,SIGNAL_ADAPTIVE_DWA,2
2474.5,SIGNAL_ADAPTIVE_DWA,2
2475.0,SIGNAL_ADAPTIVE_DWA,2
2475.5,SIGNAL_ADAPTIVE_DWA,2
2476.0,SIGNAL_ADAPTIVE_DWA,2
2476.5,SIGNAL_ADAPTIVE_DWA,2
2477.0,SIGNAL_ADAPTIVE_DWA,2
2477.5,SIGNAL_ADAPTIVE_DWA,2
2478.0,SIGNAL_ADAPTIVE_DWA,2
2478.5,SIGNAL_ADAPTIVE_DWA,2
2479.0,SIGNAL_ADAPTIVE_DWA,2
2479.5,SIGNAL_ADAPTIVE_DWA,2
2480.0,SIGNAL_ADAPTIVE_DWA,2
2480.5,SIGNAL_ADAPTIVE_DWA,2
2481.0,SIGNAL_ADAPTIVE_DWA,2
2481.5,SIGNAL_ADAPTIVE_DWA,18
2482.0,SIGNAL_ADAPTIVE_DWA,18
2482.5,SIGNAL_ADAPTIVE_DWA,18
2483.0,SIGNAL_ADAPTIVE_DWA,18
2483.5,SIGNAL_ADAPTIVE_DWA,18
2484.0,SIGNAL_ADAPTIVE_DWA,18
2484.5,SIGNAL_ADAPTIVE_DWA,18
2485.0,SIGNAL_ADAPTIVE_DWA,18
2485.5,SIGNAL_ADAPTIVE_DWA,18
2486.0,SIGNAL_ADAPTIVE_DWA,18
2486.5,SIGNAL_ADAPTIVE_DWA,18
2487.0,SIGNAL_ADAPTIVE_DWA,18
2487.5,SIGNAL_ADAPTIVE_DWA,18
2488.0,SIGNAL_ADAPTIVE_DWA,18
2488.5,SIGNAL_ADAPTIVE_DWA,18
2489.0,SIGNAL_ADAPTIVE_DWA,18
2489.5,SIGNAL_ADAPTIVE_DWA,18
2490.0,SIGNAL_ADAPTIVE_DWA,18
2490.5,SIGNAL_ADAPTIVE_DWA,18
2491.0,SIGNAL_ADAPTIVE_DWA,18
2491.5,SIGNAL_ADAPTIVE_DWA,18
2492.0,SIGNAL_ADAPTIVE_DWA,18
2492.5,SIGNAL_ADAPTIVE_DWA,18
2493.0,SIGNAL_ADAPTIVE_DWA,18
2493.5,SIGNAL_ADAPTIVE_DWA,18
2494.0,SIGNAL_ADAPTIVE_DWA,18
2494.5,SIGNAL_ADAPTIVE_DWA,18
2495.0,SIGNAL_ADAPTIVE_DWA,18
2495.5,SIGNAL_ADAPTIVE_DWA,2
2496.0,SIGNAL_ADAPTIVE_DWA,2
2496.5,SIGNAL_ADAPTIVE_DWA,2
2497.0,SIGNAL_ADAPTIVE_DWA,2
2497.5,SIGNAL_ADAPTIVE_DWA,2
2498.0,SIGNAL_ADAPTIVE_DWA,2
2498.5,SIGNAL_ADAPTIVE_DWA,2
2499.0,SIGNAL_ADAPTIVE_DWA,2
2499.5,SIGNAL_ADAPTIVE_DWA,2
2500.0,SIGNAL_ADAPTIVE_DWA,2
2500.5,SIGNAL_ADAPTIVE_DWA,2
2501.0,SIGNAL_ADAPTIVE_DWA,2
2501.5,SIGNAL_ADAPTIVE_DWA,2
2502.0,SIGNAL_ADAPTIVE_DWA,2
2502.5,SIGNAL_ADAPTIVE_DWA,2
2503.0,SIGNAL_ADAPTIVE_DWA,2
2503.5,SIGNAL_ADAPTIVE_DWA,2
2504.0,SIGNAL_ADAPTIVE_DWA,2
2504.5,SIGNAL_ADAPTIVE_DWA,2
2505.0,SIGNAL_ADAPTIVE_DWA,2
2505.5,SIGNAL_ADAPTIVE_DWA,2
2506.0,SIGNAL_ADAPTIVE_DWA,2
2506.5,SIGNAL_ADAPTIVE_DWA,2
2507.0,SIGNAL_ADAPTIVE_DWA,2
2507.5,SIGNAL_ADAPTIVE_DWA,2
2508.0,SIGNAL_ADAPTIVE_DWA,2
2508.5,SIGNAL_ADAPTIVE_DWA,2
2509.0,SIGNAL_ADAPTIVE_DWA,2
2509.5,SIGNAL_ADAPTIVE_DWA,2
2510.0,SIGNAL_ADAPTIVE_DWA,2
2510.5,SIGNAL_ADAPTIVE_DWA,2
2511.0,SIGNAL_ADAPTIVE_DWA,2
2511.5,SIGNAL_ADAPTIVE_DWA,2
2512.0,SIGNAL_ADAPTIVE_DWA,2
2512.5,SIGNAL_ADAPTIVE_DWA,2
2513.0,SIGNAL_ADAPTIVE_DWA,2
2513.5,SIGNAL_ADAPTIVE_DWA,2
2514.0,SIGNAL_ADAPTIVE_DWA,2
2514.5,SIGNAL_ADAPTIVE_DWA,2
2515.0,SIGNAL_ADAPTIVE_DWA,2
2515.5,SIGNAL_ADAPTIVE_DWA,2
2516.0,SIGNAL_ADAPTIVE_DWA,2
2516.5,SIGNAL_ADAPTIVE_DWA,2
2517.0,SIGNAL_ADAPTIVE_DWA,2
2517.5,SIGNAL_ADAPTIVE_DWA,2
2518.0,SIGNAL_ADAPTIVE_DWA,2
2518.5,SIGNAL_ADAPTIVE_DWA,2
2519.0,SIGNAL_ADAPTIVE_DWA,2
2519.5,SIGNAL_ADAPTIVE_DWA,2
2520.0,SIGNAL_ADAPTIVE_DWA,2
2520.5,SIGNAL_ADAPTIVE_DWA,2
2521.0,SIGNAL_ADAPTIVE_DWA,2
2521.5,SIGNAL_ADAPTIVE_DWA,2
2522.0,SIGNAL_ADAPTIVE_DWA,2
2522.5,SIGNAL_ADAPTIVE_DWA,2
2523.0,SIGNAL_ADAPTIVE_DWA,2
2523.5,SIGNAL_ADAPTIVE_DWA,2
2524.0,SIGNAL_ADAPTIVE_DWA,2
2524.5,SIGNAL_ADAPTIVE_DWA,2
2525.0,SIGNAL_ADAPTIVE_DWA,2
2525.5,SIGNAL_ADAPTIVE_DWA,2
2526.0,SIGNAL_ADAPTIVE_DWA,2
2526.5,SIGNAL_ADAPTIVE_DWA,2
2527.0,SIGNAL_ADAPTIVE_DWA,2
2527.5,SIGNAL_ADAPTIVE_DWA,2
2528.0,SIGNAL_ADAPTIVE_DWA,2
2528.5,SIGNAL_ADAPTIVE_DWA,2
2529.0,SIGNAL_ADAPTIVE_DWA,2
2529.5,SIGNAL_ADAPTIVE_DWA,2
2530.0,SIGNAL_ADAPTIVE_DWA,2
2530.5,SIGNAL_ADAPTIVE_DWA,2
2531.0,SIGNAL_ADAPTIVE_DWA,2
2531.5,SIGNAL_ADAPTIVE_DWA,2
2532.0,SIGNAL_ADAPTIVE_DWA,2
2532.5,SIGNAL_ADAPTIVE_DWA,2
2533.0,SIGNAL_ADAPTIVE_DWA,2
2533.5,SIGNAL_ADAPTIVE_DWA,2
2534.0,SIGNAL_ADAPTIVE_DWA,2
2534.5,SIGNAL_ADAPTIVE_DWA,2
2535.0,SIGNAL_ADAPTIVE_DWA,2
2535.5,SIGNAL_ADAPTIVE_DWA,2
2536.0,SIGNAL_ADAPTIVE_DWA,18
2536.5,SIGNAL_ADAPTIVE_DWA,18
2537.0,SIGNAL_ADAPTIVE_DWA,18
2537.5,SIGNAL_ADAPTIVE_DWA,18
2538.0,SIGNAL_ADAPTIVE_DWA,18
2538.5,SIGNAL_ADAPTIVE_DWA,18
2539.0,SIGNAL_ADAPTIVE_DWA,18
2539.5,SIGNAL_ADAPTIVE_DWA,18
2540.0,SIGNAL_ADAPTIVE_DWA,18
2540.5,SIGNAL_ADAPTIVE_DWA,18
2541.0,SIGNAL_ADAPTIVE_DWA,18
2541.5,SIGNAL_ADAPTIVE_DWA,18
2542.0,SIGNAL_ADAPTIVE_DWA,18
2542.5,SIGNAL_ADAPTIVE_DWA,18
2543.0,SIGNAL_ADAPTIVE_DWA,18
2543.5,SIGNAL_ADAPTIVE_DWA,18
2544.0,SIGNAL_ADAPTIVE_DWA,18
2544.5,SIGNAL_ADAPTIVE_DWA,18
2545.0,SIGNAL_ADAPTIVE_DWA,18
2545.5,SIGNAL_ADAPTIVE_DWA,18
2546.0,SIGNAL_ADAPTIVE_DWA,18
2546.5,SIGNAL_ADAPTIVE_DWA,18
2547.0,SIGNAL_ADAPTIVE_DWA,18
2547.5,SIGNAL_ADAPTIVE_DWA,18
2548.0,SIGNAL_ADAPTIVE_DWA,18
2548.5,SIGNAL_ADAPTIVE_DWA,18
2549.0,SIGNAL_ADAPTIVE_DWA,18
2549.5,SIGNAL_ADAPTIVE_DWA,18
2550.0,SIGNAL_ADAPTIVE_DWA,18
2550.5,SIGNAL_ADAPTIVE_DWA,18
2551.0,SIGNAL_ADAPTIVE_DWA,18
2551.5,SIGNAL_ADAPTIVE_DWA,18
2552.0,SIGNAL_ADAPTIVE_DWA,18
2552.5,SIGNAL_ADAPTIVE_DWA,18
2553.0,SIGNAL_ADAPTIVE_DWA,18
2553.5,SIGNAL_ADAPTIVE_DWA,18
2554.0,SIGNAL_ADAPTIVE_DWA,18
2554.5,SIGNAL_ADAPTIVE_DWA,18
2555.0,SIGNAL_ADAPTIVE_DWA,18
2555.5,SIGNAL_ADAPTIVE_DWA,18
2556.0,SIGNAL_ADAPTIVE_DWA,18
2556.5,SIGNAL_ADAPTIVE_DWA,18
2557.0,SIGNAL_ADAPTIVE_DWA,18
2557.5,SIGNAL_ADAPTIVE_DWA,18
2558.0,SIGNAL_ADAPTIVE_DWA,18
2558.5,SIGNAL_ADAPTIVE_DWA,18
2559.0,SIGNAL_ADAPTIVE_DWA,18
2559.5,SIGNAL_ADAPTIVE_DWA,18
2560.0,SIGNAL_ADAPTIVE_DWA,18
2560.5,SIGNAL_ADAPTIVE_DWA,18
2561.0,SIGNAL_ADAPTIVE_DWA,18
2561.5,SIGNAL_ADAPTIVE_DWA,18
2562.0,SIGNAL_ADAPTIVE_DWA,18
2562.5,SIGNAL_ADAPTIVE_DWA,18
2563.0,SIGNAL_ADAPTIVE_DWA,18
2563.5,SIGNAL_ADAPTIVE_DWA,18
2564.0,SIGNAL_ADAPTIVE_DWA,18
2564.5,SIGNAL_ADAPTIVE_DWA,18
2565.0,SIGNAL_ADAPTIVE_DWA,18
2565.5,SIGNAL_ADAPTIVE_DWA,18
2566.0,SIGNAL_ADAPTIVE_DWA,18
2566.5,SIGNAL_ADAPTIVE_DWA,18
2567.0,SIGNAL_ADAPTIVE_DWA,18
2567.5,SIGNAL_ADAPTIVE_DWA,18
2568.0,SIGNAL_ADAPTIVE_DWA,18
2568.5,SIGNAL_ADAPTIVE_DWA,18
2569.0,SIGNAL_ADAPTIVE_DWA,18
2569.5,SIGNAL_ADAPTIVE_DWA,18
2570.0,SIGNAL_ADAPTIVE_DWA,18
2570.5,SIGNAL_ADAPTIVE_DWA,18
2571.0,SIGNAL_ADAPTIVE_DWA,18
2571.5,SIGNAL_ADAPTIVE_DWA,18
2572.0,SIGNAL_ADAPTIVE_DWA,18
2572.5,SIGNAL_ADAPTIVE_DWA,18
2573.0,SIGNAL_ADAPTIVE_DWA,18
2573.5,SIGNAL_ADAPTIVE_DWA,18
2574.0,SIGNAL_ADAPTIVE_DWA,18
2574.5,SIGNAL_ADAPTIVE_DWA,18
2575.0,SIGNAL_ADAPTIVE_DWA,18
2575.5,SIGNAL_ADAPTIVE_DWA,18
2576.0,SIGNAL_ADAPTIVE_DWA,18
2576.5,SIGNAL_ADAPTIVE_DWA,18
2577.0,SIGNAL_ADAPTIVE_DWA,18
2577.5,SIGNAL_ADAPTIVE_DWA,18
2578.0,SIGNAL_ADAPTIVE_DWA,18
2578.5,SIGNAL_ADAPTIVE_DWA,18
2579.0,SIGNAL_ADAPTIVE_DWA,18
2579.5,SIGNAL_ADAPTIVE_DWA,18
2580.0,SIGNAL_ADAPTIVE_DWA,18
2580.5,SIGNAL_ADAPTIVE_DWA,18
2581.0,SIGNAL_ADAPTIVE_DWA,18
2581.5,SIGNAL_ADAPTIVE_DWA,18
2582.0,SIGNAL_ADAPTIVE_DWA,18
2582.5,SIGNAL_ADAPTIVE_DWA,18
2583.0,SIGNAL_ADAPTIVE_DWA,18
2583.5,SIGNAL_ADAPTIVE_DWA,18
2584.0,SIGNAL_ADAPTIVE_DWA,18
2584.5,SIGNAL_ADAPTIVE_DWA,18
2585.0,SIGNAL_ADAPTIVE_DWA,18
2585.5,SIGNAL_ADAPTIVE_DWA,18
2586.0,SIGNAL_ADAPTIVE_DWA,18
2586.5,SIGNAL_ADAPTIVE_DWA,18
2587.0,SIGNAL_ADAPTIVE_DWA,18
2587.5,SIGNAL_ADAPTIVE_DWA,18
2588.0,SIGNAL_ADAPTIVE_DWA,18
2588.5,SIGNAL_ADAPTIVE_DWA,18
2589.0,SIGNAL_ADAPTIVE_DWA,18
2589.5,SIGNAL_ADAPTIVE_DWA,18
2590.0,SIGNAL_ADAPTIVE_DWA,18
2590.5,SIGNAL_ADAPTIVE_DWA,18
2591.0,SIGNAL_ADAPTIVE_DWA,18
2591.5,SIGNAL_ADAPTIVE_DWA,18
2592.0,SIGNAL_ADAPTIVE_DWA,18
2592.5,SIGNAL_ADAPTIVE_DWA,18
2593.0,SIGNAL_ADAPTIVE_DWA,18
2593.5,SIGNAL_ADAPTIVE_DWA,18
2594.0,SIGNAL_ADAPTIVE_DWA,18
2594.5,SIGNAL_ADAPTIVE_DWA,18
2595.0,SIGNAL_ADAPTIVE_DWA,18
2595.5,SIGNAL_ADAPTIVE_DWA,18
2596.0,SIGNAL_ADAPTIVE_DWA,18
2596.5,SIGNAL_ADAPTIVE_DWA,18
2597.0,SIGNAL_ADAPTIVE_DWA,18
2597.5,SIGNAL_ADAPTIVE_DWA,18
2598.0,SIGNAL_ADAPTIVE_DWA,18
2598.5,SIGNAL_ADAPTIVE_DWA,18
2599.0,SIGNAL_ADAPTIVE_DWA,18
2599.5,SIGNAL_ADAPTIVE_DWA,18
2600.0,SIGNAL_ADAPTIVE_DWA,18
2600.5,SIGNAL_ADAPTIVE_DWA,18
2601.0,SIGNAL_ADAPTIVE_DWA,18
2601.5,SIGNAL_ADAPTIVE_DWA,18
2602.0,SIGNAL_ADAPTIVE_DWA,18
2602.5,SIGNAL_ADAPTIVE_DWA,18
2603.0,SIGNAL_ADAPTIVE_DWA,18
2603.5,SIGNAL_ADAPTIVE_DWA,18
2604.0,SIGNAL_ADAPTIVE_DWA,18
2604.5,SIGNAL_ADAPTIVE_DWA,18
2605.0,SIGNAL_ADAPTIVE_DWA,18
2605.5,SIGNAL_ADAPTIVE_DWA,18
2606.0,SIGNAL_ADAPTIVE_DWA,18
2606.5,SIGNAL_ADAPTIVE_DWA,18
2607.0,SIGNAL_ADAPTIVE_DWA,18
2607.5,SIGNAL_ADAPTIVE_DWA,18
2608.0,SIGNAL_ADAPTIVE_DWA,18
2608.5,SIGNAL_ADAPTIVE_DWA,18
2609.0,SIGNAL_ADAPTIVE_DWA,18
2609.5,SIGNAL_ADAPTIVE_DWA,18
2610.0,SIGNAL_ADAPTIVE_DWA,18
2610.5,SIGNAL_ADAPTIVE_DWA,18
2611.0,SIGNAL_ADAPTIVE_DWA,18
2611.5,SIGNAL_ADAPTIVE_DWA,18
2612.0,SIGNAL_ADAPTIVE_DWA,18
2612.5,SIGNAL_ADAPTIVE_DWA,18
2613.0,SIGNAL_ADAPTIVE_DWA,18
2613.5,SIGNAL_ADAPTIVE_DWA,18
2614.0,SIGNAL_ADAPTIVE_DWA,18
2614.5,SIGNAL_ADAPTIVE_DWA,18
2615.0,SIGNAL_ADAPTIVE_DWA,18
2615.5,SIGNAL_ADAPTIVE_DWA,18
2616.0,SIGNAL_ADAPTIVE_DWA,18
2616.5,SIGNAL_ADAPTIVE_DWA,18
2617.0,SIGNAL_ADAPTIVE_DWA,18
2617.5,SIGNAL_ADAPTIVE_DWA,13
2618.0,SIGNAL_ADAPTIVE_DWA,13
2618.5,SIGNAL_ADAPTIVE_DWA,13
2619.0,SIGNAL_ADAPTIVE_DWA,13
2619.5,SIGNAL_ADAPTIVE_DWA,13
2620.0,SIGNAL_ADAPTIVE_DWA,13
2620.5,SIGNAL_ADAPTIVE_DWA,13
2621.0,SIGNAL_ADAPTIVE_DWA,13
2621.5,SIGNAL_ADAPTIVE_DWA,13
2622.0,SIGNAL_ADAPTIVE_DWA,13
2622.5,SIGNAL_ADAPTIVE_DWA,13
2623.0,SIGNAL_ADAPTIVE_DWA,13
2623.5,SIGNAL_ADAPTIVE_DWA,13
2624.0,SIGNAL_ADAPTIVE_DWA,13
2624.5,SIGNAL_ADAPTIVE_DWA,13
2625.0,SIGNAL_ADAPTIVE_DWA,13
2625.5,SIGNAL_ADAPTIVE_DWA,13
2626.0,SIGNAL_ADAPTIVE_DWA,13
2626.5,SIGNAL_ADAPTIVE_DWA,13
2627.0,SIGNAL_ADAPTIVE_DWA,13
2627.5,SIGNAL_ADAPTIVE_DWA,13
2628.0,SIGNAL_ADAPTIVE_DWA,13
2628.5,SIGNAL_ADAPTIVE_DWA,13
2629.0,SIGNAL_ADAPTIVE_DWA,13
2629.5,SIGNAL_ADAPTIVE_DWA,13
2630.0,SIGNAL_ADAPTIVE_DWA,13
2630.5,SIGNAL_ADAPTIVE_DWA,13
2631.0,SIGNAL_ADAPTIVE_DWA,13
2631.5,SIGNAL_ADAPTIVE_DWA,13
2632.0,SIGNAL_ADAPTIVE_DWA,13
2632.5,SIGNAL_ADAPTIVE_DWA,13
2633.0,SIGNAL_ADAPTIVE_DWA,13
2633.5,SIGNAL_ADAPTIVE_DWA,13
2634.0,SIGNAL_ADAPTIVE_DWA,13
2634.5,SIGNAL_ADAPTIVE_DWA,13
2635.0,SIGNAL_ADAPTIVE_DWA,13
2635.5,SIGNAL_ADAPTIVE_DWA,13
2636.0,SIGNAL_ADAPTIVE_DWA,13
2636.5,SIGNAL_ADAPTIVE_DWA,13
2637.0,SIGNAL_ADAPTIVE_DWA,13
2637.5,SIGNAL_ADAPTIVE_DWA,13
2638.0,SIGNAL_ADAPTIVE_DWA,13
2638.5,SIGNAL_ADAPTIVE_DWA,13
2639.0,SIGNAL_ADAPTIVE_DWA,13
2639.5,SIGNAL_ADAPTIVE_DWA,13
2640.0,SIGNAL_ADAPTIVE_DWA,13
2640.5,SIGNAL_ADAPTIVE_DWA,13
2641.0,SIGNAL_ADAPTIVE_DWA,13
2641.5,SIGNAL_ADAPTIVE_DWA,13
2642.0,SIGNAL_ADAPTIVE_DWA,13
2642.5,SIGNAL_ADAPTIVE_DWA,13
2643.0,SIGNAL_ADAPTIVE_DWA,13
2643.5,SIGNAL_ADAPTIVE_DWA,13
2644.0,SIGNAL_ADAPTIVE_DWA,13
2644.5,SIGNAL_ADAPTIVE_DWA,13
2645.0,SIGNAL_ADAPTIVE_DWA,13
2645.5,SIGNAL_ADAPTIVE_DWA,13
2646.0,SIGNAL_ADAPTIVE_DWA,13
2646.5,SIGNAL_ADAPTIVE_DWA,13
2647.0,SIGNAL_ADAPTIVE_DWA,13
2647.5,SIGNAL_ADAPTIVE_DWA,13
2648.0,SIGNAL_ADAPTIVE_DWA,13
2648.5,SIGNAL_ADAPTIVE_DWA,13
2649.0,SIGNAL_ADAPTIVE_DWA,13
2649.5,SIGNAL_ADAPTIVE_DWA,13
2650.0,SIGNAL_ADAPTIVE_DWA,13
2650.5,SIGNAL_ADAPTIVE_DWA,13
2651.0,SIGNAL_ADAPTIVE_DWA,13
2651.5,SIGNAL_ADAPTIVE_DWA,13
2652.0,SIGNAL_ADAPTIVE_DWA,13
2652.5,SIGNAL_ADAPTIVE_DWA,13
2653.0,SIGNAL_ADAPTIVE_DWA,13
2653.5,SIGNAL_ADAPTIVE_DWA,13
2654.0,SIGNAL_ADAPTIVE_DWA,13
2654.5,SIGNAL_ADAPTIVE_DWA,13
2655.0,SIGNAL_ADAPTIVE_DWA,13
2655.5,SIGNAL_ADAPTIVE_DWA,13
2656.0,SIGNAL_ADAPTIVE_DWA,13
2656.5,SIGNAL_ADAPTIVE_DWA,18
2657.0,SIGNAL_ADAPTIVE_DWA,18
2657.5,SIGNAL_ADAPTIVE_DWA,18
2658.0,SIGNAL_ADAPTIVE_DWA,18
2658.5,SIGNAL_ADAPTIVE_DWA,18
2659.0,SIGNAL_ADAPTIVE_DWA,18
2659.5,SIGNAL_ADAPTIVE_DWA,18
2660.0,SIGNAL_ADAPTIVE_DWA,18
2660.5,SIGNAL_ADAPTIVE_DWA,18
2661.0,SIGNAL_ADAPTIVE_DWA,18
2661.5,SIGNAL_ADAPTIVE_DWA,18
2662.0,SIGNAL_ADAPTIVE_DWA,18
2662.5,SIGNAL_ADAPTIVE_DWA,18
2663.0,SIGNAL_ADAPTIVE_DWA,18
2663.5,SIGNAL_ADAPTIVE_DWA,18
2664.0,SIGNAL_ADAPTIVE_DWA,18
2664.5,SIGNAL_ADAPTIVE_DWA,18
2665.0,SIGNAL_ADAPTIVE_DWA,18
2665.5,SIGNAL_ADAPTIVE_DWA,18
2666.0,SIGNAL_ADAPTIVE_DWA,18
2666.5,SIGNAL_ADAPTIVE_DWA,18
2667.0,SIGNAL_ADAPTIVE_DWA,18
2667.5,SIGNAL_ADAPTIVE_DWA,18
2668.0,SIGNAL_ADAPTIVE_DWA,18
2668.5,SIGNAL_ADAPTIVE_DWA,18
2669.0,SIGNAL_ADAPTIVE_DWA,18
2669.5,SIGNAL_ADAPTIVE_DWA,18
2670.0,SIGNAL_ADAPTIVE_DWA,18
2670.5,SIGNAL_ADAPTIVE_DWA,18
2671.0,SIGNAL_ADAPTIVE_DWA,18
2671.5,SIGNAL_ADAPTIVE_DWA,18
2672.0,SIGNAL_ADAPTIVE_DWA,18
2672.5,SIGNAL_ADAPTIVE_DWA,18
2673.0,SIGNAL_ADAPTIVE_DWA,18
2673.5,SIGNAL_ADAPTIVE_DWA,18
2674.0,SIGNAL_ADAPTIVE_DWA,18
2674.5,SIGNAL_ADAPTIVE_DWA,18
2675.0,SIGNAL_ADAPTIVE_DWA,18
2675.5,SIGNAL_ADAPTIVE_DWA,18
2676.0,SIGNAL_ADAPTIVE_DWA,18
2676.5,SIGNAL_ADAPTIVE_DWA,18
2677.0,SIGNAL_ADAPTIVE_DWA,18
2677.5,SIGNAL_ADAPTIVE_DWA,18
2678.0,SIGNAL_ADAPTIVE_DWA,18
2678.5,SIGNAL_ADAPTIVE_DWA,18
2679.0,SIGNAL_ADAPTIVE_DWA,18
2679.5,SIGNAL_ADAPTIVE_DWA,18
2680.0,SIGNAL_ADAPTIVE_DWA,18
2680.5,SIGNAL_ADAPTIVE_DWA,18
2681.0,SIGNAL_ADAPTIVE_DWA,18
2681.5,SIGNAL_ADAPTIVE_DWA,18
2682.0,SIGNAL_ADAPTIVE_DWA,18
2682.5,SIGNAL_ADAPTIVE_DWA,18
2683.0,SIGNAL_ADAPTIVE_DWA,18
2683.5,SIGNAL_ADAPTIVE_DWA,18
2684.0,SIGNAL_ADAPTIVE_DWA,18
2684.5,SIGNAL_ADAPTIVE_DWA,18
2685.0,SIGNAL_ADAPTIVE_DWA,18
2685.5,SIGNAL_ADAPTIVE_DWA,18
2686.0,SIGNAL_ADAPTIVE_DWA,18
2686.5,SIGNAL_ADAPTIVE_DWA,13
2687.0,SIGNAL_ADAPTIVE_DWA,13
2687.5,SIGNAL_ADAPTIVE_DWA,13
2688.0,SIGNAL_ADAPTIVE_DWA,13
2688.5,SIGNAL_ADAPTIVE_DWA,13
2689.0,SIGNAL_ADAPTIVE_DWA,13
2689.5,SIGNAL_ADAPTIVE_DWA,13
2690.0,SIGNAL_ADAPTIVE_DWA,13
2690.5,SIGNAL_ADAPTIVE_DWA,13
2691.0,SIGNAL_ADAPTIVE_DWA,13
2691.5,SIGNAL_ADAPTIVE_DWA,18
2692.0,SIGNAL_ADAPTIVE_DWA,18
2692.5,SIGNAL_ADAPTIVE_DWA,18
2693.0,SIGNAL_ADAPTIVE_DWA,18
2693.5,SIGNAL_ADAPTIVE_DWA,18
2694.0,SIGNAL_ADAPTIVE_DWA,13
2694.5,SIGNAL_ADAPTIVE_DWA,13
2695.0,SIGNAL_ADAPTIVE_DWA,13
2695.5,SIGNAL_ADAPTIVE_DWA,13
2696.0,SIGNAL_ADAPTIVE_DWA,13
2696.5,SIGNAL_ADAPTIVE_DWA,13
2697.0,SIGNAL_ADAPTIVE_DWA,13
2697.5,SIGNAL_ADAPTIVE_DWA,13
2698.0,SIGNAL_ADAPTIVE_DWA,13
2698.5,SIGNAL_ADAPTIVE_DWA,13
2699.0,SIGNAL_ADAPTIVE_DWA,13
2699.5,SIGNAL_ADAPTIVE_DWA,18
2700.0,SIGNAL_ADAPTIVE_DWA,13
2700.5,SIGNAL_ADAPTIVE_DWA,13
2701.0,SIGNAL_ADAPTIVE_DWA,13
2701.5,SIGNAL_ADAPTIVE_DWA,13
2702.0,SIGNAL_ADAPTIVE_DWA,13
2702.5,SIGNAL_ADAPTIVE_DWA,13
2703.0,SIGNAL_ADAPTIVE_DWA,13
2703.5,SIGNAL_ADAPTIVE_DWA,13
2704.0,SIGNAL_ADAPTIVE_DWA,13
2704.5,SIGNAL_ADAPTIVE_DWA,13
2705.0,SIGNAL_ADAPTIVE_DWA,18
2705.5,SIGNAL_ADAPTIVE_DWA,18
2706.0,SIGNAL_ADAPTIVE_DWA,18
2706.5,SIGNAL_ADAPTIVE_DWA,18
2707.0,SIGNAL_ADAPTIVE_DWA,18
2707.5,SIGNAL_ADAPTIVE_DWA,18
2708.0,SIGNAL_ADAPTIVE_DWA,18
2708.5,SIGNAL_ADAPTIVE_DWA,18
2709.0,SIGNAL_ADAPTIVE_DWA,18
2709.5,SIGNAL_ADAPTIVE_DWA,18
2710.0,SIGNAL_ADAPTIVE_DWA,18
2710.5,SIGNAL_ADAPTIVE_DWA,18
2711.0,SIGNAL_ADAPTIVE_DWA,18
2711.5,SIGNAL_ADAPTIVE_DWA,18
2712.0,SIGNAL_ADAPTIVE_DWA,18
2712.5,SIGNAL_ADAPTIVE_DWA,18
2713.0,SIGNAL_ADAPTIVE_DWA,18
2713.5,SIGNAL_ADAPTIVE_DWA,18
2714.0,SIGNAL_ADAPTIVE_DWA,18
2714.5,SIGNAL_ADAPTIVE_DWA,18
2715.0,SIGNAL_ADAPTIVE_DWA,18
2715.5,SIGNAL_ADAPTIVE_DWA,18
2716.0,SIGNAL_ADAPTIVE_DWA,18
2716.5,SIGNAL_ADAPTIVE_DWA,18
2717.0,SIGNAL_ADAPTIVE_DWA,18
2717.5,SIGNAL_ADAPTIVE_DWA,18
2718.0,SIGNAL_ADAPTIVE_DWA,18
2718.5,SIGNAL_ADAPTIVE_DWA,18
2719.0,SIGNAL_ADAPTIVE_DWA,18
2719.5,SIGNAL_ADAPTIVE_DWA,18
2720.0,SIGNAL_ADAPTIVE_DWA,18
2720.5,SIGNAL_ADAPTIVE_DWA,18
2721.0,SIGNAL_ADAPTIVE_DWA,18
2721.5,SIGNAL_ADAPTIVE_DWA,18
2722.0,SIGNAL_ADAPTIVE_DWA,18
2722.5,SIGNAL_ADAPTIVE_DWA,18
2723.0,SIGNAL_ADAPTIVE_DWA,18
2723.5,SIGNAL_ADAPTIVE_DWA,18
2724.0,SIGNAL_ADAPTIVE_DWA,18
2724.5,SIGNAL_ADAPTIVE_DWA,18
2725.0,SIGNAL_ADAPTIVE_DWA,18
2725.5,SIGNAL_ADAPTIVE_DWA,18
2726.0,SIGNAL_ADAPTIVE_DWA,18
2726.5,SIGNAL_ADAPTIVE_DWA,18
2727.0,SIGNAL_ADAPTIVE_DWA,18
2727.5,SIGNAL_ADAPTIVE_DWA,18
2728.0,SIGNAL_ADAPTIVE_DWA,18
2728.5,SIGNAL_ADAPTIVE_DWA,18
2729.0,SIGNAL_ADAPTIVE_DWA,18
2729.5,SIGNAL_ADAPTIVE_DWA,18
2730.0,SIGNAL_ADAPTIVE_DWA,18
2730.5,SIGNAL_ADAPTIVE_DWA,18
2731.0,SIGNAL_ADAPTIVE_DWA,18
2731.5,SIGNAL_ADAPTIVE_DWA,18
2732.0,SIGNAL_ADAPTIVE_DWA,18
2732.5,SIGNAL_ADAPTIVE_DWA,18
2733.0,SIGNAL_ADAPTIVE_DWA,18
2733.5,SIGNAL_ADAPTIVE_DWA,18
2734.0,SIGNAL_ADAPTIVE_DWA,18
2734.5,SIGNAL_ADAPTIVE_DWA,18
2735.0,SIGNAL_ADAPTIVE_DWA,18
2735.5,SIGNAL_ADAPTIVE_DWA,18
2736.0,SIGNAL_ADAPTIVE_DWA,18
2736.5,SIGNAL_ADAPTIVE_DWA,18
2737.0,SIGNAL_ADAPTIVE_DWA,18
2737.5,SIGNAL_ADAPTIVE_DWA,18
2738.0,SIGNAL_ADAPTIVE_DWA,18
2738.5,SIGNAL_ADAPTIVE_DWA,18
2739.0,SIGNAL_ADAPTIVE_DWA,18
2739.5,SIGNAL_ADAPTIVE_DWA,18
2740.0,SIGNAL_ADAPTIVE_DWA,18
2740.5,SIGNAL_ADAPTIVE_DWA,18
2741.0,SIGNAL_ADAPTIVE_DWA,18
2741.5,SIGNAL_ADAPTIVE_DWA,18
2742.0,SIGNAL_ADAPTIVE_DWA,13
2742.5,SIGNAL_ADAPTIVE_DWA,13
2743.0,SIGNAL_ADAPTIVE_DWA,13
2743.5,SIGNAL_ADAPTIVE_DWA,13
2744.0,SIGNAL_ADAPTIVE_DWA,13
2744.5,SIGNAL_ADAPTIVE_DWA,13
2745.0,SIGNAL_ADAPTIVE_DWA,13
2745.5,SIGNAL_ADAPTIVE_DWA,13
2746.0,SIGNAL_ADAPTIVE_DWA,13
2746.5,SIGNAL_ADAPTIVE_DWA,13
2747.0,SIGNAL_ADAPTIVE_DWA,13
2747.5,SIGNAL_ADAPTIVE_DWA,13
2748.0,SIGNAL_ADAPTIVE_DWA,13
2748.5,SIGNAL_ADAPTIVE_DWA,13
2749.0,SIGNAL_ADAPTIVE_DWA,13
2749.5,SIGNAL_ADAPTIVE_DWA,13
2750.0,SIGNAL_ADAPTIVE_DWA,13
2750.5,SIGNAL_ADAPTIVE_DWA,13
2751.0,SIGNAL_ADAPTIVE_DWA,13
2751.5,SIGNAL_ADAPTIVE_DWA,13
2752.0,SIGNAL_ADAPTIVE_DWA,13
2752.5,SIGNAL_ADAPTIVE_DWA,13
2753.0,SIGNAL_ADAPTIVE_DWA,13
2753.5,SIGNAL_ADAPTIVE_DWA,13
2754.0,SIGNAL_ADAPTIVE_DWA,13
2754.5,SIGNAL_ADAPTIVE_DWA,13
2755.0,SIGNAL_ADAPTIVE_DWA,13
2755.5,SIGNAL_ADAPTIVE_DWA,13
2756.0,SIGNAL_ADAPTIVE_DWA,13
2756.5,SIGNAL_ADAPTIVE_DWA,13
2757.0,SIGNAL_ADAPTIVE_DWA,13
2757.5,SIGNAL_ADAPTIVE_DWA,13
2758.0,SIGNAL_ADAPTIVE_DWA,13
2758.5,SIGNAL_ADAPTIVE_DWA,13
2759.0,SIGNAL_ADAPTIVE_DWA,13
2759.5,SIGNAL_ADAPTIVE_DWA,13
2760.0,SIGNAL_ADAPTIVE_DWA,13
2760.5,SIGNAL_ADAPTIVE_DWA,13
2761.0,SIGNAL_ADAPTIVE_DWA,13
2761.5,SIGNAL_ADAPTIVE_DWA,13
2762.0,SIGNAL_ADAPTIVE_DWA,13
2762.5,SIGNAL_ADAPTIVE_DWA,13
2763.0,SIGNAL_ADAPTIVE_DWA,13
2763.5,SIGNAL_ADAPTIVE_DWA,13
2764.0,SIGNAL_ADAPTIVE_DWA,13
2764.5,SIGNAL_ADAPTIVE_DWA,13
2765.0,SIGNAL_ADAPTIVE_DWA,13
2765.5,SIGNAL_ADAPTIVE_DWA,13
2766.0,SIGNAL_ADAPTIVE_DWA,13
2766.5,SIGNAL_ADAPTIVE_DWA,13
2767.0,SIGNAL_ADAPTIVE_DWA,13
2767.5,SIGNAL_ADAPTIVE_DWA,13
2768.0,SIGNAL_ADAPTIVE_DWA,13
2768.5,SIGNAL_ADAPTIVE_DWA,13
2769.0,SIGNAL_ADAPTIVE_DWA,13
2769.5,SIGNAL_ADAPTIVE_DWA,13
2770.0,SIGNAL_ADAPTIVE_DWA,13
2770.5,SIGNAL_ADAPTIVE_DWA,13
2771.0,SIGNAL_ADAPTIVE_DWA,13
2771.5,SIGNAL_ADAPTIVE_DWA,18
2772.0,SIGNAL_ADAPTIVE_DWA,18
2772.5,SIGNAL_ADAPTIVE_DWA,18
2773.0,SIGNAL_ADAPTIVE_DWA,18
2773.5,SIGNAL_ADAPTIVE_DWA,18
2774.0,SIGNAL_ADAPTIVE_DWA,18
2774.5,SIGNAL_ADAPTIVE_DWA,18
2775.0,SIGNAL_ADAPTIVE_DWA,18
2775.5,SIGNAL_ADAPTIVE_DWA,18
2776.0,SIGNAL_ADAPTIVE_DWA,18
2776.5,SIGNAL_ADAPTIVE_DWA,18
2777.0,SIGNAL_ADAPTIVE_DWA,18
